"";"date";"estac21020";"estac21023";"estac21025";"estac21026";"estac21027";"estac21031";"estac21033";"estac21038";"estac21039";"estac21040";"estac21052";"estac21053";"estac21056";"estac21060";"estac21067";"estac21072";"estac21073";"estac21077";"estac21079";"estac21080";"estac21081";"estac21082";"estac21093";"estac21095";"estac21100";"estac21105";"estac21117";"estac21119";"estac21145";"estac21154";"estac21157";"estac21158";"estac21159";"estac21161";"estac21170";"estac21171";"estac21173";"estac21182";"estac21184";"estac21200";"estac21221";"estac21226";"estac21244";"estac29007";"estac30004";"estac30010";"estac30015";"estac30017";"estac30026";"estac30030";"estac30032";"estac30036";"estac30042";"estac30052";"estac30053";"estac30061";"estac30066";"estac30072";"estac30075";"estac30085";"estac30087";"estac30100";"estac30115";"estac30119";"estac30120";"estac30140";"estac30151";"estac30155";"estac30156";"estac30164";"estac30175";"estac30177";"estac30178";"estac30179";"estac30181";"estac30186";"estac30187";"estac30195";"estac30198";"estac30200";"estac30206";"estac30209";"estac30210";"estac30212";"estac30227";"estac30228";"estac30238";"estac30241";"estac30259";"estac30274";"estac30296";"estac30299";"estac30311";"estac30316";"estac30330";"estac30336";"estac30342";"estac30366";"estac30387";"estac30391";"estac30395";"estac30452";"estac30453";"estac30486";"estac30487"
"1";"1981-01-01";7,383546;6,07456;38,21909;2,403465;5,159801;6,336297;10,90755;14,58363;12,53056;11,90175;9,63545;30,13316;28,30302;10,85294;47,34394;7,983751;5,255057;11,68186;5,658448;12,45399;12,16294;8,694175;8,996206;15,76322;11,94133;11,03052;14,51596;23,21328;16,76257;6,735823;10,71309;23,15883;9,154013;12,17204;8,799271;11,69763;6,702663;8,035198;8,810211;11,66593;14,34075;10,53176;10,53176;6,771274;11,4224;53,75189;69,50967;86,66208;76,61487;62,12973;89,34377;82,52086;74,30362;85,45129;65,89432;68,03637;89,13102;86,83424;74,87551;30,35452;90,08639;22,85381;85,77486;103,5346;55,26857;60,77044;77,94589;91,45977;89,3429;63,64667;30,35452;74,7512;13,59462;81,30412;117,0842;11,51458;85,82849;60,4033;9,63545;59,07212;89,34377;46,64487;63,64667;22,85381;72,38858;90,08639;76,61487;60,4033;89,3429;11,1338;71,84626;11,4224;67,81381;92,74588;77,94589;44,7859;90,45441;11,51458;84,44518;44,57239;90,08639;74,87551;55,42189;34,42494;62,40456
"2";"1981-02-01";7,075974;4,79877;25,81485;1,571095;6,376794;5,520744;9,008046;7,868317;16,51728;7,711813;5,697108;14,92373;22,60573;7,820943;30,90445;12,39548;4,349355;12,28947;5,926018;20,76867;11,98127;12,77273;6,181718;17,30301;18,07193;9,806971;14,5904;34,21055;12,12444;6,531704;9,671067;22,94281;10,21808;12,71119;9,767845;8,880202;6,211131;7,411041;19,55836;20,54022;14,75069;10,28724;10,28724;8,999438;12,97507;29,0369;35,64369;50,05083;47,79008;32,57638;52,12952;38,6027;47,87099;45,94378;32,03706;39,65836;45,89567;47,30968;35,9202;31,34462;36,29707;20,31502;32,09291;43,08056;31,49527;20,66657;24,56967;33,76255;36,85544;35,38706;31,34462;35,54451;8,655337;32,26128;139,7476;7,031066;32,31067;22,13586;5,697108;30,5911;52,12952;30,86592;35,38706;20,31502;31,85776;36,29707;47,79008;22,13586;36,85544;10,18764;36,17027;12,97507;30,33511;33,77647;24,56967;29,5035;46,2398;7,031066;49,40328;21,16136;36,29707;35,9202;33,74738;37,37045;48,16656
"3";"1981-03-01";7,002554;6,248033;41,55837;9,129107;9,104577;14,50387;7,314217;20,93045;14,79133;19,10398;17,75478;9,877;26,49025;6,625369;51,95384;16,08504;11,51516;24,16881;8,197624;21,21367;17,49038;9,990228;5,257993;21,64704;19,55055;24,00798;29,18389;28,39659;24,03176;9,761417;5,793984;19,13761;13,17672;12,99878;6,304888;6,893899;9,544328;7,893637;24,03479;25,59037;21,71559;24,75807;24,75807;21,67771;11,4508;46,69964;48,07705;42,73697;75,01805;32,72436;75,07764;36,00731;38,5724;43,90022;29,23345;44,03404;41,93946;77,63866;66,81675;20,30955;64,30061;20,68433;30,81238;30,87406;37,52758;36,5216;36,75784;40,41603;33,86726;42,22656;20,30955;49,51401;17,66734;61,50193;54,05516;18,54257;50,07087;34,91245;17,75478;21,3665;75,07764;46,23287;42,22656;20,68433;30,96425;64,30061;75,01805;34,91245;33,86726;10,619;36,04908;11,4508;63,13481;30,71731;36,75784;54,1461;52,20658;18,54257;66,53833;11,53825;64,30061;66,81675;48,526;28,62373;55,39382
"4";"1981-04-01";20,57556;13,53282;56,53539;32,89069;29,39852;22,87721;26,41922;24,83115;27,2629;27,52382;28,04019;25,19163;44,42389;22,2484;63,00616;50,51188;29,7741;37,58927;33,03066;68,48401;55,98248;29,78489;30,28933;44,90588;73,50317;37,18286;30,22198;69,37026;29,69353;21,40394;22,41766;39,83011;22,52003;36,40749;26,08261;31,34849;33,13982;51,21908;41,41667;43,24179;51,66129;29,02879;29,02879;47,55817;19,96985;21,22382;36,98672;40,89631;51,06365;30,23016;59,03836;46,27214;51,12172;49,49718;43,22572;36,95807;41,99337;56,14322;38,60664;41,98895;46,04356;32,31996;25,29772;57,47999;26,71955;18,98367;34,56061;42,61314;58,23245;35,82718;41,98895;27,12004;20,95029;39,03867;86,79252;25,82692;36,49255;21,4986;28,04019;38,41499;59,03836;54,51711;35,82718;32,31996;28,47206;46,04356;51,06365;21,4986;58,23245;22,86699;56,26126;19,96985;43,23632;57,0308;34,56061;58,69477;56,47295;25,82692;35,95214;29,68955;46,04356;38,60664;58,86862;54,62009;42,15366
"5";"1981-05-01";80,33105;71,05474;92,12634;102,6228;81,7896;85,8003;102,8103;48,52198;94,00542;59,40296;65,47968;82,59521;89,90177;105,8211;95,9442;89,3541;88,64603;60,64193;80,99328;98,49741;90,01195;108,8679;93,51711;67,21468;98,44337;60,86672;50,79345;103,6641;48,12578;83,68531;80,75784;77,85105;90,57752;72,67416;86,26141;96,3242;88,68466;106,7211;75,91354;85,46819;106,4074;72,78532;72,78532;95,01464;75,21751;140,5891;109,4222;165,866;114,2158;103,0434;135,0806;119,7258;127,0801;119,9055;119,5687;113,4289;119,1765;124,2412;106,7374;80,92755;115,4382;73,02497;116,9198;139,013;85,33201;103,5765;114,1864;128,6525;136,0741;112,3686;80,92755;128,8475;49,10188;105,3224;129,1805;45,88155;107,0356;102,3658;65,47968;95,65712;135,0806;98,09915;112,3686;73,02497;105,0829;115,4382;114,2158;102,3658;136,0741;67,67686;142,6954;75,21751;88,5006;135,7381;114,1864;87,83002;153,0103;45,88155;168,6073;91,66597;115,4382;106,7374;101,4658;92,67056;94,0811
"6";"1981-06-01";202,3836;169,6415;506,798;234,8582;214,6702;192,7418;281,3949;234,786;268,4899;221,8537;193,5565;312,4381;382,8275;198,2841;509,5676;244,7043;227,4053;228,8991;198,2855;324,8658;270,7723;251,6625;182,4088;182,7057;300,2456;231,2179;224,0934;318,5795;253,3613;213,4234;219,4521;279,1584;219,777;239,0247;198,2976;215,6746;239,1033;250,2979;244,7959;263,2692;246,673;186,4728;186,4728;240,6504;257,5882;712,3836;656,9192;537,2742;722,9117;632,4423;703,1008;965,7171;647,863;552,4019;980,405;610,1641;554,2636;649,0624;609,0806;420,4137;621,0588;333,4539;695,8702;1056,252;850,7325;468,3644;768,9675;720,4052;1056,279;626,4868;420,4137;625,4989;192,3392;683,6287;596,2922;171,439;591,6047;473,7715;193,5565;796,5491;703,1008;522,416;626,4868;333,4539;789,4127;621,0588;722,9117;473,7715;1056,279;253,1134;593,5916;257,5882;666,1023;925,7429;768,9675;501,8156;533,7718;171,439;903,4012;453,9826;621,0588;609,0806;550,5919;394,8924;629,6119
"7";"1981-07-01";84,06425;68,08347;330,382;88,12032;97,01644;80,67171;83,6113;133,9772;115,8846;82,28389;78,35677;168,8184;259,461;84,4859;354,8242;114,5724;88,5116;96,78342;91,26506;158,3063;123,6716;103,0388;77,04517;63,7869;146,4048;85,25023;100,7321;153,6421;131,2458;85,49284;93,67149;142,1539;94,66488;100,0891;73,05995;102,311;111,6819;101,361;105,7418;119,5814;112,3077;78,23635;78,23635;101,8876;113,3628;302,3439;296,8316;443,3889;257,4717;340,1491;361,7081;461,6337;287,0158;347,4135;532,9858;350,5073;358,9568;336,3112;262,8116;214,1122;265,0282;161,1646;378,2357;429,8254;351,3191;299,8326;386,3404;422,5636;391,2667;339,5038;214,1122;319,098;102,8886;409,4802;307,015;88,58392;338,4068;303,5861;78,35677;385,7253;361,7081;343,3576;339,5038;161,1646;360,245;265,0282;257,4717;303,5861;391,2667;109,84;389,4618;113,3628;345,9934;452,5119;386,3404;340,395;418,5058;88,58392;448,7779;258,0801;265,0282;262,8116;323,8318;190,663;345,2389
"8";"1981-08-01";126,5985;107,7592;273,264;114,2415;119,5793;115,8688;117,6394;141,176;140,679;130,721;103,0244;213,0186;214,3083;141,8054;274,2839;136,8831;131,4424;115,0939;115,6463;140,3881;153,6296;121,4814;78,98849;115,5518;128,6276;114,1936;131,1756;186,3399;141,527;108,7586;120,1029;177,1843;121,727;137,6554;121,2768;143,9023;136,9646;129,4333;113,8589;128,5139;131,8526;86,24815;86,24815;91,88631;183,1958;317,733;349,8712;464,7919;367,5962;416,0033;404,3051;571,5551;328,2758;375,9109;839,7772;401,5803;387,254;387,0403;335,196;226,6885;235,4554;179,1175;478,8918;617,3968;390,7422;256,6519;485,9907;464,194;547,8566;394,4424;226,6885;334,6457;112,9972;438,5798;365,1649;93,9789;430,4664;249,2874;103,0244;499,1682;404,3051;330,8779;394,4424;179,1175;499,5847;235,4554;367,5962;249,2874;547,8566;166,9148;455,8326;183,1958;402,3089;513,8256;485,9907;269,4052;421,2203;93,9789;525,9727;291,6918;235,4554;335,196;322,6588;212,7463;344,8476
"9";"1981-09-01";71,20365;48,76674;201,0554;52,09822;77,92155;64,09583;49,96385;71,08865;99,34616;72,13162;60,89766;105,4727;175,003;60,54213;207,9482;75,29964;73,76637;68,28706;70,2541;91,31943;76,82813;62,32378;61,42856;41,88361;79,33069;57,31794;59,60901;95,64988;70,67986;74,02489;77,84892;112,8071;88,42699;78,76112;64,04169;69,25334;86,81279;69,79015;53,85997;65,01291;51,90907;54,39949;54,39949;69,81754;84,03584;335,3261;311,3786;393,04;321,5744;297,2474;344,6013;414,3983;251,4883;348,199;501,2656;320,1369;363,417;343,0963;282,7143;192,1958;233,8962;139,9483;302,9732;521,9822;258,9999;233,9313;368,145;385,3768;443,0089;299,7598;192,1958;388,4984;62,24037;353,3051;220,8169;80,65617;323,8623;231,9373;60,89766;361,1899;344,6013;306,2903;299,7598;139,9483;313,6686;233,8962;321,5744;231,9373;443,0089;79,63511;378,7816;84,03584;292,7932;446,2554;368,145;203,5356;357,5854;80,65617;533,7909;181,2571;233,8962;282,7143;315,4251;145,6862;253,7119
"10";"1981-10-01";37,16954;20,63173;123,836;18,03785;35,1054;44,85221;25,9089;70,17792;53,78391;53,22303;51,2413;39,62384;92,87344;40,70686;122,1818;40,77261;28,55846;43,4851;37,79163;39,77909;47,59;30,80131;30,39349;44,32568;39,90977;48,66167;64,65423;66,02242;80,53475;38,63895;30,37174;68,28505;43,88106;49,05278;37,98594;33,69184;33,81896;33,28353;57,63246;58,91726;51,86799;60,27881;60,27881;55,20801;46,81485;75,60351;76,25324;94,85841;92,35898;154,5957;118,4328;167,2697;130,5152;94,77876;144,2339;153,246;82,43758;106,6778;76,78255;94,27121;51,48758;50,68542;188,0771;142,0829;128,2286;76,45811;153,9837;126,6112;154,4351;143,8856;94,27121;92,46826;56,12185;112,2231;94,55385;49,27379;95,78062;79,55556;51,2413;156,4968;118,4328;113,8204;143,8856;50,68542;161,4823;51,48758;92,35898;79,55556;154,4351;51,70407;108,3444;46,81485;80,65996;141,6696;153,9837;110,8882;95,29347;49,27379;146,3375;70,6869;51,48758;76,78255;109,2067;80,73178;90,4493
"11";"1981-11-01";11,61957;11,99535;31,58513;0;7,122412;7,717976;15,729;12,4044;12,72306;11,5361;8,994309;26,99546;24,48219;12,32123;41,5855;11,11292;5,711863;10,96246;7,565047;16,58981;12,70274;11,42027;9,171949;6,80449;12,62213;8,697562;9,602898;26,45218;13,16943;6,991357;17,31659;18,06632;9,554646;9,476213;12,66721;12,08427;9,79427;10,49733;11,90088;16,07853;10,72096;10,49679;10,49679;9,304036;14,74556;36,50281;40,17407;27,27197;41,43144;29,01391;42,62706;89,19611;46,81063;41,20809;58,43885;37,6457;35,472;38,20458;39,84107;37,30715;33,97211;22,20297;53,8355;97,54996;43,53585;27,93056;42,06651;42,17361;77,01801;36,91364;37,30715;34,79808;12,23344;43,7021;61,25145;13,04323;37,31909;31,30634;8,994309;64,99989;42,62706;45,94578;36,91364;22,20297;56,75382;33,97211;41,43144;31,30634;77,01801;13,33781;45,99097;14,74556;45,87212;46,79678;42,06651;39,26337;34,64139;13,04323;63,71429;55,58926;33,97211;39,84107;46,78999;29,15833;49,66282
"12";"1981-12-01";8,195807;5,493007;44,80422;1,593818;6,909325;6,74134;8,281714;17,13926;12,87487;15,61701;11,39299;17,70311;33,20864;8,911316;57,69099;8,931078;3,91154;15,93446;7,224009;16,21126;11,37933;7,555865;3,808106;7,579827;13,5457;16,06241;14,25612;16,82364;17,38289;6,893429;10,40852;23,8474;8,874706;12,79615;7,557766;8,701821;6,492735;8,931948;10,92949;13,74513;12,1071;14,42104;14,42104;11,20734;12,83456;64,32239;67,59793;104,2893;73,6424;50,20219;97,12521;77,34239;66,55416;87,80063;49,22185;57,27057;88,78877;91,63286;64,39671;50,8381;56,08633;18,65659;93,96172;72,95789;55,41957;46,87325;59,92731;80,51859;67,63826;59,40729;50,8381;60,81558;18,27924;70,63961;102,6057;12,12212;70,92624;50,81673;11,39299;63,79395;97,12521;56,78519;59,40729;18,65659;77,19439;56,08633;73,6424;50,81673;67,63826;11,55693;53,52253;12,83456;72,54821;66,13928;59,92731;52,89746;93,90017;12,12212;78,0093;29,25229;56,08633;64,39671;66,45052;34,81153;72,1716
"13";"1982-01-01";5,102643;0;15,15368;0;0;0;7,037153;6,052227;7,355105;5,261245;0;13,38717;11,74657;6,551117;18,6167;5,638434;0;5,795444;0;8,369628;6,321965;5,901335;0;6,997492;7,645161;5,659431;6,176308;10,53618;6,607492;0;7,935454;12,41988;5,708913;6,918914;6,475104;6,907681;0;5,757885;5,532285;7,125603;7,286625;5,761531;5,761531;0;7,324881;15,51671;15,62918;17,32567;19,35989;12,78171;21,64851;21,96452;26,46336;20,33038;21,85403;14,79152;17,86814;18,90903;16,87936;17,66208;16,67657;11,05557;18,98056;20,34448;19,95545;12,83195;16,34786;15,77047;16,65191;17,44208;17,66208;15,34443;5,679189;19,12169;37,6968;5,366093;17,32575;13,40915;0;19,44651;21,64851;19,65122;17,44208;11,05557;20,63114;16,67657;19,35989;13,40915;16,65191;6,924595;16,41489;7,324881;18,92093;16,13769;16,34786;17,92801;18,74214;5,366093;20,31464;14,66777;16,67657;16,87936;19,78563;17,6982;19,89112
"14";"1982-02-01";9,235395;5,983369;34,416;2,09376;7,590775;7,366836;7,786184;10,8761;21,70665;13,34605;10,16754;21,54061;26,53139;9,447676;37,81915;13,87105;4,948321;19,52237;6,923535;22,70163;16,04651;11,72559;5,076301;19,70176;18,92019;15,11783;14,92933;34,30388;15,89205;8,059579;11,37386;27,23735;13,07815;14,91132;10,01511;10,66605;7,539342;9,216028;19,89233;20,42367;17,60714;16,77645;16,77645;12,40248;16,25756;30,54695;34,93124;50,64713;44,25129;36,67599;57,48874;45,92889;54,18625;47,34209;36,45589;38,03204;46,54161;53,67076;32,43219;27,98589;32,8765;26,01436;38,92973;54,66164;47,83743;21,12641;38,78749;53,83118;49,3357;36,6768;27,98589;31,54403;10,67058;34,8589;137,9155;10,46301;40,08385;21,47976;10,16754;32,45888;57,48874;41,79239;36,6768;26,01436;41,03035;32,8765;44,25129;21,47976;49,3357;13,71369;41,75407;16,25756;34,13128;51,22077;38,78749;36,38165;48,97149;10,46301;80,05132;25,31556;32,8765;32,43219;36,73241;43,10019;34,90545
"15";"1982-03-01";7,108467;6,83968;30,22486;11,25817;12,35349;13,68318;7,981433;15,10421;14,40188;18,53423;13,20173;11,90692;19,2016;7,982518;36,29979;18,96451;12,07925;25,41714;12,01053;33,74792;22,18388;10,13089;0;21,84439;33,12677;28,29919;21,94517;28,57815;18,11408;13,88421;7,746336;18,35014;13,73819;12,60926;7,590737;10,35258;13,24096;12,52939;24,5102;22,92317;30,73932;18,09387;18,09387;25,68296;10,48995;36,34962;40,22425;38,16356;41,81161;30,67737;47,84642;32,68771;33,026;43,12737;46,59128;29,06466;46,35612;52,14576;35,87337;19,04277;35,89095;16,12276;30,74397;34,94267;32,33338;26,26414;38,04646;27,56359;33,03508;27,14883;19,04277;34,27328;11,81557;44,65734;45,89592;11,97816;41,01726;24,06731;13,20173;28,45535;47,84642;30,56272;27,14883;16,12276;28,77197;35,89095;41,81161;24,06731;33,03508;9,556977;29,48361;10,48995;35,5864;30,56551;38,04646;38,4277;38,15199;11,97816;47,26569;15,91079;35,89095;35,87337;36,30428;24,46753;40,32822
"16";"1982-04-01";24,38308;18,08206;66,52606;35,34417;36,8743;29,15228;26,23548;46,04951;26,85519;49,68218;47,14083;32,25959;60,85476;31,32141;75,36884;55,96376;29,16523;49,89294;42,82014;78,3547;64,66713;32,86514;29,8255;54,69293;81,18346;49,28849;51,82314;84,36066;50,67667;27,82452;23,67111;43,61518;22,29042;33,96184;33,33954;40,05438;41,33644;51,56715;65,86316;71,8217;59,46657;64,69354;64,69354;58,26566;26,44162;60,54064;65,83841;100,8642;86,90147;52,8918;89,35255;93,1725;80,57157;81,70867;54,9307;72,23476;82,46333;94,16053;89,1389;85,36442;73,18378;30,93451;55,13716;78,68008;45,23737;39,15317;73,34114;72,89706;80,94354;65,2672;85,36442;63,08769;46,43125;94,53422;124,5475;51,36077;82,46214;43,05423;47,14083;74,95118;89,35255;76,81349;65,2672;30,93451;55,57593;73,18378;86,90147;43,05423;80,94354;28,88275;68,3802;26,44162;93,50985;90,23415;73,34114;75,09711;116,0281;51,36077;81,53727;37,23071;73,18378;89,1389;99,67474;49,26014;98,3695
"17";"1982-05-01";107,5639;81,86828;175,8551;160,2023;117,1107;108,6055;113,9024;78,95867;115,9039;88,45392;88,76912;96,32127;155,3089;115,7419;194,3338;138,2812;137,5792;92,46026;117,5572;144,0809;145,1309;148,9153;150,59;106,5024;144,914;100,3005;93,06749;105,3128;82,10314;105,7083;103,8852;119,6234;109,2121;114,7798;110,5627;136,9125;127,0884;148,7458;95,62534;102,9243;141,6345;96,34574;96,34574;118,3755;107,6384;171,2451;166,4151;205,974;192,7487;123,1428;169,1041;170,3133;164,2709;171,0046;162,1473;129,6708;187,5666;166,1482;173,7014;120,4901;181,5103;119,0843;215,7734;172,0236;126,4663;121,5312;171,9212;184,8342;164,8585;125,228;120,4901;174,8685;69,76344;212,2068;195,2323;70,54441;211,0398;122,2082;88,76912;149,1465;169,1041;181,7593;125,228;119,0843;173,6279;181,5103;192,7487;122,2082;164,8585;107,099;154,2262;107,6384;217,2315;146,9413;171,9212;172,8601;188,0879;70,54441;212,9093;104,3258;181,5103;173,7014;174,9524;136,4981;159,49
"18";"1982-06-01";52,20002;56,92432;138,3816;54,13597;48,14259;45,57282;87,39454;50,87451;62,74583;39,62644;37,12701;73,79317;101,9673;57,67804;147,1119;54,64824;50,55092;46,17394;45,13528;71,96474;56,88927;61,33992;73,2101;39,63774;69,07276;47,30898;47,53661;81,36049;60,07003;50,03825;67,66413;65,97696;51,27762;51,7222;57,22054;53,07281;54,55986;50,14234;54,48593;59,16605;56,0279;38,49762;38,49762;51,96368;63,48019;217,7117;194,8421;186,9438;204,5195;210,1434;244,1763;304,4576;167,9598;193,9312;306,5802;191,2458;185,5128;219,9629;142,0762;100,5224;158,1809;73,41734;174,6477;365,3487;202,9852;128,4679;203,03;312,1894;358,933;192,2714;100,5224;180,7728;42,53941;208,9943;160,0856;36,16473;191,6473;131,3264;37,12701;188,3377;244,1763;135,7917;192,2714;73,41734;191,9443;158,1809;204,5195;131,3264;358,933;59,18047;210,022;63,48019;208,8145;325,7002;203,03;142,9204;181,0674;36,16473;328,2795;93,86585;158,1809;142,0762;156,2298;90,68887;143,8667
"19";"1982-07-01";32,39511;20,46412;161,7592;25,30994;32,49321;31,74942;25,27568;44,27143;44,03607;28,79689;24,59077;44,50884;121,4889;28,94063;170,7387;29,53365;32,12961;29,0378;25,27205;50,70875;35,93028;24,35723;19,80579;24,90231;47,65001;21,21538;37,37185;52,19281;53,57667;31,44701;36,7575;54,68504;34,55573;38,63889;24,42426;33,14296;36,55525;25,5532;33,49432;38,50429;31,24745;21,70777;21,70777;31,72276;48,00663;175,9828;154,2098;203,5878;139,0957;196,594;191,9681;245,3773;153,1633;180,7763;296,889;190,3001;179,1764;166,3085;115,5041;105,0909;112,6536;63,67137;198,5464;278,8376;179,139;148,433;177,2939;232,9191;245,8947;179,0131;105,0909;204,3505;43,91545;195,6997;146,0665;33,06638;186,1745;145,2505;24,59077;224,7892;191,9681;184,3301;179,0131;63,67137;184,1485;112,6536;139,0957;145,2505;245,8947;47,93407;239,04;48,00663;190,906;224,6031;177,2939;162,2471;243,1705;33,06638;269,7968;111,2184;112,6536;115,5041;156,7012;77,42362;125,0899
"20";"1982-08-01";41,02826;25,03447;153,0259;33,37383;34,49258;36,90884;21,97832;56,89789;52,9368;46,86452;40,36824;55,00558;118,6818;30,35522;160,0708;38,84954;39,59103;45,87594;28,97133;68,23046;49,147;31,65093;22,82646;32,69302;60,39107;50,23533;50,85595;84,08733;66,00956;37,70123;35,75674;53,37182;42,41163;43,84032;33,68019;37,48386;41,19444;43,27933;59,31447;65,77596;48,66406;44,16941;44,16941;64,25365;49,41525;107,4444;120,6233;210,7007;126,8971;187,4465;233,96;309,2466;159,5182;254,2063;330,8755;206,195;238,7389;200,9902;95,08846;111,3144;85,56316;71,53995;211,8484;295,9951;198,602;84,38747;218,5751;244,9746;272,194;212,5435;111,3144;143,9419;57,39307;145,2742;153,8181;45,20611;187,103;84,15375;40,36824;197,0418;233,96;131,6599;212,5435;71,53995;226,833;85,56316;126,8971;84,15375;272,194;52,6669;205,9951;49,41525;154,669;309,1667;218,5751;155,7332;225,6325;45,20611;322,2019;98,16767;85,56316;95,08846;139,1406;83,57771;115,3297
"21";"1982-09-01";69,57291;57,64619;138,1978;60,18279;56,13098;65,28684;56,50632;46,89902;84,4961;33,09278;28,81683;112,5779;113,0524;79,60452;153,2494;80,18567;66,0155;40,41892;46,99464;73,50143;68,96565;41,23273;46,93759;29,62868;63,98848;35,82909;41,1685;68,51358;51,77883;64,80956;72,80615;100,1968;71,34259;73,8205;58,63871;75,68561;64,25845;55,74975;29,34054;40,64936;56,87151;26,65387;26,65387;44,09256;94,42926;200,1619;217,2909;258,1924;208,0518;212,1828;228,3439;325,3974;205,2201;206,8724;352,9294;221,2581;208,0487;219,8771;236,9221;149,4256;192,656;120,5937;258,0966;439,1024;192,0461;181,0636;277,5952;311,3858;363,8265;205,0394;149,4256;242,6128;46,10122;203,9494;191,6297;43,89334;187,8406;182,7599;28,81683;304,3706;228,3439;183,0666;205,0394;120,5937;264,4206;192,656;208,0518;182,7599;363,8265;93,26254;206,1715;94,42926;196,8422;311,1491;277,5952;147,9894;266,1596;43,89334;424,12;185,7641;192,656;236,9221;186,3499;117,0406;205,7154
"22";"1982-10-01";79,71207;59,30769;196,7464;37,93163;60,41704;64,81783;60,15592;90,25971;92,96127;75,1927;68,09749;69,68656;162,4713;63,41142;199,0225;63,37389;53,38411;63,90568;67,56503;87,21848;75,3826;58,70667;61,89936;56,57926;89,25001;78,91611;87,383;67,72167;97,92276;62,2253;64,04494;111,5459;78,57804;86,89849;58,85225;62,53034;55,6595;56,83257;65,32896;68,12339;82,72469;58,85948;58,85948;57,7472;95,95763;225,4987;232,0063;195,2864;249,7825;250,6697;227,2601;258,6805;169,4852;240,8509;213,6942;221,9579;230,4091;209,4181;171,3221;171,3325;156,3866;110,1524;232,7077;179,9272;191,6427;193,2969;229,7826;231,9189;202,1835;215,6612;171,3325;198,77;77,28431;205,0717;217,6406;65,08673;202,6395;200,1888;68,09749;156,8083;227,2601;180,7897;215,6612;110,1524;207,4642;156,3866;249,7825;200,1888;202,1835;95,79652;193,1903;95,95763;204,6728;161,2928;229,7826;176,8457;224,3483;65,08673;241,2796;123,596;156,3866;171,3221;194,0983;143,285;164,3347
"23";"1982-11-01";17,89194;11,31157;40,95913;6,004956;11,73647;13,01573;19,69587;15,59374;27,82914;12,60314;10,11515;39,62212;30,10444;24,54643;57,3158;16,38911;10,79405;9,338303;12,27343;19,88632;15,28206;9,735199;9,239697;8,643913;14,27443;7,702656;10,59117;24,04476;14,32401;14,50266;28,13328;31,43509;22,27925;17,92557;13,94789;15,71861;15,34433;12,24479;9,678835;13,33516;14,59548;10,88997;10,88997;8,450155;26,60805;55,34557;73,18514;36,80991;80,25659;41,28318;55,80161;100,7584;62,40556;51,56936;88,92194;53,10622;46,02952;51,42712;71,73688;58,91045;47,35843;37,76694;77,05536;89,30492;59,36311;31,09521;77,42694;58,79801;83,66597;51,36433;58,91045;45,34787;16,94617;83,95097;91,42313;19,22527;47,30725;32,18504;10,11515;77,5191;55,80161;63,90467;51,36433;37,76694;79,32347;47,35843;80,25659;32,18504;83,66597;22,53964;64,01045;26,60805;75,00037;67,65971;77,42694;53,56048;59,15202;19,22527;90,43932;57,14248;47,35843;71,73688;88,44546;40,73344;77,66134
"24";"1982-12-01";12,8802;9,037107;55,10844;1,843821;9,227095;10,22011;12,75918;21,67167;18,38292;16,0645;12,49846;25,7886;42,61893;11,89401;66,76485;9,893635;4,893916;19,05895;8,773329;21,66494;14,59808;10,87527;5,861423;10,43814;18,38715;19,2658;19,7487;19,41485;22,13751;9,951329;14,60126;30,02636;13,88776;15,17954;10,75251;9,894228;8,445435;13,15082;11,20585;13,49515;16,17938;13,84902;13,84902;12,81733;18,98503;62,43946;54,47598;87,35496;68,76405;59,78366;81,44419;76,5446;67,26635;71,77459;59,20774;67,75641;75,91462;79,17413;59,55178;60,15817;36,68581;25,65093;109,4385;59,24876;52,2451;42,67948;70,38181;40,66573;56,07721;59,76815;60,15817;64,43754;16,4887;78,92461;120,7252;12,71984;84,27815;43,56588;12,49846;82,47386;81,44419;53,48063;59,76815;25,65093;80,4635;36,68581;68,76405;43,56588;56,07721;16,69474;63,4353;18,98503;73,22086;54,02071;70,38181;61,05855;80,41481;12,71984;79,17809;53,71533;36,68581;59,55178;67,3604;41,18334;71,70589
"25";"1983-01-01";10,08872;9,287968;45,76804;4,526083;9,035107;9,35501;9,993484;19,39477;14,38859;13,9763;11,66562;19,1762;41,47274;17,16285;53,12481;12,82859;9,034117;21,30055;10,80286;27,7793;14,69934;14,13134;9,732056;16,31406;24,77618;18,95009;18,0613;40,74023;21,25653;9,243122;20,08381;27,00476;11,60913;15,97468;17,27872;15,96046;11,67689;13,72122;16,0998;21,11709;19,87263;22,57385;22,57385;10,87578;11,23637;73,17163;85,19688;49,91763;81,85387;32,84521;52,51458;63,96034;61,3778;50,50636;63,22682;49,34932;49,048;49,73048;71,14663;57,44389;84,54147;20,57412;36,955;51,96214;44,51945;52,14101;52,29605;41,16628;44,29897;47,55332;57,44389;60,31637;9,549479;78,31574;90,14146;21,53722;48,35939;54,6271;11,66562;21,78526;52,51458;60,45552;47,55332;20,57412;35,06159;84,54147;81,85387;54,6271;44,29897;10,83968;48,91663;11,23637;66,34802;31,8195;52,29605;51,76615;51,17774;21,53722;49,43985;26,2866;84,54147;71,14663;67,06987;43,15441;62,95971
"26";"1983-02-01";24,16061;13,33264;36,43137;3,445265;16,04445;14,73982;23,50801;14,738;42,2356;18,03439;12,78539;41,05091;27,38535;21,99329;36,703;26,27948;9,871009;29,54645;14,31861;27,23257;21,23219;19,79111;15,52883;37,26343;21,69093;19,12882;22,01361;34,00502;21,90039;15,7671;32,95502;46,85234;27,13733;30,31187;23,49963;23,51696;14,68531;16,78569;18,54649;19,05102;28,77705;21,8768;21,8768;12,26579;46,57473;43,23123;58,32989;51,79338;65,27823;40,34917;56,76038;62,71365;65,88432;39,3644;49,60324;46,69209;42,38527;56,03585;47,9017;36,37451;57,91193;50,79877;45,76613;63,5495;56,4815;45,77709;43,11524;46,89387;57,90472;43,91879;36,37451;43,54882;12,03808;46,78057;153,3625;12,71224;39,48405;47,18853;12,78539;68,73643;56,76038;38,27936;43,91879;50,79877;47,24266;57,91193;65,27823;47,18853;57,90472;38,0793;37,21269;46,57473;46,2761;54,7778;43,11524;36,41696;54,05181;12,71224;71,04467;39,84679;57,91193;47,9017;53,42725;64,64929;53,77354
"27";"1983-03-01";6,839235;6,273646;19,68765;8,528306;9,107608;10,36928;7,637119;11,50916;11,75155;12,50978;10,28156;9,512204;13,3721;6,455252;23,31387;14,74427;9,413467;15,7855;8,391939;17,99466;15,41106;9,025169;5,116428;16,29832;17,15807;16,81495;16,27821;14,66728;14,37874;9,890018;6,069637;15,53528;10,65891;11,07526;6,816139;7,379952;9,092973;8,114012;12,01823;12,62614;19,36669;11,475;11,475;12,89289;9,632256;31,93044;35,5186;24,02866;39,0409;29,1422;34,60138;40,52382;25,0799;24,61032;35,02882;30,23816;23,05038;33,23617;30,65044;14,91385;34,14876;16,00846;31,53403;38,60951;34,55887;26,20539;35,87586;37,89323;40,63743;29,61742;14,91385;22,65973;10,22509;33,67631;30,82538;8,87297;23,09274;26,67752;10,28156;24,40894;34,60138;24,51245;29,61742;16,00846;30,73855;34,14876;39,0409;26,67752;40,63743;9,705201;28,13809;9,632256;26,86529;35,25586;35,87586;26,38125;25,39892;8,87297;68,62939;9,931692;34,14876;30,65044;31,72116;19,55244;30,58279
"28";"1983-04-01";6,094784;0;18,01723;6,647462;6,891896;7,231914;8,097557;8,332517;6,930865;8,27202;7,274537;9,156212;14,90268;6,07768;22,52148;10,46761;6,309593;9,877846;7,410363;11,4554;10,95513;6,634899;7,329524;10,81967;11,28061;9,473104;10,18617;10,14921;10,62832;5,915205;6,676143;11,99137;5,496846;8,27034;6,424438;7,686522;7,627647;9,384571;7,97051;8,230961;10,65608;8,637822;8,637822;8,703652;6,079369;23,66771;25,11548;30,78769;32,48197;15,89447;31,57349;24,32043;31,41755;30,77305;17,58185;19,98468;28,77959;30,14132;29,5332;18,00175;33,52514;9,235094;14,78667;22,58125;18,8194;17,31054;18,44975;20,15953;22,3508;20,87203;18,00175;21,53258;7,405514;26,99416;39,04034;7,176847;25,79257;19,40999;7,274537;16,9743;31,57349;22,94805;20,87203;9,235094;17,71977;33,52514;32,48197;19,40999;22,3508;7,03572;19,98982;6,079369;28,0412;17,83074;18,44975;22,72636;31,97984;7,176847;17,63513;10,50026;33,52514;29,5332;27,34017;15,37313;29,81105
"29";"1983-05-01";19,44697;18,66655;27,38349;26,07005;16,91241;16,48655;23,5736;16,34509;20,66304;22,70598;20,2797;22,19703;25,39611;16,57561;30,80909;21,02329;19,73672;18,65688;15,23473;17,42931;19,01347;20,21228;21,89837;16,05234;17,6409;17,94438;16,0176;27,81647;15,0324;16,65191;18,93565;20,77163;19,23488;17,35599;16,31392;16,29587;17,66279;18,73186;23,49707;27,66944;20,50718;24,45254;24,45254;24,56009;21,82336;41,26106;41,10943;50,19021;42,31964;24,26593;35,1346;36,42736;31,74078;34,34485;37,18068;25,21215;30,55597;28,10617;44,53204;27,09055;46,24977;20,93195;33,90348;44,88615;26,01014;30,09342;29,41229;37,44595;39,34785;28,55407;27,09055;41,51478;15,81465;31,98627;28,42273;14,69743;30,45283;29,13195;20,2797;29,61955;35,1346;29,99577;28,55407;20,93195;33,77216;46,24977;42,31964;29,13195;39,34785;21,4385;36,3646;21,82336;30,77297;41,09196;29,41229;28,9647;35,46544;14,69743;46,23846;20,9603;46,24977;44,53204;39,77261;24,16747;41,5702
"30";"1983-06-01";86,71114;98,65403;126,6093;93,21097;93,85377;91,73778;146,4265;57,646;100,2589;48,50558;41,54202;105,3422;98,71102;117,0088;138,508;97,20953;83,97206;62,95122;90,57526;125,4497;98,4373;154,205;124,7012;61,8978;123,1255;64,06403;52,53915;101,0188;60,49602;93,54362;113,3273;95,7829;85,49243;89,55276;117,4944;113,1799;97,77873;110,4096;61,01157;68,24146;84,02569;46,23015;46,23015;63,78717;84,37853;267,1528;212,6193;222,2081;258,4333;209,6251;236,1584;263,154;202,9274;206,3704;253,7149;198,2794;212,0289;221,2826;197,8943;80,3596;220,2106;90,78582;197,7249;318,5233;266,6443;188,485;221,2251;289,0577;317,6796;201,113;80,3596;258,9425;41,01345;205,9571;195,4104;40,8078;183,9828;193,9936;41,54202;199,1736;236,1584;131,3241;201,113;90,78582;224,0069;220,2106;258,4333;193,9936;317,6796;79,18686;239,5724;84,37853;218,9478;324,0254;221,2251;132,2289;242,5118;40,8078;321,9738;128,2756;220,2106;197,8943;145,9231;120,3079;161,3224
"31";"1983-07-01";78,83007;63,9126;321,2551;71,23909;74,61127;82,31039;76,3979;146,6925;118,6275;96,61683;79,75584;142,7766;273,443;78,25358;334,5295;97,20225;73,58908;78,983;64,00458;114,9195;114,7356;112,5266;77,81104;53,53315;108,6403;62,87447;117,5425;126,0539;135,7227;81,91503;90,10648;129,3235;96,56747;85,02203;71,70911;103,1696;83,02548;124,5919;75,90285;87,72768;89,43131;68,579;68,579;58,48045;115,25;391,0723;348,5876;486,7176;252,1996;414,8177;550,5739;649,6324;333,195;475,5644;741,1561;452,667;502,9805;522,202;317,7977;213,9591;358,2744;150,4884;533,0502;664,2431;432,2401;339,4638;521,6832;661,89;625,3685;444,0389;213,9591;537,5802;109,9934;362,7048;388,0366;76,90989;437,5259;327,081;79,75584;514,8431;550,5739;289,5499;444,0389;150,4884;520,4491;358,2744;252,1996;327,081;625,3685;112,6115;650,407;115,25;364,3271;598,4061;521,6832;312,4477;555,233;76,90989;646,861;226,9962;358,2744;317,7977;292,4437;200,153;282,0544
"32";"1983-08-01";45,4149;44,24159;161,8402;43,45857;48,94867;48,17157;53,54288;80,01748;60,07588;70,77044;54,81168;71,54237;141,0117;57,29598;177,9505;61,55782;44,48609;65,86539;47,3647;121,1538;79,07417;65,76474;45,96447;55,73462;107,3333;71,89337;70,62866;122,5851;77,75515;43,96981;60,02435;62,52891;46,89423;48,49545;59,90012;63,7527;59,95094;78,26321;82,17898;90,46207;74,49477;64,17746;64,17746;69,48321;59,87007;202,969;238,75;290,1852;216,7391;203,3595;302,5412;280,1943;187,7204;253,1403;415,5359;230,7036;259,7659;285,7566;165,4162;125,5284;171,3355;84,0975;221,9765;336,6947;244,0484;241,8942;238,923;290,542;326,4205;229,2038;125,5284;231,358;74,36577;245,4042;205,1994;61,2583;212,3261;232,6487;54,81168;248,8071;302,5412;203,6436;229,2038;84,0975;233,3267;171,3355;216,7391;232,6487;326,4205;55,08245;296,7523;59,87007;262,2754;300,0225;238,923;176,5708;254,8575;61,2583;315,6418;155,4276;171,3355;165,4162;202,7205;98,38702;177,5507
"33";"1983-09-01";49,59199;59,79796;256,1163;52,70512;64,36875;62,29527;61,65258;98,76498;63,96715;84,11951;85,92561;99,09794;178,5559;80,11383;281,9128;77,45969;56,89245;99,62223;61,81067;141,3703;91,60235;84,93555;79,52839;51,37447;126,2826;91,86503;85,07689;242,7065;98,18811;57,06107;80,09567;87,93207;52,00858;61,27932;72,78635;85,83046;77,62788;94,50562;150,2689;179,6128;83,84375;98,2055;98,2055;127,1968;67,19791;376,8677;370,7409;416,5475;401,5784;307,2344;330,0491;444,335;250,1674;359,2402;404,7864;333,4209;375,8401;330,4355;289,7149;223,1428;253,0428;108,2178;350,6425;516,3472;272,6555;232,3599;320,705;378,2181;459,6904;313,6948;223,1428;378,6908;95,78561;452,0501;229,7122;91,8325;369,3098;233,0999;85,92561;324,228;330,0491;307,7403;313,6948;108,2178;369,7414;253,0428;401,5784;233,0999;459,6904;60,10083;367,4435;67,19791;396,4742;414,8144;320,705;276,0908;384,2114;91,8325;532,3779;177,4599;253,0428;289,7149;340,8521;127,2661;326,6164
"34";"1983-10-01";26,26257;20,98643;97,17129;10,83886;18,86555;21,5366;18,43987;48,86729;30,45995;39,28146;37,99549;29,0209;66,19476;24,78204;100,402;24,61752;14,76412;28,09751;21,79048;30,95127;27,78371;27,08993;19,99837;22,88396;31,69619;32,16008;42,0576;49,42222;43,03068;21,1704;18,37967;36,98032;24,3316;27,72108;22,64474;22,78952;16,40129;25,88666;33,52139;34,8416;33,24074;32,22721;32,22721;26,85071;24,81623;82,48376;113,8949;92,12521;112,2625;120,7903;114,8191;117,998;86,19872;112,3015;127,0039;102,5354;99,89546;98,91907;82,78348;83,03137;74,11685;39,43762;100,3164;106,9862;82,09229;89,06087;111,4578;104,9728;121,6563;99,37418;83,03137;87,15425;52,3336;99,71143;102,2008;39,40556;107,1333;84,33918;37,99549;123,0536;114,8191;89,94055;99,37418;39,43762;88,47834;74,11685;112,2625;84,33918;121,6563;32,26971;86,01122;24,81623;104,6721;116,7497;111,4578;89,26627;101,8662;39,40556;153,5068;64,08182;74,11685;82,78348;93,59261;48,82168;87,70722
"35";"1983-11-01";41,54519;26,9581;68,71089;12,00087;23,34307;25,72137;57,40784;34,41788;51,37366;26,27216;23,26068;78,78543;64,41039;48,50079;86,33385;33,33595;27,83378;21,55886;24,68042;41,09748;45,94868;31,09379;25,10329;23,17693;29,11039;17,72988;25,7984;71,5731;31,90758;32,45685;97,75664;61,91536;42,73753;43,24978;41,47297;40,16201;31,45723;22,17122;33,46671;45,3053;41,28013;33,53008;33,53008;25,38511;52,7771;81,97334;100,7442;58,90477;116,5652;85,19544;73,14178;179,7789;123,8224;74,24989;56,62209;75,66124;81,46359;81,48655;125,2595;120,1706;97,24252;73,34116;92,51648;171,9331;109,4274;68,60845;87,01336;105,1456;134,2895;69,39861;120,1706;137,6334;32,00436;92,04419;148,5256;37,97382;86,06279;71,52708;23,26068;143,6945;73,14178;121,5272;69,39861;73,34116;93,13018;97,24252;116,5652;71,52708;134,2895;42,61867;115,4476;52,7771;98,55838;160,7518;87,01336;83,14104;83,12849;37,97382;147,8707;113,2092;97,24252;125,2595;120,6155;75,48764;123,3628
"36";"1983-12-01";11,49694;5,713401;26,61827;1,852664;7,333629;7,112122;8,445922;12,76745;13,88315;8,984329;8,409559;18,27154;22,41551;9,471699;30,92967;8,964783;4,868221;9,927091;7,506334;11,73118;10,77716;7,385468;4,589546;7,935267;10,04687;10,38453;12,39185;15,07559;13,03549;7,235872;10,98388;22,21686;9,860246;15,24485;8,656974;10,28586;6,77767;8,996696;7,900576;9,902848;13,41791;9,659031;9,659031;7,371984;15,177;28,21968;29,70923;28,76479;33,94216;29,17823;34,83154;38,00548;37,87424;35,10418;42,26368;35,27652;33,39516;29,85078;32,22729;23,22209;35,55364;17,72886;61,78029;39,22244;36,80215;16,26088;35,69453;32,06542;32,56886;35,73787;23,22209;26,83679;8,867963;32,13881;67,05812;8,543497;33,17973;17,89038;8,409559;41,28862;34,83154;29,98802;35,73787;17,72886;49,04557;35,55364;33,94216;17,89038;32,56886;13,64652;25,13807;15,177;33,19944;37,32736;35,69453;28,16935;27,43859;8,543497;42,07481;30,95983;35,55364;32,22729;33,37185;30,21271;37,38503
"37";"1984-01-01";16,75621;15,9278;37,08843;4,64978;9,339076;14,15637;26,33702;17,46786;23,32703;16,4914;14,28228;42,44267;29,84464;23,06752;44,40718;13,98631;9,323759;17,10501;10,6402;19,98071;21,22054;23,25713;20,05511;17,49879;18,87173;15,16142;20,69563;28,41051;18,41107;12,1221;28,24954;43,30843;18,65649;18,0127;19,40321;19,89677;11,32385;19,68621;15,54555;19,90381;17,53741;18,12046;18,12046;12,65971;27,28317;41,46319;39,944;45,93054;44,59081;55,16407;49,24514;80,63086;95,3411;49,96766;29,86421;63,76688;45,86448;44,19981;36,39787;36,67495;38,22639;38,54631;70,76391;52,98418;67,70132;32,58273;66,11736;33,68536;46,18968;59,95282;36,67495;42,76865;15,87798;47,07487;84,03572;14,39484;44,68827;33,97856;14,28228;60,90138;49,24514;47,59652;59,95282;38,54631;63,48578;38,22639;44,59081;33,97856;46,18968;24,70353;56,40434;27,28317;48,00191;46,97162;66,11736;43,35877;68,62796;14,39484;62,21074;43,87913;38,22639;36,39787;45,27492;68,91932;41,32882
"38";"1984-02-01";7,707792;5,482296;39,6683;1,319777;6,148079;0;9,971957;10,67917;14,31897;10,93218;6,533943;12,57185;29,09141;6,615677;45,38702;10,85592;4,063218;15,4652;5,599564;12,24616;11,12135;7,217103;6,361197;17,58455;9,672865;10,81475;13,59652;18,17862;16,12981;0;10,50977;22,54712;8,913544;12,3153;7,097733;7,854949;5,943412;7,310775;9,343382;10,14429;12,92175;10,31503;10,31503;7,506521;11,35008;46,01254;55,71886;41,31543;71,10069;38,27617;62,21126;55,10434;60,8082;51,95268;27,29583;31,66564;53,83746;58,12152;40,96996;30,32014;42,33754;19,8704;31,94629;43,39878;38,70938;34,57398;47,68959;38,493;39,40237;30,2603;30,32014;29,48302;10,17428;48,78526;126,4346;7,134983;49,18819;36,06399;6,533943;36,26522;62,21126;47,19229;30,2603;19,8704;32,36223;42,33754;71,10069;36,06399;39,40237;9,553628;28,51617;11,35008;39,15049;36,33767;47,68959;44,4818;38,5018;7,134983;57,22029;18,43391;42,33754;40,96996;47,75002;32,39494;42,71497
"39";"1984-03-01";4,374452;4,112159;28,47932;4,730783;3,182286;5,2716;5,195466;12,49715;5,840134;16,37956;14,15659;7,925265;17,56827;3,131739;33,9108;8,94047;5,643641;21,51469;2,455939;12,49562;9,111424;3,51995;2,929833;13,19271;12,00111;19,97767;19,16446;24,5587;16,08302;3,924603;4,919428;12,28391;4,951754;6,929002;3,406284;2,027742;3,099844;4,609456;19,43923;20,84671;13,42858;19,71754;19,71754;18,83514;7,343314;38,07805;38,72498;30,07335;46,54822;41,18511;44,17856;52,2639;38,07448;30,77674;43,21682;42,74089;29,69339;43,5515;36,8683;16,45984;35,78091;12,24204;35,22062;46,14597;47,95096;30,3412;41,42738;46,73177;49,00886;39,64534;16,45984;35,08754;12,45421;33,86463;44,14285;12,22333;31,43454;28,88103;14,15659;30,56503;44,17856;31,07994;39,64534;12,24204;32,66113;35,78091;46,54822;28,88103;49,00886;6,733978;30,84426;7,343314;32,88959;42,68769;41,42738;35,80625;34,32386;12,22333;86,52041;10,64164;35,78091;36,8683;34,03952;21,06508;37,06989
"40";"1984-04-01";8,1931;6,779776;18,59723;9,053018;9,480381;8,101547;8,573625;10,4483;10,04;10,6185;10,67542;15,0747;13,55617;8,024065;22,13929;13,22318;8,733721;10,25601;9,875526;15,05058;13,08922;11,09184;7,988262;12,43779;14,79114;10,15483;11,29702;19,1749;11,49953;8,481012;8,412715;15,39443;8,155848;11,55311;8,223094;10,036;10,12922;13,95739;12,03824;12,55336;12,53505;12,18575;12,18575;12,21976;9,781151;16,80387;16,44382;22,98333;24,93657;12,14587;24,92596;25,10285;24,25265;24,42316;15,66461;15,4569;22,12171;23,19335;18,56157;16,43325;23,59165;12,15232;11,7468;23,52269;13,93798;11,59945;14,21968;14,89919;22,59186;16,77559;16,43325;17,34316;9,646811;17,14249;34,83867;10,98055;19,1669;12,27824;10,67542;18,9642;24,92596;17,90118;16,77559;12,15232;14,6684;23,59165;24,93657;12,27824;22,59186;11,65426;14,41604;9,781151;23,52805;17,50891;14,21968;21,43235;23,98349;10,98055;13,25563;10,40955;23,59165;18,56157;22,35408;17,8823;20,25727
"41";"1984-05-01";77,47208;62,96238;157,9402;91,64322;65,50626;68,38183;107,9011;91,46322;75,26886;117,1886;99,90535;69,54935;169,8741;88,10825;160,2458;92,06044;90,07537;113,1123;64,42951;97,11806;79,53931;67,67823;102,0486;91,73602;94,58377;106,2189;102,6158;122,3496;92,60017;72,62577;81,90507;77,07685;71,03145;69,34033;69,82642;72,90081;75,05904;83,47615;109,7604;125,5626;100,4016;116,012;116,012;125,135;81,94132;148,6483;134,2317;199,5675;149,8145;116,3345;166,1442;146,6295;148,7416;176,2417;165,5875;123,0509;182,6822;160,4158;129,8113;132,3318;146,2048;67,92712;181,6024;159,2194;126,9324;108,462;123,5792;163,386;147,6163;118,2313;132,3318;153,4662;79,26929;174,4096;162,4389;88,60502;172,0108;109,3855;99,90535;153,6673;166,1442;164,4373;118,2313;67,92712;149,6271;146,2048;149,8145;109,3855;147,6163;77,92395;124,7303;81,94132;166,5954;158,4994;123,5792;152,0008;191,1029;88,60502;202,5227;105,9261;146,2048;129,8113;180,641;101,1138;129,1321
"42";"1984-06-01";102,9657;115,2214;229,2206;99,08472;97,00216;86,59679;175,0674;109,7415;115,6355;91,81143;78,35846;185,3522;193,1373;125,2897;235,497;109,6288;94,9805;115,4778;90,97308;183,6332;119,4689;138,1909;132,3677;97,91171;176,4332;116,1806;108,0649;220,747;121,2999;87,78886;147,7794;133,2766;95,34122;96,8135;127,1721;117,5712;108,105;124,7241;134,6888;151,7195;117,9872;88,89413;88,89413;137,8391;138,232;271,314;279,6247;235,3097;336,5215;255,9891;327,8095;279,3911;271,6597;259,7722;372,1349;268,3189;252,1335;294,8961;242,3636;158,3569;261,3977;160,0251;207,346;330,5375;319,8024;197,7421;261,6375;287,5944;321,8586;277,385;158,3569;259,7581;79,35174;284,2711;247,2119;71,53821;243,0757;200,7066;78,35846;258,0878;327,8095;222,6229;277,385;160,0251;237,9621;261,3977;336,5215;200,7066;321,8586;125,8089;234,7354;138,232;262,2769;258,5918;261,6375;224,277;233,5121;71,53821;299,4233;223,8498;261,3977;242,3636;256,1667;166,5138;228,0066
"43";"1984-07-01";109,5612;99,06033;329,17;105,9243;100,8992;97,71086;143,68;135,6518;131,2322;105,5149;85,30422;183,7229;253,6419;126,8246;348,9399;116,8925;109,9424;126,4358;99,08562;184,5168;143,9417;129,9609;121,0033;84,93394;166,5826;110,514;121,125;217,3846;166,4172;104,4365;132,6945;173,6912;105,1284;126,1479;114,7739;124,1727;116,622;134,4923;129,8828;153,1297;130,621;106,1017;106,1017;122,6485;133,0864;403,3358;344,9545;460,2639;284,052;418,9219;531,8291;484,3264;368,6264;427,2325;559,7453;418,7438;454,2423;523,6749;345,7555;250,424;338,0169;185,7021;454,4956;609,744;403,4143;334,6079;410,7607;534,7145;556,2628;402,7718;250,424;422,5671;118,5003;473,7841;415,2311;99,27842;406,8014;338,6131;85,30422;414,844;531,8291;325,8185;402,7718;185,7021;428,382;338,0169;284,052;338,6131;556,2628;123,3012;506,8529;133,0864;441,5643;510,7804;410,7607;342,0155;499,7381;99,27842;548,0673;276,9096;338,0169;345,7555;361,6222;229,0281;343,045
"44";"1984-08-01";84,7243;65,53413;221,5446;86,86474;83,26016;85,01415;73,37093;77,80625;132,2674;58,74419;52,71809;116,9784;153,9467;86,94907;244,0408;107,9619;106,6518;59,59188;77,30148;131,4338;99,47695;87,74593;58,12835;86,01237;122,5652;63,43961;82,1131;109,9051;93,13633;94,25827;86,36572;155,2988;103,6187;123,2597;77,83161;86,52561;95,56223;86,55857;88,79494;98,85056;111,5613;60,20126;60,20126;88,73952;129,6933;268,1291;273,6465;348,4435;265,7923;268,4294;345,6169;489,886;272,5739;311,8748;491,1848;301,5132;311,4043;317,7832;197,5859;133,9449;218,3818;156,2279;316,1153;488,7977;313,5026;243,2543;351,2208;390,4938;464,2752;307,2621;133,9449;295,0165;66,51385;265,0401;270,9944;50,15981;306,0666;238,2016;52,71809;356,8282;345,6169;191,4538;307,2621;156,2279;340,3529;218,3818;265,7923;238,2016;464,2752;126,1005;364,9982;129,6933;287,0021;451,0546;351,2208;237,2216;334,9665;50,15981;439,4899;215,374;218,3818;197,5859;233,7158;184,2408;182,7984
"45";"1984-09-01";159,7603;195,2492;428,2721;127,4101;148,8385;166,8226;310,3398;201,0645;231,9556;171,1612;157,235;330,4998;341,9193;210,6371;431,6939;165,1701;146,319;177,0527;144,5519;197,408;188,6335;223,8582;197,433;113,3419;180,7206;152,5022;185,8337;323,8164;217,6788;153,577;244,3118;216,956;206,0956;159,1812;186,1956;229,6651;163,8309;195,2561;160,4557;196,3812;191,4916;171,5009;171,5009;159,6889;231,6977;527,6832;514,3498;597,5714;567,3356;513,8889;504,0311;678,4526;481,2918;511,3174;710,9353;500,7878;533,1611;495,9932;490,948;446,1225;415,6831;262,5555;531,0392;733,317;498,9424;431,1806;474,5132;605,4633;638,2503;492,062;446,1225;573,283;191,8696;541,3049;495,6382;181,5692;531,847;435,3924;157,235;529,1893;504,0311;468,4915;492,062;262,5555;581,9238;415,6831;567,3356;435,3924;638,2503;206,4781;625,9916;231,6977;562,9645;651,7637;474,5132;426,9497;614,2236;181,5692;851,7599;445,407;415,6831;490,948;432,2646;297,8763;579,6785
"46";"1984-10-01";20,86582;15,19042;90,37664;15,89584;21,24704;19,96653;12,24266;48,65054;36,1936;39,7617;39,51908;21,31363;75,07466;17,69056;89,35296;24,34175;19,49712;34,58924;23,53897;31,0396;25,1749;18,80697;13,93262;25,64889;32,18523;42,42235;41,00327;36,60629;51,27414;22,4839;16,14696;41,84196;29,54944;34,60959;13,71721;17,13197;19,01684;21,64304;37,71534;36,32232;33,92867;39,76794;39,76794;36,12736;28,31863;80,25778;84,08023;76,89897;90,64371;135,8616;107,7712;88,83569;73,35558;89,40477;84,37498;87,32771;82,59798;97,75181;52,35211;84,31914;49,66185;40,41383;116,6584;97,06322;78,99632;56,85693;100,6172;105,7426;107,0999;88,41621;84,31914;73,93933;44,90091;87,81531;87,66336;44,35295;94,27442;59,24828;39,51908;71,42195;107,7712;90,72287;88,41621;40,41383;107,8651;49,66185;90,64371;59,24828;107,0999;30,62927;98,98129;28,31863;99,96583;109,6032;100,6172;80,82359;96,39043;44,35295;137,3472;46,41832;49,66185;52,35211;103,9698;66,54406;76,98828
"47";"1984-11-01";11,60314;8,84675;43,85295;0;6,433788;6,959522;16,92453;15,19435;15,48141;13,8956;11,18423;38,53477;33,40817;11,48635;58,28659;11,94466;6,892639;14,16343;6,66134;19,38232;13,43586;8,739634;9,384005;9,206955;13,56736;11,61991;12,43453;39,59828;16,52418;7,972827;16,38148;22,76364;11,16775;11,53468;9,925182;10,98288;9,5203;9,762047;15,1645;20,36089;14,06253;15,00863;15,00863;13,47994;19,58921;35,09897;35,18493;35,16117;37,23102;34,53046;58,45121;84,52412;62,92165;57,57105;71,13125;46,27572;47,80417;50,92182;35,23298;46,58153;27,14862;28,57458;67,20087;81,70915;55,759;25,1016;50,19816;48,70526;72,89703;46,77027;46,58153;39,16198;15,11012;47,96886;86,42046;15,72279;49,21124;25,64021;11,18423;78,33058;58,45121;59,7375;46,77027;28,57458;73,13474;27,14862;37,23102;25,64021;72,89703;17,16135;56,70918;19,58921;53,23761;56,49557;50,19816;51,95502;44,66302;15,72279;74,03463;54,7272;27,14862;35,23298;56,79186;37,77858;49,8383
"48";"1984-12-01";8,392015;8,044028;41,6674;0;7,023966;6,829754;10,04878;17,09809;12,86164;12,73214;11,42597;25,7923;42,53275;8,889328;51,26505;9,362348;3,830639;17,60994;6,404414;14,19247;13,23257;7,671546;4,244473;7,292192;11,62785;17,3724;14,19816;19,30116;17,58916;7,221717;10,02024;22,74152;8,691362;14,00403;6,261215;7,188375;6,220482;9,376646;14,10694;17,18071;12,76004;18,94436;18,94436;18,18302;14,80955;42,03397;42,2463;58,58958;45,32562;33,5628;61,28639;47,9367;55,25733;57,10914;49,15366;40,13364;52,8472;52,93373;53,82943;52,2042;33,22642;20,08767;65,47581;47,31207;43,67585;33,56548;39,7845;39,49127;43,52364;43,74758;52,2042;42,27957;17,41277;50,58226;88,47087;14,01994;54,68903;34,6814;11,42597;45,39034;61,28639;48,80336;43,74758;20,08767;57,76846;33,22642;45,32562;34,6814;43,52364;12,99757;36,45362;14,80955;53,83519;42,28762;39,7845;46,76499;52,49675;14,01994;49,24508;44,11832;33,22642;53,82943;51,44133;38,90581;63,19555
"49";"1985-01-01";5,359309;6,680468;17,12872;2,118812;4,352966;5,3951;7,470186;5,300462;8,662952;5,454188;3,799592;14,32108;12,66989;6,59796;21,51071;6,738676;2,240724;6,22133;4,971961;8,537555;8,856313;7,449623;5,024561;6,900643;7,78244;6,124303;6,166485;9,592716;6,818815;5,712369;8,072066;14,96471;6,301939;7,890421;6,51963;8,591434;5,372572;7,191289;5,34808;6,892337;8,82592;6,06437;6,06437;3,355471;8,267544;23,70011;23,57766;27,30955;27,73123;18,08589;31,81535;25,18516;36,06956;29,18929;15,92811;21,26915;27,40876;29,20178;23,13376;17,69694;23,78465;13,89124;24,79373;21,16168;27,80988;17,39763;22,18178;22,2359;18,35406;24,98237;17,69694;24,08979;5,572107;27,17101;48,78411;3,901649;26,05116;18,37888;3,799592;20,05863;31,81535;22,1452;24,98237;13,89124;27,49273;23,78465;27,73123;18,37888;18,35406;8,116712;24,83737;8,267544;27,57261;19,27529;22,18178;20,34193;29,65977;3,901649;27,10856;14,35554;23,78465;23,13376;24,25687;22,20878;25,94485
"50";"1985-02-01";5,982966;4,232775;29,3124;0,8519204;3,696441;3,954628;6,703844;6,986039;14,33102;6,969438;5,237792;14,10097;19,34989;4,868554;34,97147;6,565336;3,276654;8,176653;3,205354;8,548519;5,771166;6,381839;4,007951;10,12276;7,271435;5,92616;8,813657;18,03079;10,39596;4,058556;7,468041;22,23869;7,961962;11,03305;5,893804;5,743752;3,628422;4,85108;8,857529;9,640821;7,953236;9,102858;9,102858;5,254323;12,21417;25,66601;30,49702;51,3964;46,52437;46,76409;67,81477;54,00663;53,96176;46,59342;36,51804;50,66269;43,99845;58,81247;35,19254;22,47655;31,03232;18,57745;49,3562;50,72341;52,85514;17,17387;41,99308;36,88997;44,11469;48,18693;22,47655;26,00399;6,740488;36,07064;145,2715;6,06454;37,98687;17,98987;5,237792;47,92203;67,81477;31,15218;48,18693;18,57745;49,74322;31,03232;46,52437;17,98987;44,11469;9,791796;32,57593;12,21417;36,69598;44,58257;41,99308;31,67918;48,89286;6,06454;72,63745;24,03633;31,03232;35,19254;35,42052;33,49029;34,03727
"51";"1985-03-01";7,044993;6,409619;24,64699;9,80092;8,708055;9,331234;4,529636;9,287891;13,23648;9,605683;7,581136;11,63236;15,47527;5,774195;31,35613;13,47595;11,417;10,68242;7,527946;14,59153;13,33933;6,845026;3,402785;15,79479;14,14997;12,0315;11,93284;14,8356;11,5249;9,837006;6,516813;17,87344;11,22103;14,11556;5,784807;6,482378;8,902021;7,064604;12,18496;12,50019;18,10501;11,39731;11,39731;12,00596;10,72584;31,91062;39,06779;35,73411;45,05638;41,3493;50,41617;41,21633;41,67156;37,98123;39,10516;47,02931;37,17307;48,75601;34,82502;18,0193;38,521;18,09209;40,99344;44,94;55,21284;24,09165;43,17904;45,19514;43,55249;45,95117;18,0193;33,86575;9,108147;45,4067;47,59541;8,32172;31,60246;24,79069;7,581136;28,66132;50,41617;28,18835;45,95117;18,09209;39,83303;38,521;45,05638;24,79069;43,55249;10,77674;36,63922;10,72584;39,76324;30,63637;43,17904;31,19028;38,36881;8,32172;61,59918;9,233269;38,521;34,82502;33,51976;26,29374;34,77491
"52";"1985-04-01";63,75021;44,12445;127,5435;85,94468;100,7274;78,34616;73,52208;68,7077;65,6508;76,84221;63,22576;82,9435;120,8312;73,5843;142,5305;128,3173;81,79557;94,08664;112,161;125,0518;148,2586;85,76932;81,93311;116,9058;125,5483;100,5447;95,41266;100,8866;85,69807;76,44788;77,5333;117,7925;54,59501;108,5636;83,58931;108,4588;106,867;118,2698;73,11469;77,83524;123,6821;74,14638;74,14638;96,6861;56,94619;99,37274;110,3666;157,5491;110,6552;77,05295;186,6758;131,2929;167,2166;144,674;69,15758;85,52692;151,1;194,9693;89,32692;75,361;110,2408;90,23393;80,11061;109,7981;85,07797;77,81915;83,6777;103,8328;106,2096;82,80988;75,361;107,1713;52,31642;139,9584;260,4326;49,17619;141,2627;77,91162;63,22576;113,5455;186,6758;119,5294;82,80988;90,23393;92,13808;110,2408;110,6552;77,91162;106,2096;65,6394;90,47687;56,94619;143,4115;96,05496;83,6777;135,5844;164,555;49,17619;89,66769;90,21815;110,2408;89,32692;108,4112;170,0387;96,08276
"53";"1985-05-01";97,06302;78,79259;133,4212;117,23;89,25806;88,12794;98,95285;60,02468;104,4325;72,18184;62,42487;78,71586;127,3924;102,5769;146,0976;80,00677;97,16946;68,07628;85,31246;71,34859;80,10798;76,22939;109,5754;68,54012;71,24089;65,28928;68,57686;77,05701;62,46894;92,25882;97,0567;99,29747;98,30178;84,56145;92,65186;88,01102;92,03083;91,33801;78,54927;87,5581;85,66167;71,54045;71,54045;78,18926;94,21618;152,7161;134,6613;193,3424;144,7779;109,6289;136,221;138,6435;128,8376;131,8655;133,9613;138,7988;147,014;135,7224;114,4486;80,94027;115,1727;101,2886;168,7856;127,4259;121,9494;114,0928;147,6052;145,307;125,3265;132,4116;80,94027;143,5028;48,38209;170,2428;149,8191;41,80656;176,6668;109,4272;62,42487;136,4365;136,221;120,8611;132,4116;101,2886;144,1521;115,1727;144,7779;109,4272;125,3265;91,37672;122,437;94,21618;167,4763;158,427;147,6052;130,3337;153,4604;41,80656;170,4189;98,09328;115,1727;114,4486;129,5903;113,2599;118,9545
"54";"1985-06-01";120,8329;97,99882;232,4026;130,797;127,5113;127,7112;189,1038;103,1742;144,832;89,70988;81,98077;149,8046;188,9165;150,7065;243,9276;125,4562;126,7773;93,25488;123,1047;191,768;150,277;163,973;152,7065;92,15583;182,2534;99,88204;101,0891;235,4026;112,5886;120,0318;144,1275;166,7815;121,519;133,0065;151,0984;154,0209;137,9709;151,063;151,851;172,7628;122,9902;100,0013;100,0013;115,4293;148,3993;380,3443;364,183;342,2548;425,6859;391,3364;460,771;521,8605;347,2967;328,5988;453,6815;379,3211;337,8221;432,8963;330,0086;225,6725;345,9234;184,6185;384,1925;554,2921;462,0528;245,4919;435,5305;461,7301;551,5551;391,0142;225,6725;354,7855;93,54585;358,5331;303,5188;89,11102;325,9366;244,305;81,98077;377,7061;460,771;241,1021;391,0142;184,6185;445,2464;345,9234;425,6859;244,305;551,5551;147,3101;414,5497;148,3993;347,0196;488,9834;435,5305;239,7278;382,612;89,11102;552,8181;213,1589;345,9234;330,0086;254,7554;215,821;343,0636
"55";"1985-07-01";97,62726;87,30698;310,8947;86,71067;86,59451;86,66357;109,2719;116,5274;124,76;82,50836;81,08427;184,4673;241,1438;107,5556;313,9458;91,94145;102,0768;73,15917;81,22123;97,0714;90,62758;84,046;83,93477;67,79068;93,13264;58,30321;80,01773;142,3199;122,3754;95,21077;114,4648;148,2153;104,7447;119,7423;100,3964;101,981;92,19948;87,5686;86,27467;102,5361;98,06166;83,80715;83,80715;52,44775;141,5042;313,0914;280,0797;311,5394;258,8169;351,396;344,2293;431,2012;291,8355;308,2658;435,5226;342,651;315,0251;318,7819;314,0634;293,9865;269,6452;172,1942;378,6012;436,3531;335,3458;267,3488;381,4436;442,8146;406,8714;344,496;293,9865;350,835;111,361;355,3961;325,5757;94,49189;259,2589;265,2454;81,08427;340,7697;344,2293;298,2288;344,496;172,1942;381,3715;269,6452;258,8169;265,2454;406,8714;131,1399;442,4941;141,5042;341,0131;401,798;381,4436;301,6449;351,3504;94,49189;473,2038;269,7353;269,6452;314,0634;375,9552;185,7839;387,6584
"56";"1985-08-01";75,05618;47,6982;165,4062;58,47911;57,16339;57,74653;50,74346;54,05323;104,6447;34,90525;37,76885;113,5863;109,6175;69,5107;167,7963;65,84675;77,68848;41,7546;47,19297;63,81786;59,75979;34,83099;33,87573;48,03083;59,48817;40,68412;48,54139;96,61647;63,1099;64,42359;79,95716;124,9153;82,07742;94,03312;58,52513;51,33615;62,94453;42,72561;64,13616;74,14127;58,41064;47,4459;47,4459;45,29789;86,42869;160,759;161,7437;264,6167;145,9078;216,9822;339,9607;518,9341;215,0414;254,65;489,8554;213,7885;240,5562;298,1198;117,5859;85,42992;135,6104;132,2428;363,5294;455,5564;274,0526;109,4905;337,6635;241,8299;435,4464;227,9568;85,42992;165,7395;50,61854;169,3671;147,6319;55,69247;238,0319;107,9713;37,76885;369,0322;339,9607;117,672;227,9568;132,2428;402,8993;135,6104;145,9078;107,9713;435,4464;91,4973;201,6675;86,42869;189,0005;356,3388;337,6635;159,6095;303,7576;55,69247;308,5746;194,6607;135,6104;117,5859;151,5894;128,6543;121,8906
"57";"1985-09-01";83,091;65,07082;225,172;69,31955;77,53581;78,36243;66,66502;92,06371;108,2228;87,30116;78,10292;100,5033;188,7519;94,58292;239,5628;84,76692;76,48737;87,19044;72,15177;116,2556;86,38275;94,58779;72,00984;54,74055;103,6794;74,00529;80,67181;188,0826;97,76462;81,53734;97,71121;130,0172;89,84466;87,76879;86,399;79,164;88,54572;95,12212;88,63438;106,2069;80,99477;75,72591;75,72591;71,29438;116,0287;243,7348;194,7621;374,1025;237,2903;274,5218;279,1529;431,0971;294,7278;271,5779;388,7709;329,338;284,4299;275,8016;192,9493;184,1425;169,3377;143,8458;366,6966;429,7163;327,7357;163,4213;339,2544;263,9133;368,8982;312,7764;184,1425;255,331;93,37096;344,0109;266,5935;87,43311;287,0696;165,6159;78,10292;383,319;279,1529;225,2054;312,7764;143,8458;391,9857;169,3377;237,2903;165,6159;368,8982;107,0553;230,4281;116,0287;350,2873;300,5486;339,2544;233,8436;338,763;87,43311;397,6582;183,4583;169,3377;192,9493;271,2314;186,8206;222,6658
"58";"1985-10-01";49,51345;37,86957;141,4388;31,20221;44,0493;41,85563;37,90189;67,01797;68,41962;44,47253;43,14535;42,09798;102,7645;35,40374;143,41;50,74298;43,018;29,13737;46,3545;49,20063;42,66209;45,1181;30,67155;48,79988;49,9716;35,75334;47,78014;32,33382;63,72429;44,40743;35,26774;106,3044;54,42273;77,65693;34,96562;28,00676;40,2401;33,33509;29,12045;29,06992;55,48615;33,74738;33,74738;39,73632;60,31825;184,79;137,2009;158,8161;150,4956;199,4391;185,1075;210,9844;169,4352;183,8247;174,424;146,7603;173,134;169,3268;127,1629;116,8222;86,92295;111,5626;181,5556;197,2392;197,6921;113,1924;172,4088;192,9759;211,9083;144,7239;116,8222;203,604;56,49067;167,1904;171,3759;48,22114;161,3301;109,6743;43,14535;182,6511;185,1075;158,5873;144,7239;111,5626;168,8753;86,92295;150,4956;109,6743;211,9083;67,99548;151,1052;60,31825;171,5737;197,642;172,4088;131,2778;169,3809;48,22114;241,5284;115,9285;86,92295;127,1629;150,5721;124,3713;132,2365
"59";"1985-11-01";17,82182;16,86494;48,7172;5,308887;9,28299;12,54569;34,33316;17,29807;14,15573;16,81685;10,88588;36,53915;37,4366;21,50528;66,12328;14,33739;8,326256;13,32077;10,63076;24,28155;15,64871;23,34673;14,871;8,631043;18,96763;10,4691;13,83175;43,86489;18,68085;12,66964;30,05877;19,35278;11,4062;13,20976;21,07405;18,12076;12,64446;19,12348;15,22571;20,06231;14,28057;13,17597;13,17597;13,9444;22,66372;85,41058;123,1314;60,50783;68,7897;35,95164;56,12871;106,2541;46,91137;58,27779;44,62376;55,02946;58,98769;58,48865;65,40603;45,64109;82,98385;32,53653;60,30506;87,84061;63,86981;72,77126;51,8644;63,03521;86,52641;49,07313;45,64109;96,42384;13,73905;69,47201;64,02217;13,68553;78,37839;79,56606;10,88588;55,49747;56,12871;60,70967;49,07313;32,53653;61,00158;82,98385;68,7897;79,56606;86,52641;20,12661;78,23999;22,66372;71,10626;73,56023;51,8644;64,3383;47,21488;13,68553;93,84976;45,15343;82,98385;65,40603;65,81174;36,13773;78,27522
"60";"1985-12-01";7,845751;5,320318;50,15023;0;6,156342;6,426069;9,134829;20,9716;11,71017;15,60126;15,73166;17,34788;31,70156;8,639644;61,11968;8,221168;0;9,302607;6,346914;8,908043;8,233992;7,103363;0;5,535586;7,910067;8,277169;14,32759;22,4687;19,07419;6,532073;8,478045;19,58981;8,43964;11,03487;7,324379;8,250718;5,363743;7,80025;8,861393;12,51192;10,12546;12,11;12,11;7,260109;11,73102;52,491;42,01647;81,28848;46,74168;43,61419;75,25715;95,27338;65,15067;63,61166;58,43027;50,62854;64,36592;73,03387;43,22522;54,94168;35,56567;16,35124;84,44091;93,27751;47,25962;30,52619;66,05687;55,22631;87,6542;48,54735;54,94168;55,73345;21,2977;63,95484;84,25038;19,50495;75,62953;32,00981;15,73166;69,03728;75,25715;65,36238;48,54735;16,35124;65,84258;35,56567;46,74168;32,00981;87,6542;10,72884;49,87189;11,73102;77,0938;80,4183;66,05687;57,85423;70,02637;19,50495;91,83958;39,59146;35,56567;43,22522;69,56583;38,91918;54,10862
"61";"1986-01-01";5,723603;0;15,54796;0,9760536;1,854972;5,650411;9,645157;8,298651;12,51037;8,565;6,514428;13,85461;12,51245;9,593338;18,12083;6,69835;4,400393;8,908821;2,006233;9,339897;6,211396;6,731882;6,200494;7,215876;8,425933;8,278185;8,245996;11,90564;7,96124;6,851439;13,48517;13,24377;9,273005;8,612242;8,320531;8,881678;2,504783;5,4186;6,681749;8,731014;7,468254;10,34541;10,34541;6,569687;7,708299;19,03041;13,43883;16,39203;16,42819;12,68193;21,41249;19,38676;27,58497;19,18775;14,83831;15,17516;16,83632;18,73919;14,04832;22,62809;13,36233;14,68856;28,88726;16,76285;28,59929;10,33153;16,0276;15,17509;14,2804;18,17398;22,62809;13,821;9,145254;17,53134;37,74917;8,333839;15,63973;10,85598;6,514428;26,21976;21,41249;30,02685;18,17398;14,68856;28,41459;13,36233;16,42819;10,85598;14,2804;7,406878;16,27451;7,708299;16,99972;14,50265;16,0276;19,06729;18,14894;8,333839;19,18325;14,09164;13,36233;14,04832;22,07293;19,08804;18,45891
"62";"1986-02-01";7,922878;6,138669;19,83199;0;5,319225;5,223518;8,748142;5,420066;17,83091;5,414048;0;20,42203;14,18694;7,003357;23,55238;8,061644;3,820741;7,96809;4,479043;8,942258;7,552964;6,918061;0;11,08664;7,315293;6,051947;7,446359;11,84734;7,987741;6,055802;10,69778;23,63575;10,5458;12,85042;7,133978;7,065984;4,985007;5,439802;6,556236;6,95323;8,883503;5,79735;5,79735;0;16,79715;30,45414;37,97785;37,54605;48,8534;31,25641;40,02808;47,18536;42,50151;32,29473;29,03826;31,80827;32,93787;36,10803;35,18196;21,72916;36,94293;23,65948;34,61537;47,25351;37,84947;25,93128;33,57711;39,83647;42,1076;31,7406;21,72916;27,17817;5,383142;30,10107;94,64399;0;29,87154;27,06554;0;36,67837;40,02808;25,20315;31,7406;23,65948;37,78885;36,94293;48,8534;27,06554;42,1076;12,88487;30,33593;16,79715;27,77232;40,15753;33,57711;23,22729;34,38591;0;59,33834;24,42771;36,94293;35,18196;28,87801;32,48385;36,05768
"63";"1986-03-01";0;0;17,59882;0;0;0;0;7,171814;5,159273;6,830675;5,056589;0;10,17664;0;24,38325;5,978071;0;8,045002;0;8,334013;6,241669;0;0;7,607953;7,754898;9,169017;9,024105;7,387437;8,479681;0;0;8,418436;0;5,095908;0;0;0;0;6,419749;6,577214;8,357498;5,963991;5,963991;7,381413;0;38,49071;31,76032;33,04962;35,43016;35,24072;47,90414;44,26784;26,09644;33,94639;30,97421;36,68867;32,67771;47,04123;26,47914;11,50071;27,86861;8,006733;35,18268;38,84061;34,81335;20,73439;41,73637;41,79773;41,33837;34,67615;11,50071;33,35839;5,718779;43,65505;34,95269;0;38,1903;19,55555;5,056589;23,7356;47,90414;24,96715;34,67615;8,006733;32,22428;27,86861;35,43016;19,55555;41,33837;0;30,96478;0;38,06911;44,54928;41,73637;24,79993;35,13425;0;92,51657;6,801514;27,86861;26,47914;28,65572;12,87076;27,20824
"64";"1986-04-01";76,89245;56,83704;92,20432;75,33372;71,49545;66,66765;99,45218;45,13278;68,12161;61,07337;54,51121;104,2323;86,39519;74,96238;94,33759;100,6196;81,67551;66,96873;78,52737;95,57371;133,2836;69,78426;88,2072;114,1788;94,10224;64,16254;63,87056;90,54285;59,48006;69,4333;74,56761;115,3749;59,15248;97,49073;77,58817;88,95229;74,59343;114,7662;67,73293;70,95445;111,3471;61,3001;61,3001;70,43494;73,30914;66,80595;59,29355;131,5711;56,60387;61,15717;122,3911;74,97453;135,3942;126,2409;53,41235;68,92828;126,1965;120,3714;51,43845;50,38252;64,12634;81,0013;63,41022;71,28415;72,14539;53,04022;59,78628;70,45531;69,41455;68,47272;50,38252;74,89833;39,09249;76,33079;199,566;38,49506;116,578;53,9022;54,51121;66,85371;122,3911;77,99818;68,47272;81,0013;69,34467;64,12634;56,60387;53,9022;69,41455;81,89941;70,11508;73,30914;88,91382;51,26439;59,78628;85,21812;114,7333;38,49506;58,08085;79,85757;64,12634;51,43845;71,94113;127,7371;58,04927
"65";"1986-05-01";114,6295;94,48234;182,6875;213,6647;157,2776;130,9413;114,4919;80,23772;170,4383;89,95555;87,94304;113,9949;182,4783;136,8004;194,4377;170,6144;198,2968;103,3228;147,8704;142,3955;154,3787;131,8219;134,5493;130,136;141,972;102,5863;92,61617;99,85166;88,19345;138,4098;113,5983;180,5833;162,1415;169,3452;125,5612;140,1507;165,2645;159,0263;92,64643;102,993;151,4593;86,6075;86,6075;111,9347;107,5104;169,583;182,3186;266,981;183,2201;137,093;204,6797;170,6792;202,7444;208,1653;162,9714;174,4676;228,6011;202,1732;167,4971;124,9348;193,8086;149,3343;214,5222;167,4932;192,3887;135,8792;193,2706;170,0302;170,7246;172,8676;124,9348;177,1041;64,66479;232,1414;207,3332;68,44738;208,0859;143,0944;87,94304;163,0631;204,6797;185,0844;172,8676;149,3343;190,4849;193,8086;183,2201;143,0944;170,7246;109,1851;148,7642;107,5104;223,6554;162,6823;193,2706;176,7624;217,6022;68,44738;192,7212;125,2958;193,8086;167,4971;165,2829;194,0967;182,0687
"66";"1986-06-01";100,3755;88,25938;319,5209;123,0595;109,9487;102,33;117,2713;121,0864;158,2362;100,924;86,08595;182,747;243,3024;107,5533;340,6658;118,4093;122,7016;99,64201;96,39014;134,8114;108,8956;84,97042;93,30634;86,94527;125,2427;106,3642;108,4886;181,6946;131,723;114,6245;109,8241;179,1127;125,3667;133,8211;97,09595;103,762;121,1738;87,3777;107,8363;118,5854;107,2372;87,32009;87,32009;118,6435;154,9953;419,6791;405,1648;383,1834;491,7548;344,9472;453,4566;501,308;340,29;394,3945;528,9167;381,9334;399,6768;424,2425;368,4163;232,9551;356,6021;197,4523;324,1265;474,7588;472,045;273,1227;368,0265;392,6132;459,1929;387,8399;232,9551;395,7154;100,3253;431,3431;369,4659;78,3912;412,1008;269,6168;86,08595;429,2556;453,4566;329,8628;387,8399;197,4523;363,1794;356,6021;491,7548;269,6168;459,1929;156,5993;334,4732;154,9953;444,4413;407,5266;368,0265;326,4653;416,5182;78,3912;440,6885;274,4196;356,6021;368,4163;337,9267;238,216;391,1187
"67";"1986-07-01";49,46149;38,83599;178,611;48,46891;49,13504;43,47726;58,42308;71,37843;76,76835;45,34584;43,29209;80,87357;137,7057;54,34755;192,8549;50,18503;55,383;38,17951;44,55348;59,21269;51,08858;55,35636;52,68675;32,70366;57,75265;30,98629;50,83293;107,8712;75,07057;49,02245;58,25543;103,0654;60,31367;66,81038;48,95164;52,67944;54,75688;50,93086;52,40813;62,04042;43,58189;40,11744;40,11744;37,48057;80,07433;205,3071;189,9384;293,0736;134,4912;250,2763;314,4956;367,2741;238,8049;273,1438;402,1076;272,8457;291,8216;306,2206;175,2284;139,0024;178,357;112,9685;307,7441;378,6288;288,2174;184,4895;279,385;332,1532;354,3514;254,9747;139,0024;226,6925;58,48755;202,1516;258,5104;51,66097;248,5225;178,3551;43,29209;283,2597;314,4956;199,5756;254,9747;112,9685;286,3762;178,357;134,4912;178,3551;354,3514;78,78001;332,4485;80,07433;240,4832;337,1329;279,385;182,2278;327,0483;51,66097;377,1185;144,1707;178,357;175,2284;171,7788;140,4693;159,6091
"68";"1986-08-01";41,75198;34,16375;117,6605;55,4646;54,51434;47,97155;43,91779;54,07915;65,43281;42,15019;40,50787;67,75626;104,024;48,33103;125,5908;67,57052;49,57877;48,96841;49,86056;83,51141;64,63271;45,92541;32,20359;52,13782;78,18936;53,15465;56,33957;84,39907;60,9189;48,91368;48,67197;67,56835;53,88288;55,59835;42,1414;49,55088;62,08969;44,98145;66,17154;68,74657;72,4124;33,47064;33,47064;63,85161;55,54757;159,8798;151,2554;224,2153;142,0669;185,1488;189,8175;300,7711;158,5979;205,424;303,5748;168,5807;208,9348;173,9871;143,5041;120,8187;127,64;93,76634;228,8674;314,9099;201,7805;106,2559;209,5153;199,0307;289,8802;170,7721;120,8187;153,091;51,44872;192,4927;142,8594;46,95977;199,0473;104,1928;40,50787;220,6763;189,8175;132,5538;170,7721;93,76634;246,2038;127,64;142,0669;104,1928;289,8802;56,15617;212,422;55,54757;214,9682;288,6071;209,5153;123,9283;223,6924;46,95977;262,3082;121,8865;127,64;143,5041;154,2578;88,98194;169,0007
"69";"1986-09-01";91,60767;85,5119;244,307;65,64729;63,67318;64,39812;86,69733;77,50697;98,84961;66,94872;66,08105;162,8892;135,5521;106,8379;269,2585;77,75816;73,72165;84,58365;59,24683;106,7109;90,99803;56,53185;59,49308;60,61391;94,87605;82,3282;72,99725;134,6213;75,92577;76,18512;107,1421;130,5851;82,24528;84,1368;81,1736;82,63832;72,53985;68,7866;95,01649;106,6233;88,35919;66,50726;66,50726;87,86476;113,336;406,7387;379,6379;441,3926;352,0643;344,1129;366,0873;537,1682;292,4217;281,2919;465,7462;316,0124;297,1042;367,7806;268,5788;191,643;314,4697;142,4572;397,1029;601,4988;296,0708;309,8456;381,38;444,2637;537,2759;295,912;191,643;395,6603;83,11764;387,4843;292,2218;79,07169;314,9321;316,6527;66,08105;405,9883;366,0873;254,8098;295,912;142,4572;418,3029;314,4697;352,0643;316,6527;537,2759;100,2634;395,5504;113,336;420,0476;480,6877;381,38;258,1228;392,0504;79,07169;626,6953;239,0225;314,4697;268,5788;280,0746;152,8362;269,126
"70";"1986-10-01";25,65822;18,93662;78,41529;13,51116;27,77043;33,10009;28,92059;56,62893;40,36703;45,75268;52,1108;46,47385;64,29941;26,63838;80,12434;28,87942;24,13954;34,50797;30,01464;45,4351;34,48992;38,18817;34,23302;27,48581;45,41108;39,32928;41,41911;69,76222;47,99484;26,42897;18,61228;47,21025;34,02994;39,40169;29,59125;34,65201;26,67394;40,49649;58,1199;61,74945;38,0161;48,41724;48,41724;42,69913;46,82578;178,283;147,6789;126,6341;166,0409;166,0247;116,082;201,3105;116,0973;124,0673;201,6013;124,5982;115,0275;105,2567;143,074;127,0821;103,568;50,75619;133,3539;173,2311;107,9859;120,7734;136,8036;151,1852;186,8789;115,6828;127,0821;169,8816;56,89923;136,9339;95,38206;53,54228;137,8018;121,0753;52,1108;133,0653;116,082;113,028;115,6828;50,75619;114,2177;103,568;166,0409;121,0753;186,8789;48,93829;132,8387;46,82578;118,0592;157,6416;136,8036;73,17335;151,5773;53,54228;234,7936;84,73138;103,568;143,074;121,3916;81,38504;114,8851
"71";"1986-11-01";22,88052;14,45583;102,7815;7,144176;15,85449;17,3428;25,80446;34,37803;23,84262;34,13424;30,13206;72,63594;66,13538;30,3365;134,534;29,68715;15,95136;26,24781;16,98393;32,04566;30,14826;15,67244;12,67639;16,94399;23,31697;18,45274;26,93999;62,87062;35,67795;19,33914;38,96776;39,56486;18,4073;25,21738;21,83542;24,63854;23,58625;20,80883;21,61731;31,9417;26,02675;29,66639;29,66639;17,96276;40,71919;140,2084;143,4539;97,94504;135,1682;79,28191;100,3278;227,1477;90,42447;110,4921;150,8396;100,4135;119,0404;112,3488;133,1944;123,4941;141,1992;40,95858;125,9474;249,1078;80,4567;115,0725;114,8249;116,9296;186,8283;89,27654;123,4941;147,5987;43,50964;128,8626;160,4888;48,65025;131,1251;120,1874;30,13206;239,1815;100,3278;158,548;89,27654;40,95858;126,1022;141,1992;135,1682;120,1874;186,8283;31,2966;189,9603;40,71919;138,8757;125,014;114,8249;131,649;117,9712;48,65025;165,7028;72,31679;141,1992;133,1944;168,3634;59,50011;172,7452
"72";"1986-12-01";16,48382;11,17078;44,92195;3,709757;16,27747;15,3092;18,10027;23,26902;22,38107;18,42812;17,71485;28,63671;41,00042;18,94006;55,3396;20,28808;8,547603;22,04551;16,52129;26,40036;24,35462;17,81486;9,539059;13,86121;21,43652;21,6873;18,72863;24,44745;22,32816;14,09538;20,32157;41,79191;17,3568;25,62786;17,68785;19,64345;14,57794;21,56218;15,74519;19,86796;25,56566;17,07411;17,07411;15,91303;21,92357;61,85897;67,84914;82,60622;82,07947;46,18121;70,80212;66,36351;77,4132;69,61456;49,71776;61,57556;70,50244;64,81069;76,63055;70,42989;64,80278;28,052;83,48391;65,26326;57,77105;48,07371;53,91888;55,97618;61,38186;59,50763;70,42989;65,7159;23,52607;70,58815;103,9871;18,99737;73,13794;52,61471;17,71485;58,02928;70,80212;58,95537;59,50763;28,052;66,76237;64,80278;82,07947;52,61471;61,38186;19,95896;57,75652;21,92357;79,63859;59,48825;53,91888;53,15367;65,50827;18,99737;68,26276;38,79469;64,80278;76,63055;72,61406;52,37869;89,9448
"73";"1987-01-01";6,114029;0;13,69119;0;0;0;6,997974;8,068388;7,203957;7,677244;7,214973;16,27436;14,18278;6,59718;17,14185;5,542783;0;8,176895;0;11,25358;6,483582;5,988419;0;6,862569;9,99848;8,260286;6,848923;14,55252;7,300013;0;7,91452;11,55312;5,658466;6,62236;6,546021;6,955281;0;5,808096;8,009537;10,0295;7,652474;10,13844;10,13844;6,785081;9,122718;44,48466;33,94539;35,52097;35,76335;21,19186;27,42294;33,15209;23,87514;32,2311;23,03263;14,70248;34,76421;27,98488;24,23773;17,14978;33,45924;13,14326;30,65917;43,23266;25,52971;28,67198;26,52022;40,15117;38,60519;16,80111;17,14978;47,73898;7,72835;32,97295;44,63647;7,86168;32,63115;27,65181;7,214973;26,15305;27,42294;22,8829;16,80111;13,14326;27,60038;33,45924;35,76335;27,65181;38,60519;8,331748;20,8897;9,122718;25,93676;28,01742;26,52022;16,22684;30,11297;7,86168;35,08171;11,43188;33,45924;24,23773;22,44698;16,14148;27,51387
"74";"1987-02-01";5,339981;3,36523;20,85536;0,9030064;3,808911;3,817578;5,461605;5,642344;10,68981;5,628034;4,321974;13,87453;14,60523;5,697267;25,87733;6,504095;2,75535;8,349421;3,651034;9,443079;7,344518;6,156225;3,305207;10,24371;7,591116;6,646029;7,225425;12,76862;7,981617;4,168732;7,806777;15,16465;6,661208;8,138619;5,497678;4,991887;3,882519;5,027888;6,11104;6,436763;8,651911;6,636479;6,636479;4,998645;9,751175;29,97048;41,25037;39,99397;52,03308;27,08037;40,69702;37,76478;33,53117;33,11546;22,972;26,52259;35,51324;38,05891;30,59532;15,82566;33,35486;12,81758;31,85381;47,73324;28,20639;22,52937;32,457;39,3504;43,53814;23,77666;15,82566;31,95425;4,941573;31,08357;81,57912;4,615175;32,37733;23,26466;4,321974;25,01798;40,69702;26,96217;23,77666;12,81758;29,27205;33,35486;52,03308;23,26466;43,53814;7,787323;31,67731;9,751175;30,47668;35,2274;32,457;25,19699;37,70218;4,615175;58,1935;19,30013;33,35486;30,59532;29,87015;21,86089;32,02046
"75";"1987-03-01";7,664331;8,992769;40,16058;8,474798;8,465482;10,32179;8,336805;18,06904;11,5788;20,22202;17,48533;14,33672;28,14787;5,2615;48,71586;11,55605;9,301997;29,9207;7,759038;14,71344;12,04487;11,16922;7,478649;15,0074;13,64614;28,58175;25,74521;32,43399;22,89711;9,82962;6,818079;16,30725;10,43678;10,65111;5,52602;7,906114;8,675653;8,89848;22,39812;23,0187;15,81575;24,57207;24,57207;23,03689;14,11907;70,69394;66,40717;60,82236;79,21902;63,09492;77,11911;56,25402;40,69549;59,26487;58,11271;64,49236;59,47446;79,68551;49,18279;28,47245;51,07127;18,29804;46,83344;46,92525;60,45832;44,45603;63,31178;59,46725;45,84127;59,07746;28,47245;59,77379;14,82732;73,21661;53,5596;16,22107;60,19368;42,61478;17,48533;43,47607;77,11911;49,77809;59,07746;18,29804;43,91749;51,07127;79,21902;42,61478;45,84127;12,09699;44,91357;14,11907;65,31694;46,83675;63,31178;51,79354;66,50272;16,22107;94,58258;13,85809;51,07127;49,18279;69,0405;23,39739;66,82409
"76";"1987-04-01";25,75431;17,04919;49,34692;25,85756;29,66456;25,20018;26,65947;27,4937;28,92949;30,81594;26,79138;30,42674;52,08053;26,8928;58,59517;38,75249;24,4246;35,74609;32,23666;49,22098;43,52267;32,29077;33,05189;32,47009;50,65485;36,98666;29,66531;51,47725;31,98902;25,5024;28,78019;39,50653;24,18311;29,95211;31,06329;37,80972;32,25052;35,95937;35,69593;37,096;36,01991;27,9128;27,9128;37,91721;25,90684;46,02462;51,53968;84,64082;71,62693;43,50585;78,51189;53,6377;72,27731;76,01079;35,59246;54,79044;79,21342;82,9017;62,7265;54,32085;69,174;35,54828;38,76534;53,34011;39,01512;36,04698;48,20255;49,71425;51,15913;50,25076;54,32085;55,90871;24,28169;78,00413;91,39338;17,94236;70,21121;38,56509;26,79138;38,47655;78,51189;60,49803;50,25076;35,54828;41,65553;69,174;71,62693;38,56509;51,15913;28,55715;47,41158;25,90684;85,71889;42,94924;48,20255;55,93787;77,23949;17,94236;47,86629;30,17147;69,174;62,7265;62,93529;43,02523;67,90968
"77";"1987-05-01";81,97925;67,04056;107,6456;109,2835;87,18889;78,76569;86,68892;55,16914;88,88609;66,07858;61,02454;72,04003;112,9639;85,73969;108,5338;85,06837;94,96507;72,03818;86,62942;80,95114;86,78059;76,85954;92,32609;70,5787;79,14646;73,12523;65,52229;102,1764;57,34908;82,4463;79,62231;86,13601;85,63612;78,85378;82,3122;90,1434;93,22078;92,18798;86,09236;95,49904;91,91062;67,71445;67,71445;89,99028;73,66636;100,1418;97,33126;132,8971;95,69624;95,55116;104,8614;115,0791;118,4664;92,59011;96,39299;112,7945;99,65412;103,1626;81,7853;74,59892;80,92546;75,6444;136,0916;112,8905;104,9512;76,21679;117,755;122,2837;111,114;109,6103;74,59892;100,6361;44,38132;111,0478;102,133;44,40057;112,2157;75,0298;61,02454;106,2573;104,8614;96,67712;109,6103;75,6444;119,5042;80,92546;95,69624;75,0298;111,114;71,41187;102,6633;73,66636;118,0548;122,9589;117,755;97,87975;111,0545;44,40057;145,1241;79,36153;80,92546;81,7853;93,33031;97,83135;100,6349
"78";"1987-06-01";124,6653;93,16518;267,0186;130,4254;128,325;126,0647;126,633;127,3673;155,3098;116,5956;109,5145;190,5083;210,987;149,0629;273,7386;122,5475;136,3373;125,0984;120,0584;198,1312;125,7344;169,2448;132,7133;97,62786;188,0522;118,8707;117,3928;228,7219;137,6985;126,1994;142,3616;192,8978;129,3685;140,4286;139,1862;141,0389;140,2289;141,1478;147,2047;167,7253;116,2742;115,073;115,073;159,328;158,2465;349,2232;322,921;316,4283;369,8595;326,2863;424,9398;464,5821;350,976;339,9373;411,0151;336,2681;341,7344;393,7179;294,9768;192,7996;285,4767;192,0877;319,5219;487,0922;472,3656;226,2183;388,1222;435,743;484,9311;346,9116;192,7996;332,7452;108,3056;360,334;344,8704;103,5146;355,8038;229,1413;109,5145;385,4764;424,9398;250,4945;346,9116;192,0877;366,9583;285,4767;369,8595;229,1413;484,9311;159,6933;358,4289;158,2465;380,7914;441,4018;388,1222;265,8506;339,6762;103,5146;506,065;261,5646;285,4767;294,9768;281,3841;247,8097;311,7155
"79";"1987-07-01";56,46798;37,24693;239,0998;50,09211;53,67801;51,99716;51,38899;77,52552;78,5823;48,52135;42,38812;87,71957;203,0145;60,59221;260,7959;59,99865;58,77915;50,38907;47,14899;87,18764;63,54008;64,97934;61,66862;39,25034;89,28099;39,25172;68,17191;145,7009;107,6399;56,37702;65,63741;96,60213;60,12424;72,88789;60,64659;62,74623;59,88478;58,34067;69,3955;87,70127;52,75306;43,0971;43,0971;69,23415;83,93459;238,9343;225,5743;343,7695;196,835;265,4953;381,8428;427,2628;272,0779;329,2812;534,4384;275,1013;331,8382;348,866;202,5541;195,5097;167,6571;123,762;321,7545;423,0333;313,9582;239,8246;284,649;315,3042;371,7224;270,3593;195,5097;312,0044;70,96762;282,3873;340,0003;51,33847;335,5034;230,5903;42,38812;373,7487;381,8428;266,1323;270,3593;123,762;315,7745;167,6571;196,835;230,5903;371,7224;83,17398;257,6702;83,93459;327,4813;329,1964;284,649;250,4579;390,8142;51,33847;347,0981;206,6704;167,6571;202,5541;279,2321;136,6889;250,6253
"80";"1987-08-01";31,72276;18,98909;112,2988;32,98064;34,44944;34,52038;14,31792;40,07736;53,28155;24,80415;24,15364;59,8621;78,05987;40,23673;123,601;41,95329;32,07926;25,40064;28,68996;54,99157;38,41716;28,98791;17,91857;30,58042;54,58392;27,29389;28,74871;75,73453;38,25204;33,96563;38,27435;73,91288;42,50278;40,39018;30,57396;32,48985;36,20074;39,05246;51,39001;57,05571;42,87117;30,20805;30,20805;37,91867;47,71526;104,2159;93,82394;138,2964;118,3787;257,8809;197,5742;286,9865;185,1624;137,7469;307,4077;223,2783;130,8393;176,1867;60,56701;78,54865;58,44498;76,05535;222,9566;277,6354;260,3193;52,69112;310,8628;195,2286;257,2106;227,5051;78,54865;133,5554;35,6349;139,4089;147,2849;34,66581;141,8463;52,61896;24,15364;179,8433;197,5742;93,24319;227,5051;76,05535;242,6357;58,44498;118,3787;52,61896;257,2106;51,21219;168,7753;47,71526;150,5566;271,9829;310,8628;119,1718;188,5916;34,66581;299,4489;112,6172;58,44498;60,56701;105,7298;109,5706;83,38116
"81";"1987-09-01";79,53496;63,50087;185,4464;51,99252;62,168;75,71691;106,9488;80,79519;69,26624;63,35324;56,555;102,087;173,3559;90,64518;211,2653;70,61293;71,26706;70,29371;59,74998;94,37524;76,11004;88,52206;74,67502;43,48124;84,66414;70,72364;78,69889;114,6521;91,22417;60,17805;87,69531;104,947;57,94031;82,9794;87,18564;100,3594;69,31593;89,96269;65,85191;78,64388;73,30101;46,7536;46,7536;68,15438;92,7875;185,3526;185,7089;387,1123;210,2978;327,1794;345,6422;466,8633;319,5491;336,868;398,506;312,3034;348,3654;340,3997;182,3982;177,921;153,2219;138,505;345,7063;469,1596;296,5108;98,17933;302,9368;336,2454;393,3267;300,8038;177,921;274,0185;70,21399;246,477;287,1807;53,76075;318,3944;95,97289;56,555;343,433;345,6422;239,2992;300,8038;138,505;369,3722;153,2219;210,2978;95,97289;393,3267;86,91045;307,9109;92,7875;278,1713;374,6603;302,9368;198,2953;353,6579;53,76075;446,1185;189,0972;153,2219;182,3982;248,1893;165,1984;226,3594
"82";"1987-10-01";15,84201;9,526017;44,84632;6,864979;11,01064;12,37034;9,121088;23,19393;21,26826;16,55928;16,70182;16,1157;35,62854;12,78972;47,53496;12,20282;9,825653;11,56054;11,8548;11,50873;11,82287;9,028372;7,662746;11,09411;11,51345;12,54407;17,73598;17,29499;23,47832;13,28135;9,954927;25,44905;16,43853;19,19909;10,77435;11,16459;9,656301;9,784243;15,34123;16,71499;14,75342;15,61792;15,61792;12,15294;17,19369;47,4236;44,77708;54,07012;59,36217;98,77155;78,76998;110,5958;47,19071;79,72442;80,62933;84,38919;73,90837;70,33244;52,56057;41,1293;33,28117;27,37755;106,0601;74,64738;71,37996;49,27458;93,93235;90,32301;83,3157;79,00082;41,1293;50,34137;23,27407;47,52788;68,81847;19,79897;52,29143;46,29453;16,70182;79,03731;78,76998;43,6337;79,00082;27,37755;94,42146;33,28117;59,36217;46,29453;83,3157;22,19018;66,29843;17,19369;50,20423;88,68314;93,93235;42,91792;74,77824;19,79897;112,5427;38,55475;33,28117;52,56057;45,88204;33,70643;57,81767
"83";"1987-11-01";13,69521;10,46882;42,74527;0;7,160342;7,723438;12,26786;15,81995;22,15862;15,72768;13,14254;33,60857;33,46228;12,53258;55,40086;13,29228;10,05289;14,66454;7,572158;22,24692;15,59379;9,596663;6,605552;9,915404;16,1081;12,01278;13,77569;27,18252;17,49792;8,583053;21,98326;31,22317;16,29738;16,37067;10,85074;15,46;10,57563;11,0352;12,90795;16,40248;15,78481;13,18073;13,18073;12,84444;23,8026;66,33477;52,69937;35,78963;51,08869;45,72755;64,11344;89,66484;73,37476;63,24593;61,64418;58,04831;59,21308;63,04625;47,47444;42,80209;41,73512;32,73121;81,44263;87,34425;52,79814;54,10352;65,89665;60,6515;81,75339;54,64724;42,80209;63,79795;14,25517;55,37076;81,55347;16,62628;63,58412;60,40707;13,14254;104,4399;64,11344;57,96089;54,64724;32,73121;83,04087;41,73512;51,08869;60,40707;81,75339;19,33931;71,93014;23,8026;83,01078;67,96276;65,89665;50,74134;58,46043;16,62628;88,79437;52,63499;41,73512;47,47444;56,43204;51,58972;58,07834
"84";"1987-12-01";10,95472;6,549533;41,02452;1,943071;8,125767;7,623251;9,208715;17,98708;14,45194;16,60574;15,42286;22,48559;31,07324;11,75037;47,66756;9,455764;5,006409;17,68313;8,127576;17,85694;13,69819;9,46406;3,116689;8,120728;15,01112;17,25681;15,22489;21,63741;17,80598;9,085825;13,54014;24,41711;11,17939;16,77467;9,932774;8,689569;6,90098;9,136865;12,66349;15,35983;15,47063;18,04565;18,04565;11,49335;13,35381;53,56166;70,73442;41,65974;67,92293;32,09797;41,18554;59,99467;51,1223;37,72752;55,82775;36,2798;40,08669;40,05882;57,25578;49,3994;57,47062;15,41352;78,77177;49,78735;34,35921;61,37311;48,78437;40,18919;47,78256;33,20264;49,3994;58,78907;17,52859;64,02066;81,80165;18,24613;49,91854;67,6249;15,42286;71,57376;41,18554;42,04057;33,20264;15,41352;55,22374;57,47062;67,92293;67,6249;47,78256;11,42999;36,44288;13,35381;60,44461;40,31579;48,78437;43,99782;35,2744;18,24613;48,74577;45,40962;57,47062;57,25578;45,44221;36,53423;69,17511
"85";"1988-01-01";12,57723;13,84196;38,82562;0;8,257963;10,77865;20,39813;10,72996;16,48445;8,479836;5,848351;33,48381;28,18788;17,41278;49,89405;12,58946;7,515095;9,421568;9,498198;18,85489;13,51145;11,33757;13,25395;15,61088;16,28119;9,564177;10,4526;18,1138;11,65264;11,14649;22,1986;22,75983;12,86933;14,76068;17,05109;16,98697;10,19873;11,66057;8,354103;10,48653;15,53597;13,2114;13,2114;7,677818;16,18763;59,06175;74,38462;57,117;76,37098;41,90248;45,26789;64,72671;53,06012;45,30046;52,39609;47,01535;45,28494;45,01524;66,85546;41,8029;68,08243;25,67446;58,68676;43,83677;50,80009;42,751;52,31335;52,11892;38,78034;44,82962;41,8029;62,98016;8,19754;70,47198;74,6812;8,404593;44,69833;47,50149;5,848351;51,1227;45,26789;57,35098;44,82962;25,67446;51,90704;68,08243;76,37098;47,50149;38,78034;14,574;50,44205;16,18763;66,42468;51,13219;52,31335;50,29542;46,63813;8,404593;65,46102;34,53902;68,08243;66,85546;49,80668;35,69374;90,83417
"86";"1988-02-01";0;0;28,97045;0,8545071;0;0;0;7,801421;9,293662;6,850315;5,409515;10,82043;19,52068;0;36,07918;6,344756;0;8,649179;0;8,092772;6,685097;5,799662;0;9,27074;6,710543;6,321697;9,204924;16,86247;11,14301;0;5,557647;14,60811;5,482457;7,301025;5,142256;5,2767;0;0;9,237381;10,41756;7,649693;7,941222;7,941222;0;7,72373;40,10414;50,46968;43,74865;66,71453;31,20083;47,08363;51,60456;35,22974;42,37599;38,57401;31,35457;41,06866;41,49897;60,63136;38,65234;61,53894;12,96475;33,0397;54,75728;31,2702;29,062;33,80239;41,19774;48,24233;29,81705;38,65234;32,87828;8,124212;44,7352;99,96765;6,821801;38,90041;30,74472;5,409515;35,91913;47,08363;39,16385;29,81705;12,96475;33,11498;61,53894;66,71453;30,74472;48,24233;6,476089;30,80294;7,72373;40,39247;43,69502;33,80239;36,3591;39,51692;6,821801;63,60792;18,01169;61,53894;60,63136;44,46436;20,86929;63,11634
"87";"1988-03-01";4,595342;4,602839;36,91399;5,790032;5,864682;6,934347;4,657489;14,41134;9,454659;15,30936;12,16152;8,124192;23,05925;4,054034;48,83147;10,43584;7,234716;19,10343;4,924136;14,68825;10,28856;7,262346;3,358886;14,24504;14,28603;17,71797;19,4808;20,717;18,52315;6,542171;4,527081;14,16793;7,735082;9,315573;4,453739;4,533534;5,914175;5,28931;14,76742;15,36205;15,13872;14,63327;14,63327;14,85397;7,787129;103,4315;115,0241;69,01857;120,6931;55,20692;74,89545;69,6832;40,56386;60,59769;65,35165;55,32169;65,65158;78,86304;89,27843;33,37183;100,7742;13,65765;51,72544;68,73545;51,48253;89,01785;61,45239;67,77859;68,76392;49,88821;33,37183;77,20226;14,02866;97,61134;62,95996;11,88893;69,27205;88,30251;12,16152;40,97407;74,89545;50,18318;49,88821;13,65765;46,02528;100,7742;120,6931;88,30251;68,76392;7,182869;56,39205;7,787129;79,74001;60,11272;61,45239;53,41532;66,28926;11,88893;118,2393;14,17585;100,7742;89,27843;72,46945;22,79168;86,50101
"88";"1988-04-01";10,21114;10,45055;44,89709;19,00766;19,1994;14,14733;19,50301;30,35553;17,24165;28,39697;30,18164;22,65633;39,92326;15,453;52,24809;24,46294;17,73223;32,73135;21,66957;30,98852;27,76364;10,13673;13,73417;25,83316;30,10636;31,77467;35,63873;43,79202;38,39803;16,30474;11,28758;36,39539;13,79529;22,23001;13,43898;16,30088;21,33761;23,28081;36,16098;39,07644;27,25989;35,99575;35,99575;27,53103;13,71548;45,18749;53,11327;87,63324;75,06625;56,75013;99,7245;68,95614;73,14785;78,17183;48,57087;69,33533;81,19522;107,6239;71,863;65,85784;55,67449;23,5672;39,81937;66,51142;34,4949;26,39243;56,97863;62,60633;64,46245;62,1692;65,85784;51,17726;22,44282;66,67052;134,3936;31,46119;69,00204;28,89184;30,18164;35,39284;99,7245;59,22692;62,1692;23,5672;42,30598;55,67449;75,06625;28,89184;64,46245;15,24228;53,27214;13,71548;68,27467;49,44576;56,97863;55,00097;96,65298;31,46119;58,42878;22,06406;55,67449;71,863;66,20955;48,22683;80,68721
"89";"1988-05-01";55,59023;45,55426;73,37543;56,26809;42,87749;41,99225;52,06816;35,30238;50,64746;45,5429;46,71318;51,65932;60,03574;53,89849;77,6981;55,85966;49,23056;48,30623;37,63412;47,0822;47,32642;35,24199;43,5474;44,64216;47,25489;49,81278;37,04268;50,66319;35,12318;43,30163;52,37788;48,67181;47,01855;44,49674;50,39125;38,65841;44,53676;42,88073;53,37228;56,37943;58,06409;49,06709;49,06709;64,62706;53,92392;55,959;59,6541;90,26778;66,41674;46,67268;69,67139;73,77129;69,59385;77,69493;86,51854;52,4435;76,74878;56,23283;61,53242;49,99758;57,94543;57,84653;75,87087;86,51647;59,93599;47,17491;58,39314;72,01305;74,57071;61,50236;49,99758;59,66293;33,18864;76,81707;71,89942;30,55513;77,31367;45,84594;46,71318;74,80026;69,67139;63,78985;61,50236;57,84653;78,31384;57,94543;66,41674;45,84594;74,57071;53,42264;63,25875;53,92392;75,244;63,6822;58,39314;70,87444;69,57346;30,55513;84,28661;57,9237;57,94543;61,53242;69,15598;55,02946;57,58524
"90";"1988-06-01";103,0368;112,7375;189,0373;102,3799;96,18976;94,88692;187,9757;87,20625;140,2833;68,00694;66,3009;162,0768;147,8144;107,9006;195,8728;105,093;98,45854;75,47958;88,97829;129,8593;109,7584;117,027;125,7614;66,5873;125,0879;76,62115;78,98943;127,4022;90,17777;90,35516;143,3647;149,6244;113,1287;106,0489;98,17089;111,4555;106,7916;111,377;82,88287;92,06271;93,11345;58,5765;58,5765;79,6553;135,2183;283,3526;294,0838;235,3974;334,9214;245,1824;319,951;366,4898;266,3276;225,2742;396,5042;281,7948;215,7637;284,661;252,304;164,0251;265,3432;175,2525;255,627;470,3931;409,0298;175,7915;247,4279;329,6746;448,3828;297,3464;164,0251;273,0534;83,3864;265,9972;274,5589;60,42711;220,2588;179,1514;66,3009;318,6568;319,951;190,9006;297,3464;175,2525;299,6857;265,3432;334,9214;179,1514;448,3828;128,6601;308,843;135,2183;249,3422;338,7027;247,4279;194,9901;257,8682;60,42711;375,4542;215,255;265,3432;252,304;200,9915;204,8857;231,7885
"91";"1988-07-01";79,19736;60,37478;167,9357;69,87876;76,97637;71,73112;89,00452;68,90762;91,08544;51,33745;46,50848;125,4258;134,1873;79,65804;171,0723;89,1559;81,48071;63,98154;69,31506;103,0905;92,69702;81,1517;69,83867;52,47544;100,304;53,25928;52,03994;147,6799;68,50615;80,93156;94,62682;129,7333;76,85748;90,45363;74,06534;80,56664;86,96857;86,27735;76,16154;84,66348;72,44334;45,34018;45,34018;65,27441;97,05917;128,1306;116,3508;225,1754;123,0859;193,8769;241,1712;339,4171;231,8769;188,0947;389,2867;207,5754;186,4615;217,7492;152,3732;155,0896;140,7619;128,1383;267,3652;320,0519;285,1283;89,27724;219,0305;240,4693;282,68;210,6154;155,0896;156,7205;59,67903;185,9756;233,7919;50,81013;188,8266;88,68784;46,50848;303,7614;241,1712;175,6285;210,6154;128,1383;275,8503;140,7619;123,0859;88,68784;282,68;95,57793;224,4105;97,05917;164,858;236,1782;219,0305;165,8394;224,6675;50,81013;261,4354;252,1613;140,7619;152,3732;181,6207;158,0953;146,5984
"92";"1988-08-01";203,5637;152,9874;273,3925;155,6529;172,5656;171,9554;197,7296;136,3592;225,9767;134,8892;105,7396;288,7355;231,5064;206,0644;279,5733;179,2765;172,3075;128,5639;167,4229;214,2458;182,7138;155,0439;140,2447;141,77;196,8063;127,1379;150,8725;206,4449;148,2815;170,7694;216,9638;246,0384;193,6548;194,8079;165,0927;189,1406;186,5388;165,6049;142,084;154,4721;197,1186;112,6605;112,6605;120,2991;269,9398;323,7347;311,6705;379,9085;323,4919;442,8049;437,5484;696,6985;457,6527;388,8939;670,8841;449,272;411,8131;423,6829;286,2679;223,1432;238,9544;308,0466;539,2789;698,8076;554,574;242,1907;502,0101;476,0127;660,9039;449,4723;223,1432;321,2965;114,2131;361,7406;401,1722;104,4244;386,8166;241,4956;105,7396;652,1555;437,5484;275,9982;449,4723;308,0466;574,9178;238,9544;323,4919;241,4956;660,9039;245,0526;417,1786;269,9398;411,2594;627,6395;502,0101;271,6799;459,053;104,4244;613,5692;404,5186;238,9544;286,2679;304,8693;303,5687;371,9761
"93";"1988-09-01";129,652;115,1909;223,3906;107,8006;111,3004;113,1358;164,4029;117,1488;145,9962;104,6572;98,14639;204,5501;183,9621;158,1503;230,9064;112,6775;109,8951;108,5021;108,319;178,0486;130,7278;130,6546;107,2837;71,5054;166,4759;91,61199;104,3116;189,9425;119,8544;114,5055;153,8455;158,9237;125,5362;119,5546;132,9661;144,874;127,466;136,9567;103,7802;123,6602;101,1786;110,6027;110,6027;117,8296;168,6217;234,8854;239,9347;375,2635;252,4128;433,5373;337,7017;555,3726;319,6974;317,4222;592,5026;378,6353;333,6827;339,4237;266,8;212,7485;205,6499;183,9343;403,4275;620,5194;339,9135;190,3045;452,6104;418,4705;527,1556;355,9091;212,7485;278,6042;111,4248;236,3765;288,7485;104,001;276,6523;192,0777;98,14639;506,5646;337,7017;222,0051;355,9091;183,9343;427,926;205,6499;252,4128;192,0777;527,1556;146,3087;335,258;168,6217;258,7777;460,5955;452,6104;222,8136;381,9835;104,001;544,6047;366,3149;205,6499;266,8;248,9717;205,5688;304,2025
"94";"1988-10-01";24,54787;18,40594;90,93162;13,07938;22,00758;22,22795;14,70247;45,81728;30,98922;36,59769;41,36757;28,27464;72,72446;19,70316;96,27898;23,19902;15,3975;31,59696;23,37606;37,40751;26,67545;24,08496;12,27693;23,13339;38,55331;36,85254;47,5337;47,26915;44,71536;18,42183;19,5324;40,52742;24,19994;26,45111;21,10244;21,52868;21,49966;22,239;37,54153;39,35731;40,91999;41,64991;41,64991;34,1218;27,76076;118,306;125,0651;129,8184;140,5504;177,6747;165,0784;240,735;80,37975;122,3465;164,0995;133,3072;118,0136;158,688;104,5843;85,74959;82,98735;55,97953;148,6093;217,0773;92,45827;94,02888;178,16;196,8798;229,6189;121,5716;85,74959;110,497;48,21598;119,4054;106,4727;47,68691;119,6798;99,46335;41,36757;125,1928;165,0784;72,70808;121,5716;55,97953;128,231;82,98735;140,5504;99,46335;229,6189;29,75377;116,1001;27,76076;149,8016;216,3141;178,16;89,28198;168,8274;47,68691;218,744;78,10481;82,98735;104,5843;84,73905;57,87374;128,7116
"95";"1988-11-01";9,941335;6,965235;33,09445;0;5,977126;6,548584;14,35049;11,7977;13,48979;10,57083;8,08229;30,38;25,47367;10,85886;43,18842;11,57806;7,210987;9,011185;6,261349;15,6395;11,56619;8,840555;5,948374;7,041503;11,8832;7,109531;9,463148;23,15381;12,82124;7,33382;14,05581;22,4585;10,07195;11,936;9,526566;10,77341;8,526897;9,251741;8,839415;11,59239;11,14439;9,339275;9,339275;7,936442;14,99551;22,86731;24,33936;22,56998;28,05064;30,46322;38,96753;61,84799;54,08201;38,66446;49,45057;40,03988;31,3529;33,51649;26,9048;45,58988;28,68427;22,54224;56,83414;61,97947;46,85782;25,03857;36,26323;36,90274;54,81352;38,66267;45,58988;31,5742;11,33745;34,67171;61,44717;11,13221;32,74252;27,20907;8,08229;84,53667;38,96753;46,20818;38,66267;22,54224;59,579;28,68427;28,05064;27,20907;54,81352;13,68205;48,77358;14,99551;37,22214;43,92;36,26323;39,90151;29,05316;11,13221;56,46093;64,5531;28,68427;26,9048;43,25178;35,65382;38,07251
"96";"1988-12-01";9,213841;6,081886;36,98528;0;6,966593;6,66445;9,402113;11,71368;14,49012;13,33739;12,00738;23,94008;29,04761;9,027002;45,53905;7,429291;0;10,94036;7,220381;12,38601;9,780493;7,143605;0;6,177657;10,24779;11,77891;10,56177;10,80055;11,86058;7,113873;10,00649;24,07264;9,801226;13,23735;7,763237;7,533985;6,482866;7,975271;7,344747;9,059046;10,34021;12,20872;12,20872;10,24925;17,71897;39,65884;28,55758;43,89952;46,22614;37,68472;50,20343;67,73287;60,51532;53,91239;52,44136;42,80857;53,26269;44,87322;41,73463;43,08973;34,9114;19,1605;78,07966;69,04456;45,03485;20,94326;47,06432;47,46456;60,859;44,4451;43,08973;29,11867;13,80018;47,91849;89,33424;12,08098;51,94392;21,80435;12,00738;66,0148;50,20343;43,45037;44,4451;19,1605;65,3588;34,9114;46,22614;21,80435;60,859;14,87181;38,38894;17,71897;50,96307;56,00574;47,06432;40,86293;42,67239;12,08098;62,37699;40,95589;34,9114;41,73463;47,26929;34,94524;49,6891
"97";"1989-01-01";5,102721;5,112058;14,68849;0;0;0;7,268035;7,131511;7,270578;6,321252;5,498435;14,66168;11,88168;6,601357;17,22724;5,88298;0;6,850896;0;9,954838;6,793994;6,144415;0;7,431781;9,220224;6,778948;6,741785;12,00244;7,366437;0;8,021298;12,2688;5,548769;6,743419;6,541269;6,997223;0;6,027853;6,496295;8,423239;7,897459;7,104229;7,104229;5,138281;7,536379;13,04878;12,75128;16,62668;23,15934;17,15302;30,74678;31,86475;27,5692;25,79016;27,65203;19,15496;25,66447;31,02963;18,65764;17,16682;18,0178;11,60314;25,94686;31,1226;24,27883;9,397483;22,8591;22,92158;25,67377;21,72264;17,16682;13,02118;6,863203;16,7453;51,19754;6,049824;22,83205;9,642612;5,498435;26,02371;30,74678;20,31189;21,72264;11,60314;27,09877;18,0178;23,15934;9,642612;25,67377;7,107408;21,38327;7,536379;23,46481;24,80953;22,8591;17,58656;19,39875;6,049824;30,45554;17,23249;18,0178;18,65764;19,21975;17,78197;15,88691
"98";"1989-02-01";0;0;27,11401;0;0;0;6,531258;7,20242;9,276112;6,680735;4,930081;12,7688;19,79112;5,015478;31,60094;6,860608;0;9,952261;0;8,803532;7,249058;6,300065;4,359228;10,0836;7,066584;7,284144;9,675776;15,11128;10,64284;0;6,493451;14,23594;5,4685;7,180176;5,609454;5,662749;0;4,69021;7,048745;7,553085;8,419673;6,815394;6,815394;5,068336;8,66135;27,10913;35,92468;42,00578;45,81778;36,53276;48,11932;73,7542;42,65186;38,84933;56,57176;41,81682;38,889;43,92928;34,26682;28,08407;34,19732;12,65175;46,25084;82,87598;37,72071;20,77979;46,61565;48,49747;70,25105;36,05391;28,08407;31,0462;7,123278;30,43919;104,4243;6,720317;32,88817;20,90703;4,930081;55,17729;48,11932;31,254;36,05391;12,65175;41,66131;34,19732;45,81778;20,90703;70,25105;6,766586;34,6648;8,66135;30,05363;63,28735;46,61565;29,86386;40,12392;6,720317;75,17832;23,33529;34,19732;34,26682;31,92232;21,62835;38,1888
"99";"1989-03-01";4,701377;4,570799;23,0376;5,941632;5,622156;6,201663;6,471637;12,33137;7,622781;13,38079;11,51085;7,035697;15,90354;4,103893;26,84877;9,504158;6,744204;17,63566;5,228759;11,14643;9,131308;6,240137;4,645222;12,68074;10,51458;15,67151;15,925;16,94823;14,67387;6,372953;4,724651;11,22019;6,765404;7,742339;4,485034;4,701824;5,756756;5,421511;12,75132;13,84108;12,30495;14,35774;14,35774;12,47411;6,893387;27,0093;29,50786;27,07556;30,74743;29,16163;42,23149;33,16246;25,42484;31,59806;31,7904;30,42062;28,99859;40,51859;29,47421;18,89598;34,81476;9,935107;30,99388;30,89359;32,31121;19,52775;35,50187;33,37968;31,34772;29,62143;18,89598;21,12341;11,30099;29,48285;32,2477;11,60882;22,94419;20,06881;11,51085;21,03391;42,23149;27,00335;29,62143;9,935107;29,38459;34,81476;30,74743;20,06881;31,34772;6,537149;24,51827;6,893387;24,74759;32,70861;35,50187;29,35182;29,40506;11,60882;62,11908;8,618899;34,81476;29,47421;32,42672;16,25652;27,939
"100";"1989-04-01";30,43093;20,88725;70,40698;35,13214;35,19997;29,44721;27,80322;40,22255;34,61301;45,74105;40,58764;40,88071;65,25344;27,34246;77,39776;49,83418;33,0006;55,76904;34,30772;56,73254;50,138;24,772;22,94891;48,82176;55,47572;51,90997;51,76079;55,74643;50,32297;30,45295;29,82289;51,68959;29,02031;39,97805;27,03949;32,87689;38,58014;39,17565;46,27541;46,65237;48,59857;49,47598;49,47598;47,98932;28,81581;65,62132;77,8348;102,636;92,53876;86,1642;114,1174;143,7179;99,59956;90,82817;87,84148;103,0524;96,97469;127,3077;99,77602;64,65592;80,75954;42,65366;89,24386;136,7861;69,7882;45,89599;120,9613;133,6022;139,6493;84,89832;64,65592;69,93604;34,9465;85,31268;163,2161;36,4037;88,6961;51,36192;40,58764;84,49845;114,1174;85,89295;84,89832;42,65366;80,14505;80,75954;92,53876;51,36192;139,6493;34,09172;97,45294;28,81581;90,49262;133,9397;120,9613;76,26585;133,4052;36,4037;125,9966;41,84185;80,75954;99,77602;88,73418;69,78533;94,81836
"101";"1989-05-01";64,52399;48,1981;89,39301;76,78638;60,39604;60,7471;50,54127;39,80523;70,71796;50,68044;51,69874;65,27898;88,61734;58,82014;96,2798;73,17439;71,00327;57,15811;53,64829;58,19152;62,34464;54,98516;55,41653;53,18707;57,02375;56,60465;51,2334;69,93633;45,2222;59,96264;56,05802;69,76817;64,92808;63,30252;54,16938;56,74543;64,10284;67,65742;70,18374;77,27851;65,57276;64,23557;64,23557;70,87964;65,40006;102,7886;91,22803;156,6297;93,70726;97,18871;129,7408;137,1562;109,1778;119,4342;118,3702;108,171;132,3555;130,5332;80,69127;66,79458;86,17524;71,78453;158,5203;134,8392;100,2257;73,19815;128,1252;126,5272;137,0446;100,7087;66,79458;103,1495;34,9259;104,5066;116,7242;36,97584;120,3376;72,67423;51,69874;122,9732;129,7408;84,28544;100,7087;71,78453;130,3261;86,17524;93,70726;72,67423;137,0446;66,92746;101,1757;65,40006;110,535;137,1154;128,1252;85,16353;129,3683;36,97584;162,1883;93,0813;86,17524;80,69127;86,70432;93,30542;86,20329
"102";"1989-06-01";154,1963;122,7675;261,3017;125,2599;142,768;136,2008;150,4228;131,6187;184,4606;105,8419;99,25924;199,8947;235,0625;177,9745;253,1449;134,5471;130,4497;96,27984;130,6017;144,0518;125,5631;146,3365;120,5907;88,17278;136,3322;85,72676;113,4244;189,6797;138,1024;136,4878;168,5217;184,9267;152,5728;139,1087;146,4006;170,6308;151,783;137,6351;112,0391;130,0611;117,7315;83,03374;83,03374;93,05851;194,5097;279,939;256,191;265,7604;281,4366;252,9235;370,4738;358,5421;301,0161;292,9618;408,8356;263,2445;283,011;326,5499;225,2268;172,3631;233,077;202,352;273,8319;393,4414;357,8629;176,6089;308,5914;302,9274;396,3828;290,624;172,3631;261,8599;100,4993;263,3713;300,9602;95,414;245,523;181,3607;99,25924;326,2133;370,4738;268,9981;290,624;202,352;333,0749;233,077;281,4366;181,3607;396,3828;192,4179;261,1303;194,5097;259,2996;385,4918;308,5914;247,7222;282,2191;95,414;365,0029;262,0073;233,077;225,2268;231,9984;231,9548;254,7829
"103";"1989-07-01";86,87098;65,13313;212,3972;81,25031;72,48063;78,58266;86,7086;89,93941;115,3252;70,03607;65,10245;163,3151;153,4241;83,70837;214,2645;81,0582;81,08769;70,64896;59,51833;78,36592;73,90383;74,02225;65,97793;50,45122;73,48431;50,2909;72,89117;119,2016;95,62349;84,39788;90,86552;134,3105;94,63676;96,12747;80,65537;86,52658;78,58874;71,69594;57,37152;69,92783;64,5479;60,62349;60,62349;55,6166;130,8868;243,5903;243,2573;310,177;220,5484;305,0988;379,9002;471,7029;295,4973;263,2897;500,7029;308,9323;275,9667;366,1136;256,0266;181,037;243,7146;169,9029;392,7652;455,0464;356,7563;226,9348;376,6454;374,3218;413,6527;297,48;181,037;274,3239;72,1721;262,8549;254,4456;61,95595;236,8987;230,58;65,10245;446,6797;379,9002;213,8965;297,48;169,9029;378,0575;243,7146;220,5484;230,58;413,6527;124,232;345,3273;130,8868;256,8964;386,126;376,6454;207,165;329,7424;61,95595;419,0827;293,2999;243,7146;256,0266;249,7578;185,5457;269,8919
"104";"1989-08-01";77,52903;70,3601;188,6524;87,8549;89,03408;76,84521;83,66446;76,60239;126,3622;65,03593;69,46284;169,9893;157,6389;86,97922;200,2957;101,2136;89,38835;83,4053;90,2779;180,4751;119,7833;134,7707;82,96779;81,04269;173,0462;92,03906;75,67752;165,1854;76,02736;90,35761;87,28336;137,5105;102,9351;98,23067;81,17976;102,1714;103,799;131,8611;113,8845;127,7712;126,9796;76,48232;76,48232;103,5842;119,4678;208,3126;193,9892;320,2272;215,8425;406,9547;399,7875;717,9534;340,3313;293,238;655,2073;385,7308;292,7157;370,3567;194,7903;117,736;160,6245;156,8294;467,9924;648,9438;423,1322;162,3258;486,1319;496,2257;616,6204;398,9434;117,736;224,0604;74,65349;207,3822;289,6355;53,2716;242,8806;165,6138;69,46284;532,1412;399,7875;163,7538;398,9434;156,8294;513,3415;160,6245;215,8425;165,6138;616,6204;109,7657;375,0141;119,4678;244,2287;604,7485;486,1319;185,374;399,1028;53,2716;628,1844;282,9618;160,6245;194,7903;170,5415;208,6891;206,7535
"105";"1989-09-01";54,45219;49,86512;181,5563;54,20446;64,21411;56,67519;60,02224;88,21109;97,75787;80,08104;70,28262;105,8131;153,3609;74,10593;181,6703;59,34129;69,77359;67,10711;59,71793;79,76872;68,82198;69,41301;45,94618;45,39767;74,13493;49,36793;76,12909;184,6051;82,18764;59,94934;77,53721;114,8647;82,38411;75,86132;58,2701;64,79588;73,67442;60,94396;82,71206;109,2561;56,80967;69,99883;69,99883;60,70906;83,0109;208,053;196,7653;274,409;203,311;269,2715;225,3575;447,4732;236,9729;213,7602;479,2914;271,4874;255,0139;256,1317;192,0939;179,7577;179,5108;112,1846;338,1752;506,7292;251,3492;162,2363;302,7863;292,3446;415,3679;227,3006;179,7577;224,7914;84,97591;210,6868;206,4077;82,6068;244,9716;156,5699;70,28262;386,5011;225,3575;191,2446;227,3006;112,1846;319,4602;179,5108;203,311;156,5699;415,3679;75,95595;282,9691;83,0109;226,3934;374,5692;302,7863;180,0771;265,6918;82,6068;445,8907;194,1845;179,5108;192,0939;177,1223;140,518;213,4723
"106";"1989-10-01";27,92705;19,99713;64,55182;15,50945;23,97667;25,013;21,57812;30,04348;39,13546;24,34963;24,07636;32,82295;54,11846;22,58981;65,58711;25,19179;21,21054;21,55421;24,79113;39,00314;26,33421;20,71772;20,30173;22,4003;41,20423;24,65499;30,09892;37,03862;31,75121;25,65565;21,24286;49,01727;30,68419;38,15195;19,92746;21,98252;22,2007;21,84253;30,89531;31,2983;32,16013;31,212;31,212;20,36645;36,72929;70,2999;74,60162;71,15472;87,46046;126,5424;97,23281;158,5498;89,45502;85,89046;124,0617;106,1268;78,58455;86,85138;74,19424;78,42198;57,03877;48,60863;134,9821;135,5817;110,1409;71,28159;122,7319;126,7718;138,7121;104,3104;78,42198;64,68658;28,95225;92,39799;90,74326;26,17666;69,24539;76,58024;24,07636;117,0158;97,23281;62,32501;104,3104;48,60863;121,443;57,03877;87,46046;76,58024;138,7121;39,03069;89,07343;36,72929;75,68256;125,8833;122,7319;59,07458;84,22867;26,17666;163,0107;88,91261;57,03877;74,19424;70,85867;66,1778;76,14673
"107";"1989-11-01";12,87262;8,95093;55,05804;0;7,519429;8,100468;15,44977;16,8299;19,63397;13,79664;11,22243;37,84367;39,01012;14,05715;79,36465;13,6032;8,14683;12,42263;8,486632;26,84434;17,52294;13,39811;8,276346;9,061419;20,55725;10,63509;12,64623;30,36371;17,4113;9,424138;19,02701;30,78664;13,48518;14,89417;12,04;14,05359;11,11635;12,9031;12,53024;16,7491;16,62988;13,28106;13,28106;11,06738;22,90188;64,83145;62,33995;70,281;63,63575;62,91944;95,63773;224,9974;95,01748;92,25698;127,0232;83,29614;90,88432;95,06419;62,87775;78,64188;47,40819;37,02872;117,4874;277,2722;87,03807;43,29142;92,13412;94,56352;206,5715;77,5674;78,64188;83,75123;18,55564;85,97688;126,649;20,62149;88,49606;41,86672;11,22243;132,2149;95,63773;83,03889;77,5674;37,02872;115,7995;47,40819;63,63575;41,86672;206,5715;20,38612;115,7118;22,90188;100,39;156,882;92,13412;71,39252;90,35577;20,62149;139,7603;61,10443;47,40819;62,87775;83,87058;50,81726;90,03673
"108";"1989-12-01";11,44784;7,869385;57,28701;2,144514;9,517845;9,42079;12,29968;24,36242;17,07858;21,37619;19,4677;23,55871;45,20565;11,84528;70,07578;12,2187;5,116508;21,53427;9,628269;21,0655;16,0172;11,38119;5,557438;9,894547;18,34768;20,08986;21,11746;24,79061;24,3857;9,658758;13,2632;27,93187;12,36122;16,15014;10,0821;12,00033;8,944863;12,70004;13,38963;16,76069;16,58039;19,46009;19,46009;13,97604;18,27995;64,69528;66,12058;77,88692;71,9865;47,71812;77,89396;72,10255;69,38797;72,92532;49,48162;55,78506;70,72542;70,03216;69,33652;66,26209;58,13149;23,8696;89,10123;70,94056;53,94363;48,05689;56,73698;56,89093;62,90069;56,12123;66,26209;66,19747;21,22158;74,06124;109,2502;21,12076;72,87132;50,45846;19,4677;66,27232;77,89396;65,67641;56,12123;23,8696;73,18011;58,13149;71,9865;50,45846;62,90069;15,64265;54,56206;18,27995;79,17795;58,30906;56,73698;63,30418;72,08917;21,12076;69,67355;37,70063;58,13149;69,33652;72,03169;41,29668;82,07174
"109";"1990-01-01";5,391365;5,256659;25,58665;0;0;0;7,504114;9,903639;7,632404;8,714705;7,368289;14,74734;19,70217;7,697949;31,30716;8,06324;0;10,17681;5,262732;15,35021;10,23621;8,107977;5,367981;10,32491;13,64163;10,22533;9,975988;19,6289;10,60057;0;8,707577;13,2602;6,120049;7,357083;7,844435;8,957235;5,947607;8,343472;9,465071;12,67022;11,98843;10,17516;10,17516;7,558424;7,993876;30,2016;30,74561;32,11539;36,83345;24,58961;32,47255;41,3415;34,67266;31,65458;34,85392;27,10628;32,40613;33,25164;34,52136;32,22468;33,79517;11,73566;35,30418;41,58875;27,28651;22,37804;31,42668;31,69323;33,85276;25,31494;32,22468;29,88706;9,241297;36,81189;51,54094;8,940357;31,86475;23,28659;7,368289;34,4339;32,47255;34,18982;25,31494;11,73566;30,42177;33,79517;36,83345;23,28659;33,85276;7,276338;31,51891;7,993876;36,41737;33,14121;31,42668;30,86924;33,85094;8,940357;40,65587;20,01257;33,79517;34,52136;34,1312;20,65679;40,97482
"110";"1990-02-01";9,389395;9,855313;52,17329;1,568122;7,782709;8,041851;16,15684;19,37291;15,22126;22,36115;19,13737;36,62999;49,44873;10,37917;56,8482;17,78433;4,166966;33,08367;7,006327;19,22766;16,4651;9,502483;7,744115;21,71096;14,91843;20,79516;25,26512;38,86094;27,99636;5,94501;15,92651;20,8041;9,372071;11,5246;11,89623;11,34356;8,220987;8,920761;18,96619;20,43948;22,04648;29,60833;29,60833;13,93901;21,35283;47,89151;71,3742;63,89124;69,88917;43,22701;56,83656;67,12589;52,75566;50,03089;54,55095;42,41742;55,59939;56,85552;55,74874;55,93112;63,95057;24,78376;55,42962;83,45914;41,19081;46,97857;47,46;54,48456;66,92569;36,34378;55,93112;54,07807;18,59437;48,99314;162,9742;20,24938;57,28652;46,43679;19,13737;87,49395;56,83656;54,57858;36,34378;24,78376;50,66424;63,95057;69,88917;46,43679;66,92569;14,55964;45,22284;21,35283;53,69802;60,26127;47,46;56,6069;49,48715;20,24938;83,3747;60,44514;63,95057;55,74874;54,9391;36,16919;66,58681
"111";"1990-03-01";6,449579;7,074262;38,90629;8,929492;9,829315;9,620527;7,898224;15,20097;10,48394;15,47842;13,93279;10,69335;22,34284;6,463198;49,48589;16,63424;9,569109;20,65685;9,494204;24,01977;18,28406;10,76539;5,586938;19,94304;23,36781;22,06493;19,78765;21,32898;17,63688;8,997306;6,228371;15,21273;9,387866;10,62492;6,864601;8,239922;10,47721;10,23316;18,7284;19,02799;23,41252;15,7104;15,7104;18,85547;9,165504;61,21498;68,2737;52,22003;50,69221;40,10729;57,38089;57,66698;39,05244;57,5391;57,43973;41,30049;58,53107;56,8513;31,43052;22,12434;39,33878;14,78715;42,1732;53,05336;40,88046;47,26072;48,29877;49,44413;55,38348;38,52317;22,12434;50,79401;12,79133;56,28133;56,26144;10,42288;59,34314;43,54863;13,93279;40,89229;57,38089;38,06081;38,52317;14,78715;39,11506;39,33878;50,69221;43,54863;55,38348;8,955304;43,52213;9,165504;51,82407;46,47139;48,29877;50,5718;67,36253;10,42288;86,65306;15,19055;39,33878;31,43052;51,19162;27,08998;33,29762
"112";"1990-04-01";72,48597;57,14828;70,02817;63,01957;78,38921;66,14714;81,21515;35,76051;78,65452;37,35176;36,67128;91,33549;61,45422;70,28896;82,7955;80,16432;71,77579;56,03303;85,49871;79,79578;79,99453;59,88919;82,34127;69,31516;78,58376;56,96802;43,21717;81,64465;42,85926;65,76918;72,17706;112,4215;66,5834;93,16961;70,01065;83,17626;79,66238;89,85732;55,05093;60,22903;82,67271;46,79457;46,79457;50,80634;62,22214;84,96055;85,01979;147,8009;107,5564;85,45581;154,9357;166,2319;151,536;123,2831;126,9705;117,8618;126,8978;163,3694;82,4136;63,27064;88,65939;95,106;86,27772;155,1546;91,52852;56,05856;100,8066;109,3437;152,8669;109,2084;63,27064;84,85758;31,34991;104,1511;207,7785;39,16739;100,6812;58,89909;36,67128;140,7235;154,9357;77,89507;109,2084;95,106;92,93324;88,65939;107,5564;58,89909;152,8669;70,53873;106,2796;62,22214;106,7105;108,1861;100,8066;82,20883;164,806;39,16739;98,01723;82,64934;88,65939;82,4136;88,17838;137,8727;78,11823
"113";"1990-05-01";68,24137;63,50679;72,4397;78,01567;59,73222;61,58923;89,16761;42,6712;70,87805;49,50103;52,83692;71,8289;72,08919;61,02403;75,62675;65,14492;65,70462;50,98714;58,92125;60,34545;60,61278;70,21259;90,78654;47,85177;60,08467;49,69724;45,66618;52,72287;45,18752;58,45126;74,34934;70,01514;62,98948;58,63378;65,36192;64,45352;64,20074;72,7019;50,63548;58,65034;62,08416;59,38318;59,38318;58,52652;75,80586;63,27703;67,51852;98,37112;82,71877;77,39507;85,67433;80,53748;106,2306;78,82442;75,69901;88,2197;82,90885;81,50775;71,90564;95,76199;67,02437;69,40376;101,2051;85,61855;93,55009;54,89115;85,48854;68,40672;77,5066;88,57285;95,76199;59,67491;47,11404;86,27504;94,16482;49,47482;63,16507;56,46795;52,83692;96,30728;85,67433;89,91411;88,57285;69,40376;93,5908;67,02437;82,71877;56,46795;77,5066;69,41836;65,65251;75,80586;74,27478;76,25877;85,48854;77,05496;96,44063;49,47482;83,9766;87,59642;67,02437;71,90564;92,27927;92,52315;95,32073
"114";"1990-06-01";55,47314;51,76588;177,7193;64,36217;53,0688;47,01809;66,36911;75,69972;72,26556;59,47926;48,18577;112,9343;133,4674;54,73332;191,9631;68,65352;55,4665;65,71152;49,00074;98,76446;59,86116;76,05666;57,17115;57,17594;92,21563;70,15676;66,70876;123,9584;79,02849;53,02415;64,14365;83,90885;58,39133;56,07954;53,31213;65,83962;61,8219;57,06831;80,27767;89,18257;79,26043;51,24483;51,24483;91,0038;78,18874;208,4241;209,0012;254,2022;211,5524;349,7397;428,8841;562,9276;274,5375;299,975;651,2496;372,5649;317,4412;418,7362;186,9928;150,4064;165,4341;89,75957;321,8678;581,5071;346,308;139,3556;390,2527;426,1903;564,7616;355,9145;150,4064;213,2169;58,16352;238,8941;224,7573;46,82389;270,1177;135,1642;48,18577;423,515;428,8841;179,2647;355,9145;89,75957;340,2003;165,4341;211,5524;135,1642;564,7616;74,34829;334,4693;78,18874;267,3166;515,9766;390,2527;182,8205;305,1856;46,82389;472,8163;195,0463;165,4341;186,9928;202,6854;129,8712;201,873
"115";"1990-07-01";60,39964;64,24686;234,7508;76,5291;76,27978;67,44571;105,7147;112,9981;103,4751;91,40555;69,2077;126,3851;212,4348;93,63902;244,454;104,1124;91,0985;112,2109;76,74969;152,5707;132,3302;85,75603;106,986;74,07549;140,7794;103,9319;91,02199;193,518;117,6226;73,86736;87,36546;137,7465;86,7243;94,96582;89,23118;91,28779;91,00983;106,9539;121,3571;139,2988;132,2567;76,65571;76,65571;100,8769;97,33006;180,8165;159,4896;389,0901;147,1716;391,7298;440,3469;642,2637;368,5512;337,2805;707,9258;406,4415;360,41;431,7031;152,7881;152,8789;134,299;142,3293;539,7882;657,3737;462,3858;107,0258;474,2417;466,2696;611,7519;406,6028;152,8789;238,3447;90,37717;207,4561;345,9553;63,20369;296,7444;105,9221;69,2077;510,5428;440,3469;234,0993;406,6028;142,3293;535,1504;134,299;147,1716;105,9221;611,7519;86,02197;379,7504;97,33006;259,0475;555,0082;474,2417;238,6455;397,3324;63,20369;549,8516;240,6339;134,299;152,7881;184,4836;187,1665;190,6559
"116";"1990-08-01";63,70213;51,87699;179,456;60,53595;58,77534;57,55031;55,57524;74,91745;87,76278;71,09152;67,85022;100,7946;158,5609;64,66737;179,9028;75,2247;76,16913;72,38272;55,96329;132,8729;86,34589;62,34745;36,0674;76,65934;123,7338;71,98474;76,23058;132,9514;81,04415;63,12407;70,34943;111,6165;73,33914;80,65338;55,79274;64,46417;69,48872;70,66364;83,45399;92,61997;94,01125;67,38307;67,38307;83,96002;88,53043;152,2033;146,296;217,5302;167,6852;265,3821;281,297;486,5264;256,9702;213,0864;439,2106;278,8052;221,4535;273,7825;164,9803;138,4073;134,5403;115,2759;333,8902;520,8933;357,0267;103,0637;345,3981;328,6194;465,9593;269,5312;138,4073;165,3008;79,85772;210,0057;245,3958;82,59361;227,814;102,7702;67,85022;349,3608;281,297;173,735;269,5312;115,2759;340,7634;134,5403;167,6852;102,7702;465,9593;83,87776;289,5175;88,53043;238,6605;441,2848;345,3981;177,1525;239,4345;82,59361;418,3405;170,5568;134,5403;164,9803;187,4391;157,9841;173,7765
"117";"1990-09-01";74,17166;72,49463;201,6891;61,17831;55,39223;57,93641;83,29887;95,29196;88,69817;83,95688;81,64373;165,5901;167,7431;81,11399;218,2719;84,52464;75,78723;73,41114;50,13527;136,5396;100,783;67,33537;65,21792;58,65902;126,479;66,73816;93,36141;182,1457;109,8622;64,72395;97,82938;111,8067;74,93263;80,86338;76,85664;76,32695;66,69965;80,8308;85,44994;100,9909;104,7528;88,71319;88,71319;91,16288;114,5127;191,2034;198,218;307,9471;211,9064;285,384;245,3797;476,4509;226,5279;225,9705;546,837;281,183;246,9312;256,5831;222,3017;184,9168;169,1068;126,671;308,7565;532,0499;237,642;140,0489;316,7495;268,3385;447,7129;253,7631;184,9168;217,8018;82,48124;260,3494;204,6691;65,01736;246,5327;150,2228;81,64373;416,4418;245,3797;199,1613;253,7631;126,671;309,7116;169,1068;211,9064;150,2228;447,7129;103,4809;253,0257;114,5127;284,4319;342,1188;316,7495;214,8643;266,8523;65,01736;423,6412;245,5103;169,1068;222,3017;219,2905;130,903;276,1712
"118";"1990-10-01";61,54237;43,60349;90,78326;31,44464;48,76791;45,42865;45,85375;57,22641;68,12772;49,11442;50,69621;49,34286;84,11954;44,62785;92,68299;47,39829;35,9323;40,55954;52,51569;47,85805;52,81506;35,0173;34,79722;38,74464;47,67992;45,69751;53,50743;75,30049;56,04208;54,51882;52,14065;71,84812;57,12727;63,07134;39,20903;42,91841;42,974;46,48081;56,6881;61,85807;52,66858;51,59095;51,59095;40,45824;66,94887;104,9632;117,3307;107,565;110,9457;149,547;117,356;159,5948;107,3481;127,7083;228,3867;139,9248;122,0174;107,9515;88,33379;94,67229;67,54682;71,4637;159,2242;155,9942;144,2432;93,66713;142,6262;153,4814;166,7421;134,1938;94,67229;105,5341;50,42854;104,2922;116,6214;46,84363;98,86014;92,02641;50,69621;160,649;117,356;92,41017;134,1938;71,4637;143,2472;67,54682;110,9457;92,02641;166,7421;66,32368;154,4705;66,94887;105,2753;158,2371;142,6262;86,25771;144,1633;46,84363;213,512;107,8727;67,54682;88,33379;90,57809;82,35538;83,43295
"119";"1990-11-01";16,76053;11,96828;59,50796;6,755557;12,64108;13,54704;23,70062;21,91354;20,50325;19,30248;15,8982;41,78539;44,83963;23,68961;79,68863;18,46699;12,2335;16,23877;14,03383;26,90593;25,04716;16,82559;14,24072;12,69634;18,4831;14,03086;16,58366;34,86766;22,20401;14,62335;33,69051;28,77217;16,17093;18,38332;21,06956;23,17461;18,43235;20,22105;14,97455;20,03845;21,57793;18,2905;18,2905;14,6275;24,83614;50,18599;48,55625;53,04193;52,9304;45,79721;79,03926;109,045;84,58306;74,34972;69,33386;58,28073;68,95289;77,12519;50,87476;82,55317;27,55795;33,76929;81,53009;108,3695;63,00172;26,20881;66,07702;69,894;99,87032;56,00216;82,55317;60,82648;25,32215;68,74458;111,9031;27,15623;68,53322;26,0627;15,8982;80,97942;79,03926;87,40261;56,00216;33,76929;83,96111;27,55795;52,9304;26,0627;99,87032;20,7758;79,73803;24,83614;76,39123;80,45049;66,07702;74,02419;69,10815;27,15623;104,9592;44,06414;27,55795;50,87476;83,23241;47,08041;78,13574
"120";"1990-12-01";6,913753;0;28,94107;0;5,694734;5,723068;9,062678;10,53703;9,150452;8,998636;8,346497;14,31497;18,24042;7,843755;35,07651;6,854003;0;10,19398;6,017287;10,75672;8,813005;7,936663;5,090035;5,401453;9,299349;10,56162;9,118491;11,68475;10,60649;5,734179;7,660353;13,9983;7,071207;8,591522;6,764627;7,516368;5,102427;7,438976;8,619755;10,38808;9,273329;9,554953;9,554953;8,174437;9,818727;19,36254;18,9324;29,82957;20,78714;21,86725;33,09705;40,87019;29,62913;29,84202;40,56524;24,60107;27,09751;28,62578;17,05456;20,00942;13,92797;12,17534;45,44618;44,13464;25,67163;12,45413;27,85427;26,58168;36,82694;25,45405;20,00942;20,66566;8,69668;25,11018;46,34929;7,67599;28,1561;12,48749;8,346497;41,88395;33,09705;25,50784;25,45405;12,17534;37,56731;13,92797;20,78714;12,48749;36,82694;8,690549;20,92273;9,818727;27,59328;33,2078;27,85427;31,68815;27,58994;7,67599;36,27986;24,17588;13,92797;17,05456;26,28001;18,11931;21,19382
"121";"1991-01-01";6,55792;6,906462;33,46739;2,162011;3,877222;4,761353;8,769463;11,44199;8,238033;8,970567;7,841746;17,82147;24,06576;7,961549;43,40249;7,444899;4,45153;9,704552;3,968475;11,59937;7,75331;7,122467;5,626966;9,681775;10,63582;8,746352;10,09123;19,74973;11,69912;4,737;11,05639;15,29156;6,267711;8,104773;7,765486;8,141246;5,514393;6,784451;8,698013;11,43357;9,569677;9,984497;9,984497;6,696079;9,907434;44,1336;47,57723;45,81646;76,07323;33,31428;46,11116;47,45393;44,83546;45,0983;45,34925;36,48912;46,16597;46,8243;58,21218;53,95179;55,57837;13,72537;44,42793;44,08892;35,44408;29,75824;40,59454;40,94111;37,90832;33,65662;53,95179;41,73551;11,7407;57,66424;69,82756;11,51483;45,79131;32,45164;7,841746;37,79319;46,11116;52,39125;33,65662;13,72537;38,39191;55,57837;76,07323;32,45164;37,90832;7,884699;40,22377;9,907434;54,68927;39,13416;40,59454;44,67259;47,26314;11,51483;50,12673;21,34162;55,57837;58,21218;58,0717;26,55216;70,2542
"122";"1991-02-01";0;0;24,4003;0;0;0;5,306529;6,13967;7,712593;0;0;9,709351;16,39402;0;29,9273;0;0;6,131902;0;5,933979;0;0;0;7,567789;0;0;7,467548;10,121;8,927481;0;5,217145;11,66567;0;6,04536;0;0;0;0;5,166768;5,665433;5,784225;0;0;0;7,085756;25,82404;31,85608;43,91087;44,48196;18,76466;45,44799;27,81556;26,7998;42,46865;26,14684;19,10858;41,25965;39,69221;34,00148;26,36358;33,76378;10,05218;17,71877;32,94041;18,75274;17,05365;18,86546;24,57034;27,50004;19,17487;26,36358;23,39348;6,310833;30,80441;84,47092;5,025611;30,04837;18,69349;0;21,15151;45,44799;31,40148;19,17487;10,05218;18,48337;33,76378;44,48196;18,69349;27,50004;5,637405;20,27204;7,085756;28,89932;24,917;18,86546;29,27603;39,45304;5,025611;35,79287;12,99356;33,76378;34,00148;34,35604;15,79493;36,68998
"123";"1991-03-01";0;0;10,10954;0;0;0;0;5,26977;0;5,59118;0;0;6,631517;0;12,4063;5,398144;0;6,807013;0;6,863766;5,553052;0;0;6,528949;6,573304;7,176156;7,199619;6,681758;6,593497;0;0;5,89996;0;0;0;0;0;0;5,437485;5,815179;7,181307;5,761732;5,761732;5,73836;0;13,77469;14,45906;12,64561;15,93331;11,35988;17,57727;16,10764;11,25877;13,88589;18,86582;12,05985;12,77826;16,44616;12,07885;6,625039;13,06044;5,73785;11,98104;16,80645;13,60307;10,39005;13,62863;13,95033;16,34517;12,08354;6,625039;11,00909;0;15,72639;15,61909;0;12,95967;10,12762;0;10,77933;17,57727;11,73518;12,08354;5,73785;11,82995;13,06044;15,93331;10,12762;16,34517;0;10,80649;0;13,45297;13,31556;13,62863;13,23528;12,78694;0;25,15739;0;13,06044;12,07885;14,46795;7,700053;12,46352
"124";"1991-04-01";24,63316;17,2339;68,29248;21,78937;25,68983;21,00126;39,70438;34,58363;23,50906;38,1392;30,85822;31,18004;64,16705;25,58581;74,81518;35,35317;20,80962;38,87779;30,47783;35,53944;41,49795;32,12728;36,68296;35,52605;34,6695;38,78954;42,82967;49,21812;42,11137;18,92357;28,05596;36,65097;19,30599;24,89686;28,55977;31,67322;28,34684;38,34667;40,49514;42,20052;36,84204;36,76516;36,76516;35,47173;21,18679;58,50917;55,29113;93,69798;67,54027;31,10899;79,31017;45,25826;53,76065;89,69601;31,61267;36,00718;89,15697;79,69057;61,69637;54,65844;66,25296;28,74674;31,90224;47,27407;30,66667;35,25652;35,53527;46,51273;47,53662;36,01271;54,65844;70,11861;27,02734;76,85262;108,468;25,7284;91,2375;37,78078;30,85822;32,80569;79,31017;78,55437;36,01271;28,74674;34,89823;66,25296;67,54027;37,78078;47,53662;22,5266;49,96599;21,18679;83,0085;43,46127;35,53527;70,31337;87,74348;25,7284;38,31367;30,0773;66,25296;61,69637;75,55809;43,73073;67,17714
"125";"1991-05-01";90,25404;76,43443;88,37348;108,0539;94,41166;95,04282;115,2364;36,86324;85,49757;50,01665;43,37506;86,22504;82,4606;101,8396;99,09047;92,38526;91,3346;49,09811;94,69657;77,86113;97,1016;107,6297;129,7134;63,84272;76,17407;49,50922;49,80852;67,87868;43,75138;82,94576;96,37517;82,44253;82,22752;80,15364;101,793;104,4324;95,32764;114,6069;60,84315;65,96187;95,15675;44,55685;44,55685;63,55547;93,03036;84,84089;77,02739;177,5803;111,3679;110,731;149,197;133,4859;115,9301;128,5399;133,414;121,4965;141,1069;149,8213;110,2064;62,16872;86,58581;79,47784;151,1941;151,8579;98,83987;59,08645;127,5006;150,4983;154,7929;115,9269;62,16872;98,38148;32,57602;103,3385;121,7917;27,1637;112,7707;65,21814;43,37506;116,0228;149,197;80,34133;115,9269;79,47784;129,8802;86,58581;111,3679;65,21814;154,7929;88,89186;132,9274;93,03036;100,9406;152,2646;127,5006;87,13675;146,6368;27,1637;171,9723;88,49143;86,58581;110,2064;90,30404;95,53049;99,7383
"126";"1991-06-01";147,8199;124,2487;282,2204;165,2504;159,7845;164,4987;221,4389;149,9347;156,7454;138,0985;125,3657;171,5491;246,7804;185,0646;284,2447;176,2023;146,8873;151,7507;155,6501;235,517;186,4567;193,5174;180,0123;124,7025;216,5513;141,949;135,1662;271,4757;151,5442;156,5886;185,0474;173,3537;136,6731;151,0311;194,5099;200,3628;168,6172;194,8959;174,8248;199,1053;178,161;165,7484;165,7484;179,9068;164,2973;364,1416;358,9744;312,0502;471,5297;212,5747;356,1786;248,2446;273,6932;302,1842;307,3662;225,3993;308,5352;328,5647;381,5838;292,0069;351,5162;183,7215;181,2319;292,2836;290,937;242,884;211,4239;244,3176;282,4921;242,9946;292,0069;340,6107;134,458;384,8958;304,1447;128,0953;331,7625;249,094;125,3657;242,5786;356,1786;332,6709;242,9946;183,7215;220,5348;351,5162;471,5297;249,094;282,4921;162,7072;285,4158;164,2973;377,3676;224,4302;211,4239;287,4539;295,5243;128,0953;250,9007;241,2729;351,5162;381,5838;364,8718;211,8031;469,8817
"127";"1991-07-01";113,6774;97,32742;241,9094;85,70043;85,42326;89,73318;187,0759;121,9042;115,4122;106,4798;95,30412;174,3879;191,3281;130,4021;246,7652;99,2289;91,35619;111,8916;88,10157;144,916;118,1221;114,2587;124,2716;64,45021;134,6853;100,0456;97,78794;155,8268;117,8399;97,7157;156,8218;117,5468;101,729;100,7428;134,3843;136,4992;91,63584;110,0074;107,1559;117,7818;108,3924;93,93925;93,93925;88,16829;113,5612;237,806;203,0133;333,714;185,9664;214,7912;325,4092;290,3629;217,3185;287,3549;368,476;210,9464;294,9336;299,3048;235,819;219,1221;218,3976;128,9156;227,8607;298,3771;250,5488;178,4816;223,7612;262,73;272,5994;227,7262;219,1221;267,8707;98,3683;234,9547;247,7498;99,09044;265,2601;177,3616;95,30412;230,5715;325,4092;246,8598;227,7262;128,9156;251,8686;218,3976;185,9664;177,3616;272,5994;107,3026;309,8494;113,5612;254,6571;231,1615;223,7612;240,0086;343,5452;99,09044;256,0284;221,0855;218,3976;235,819;266,1468;149,3945;265,0542
"128";"1991-08-01";59,60829;45,13882;122,548;46,18091;49,49415;57,97857;57,3152;49,7954;64,46395;44,37042;41,0938;82,73972;88,76475;58,72696;129,7099;61,2312;56,37458;48,81162;48,57088;70,53641;68,43869;52,159;32,97126;47,70028;62,98305;52,93847;48,59495;68,66801;53,56699;48,51659;57,08928;72,95825;54,20115;61,77738;54,11774;63,00512;55,33564;57,67593;51,65584;55,64201;69,60194;43,53909;43,53909;55,14453;58,17653;162,3553;179,8771;182,9551;209,2002;156,9367;211,4456;250,7164;154,3937;178,0928;307,8636;157,839;166,0807;181,8484;176,1532;104,1755;119,4051;82,89329;176,2075;239,9607;222,959;111,1257;166,0697;152,8106;243,7975;175,899;104,1755;150,8954;47,82098;173,6129;176,6381;43,03088;162,8819;112,6674;41,0938;179,9495;211,4456;133,3773;175,899;82,89329;206,7818;119,4051;209,2002;112,6674;243,7975;60,7879;182,0077;58,17653;184,419;205,8507;166,0697;126,948;208,1084;43,03088;185,582;134,1961;119,4051;176,1532;158,2018;105,3147;150,1108
"129";"1991-09-01";100,0472;111,9891;322,7051;81,96014;78,92963;112,2955;167,2348;115,1273;142,3764;97,7015;97,16473;187,4863;246,3955;144,5854;346,409;92,34066;108,9954;116,6216;75,04002;151,4658;107,6804;127,2543;114,6369;68,17075;135,1614;107,4068;102,5697;189,4395;124,4263;102,7038;118,6858;148,7064;123,6337;118,0349;120,7877;122,3949;88,1842;118,1247;111,1108;131,0764;102,7702;81,25668;81,25668;116,7266;141,6878;288,7978;261,4657;485,8135;324,4585;352,4714;437,0694;529,1242;340,8558;438,8043;542,2793;337,542;456,2893;430,4406;305,5958;297,6074;241,7625;216,6204;389,5431;572,4499;371,2533;197,126;380,0964;364,9361;476,7389;330,3385;297,6074;361,5248;107,2117;410,6951;399,2808;89,86092;376,0115;195,9756;97,16473;416,1039;437,0694;370,4998;330,3385;216,6204;425,0497;241,7625;324,4585;195,9756;476,7389;125,9776;369,2752;141,6878;439,1668;429,1637;380,0964;334,3079;416,6375;89,86092;550,6215;294,2125;241,7625;305,5958;434,7896;208,4723;407,3564
"130";"1991-10-01";94,48886;69,84463;111,9474;51,24556;86,05679;82,84272;85,03243;84,12923;120,987;79,08224;73,94997;83,10231;133,3031;84,08593;110,4395;90,42362;61,27136;71,62968;98,60417;122,3312;94,27248;84,33939;63,27684;79,62442;124,1581;86,52341;100,0675;87,22436;81,12869;73,46005;72,34958;132,7063;103,34;100,9882;88,30673;101,4362;79,01198;94,60201;73,86972;72,73528;117,5463;66,41863;66,41863;77,04373;120,1715;157,5627;135,1097;218,6494;145,1247;203,0511;204,8817;203,9094;182,0002;226,4467;117,4721;162,7642;209,6723;182,1265;103,8737;143,8099;130,0852;96,69617;159,4249;149,7019;159,9889;103,6087;184,1469;218,3842;164,8865;167,662;143,8099;180,2422;88,17114;160,3029;168,0392;84,5421;175,2685;105,7815;73,94997;145,9589;204,8817;114,101;167,662;96,69617;155,3591;130,0852;145,1247;105,7815;164,8865;126,0699;229,7141;120,1715;198,6082;147,6589;184,1469;96,96245;209,8583;84,5421;207,2596;133,1123;130,0852;103,8737;122,7874;143,7425;104,0895
"131";"1991-11-01";19,96234;17,74286;74,49908;6,557077;11,48416;11,90507;31,88938;27,00227;28,7017;26,21372;20,23068;50,75368;59,55394;21,05353;93,63718;22,01015;14,43779;23,23915;11,67895;36,60603;27,47866;12,69057;14,40091;18,13771;26,06115;18,75465;24,08899;47,13632;29,42651;16,22392;35,12674;39,08369;22,27344;22,52373;14,6559;17,0953;16,86025;18,07416;19,89106;25,24501;28,54906;22,01231;22,01231;21,74792;31,86955;63,94668;62,37934;60,95218;64,05424;45,48235;84,82176;109,8576;84,08739;80,27355;69,83298;54,28497;77,27417;89,71317;66,37213;78,63524;51,98235;43,91536;78,92508;126,6557;52,65113;47,40303;57,39379;74,51136;114,3881;49,0678;78,63524;77,44379;24,6891;84,25742;125,1017;28,64422;79,71334;47,014;20,23068;113,4056;84,82176;94,76282;49,0678;43,91536;76,07983;51,98235;64,05424;47,014;114,3881;27,16435;110,3362;31,86955;95,87401;96,66257;57,39379;84,25684;89,74451;28,64422;100,3416;82,53414;51,98235;66,37213;85,68156;58,45318;89,05495
"132";"1991-12-01";12,38069;8,784914;47,08702;1,705716;8,718155;9,200306;12,82941;22,34566;15,8248;13,86388;13,81573;25,16504;37,75239;10,86719;56,36134;10,44134;4,089013;12,28339;8,620028;12,49195;12,31689;9,568421;5,615465;7,817808;10,94488;10,99983;16,8821;17,54954;20,94142;9,454859;14,47312;23,42673;11,81433;13,19261;9,653624;11,16044;7,486699;10,51692;8,552935;11,25041;11,88044;15,91859;15,91859;8,64146;18,18957;39,6709;41,61174;52,41565;50,21002;35,00507;50,20607;50,43512;47,0967;53,45028;110,2377;35,08241;53,31721;45,67654;54,05947;51,23352;38,80005;22,08499;70,19464;74,61742;34,95438;34,59649;41,51489;49,60852;60,10663;35,20868;51,23352;38,88542;22,2766;56,33783;74,17303;16,40417;55,27321;37,59188;13,81573;72,82601;50,20607;52,45889;35,20868;22,08499;52,08804;38,80005;50,21002;37,59188;60,10663;15,02259;40,13288;18,18957;57,2258;54,31779;41,51489;53,66289;47,22433;16,40417;60,72423;50,02917;38,80005;54,05947;59,58459;34,38769;66,28804
"133";"1992-01-01";36,00612;42,42211;102,6891;10,55782;23,64655;30,39758;51,54233;43,41575;49,00999;41,40947;35,60721;101,6619;80,98731;46,10847;122,0706;36,66143;21,51455;42,8306;28,03675;46,65531;40,17535;54,06905;34,60623;45,53884;42,32737;36,24117;45,25811;92,57716;47,46391;27,54779;63,71804;69,58878;38,71408;40,5273;49,39416;59,86172;29,61174;47,10852;37,34807;49,65656;51,03876;47,00539;47,00539;30,96811;60,33457;120,293;122,1152;141,3059;166,1981;80,28886;118,4445;80,23458;121,9089;122,8363;76,98292;93,77195;127,5356;118,7619;135,7819;127,6751;138,2193;65,12817;78,00299;85,76685;96,60612;84,87916;80,78131;109,1575;72,23441;87,9183;127,6751;104,1001;37,22372;151,8078;215,4391;44,0429;140,5782;88,44076;35,60721;96,09878;118,4445;139,7139;87,9183;65,12817;79,56298;138,2193;166,1981;88,44076;72,23441;51,70876;109,0613;60,33457;145,4756;74,4068;80,78131;121,8199;124,9059;44,0429;123,8479;103,497;138,2193;135,7819;159,6808;98,96778;172,1085
"134";"1992-02-01";12,5254;9,359141;29,58431;2,080312;9,583569;9,586623;15,92853;9,101423;20,83753;9,515572;6,486674;25,97985;19,28523;14,35118;36,59295;16,32552;5,711122;15,11716;9,577778;27,78257;19,38021;15,7465;9,118334;19,11175;22,89482;12,49366;12,96143;17,64206;11,20012;9,467141;18,65449;26,14558;13,97386;15,7519;16,15762;15,93116;9,687208;13,30432;11,83489;11,29725;22,55428;9,199768;9,199768;9,541177;18,87848;46,89023;57,71938;51,26628;77,91179;30,15232;44,94605;38,7543;38,77049;42,39461;31,88136;26,68338;45,36422;42,69979;57,40367;34,23873;58,42946;24,45234;28,32574;38,62288;28,45973;39,17271;28,82768;42,82683;32,98048;25,29883;34,23873;38,39592;8,832841;51,08911;100,6322;7,340208;43,10976;41,56699;6,486674;36,83815;44,94605;40,57144;25,29883;24,45234;28,81164;58,42946;77,91179;41,56699;32,98048;15,13567;37,12169;18,87848;45,89825;37,30975;28,82768;36,15746;45,23914;7,340208;55,05441;34,65738;58,42946;57,40367;49,53581;33,31001;59,60574
"135";"1992-03-01";7,008551;9,789145;67,60443;10,07862;9,838401;10,86328;8,844092;29,38657;15,01846;27,75731;29,13463;12,51769;46,04663;5,99509;78,41101;18,29533;11,55466;41,2849;8,733881;21,76541;18,03836;9,519156;7,162486;28,72796;20,91097;35,18316;29,68255;33,74162;29,99471;13,3644;6,748117;18,32096;13,0478;13,6909;6,120235;8,643948;10,21682;8,019514;28,40269;31,35787;28,40391;36,6208;36,6208;25,57221;11,49194;87,58675;102,7703;72,48093;132,495;45,32031;70,89415;50,1465;50,49904;75,27328;39,74786;35,8789;77,60825;71,60844;105,9074;56,15449;101,5741;19,93384;38,97767;49,53423;43,4333;52,11574;42,07657;45,59145;48,54514;36,5937;56,15449;63,16851;28,91354;124,9233;70,47466;27,77235;72,41885;52,88453;29,13463;30,82579;70,89415;87,91063;36,5937;19,93384;39,38459;101,5741;132,495;52,88453;48,54514;11,26735;43,69125;11,49194;92,82732;31,34053;42,07657;84,1371;71,0107;27,77235;79,67151;13,41975;101,5741;105,9074;110,0792;36,34555;120,1415
"136";"1992-04-01";34,85387;24,84048;73,87746;32,25584;43,28389;33,29124;43,22251;37,76833;26,46358;33,98248;33,62455;33,21628;61,96563;42,1649;86,28194;48,20102;29,41533;42,12322;52,54342;57,32794;45,85282;55,36222;43,70654;43,59021;58,17677;43,64042;44,54704;74,07244;40,76072;32,19918;42,04861;40,72446;24,01634;34,15316;44,70116;56,73386;46,35748;58,82259;50,20627;52,57822;54,46119;39,27608;39,27608;39,66534;24,82933;81,5185;82,41178;123,432;103,2897;50,91481;100,8318;63,05332;71,20239;105,7593;56,72354;62,12823;116,1763;112,3253;90,37329;67,93923;94,89639;26,14065;36,94831;67,61083;38,12765;52,61082;44,05867;70,99272;67,90773;53,39088;67,93923;83,05008;34,14608;102,5983;125,4979;38,88613;111,6419;55,4333;33,62455;49,23368;100,8318;84,00259;53,39088;26,14065;37,47442;94,89639;103,2897;55,4333;67,90773;27,64857;68,69347;24,82933;118,2651;52,55641;44,05867;84,47243;119,0314;38,88613;60,32417;32,91;94,89639;90,37329;100,2994;45,72994;112,8039
"137";"1992-05-01";179,0963;164,3169;151,5683;165,4332;140,3831;135,01;216,3793;87,92533;149,8507;112,6099;103,0286;174,8227;165,9947;165,0422;162,2962;148,9216;155,1842;107,3979;139,5969;130,8393;157,2557;164,278;223,99;112,6477;131,686;103,9164;100,6522;133,4163;93,55407;135,6392;186,9676;144,2213;140,7728;140,1058;163,3952;182,567;141,0621;194,1429;113,051;129,9378;143,8162;122,6055;122,6055;124,9486;171,2994;134,0325;126,4523;226,2418;148,6703;160,5209;203,3011;200,4757;192,382;173,9848;202,9262;168,671;174,9232;185,9226;138,3577;119,1075;120,3117;146,9109;267,4803;197,3956;154,9173;106,8714;205,8069;188,0965;202,257;170,4079;119,1075;155,0108;72,38755;178,5753;197,5741;80,28344;194,169;104,8222;103,0286;195,934;203,3011;151,178;170,4079;146,9109;236,4243;120,3117;148,6703;104,8222;202,257;166,0374;153,248;171,2994;182,1674;215,0167;205,8069;144,5294;175,9336;80,28344;253,1821;176,2345;120,3117;138,3577;157,2091;159,3408;145,8806
"138";"1992-06-01";135,7388;120,3646;177,0189;127,3905;129,9743;113,0467;149,8651;83,01085;167,2399;73,18044;62,33361;170,9579;144,6015;124,8055;185,9353;156,1952;146,5878;88,28537;118,0841;174,2002;160,1495;120,9572;127,7766;103,0974;163,497;96,883;82,40221;145,7065;91,34022;108,1303;137,2383;160,3925;142,1102;155,5645;118,5686;128,2911;136,891;133,2183;96,93932;106,163;153,8902;67,05416;67,05416;127,0954;175,5601;208,2086;207,3555;228,7256;269,7767;178,4958;301,9453;240,0623;244,8358;231,6725;253,0385;193,2564;222,1272;260,0907;219,3238;185,9208;188,6906;174,8322;176,497;223,8298;278,9301;141,6297;175,8491;198,094;219,8906;221,1652;185,9208;201,9044;78,09304;251,4322;249,1087;61,06086;222,5113;145,212;62,33361;228,3375;301,9453;216,0244;221,1652;174,8322;226,117;188,6906;269,7767;145,212;219,8906;176,3557;184,0588;175,5601;239,2472;216,3765;175,8491;185,0302;255,9757;61,06086;259,2873;199,6519;188,6906;219,3238;232,1485;189,485;245,8311
"139";"1992-07-01";73,67928;62,46743;207,1941;66,99093;69,87357;62,77988;75,49445;89,7365;96,31298;77,15837;64,47217;116,0375;144,2257;78,75188;220,7785;90,0785;70,97572;87,5772;72,1589;138,1094;116,2036;83,37745;65,12649;59,60931;128,0045;81,32215;79,42645;148,5913;94,95654;64,13146;81,28604;110,8601;75,61867;79,09092;70,59151;81,207;84,99808;89,50995;103,707;113,5568;103,2761;69,75282;69,75282;95,7997;116,107;216,2226;200,0322;350,4865;200,9621;286,9419;385,8983;363,5417;280,8506;323,4026;556,6031;312,0763;355,5345;380,09;262,3732;226,4555;241,3159;128,9234;332,1097;392,5287;290,2149;157,4367;290,8744;338,0946;343,1848;312,3847;226,4555;274,812;88,86993;305,3634;325,5075;73,86604;260,4017;152,9821;64,47217;307,6711;385,8983;242,597;312,3847;128,9234;335,4875;241,3159;200,9621;152,9821;343,1848;109,6066;403,3719;116,107;286,5936;302,7029;290,8744;209,9529;390,6427;73,86604;337,1329;187,2693;241,3159;262,3732;277,3608;159,7599;296,6414
"140";"1992-08-01";79,40277;47,04449;198,3741;91,59848;98,26588;82,69755;52,81376;90,8644;111,0864;66,76164;66,23318;128,6158;174,9348;78,5284;210,6199;123,7595;88,04729;81,90465;91,65646;134,9269;130,5202;68,48078;40,6887;92,65891;118,918;88,92061;86,73001;116,3578;100,1699;85,82792;72,42472;114,1417;93,36137;94,25981;70,6372;80,26717;114,3996;94,6954;91,34727;100,181;133,8662;58,42465;58,42465;92,99597;111,8005;253,3125;253,9408;336,3535;281,816;237,1317;277,7011;383,5582;268,7961;276,9986;500,225;262,1175;280,3464;255,0395;273,0611;241,1244;220,9681;121,4888;265,2888;387,8802;315,733;178,4741;247,3516;255,1529;339,6732;272,851;241,1244;256,5898;87,45312;259,387;245,0802;82,05778;297,606;170,0225;66,23318;263,8455;277,7011;225,0803;272,851;121,4888;296,8828;220,9681;281,816;170,0225;339,6732;106,2568;316,088;111,8005;274,9982;322,4987;247,3516;203,7841;298,2658;82,05778;301,1284;220,4686;220,9681;273,0611;242,9473;169,4318;288,0048
"141";"1992-09-01";69,53639;62,04893;254,1389;58,50728;82,52766;72,40744;87,86648;96,64716;91,0881;75,76624;60,86779;116,281;199,8316;89,95331;275,3337;108,5782;77,86106;88,57569;76,31451;124,0444;127,1804;65,82856;75,82748;56,79519;106,5974;82,50967;84,26755;109,1464;91,55706;76,50378;82,06763;97,91026;82,75324;78,2589;78,84573;81,08829;95,36008;107,0562;78,44974;95,40697;98,86315;58,978;58,978;82,48149;84,82928;236,5175;241,3896;348,1008;292,1734;236,1356;266,487;405,5003;240,9819;273,4346;474,6415;237,0755;284,6382;260,2739;254,9297;210,3287;186,8554;133,3068;273,0933;392,4107;237,2958;169,0362;284,4919;256,441;317,3515;233,8725;210,3287;288,2068;86,02943;322,9491;249,0907;63,14683;324,0582;174,1388;60,86779;330,8752;266,487;224,4094;233,8725;133,3068;306,6766;186,8554;292,1734;174,1388;317,3515;79,77284;357,7029;84,82928;388,969;336,677;284,4919;275,0671;317,6042;63,14683;412,681;158,9922;186,8554;254,9297;300,8116;148,6213;402,4091
"142";"1992-10-01";55,9846;35,34173;100,6732;31,78589;67,69402;77,18254;60,72597;67,03943;54,35619;62,84596;59,86702;45,07182;86,09315;70,74831;101,3042;74,46309;29,03671;35,51581;77,10977;56,42722;78,07612;75,52448;70,48885;48,50263;56,69328;42,24006;51,67874;108,5199;48,10134;59,20562;47,72509;59,65133;49,05087;44,03862;73,20516;80,74268;63,36376;70,42116;102,0837;100,6632;86,91249;55,22668;55,22668;59,15141;61,92297;137,7209;124,8663;94,15292;115,6066;137,7969;146,0294;119,1329;115,5523;113,8133;123,57;116,2701;101,3312;129,4753;107,839;142,2522;95,58647;58,87169;132,7328;85,29636;122,855;117,3368;136,9214;86,16393;94,62309;114,5173;142,2522;137,313;67,0287;103,6785;127,9449;55,49137;89,36147;119,1191;59,86702;88,67847;146,0294;104,3578;114,5173;58,87169;122,6948;95,58647;115,6066;119,1191;94,62309;69,36822;78,58138;61,92297;146,6376;89,38136;136,9214;89,24376;137,729;55,49137;128,6747;59,09931;95,58647;107,839;130,8572;86,32597;128,482
"143";"1992-11-01";32,88946;23,51019;120,7683;18,48643;37,62175;28,62918;44,014;33,61536;43,30232;41,67302;35,26767;90,52406;93,09142;39,59917;160,8472;45,71851;27,4242;37,86516;41,84789;89,07299;64,80383;42,42271;26,67224;26,82847;66,71304;32,6616;37,93806;92,50203;38,85935;32,60107;67,20565;69,46526;34,5618;41,40799;37,8965;53,54937;53,54134;48,83805;42,56208;52,58148;59,83095;37,52825;37,52825;39,79916;56,38751;99,09464;88,08181;81,52504;129,6337;49,93234;90,78638;127,9567;156,3967;119,1654;158,4577;98,01309;126,9826;94,25592;101,6299;113,0415;77,25449;57,89873;106,4788;181,0987;102,5817;58,34918;77,81365;89,61995;136,6514;94,39387;113,0415;116,058;31,73867;139,2871;185,7513;39,96569;115,8065;61,01469;35,26767;136,0503;90,78638;173,4923;94,39387;57,89873;116,221;77,25449;129,6337;61,01469;136,6514;42,3474;112,003;56,38751;151,8392;77,99228;77,81365;138,4716;115,6813;39,96569;98,90384;128,1371;77,25449;101,6299;134,1834;95,97466;155,6687
"144";"1992-12-01";10,77639;6,699252;22,31599;1,349459;6,783363;7,725004;10,86833;10,32007;12,02361;9,242087;8,695951;20,46552;23,0581;10,22264;25,22668;10,02958;3,892334;11,78161;6,946774;10,87574;10,37489;8,300056;5,434191;4,979838;9,553063;11,17677;8,824942;13,89214;12,08545;7,723403;11,21032;19,11381;9,467247;12,35016;8,770554;10,64311;5,959973;7,76685;7,675272;9,330791;10,74722;8,972973;8,972973;8,759303;14,48432;25,4095;25,82814;28,30265;31,06999;17,6709;28,4852;23,36115;32,63601;29,58899;25,28812;20,89649;29,51444;26,23203;30,40791;29,68886;20,73979;18,27348;28,09607;27,48198;21,41112;19,59188;20,77652;21,29835;25,6207;20,23395;29,68886;24,1311;9,423336;25,24496;45,41748;8,695334;25,46793;21,68416;8,695951;36,38449;28,4852;21,88519;20,23395;18,27348;23,1707;20,73979;31,06999;21,68416;25,6207;12,14295;19,31008;14,48432;25,61782;19,17402;20,77652;23,87062;30,64111;8,695334;21,24933;34,35281;20,73979;30,40791;33,99949;23,81232;36,51583
"145";"1993-01-01";12,08562;10,26686;26,03742;3,709707;7,785546;9,682491;17,53911;14,46219;11,75345;14,5017;10,67351;22,6285;21,90697;16,22056;29,43844;10,87406;7,419096;13,52885;9,311948;21,49422;12,38004;14,46361;12,82885;13,05854;19,18847;12,88281;12,29499;23,91058;12,33078;7,176497;18,98952;22,75036;9,232131;12,64918;19,17677;17,14491;9,92095;12,03124;9,490381;11,89054;18,21955;10,93593;10,93593;9,346155;15,6249;25,92349;29,74312;25,08792;38,38945;27,50634;33,46219;23,03332;43,40288;35,95086;41,01962;21,46826;34,71659;34,04407;29,69157;27,09254;29,34598;20,47903;37,63604;29,50365;29,46575;20,6586;33,10176;16,37803;23,67262;21,00341;27,09254;25,53477;10,01014;34,11349;47,37818;11,26014;31,9194;22,30247;10,67351;27,99987;33,46219;32,62556;21,00341;20,47903;32,863;29,34598;38,38945;22,30247;23,67262;14,00012;23,00063;15,6249;33,52;27,26639;33,10176;29,11483;34,03554;11,26014;25,84253;18,2834;29,34598;29,69157;34,79499;34,45184;39,91177
"146";"1993-02-01";6,833404;5,630098;28,89581;1,210765;5,468346;5,406157;8,293936;12,07974;15,72351;12,20884;7,341026;18,60435;25,79831;7,686036;32,10245;8,928716;3,414902;17,21927;4,967106;10,41774;9,055708;7,078388;4,662479;12,54383;8,468259;11,6747;16,28353;23,8263;14,14694;5,941379;9,217813;18,70118;9,651301;10,28922;6,252136;7,188504;5,393359;5,703876;11,51482;12,40184;9,918537;12,58782;12,58782;6,808473;11,29959;33,33451;41,97551;41,26415;56,61789;22,19632;37,85828;28,45029;33,31842;39,22095;26,40987;27,90978;38,62788;32,59752;34,66052;22,72327;35,18844;18,29901;24,40603;29,51129;26,18711;25,40388;23,44372;28,24741;24,19865;26,41428;22,72327;34,19724;10,80836;31,71234;94,98565;7,893209;35,97405;27,70337;7,341026;25,38243;37,85828;28,43637;26,41428;18,29901;25,80512;35,18844;56,61789;27,70337;24,19865;9,001266;22,4725;11,29959;29,67397;27,30286;23,44372;31,79776;31,29839;7,893209;32,46286;19,93201;35,18844;34,66052;34,64341;24,86955;36,82567
"147";"1993-03-01";4,637554;0;20,21061;5,711711;5,794718;7,414874;0;9,236338;6,284509;10,03846;8,456223;0;11,22874;4,707106;25,64958;12,55952;6,21434;15,1604;5,400765;15,75715;13,28977;5,152072;0;12,70061;14,51277;16,2678;12,75237;15,25747;13,08227;5,72733;4,552486;8,757536;6,019388;6,405363;4,952145;5,668514;6,238527;5,133612;12,29018;12,49446;15,04545;12,77812;12,77812;12,37403;0;29,80382;32,98302;25,58382;38,88841;18,72677;31,66638;18,85771;17,11124;25,93592;17,35987;18,98465;25,09881;31,2564;38,54662;18,36746;41,41721;7,70576;15,25548;17,49137;17,89924;20,96556;20,12446;22,73583;18,80528;17,97516;18,36746;22,58803;8,750809;34,49434;25,72991;8,915991;29,96001;21,33332;8,456223;10,6015;31,66638;22,81656;17,97516;7,70576;14,49724;41,41721;38,88841;21,33332;18,80528;0;19,73467;0;28,28703;20,58513;20,12446;28,43141;25,75841;8,915991;36,65614;0;41,41721;38,54662;31,3603;11,00747;39,56231
"148";"1993-04-01";22,83398;16,38383;34,71271;26,0499;28,05644;22,64056;26,00001;20,64952;24,81742;22,09548;22,17318;28,58723;38,37038;26,95966;40,06649;35,3462;21,68774;22,1018;29,94512;33,56157;40,40369;22,70438;17,49905;28,36572;34,25384;21,37757;25,1457;25,18277;27,06388;25,94933;24,32826;31,30751;20,50098;26,94162;26,76836;27,64799;29,80057;38,87468;24,08229;25,36869;27,71691;23,89052;23,89052;19,42479;16,50094;42,79364;38,37717;53,84311;54,2086;28,50957;76,45882;28,18662;48,87372;62,36802;35,33545;36,9287;62,49072;77,21187;53,69273;32,72561;59,14901;18,67576;14,4321;20,06262;23,84346;30,15553;27,98329;29,41615;19,09258;37,2942;32,72561;40,21384;19,85483;49,22354;83,39716;24,46563;42,94325;33,35606;22,17318;27,89854;76,45882;45,87995;37,2942;18,67576;19,20184;59,14901;54,2086;33,35606;19,09258;18,6144;40,45821;16,50094;43,84265;24,69822;27,98329;38,18338;72,13388;24,46563;25,54427;34,78487;59,14901;53,69273;44,43063;31,47068;37,24971
"149";"1993-05-01";43,19555;38,24825;98,29278;59,47501;39,73863;36,45549;33,12615;46,55317;51,44957;54,30693;55,64017;58,27834;85,21782;32,37698;109,0136;53,06608;53,50278;41,2482;34,05313;47,82761;46,19283;21,65727;23,9049;44,40253;44,21926;43,61482;47,24223;46,79359;47,86122;40,1039;35,91244;51,94851;45,97818;46,44829;28,05783;29,97569;45,51543;35,27435;50,05026;55,3518;57,7552;56,66581;56,66581;50,16787;49,02105;124,4178;102,3605;121,3778;108,7236;75,6633;93,44543;89,97636;76,77082;110,0751;69,0566;76,91151;105,5179;74,5889;98,86469;72,44132;99,52487;54,34024;86,3447;114,9427;69,52538;97,16202;93,87878;106,1869;115,4488;83,25327;72,44132;108,4516;46,43208;123,0164;96,86984;48,02997;113,2564;99,99599;55,64017;70,61897;93,44543;97,01535;83,25327;54,34024;85,02808;99,52487;108,7236;99,99599;115,4488;49,24431;96,89608;49,02105;120,2116;121,0013;93,87878;101,4764;96,28094;48,02997;138,0431;54,42453;99,52487;98,86469;101,771;60,57224;90,30154
"150";"1993-06-01";108,0942;137,174;346,7272;99,80119;85,37448;75,05486;200,5598;163,9608;142,7284;134,1925;100,8214;220,496;272,4491;96,34802;356,8007;111,2748;101,8575;107,5392;76,62801;137,2427;95,10827;117,6491;118,4267;92,22919;125,6447;96,90715;151,2603;155,9645;168,5862;93,58809;125,6332;159,8788;116,0981;106,2173;102,4021;100,2417;95,93134;98,60878;110,6692;124,3532;101,9485;110,9087;110,9087;102,5428;152,2483;631,9438;599,2429;410,5653;610,8567;328,8676;449,8654;416,5316;378,7325;369,0639;542,2755;359,2552;365,0834;402,7256;448,2047;305,1683;471,7531;182,2822;284,931;491,3122;401,2693;381,5024;355,2477;423,7158;475,5885;382,3282;305,1683;535,8053;127,1275;519,6956;333,3896;108,8242;357,0513;382,6465;100,8214;405,9285;449,8654;365,0226;382,3282;182,2822;341,4252;471,7531;610,8567;382,6465;475,5885;144,2772;456,3779;152,2483;457,2864;434,305;355,2477;342,0349;433,7312;108,8242;436,5987;315,13;471,7531;448,2047;409,2917;195,7852;443,8602
"151";"1993-07-01";62,90874;51,67821;200,7181;69,78813;69,64779;59,96912;78,40519;83,85349;82,78136;65,74257;53,83065;121,9277;177,3573;77,29429;211,3611;93,24001;75,1002;89,61987;72,0721;102,7838;113,6159;61,62709;67,24603;67,43902;90,17742;69,3806;80,66711;130,2635;100,9404;65,39106;77,92611;106,2681;68,40627;82,30967;65,6194;83,04182;81,04357;78,15659;78,91995;87,54041;107,4176;65,60455;65,60455;86,80558;94,92448;238,5191;222,6043;306,9072;218,1405;196,7521;314,1884;348,5192;200,9178;246,7369;446,2201;188,3778;261,2477;301,6631;222,4768;230,8233;189,8982;110,171;182,346;366,037;179,0924;236,215;171,5725;267,8396;337,7949;181,9624;230,8233;212,7921;60,7739;230,7802;211,2236;64,4465;264,1197;240,721;53,83065;271,7403;314,1884;226,2536;181,9624;110,171;178,0137;189,8982;218,1405;240,721;337,7949;87,22024;307,07;94,92448;328,5286;310,1129;171,5725;204,1119;328,0325;64,4465;296,769;181,7608;189,8982;222,4768;229,4603;124,6298;270,3164
"152";"1993-08-01";93,41496;76,23726;174,2477;57,14551;63,12922;58,37997;88,47852;82,58697;94,69154;61,74906;69,39328;193,8031;144,5753;68,13275;173,3837;71,86403;62,77377;61,64046;50,10788;67,38051;61,75375;47,43035;40,19456;59,80076;59,87164;58,08891;87,0601;91,46003;92,24415;62,14309;100,2119;99,24305;78,28083;71,77329;60,21641;52,22017;69,63423;51,90504;57,67455;62,84437;57,97144;58,09915;58,09915;57,84291;145,7196;195,6709;249,3934;260,2419;253,5742;242,9393;279,2658;344,0707;203,0576;261,1751;655,3446;238,3944;261,4719;255,3876;247,4126;166,6157;207,5047;153,9488;243,0377;360,8635;292,1751;171,6286;274,3836;238,4608;300,046;245,0177;166,6157;207,3666;78,90108;258,4609;203,6175;63,09815;235,5966;173,0485;69,39328;352,1853;279,2658;175,7049;245,0177;153,9488;267,9268;207,5047;253,5742;173,0485;300,046;131,6792;248,7747;145,7196;255,2696;279,1328;274,3836;161,5602;267,1928;63,09815;268,7287;288,796;207,5047;247,4126;219,0763;129,967;298,1433
"153";"1993-09-01";142,7049;132,187;289,7723;87,64651;94,90695;98,52373;197,9765;130,2435;148,9023;106,6323;104,2929;219,3674;240,5342;139,6955;303,9655;101,215;105,0415;103,3302;88,23513;146,8036;120,3128;108,4882;122,5909;80,69594;129,601;94,59019;117,1461;205,6141;145,1467;105,782;196,9088;167,1192;126,2884;117,5041;130,6701;125,7578;106,4026;107,4176;113,1966;136,3097;109,8682;106,4927;106,4927;109,0209;188,1455;322,2309;298,9802;450,711;336,5969;357,4912;410,8125;591,3966;388,0828;377,2223;588,4157;353,2932;388,9163;400,918;302,1986;287,5335;248,0772;216,2862;376,7482;575,3959;367,9367;205,8325;365,7809;351,5187;469,7661;360,961;287,5335;337,1305;134,474;374,9589;356,1879;125,5974;385,038;208,5715;104,2929;512,7081;410,8125;331,2645;360,961;216,2862;429,4505;248,0772;336,5969;208,5715;469,7661;161,9994;336,3871;188,1455;391,4499;402,4497;365,7809;296,6367;423,5198;125,5974;505,0658;308,5481;248,0772;302,1986;328,0212;211,5798;364,326
"154";"1993-10-01";47,06406;41,33952;81,81274;26,6814;28,45693;48,07267;33,45967;29,78078;68,16188;23,86232;22,26443;41,18814;56,05624;44,86642;86,63728;37,02176;39,5403;24,34555;29,25145;40,68175;43,07336;26,74615;29,22482;31,96328;39,65666;30,34416;37,49461;28,78733;26,41928;47,13979;49,42795;63,18143;55,75176;65,9295;34,42509;42,7353;27,14503;32,01301;31,65172;31,92095;40,39766;29,79045;29,79045;26,35434;48,86511;74,42393;103,8042;61,69075;105,1236;93,66229;78,97302;101,2963;108,6973;77,41422;114,4272;76,80229;68,48512;66,16157;83,17273;75,70816;74,95905;74,91807;93,64201;75,10257;82,9258;57,13713;100,0059;83,03981;78,07843;76,44018;75,70816;82,80832;31,37986;101,8418;105,7916;31,84295;61,09246;59,64686;22,26443;94,09223;78,97302;73,41005;76,44018;74,91807;87,74713;74,95905;105,1236;59,64686;78,07843;54,16042;70,7398;48,86511;78,82795;83,73021;100,0059;73,89809;69,20311;31,84295;115,1944;74,33215;74,95905;83,17273;85,83709;73,45635;91,69522
"155";"1993-11-01";15,71778;13,62436;46,57096;4,796077;9,641714;10,77707;25,83872;13,85746;18,94759;13,39367;9,923098;27,72725;34,29306;19,31906;65,54251;15,51249;8,878269;13,21807;10,65727;19,06664;18,51234;12,88769;10,20106;9,906931;13,44956;10,97225;13,33943;41,24625;17,55699;11,53837;26,24342;25,00114;14,98175;13,97984;17,44241;19,12661;13,78123;16,03655;16,95139;22,5272;17,41516;17,05746;17,05746;13,27359;22,5361;43,97033;45,22284;37,31429;46,63132;26,64461;50,13871;61,16179;59,23952;54,17892;61,74722;34,33054;47,54836;45,24406;43,6632;48,90719;35,45546;30,29076;45,23825;70,5603;39,61839;33,98317;35,96669;43,63294;61,38078;34,03625;48,90719;48,44897;12,74119;74,356;82,5007;15,68033;51,67837;35,1381;9,923098;53,43295;50,13871;66,83239;34,03625;30,29076;48,96997;35,45546;46,63132;35,1381;61,38078;19,03072;64,0928;22,5361;82,30314;60,25885;35,96669;59,46045;44,80898;15,68033;60,61478;37,42709;35,45546;43,6632;67,42097;38,68942;56,04515
"156";"1993-12-01";7,47489;5,016653;26,1485;0;5,964434;6,04132;8,098195;11,2304;10,34018;8,87525;8,181997;14,97954;20,20045;8,036727;32,73058;7,094979;0;9,19475;6,176158;9,976689;8,729944;6,29647;0;5,621954;8,317072;9,415793;9,318411;7,996264;11,16477;6,17397;8,007899;16,10485;7,807364;9,763695;6,724776;7,59324;5,363916;7,393777;5,957775;7,218039;9,221359;8,184232;8,184232;6,389851;10,98147;29,1942;29,21287;42,27137;32,69591;19,25408;39,98968;27,7886;33,23455;38,89272;32,09172;22,54474;36,99586;35,24815;27,90798;29,55529;22,74817;13,62343;33,01292;32,4065;23,09118;19,1671;21,14982;22,90314;26,49995;24,61484;29,55529;30,36223;9,933379;35,07336;55,37391;8,618612;38,61883;19,48797;8,181997;29,91179;39,98968;31,94607;24,61484;13,62343;29,00274;22,74817;32,69591;19,48797;26,49995;9,826326;22,56864;10,98147;37,28267;23,78225;21,14982;29,8876;37,0771;8,618612;27,06519;21,71669;22,74817;27,90798;35,7292;20,57215;33,87164
"157";"1994-01-01";6,083861;6,982401;48,00298;1,980177;3,800605;4,780891;10,29322;9,173233;8,52742;8,077677;7,685405;18,40693;33,18301;7,323997;63,55333;6,258862;4,299256;7,822453;4,361255;9,235578;7,956803;6,695361;5,493746;8,290457;9,358593;7,337358;9,641508;17,75138;12,00673;4,881905;9,904427;16,44343;6,257632;8,371762;7,265316;9,039714;4,903055;6,396748;7,942362;10,523;7,696939;6,832316;6,832316;5,49581;8,759081;50,13215;47,6256;53,6532;50,53393;26,26021;50,36789;38,88711;57,05465;70,56487;25,66083;28,26904;75,02129;48,0814;54,75251;43,34813;43,18713;14,75184;31,59963;36,67776;29,17523;40,05595;31,59138;37,38176;33,06093;30,78578;43,34813;53,54063;11,95551;72,61423;92,42673;8,382769;72,23968;39,97968;7,685405;25,8521;50,36789;66,23913;30,78578;14,75184;31,6099;43,18713;50,53393;39,97968;33,06093;7,76546;49,02582;8,759081;74,65095;34,67447;31,59138;60,54403;54,89946;8,382769;45,06762;19,65501;43,18713;54,75251;43,9537;28,17221;59,87354
"158";"1994-02-01";3,607702;0;23,49858;0,8648722;3,677156;3,280268;5,036653;6,390995;9,238398;5,588837;4,181397;12,35757;15,96242;4,423656;29,11733;5,924409;0;7,482009;3,250639;6,98641;6,283164;5,285982;2,898607;8,976303;5,621308;5,399962;7,371303;13,31027;8,417564;3,627391;4,925877;11,74139;4,55323;6,003279;4,609839;5,115077;3,611985;4,148206;6,308108;6,725069;6,864873;6,584228;6,584228;3,958861;9,513704;24,80762;30,8339;40,68627;42,53291;19,89952;35,09478;29,22275;26,24414;36,83696;21,00239;19,99313;36,93897;29,88149;32,73489;33,18919;32,9902;13,22389;20,13953;30,08362;25,87709;17,99138;20,42607;33,88678;25,97065;19,98135;33,18919;22,38193;6,770078;27,70621;92,26186;5,959092;34,1161;19,6604;4,181397;23,01373;35,09478;25,65575;19,98135;13,22389;21,82613;32,9902;42,53291;19,6604;25,97065;7,258256;27,17758;9,513704;25,78226;24,36742;20,42607;28,69478;29,17689;5,959092;37,13956;16,52027;32,9902;32,73489;29,3511;19,63239;43,76802
"159";"1994-03-01";0;0;23,47951;0;0;0;0;6,559787;0;7,411326;4,935386;0;12,66702;0;31,20866;7,876027;0;11,38927;0;11,97421;8,434996;5,081778;0;10,44633;11,59174;12,05277;11,95163;10,25905;10,40771;0;0;7,106637;0;0;0;0;0;0;9,100576;9,137753;10,99078;8,674025;8,674025;9,493172;0;39,07379;43,39031;33,18361;41,03197;16,16214;37,72716;17,05094;15,45064;32,21631;14,68346;16,75266;32,70682;38,64699;32,08155;12,13213;35,40834;6,465222;13,84229;15,97028;16,40845;24,47679;17,32043;19,6042;16,84205;16,34375;12,13213;28,47308;5,763356;35,38371;27,05778;5,621228;34,17487;25,01123;4,935386;10,50995;37,72716;20,06777;16,34375;6,465222;13,60971;35,40834;41,03197;25,01123;16,84205;0;20,65176;0;34,93678;14,88283;17,32043;33,63039;32,50116;5,621228;31,48125;0;35,40834;32,08155;28,44904;9,315454;31,08083
"160";"1994-04-01";21,98354;17,95957;45,01929;26,10342;28,91527;23,84452;25,36855;20,99499;27,21854;23,71721;20,71271;32,39053;40,26635;25,12679;52,71242;40,77995;29,98829;29,05135;32,26339;36,15998;45,98115;24,95686;19,61288;41,97956;35,83229;30,18829;29,98852;46,30216;34,65465;23,1472;26,46723;52,05679;22,11903;38,73863;25,51015;26,13087;32,33341;34,60453;36,93061;38,26656;45,52932;25,76431;25,76431;30,47888;24,53649;45,00855;42,43004;87,37102;57,48652;34,86722;81,84975;51,8936;71,98524;84,84177;31,96314;50,26762;86,55406;84,25608;63,89376;52,67031;58,12539;33,45303;27,72133;40,52318;33,40192;32,90084;36,76757;42,82528;41,72829;47,14743;52,67031;63,893;19,2571;41,27256;129,3293;19,32711;76,61604;37,83115;20,71271;38,15229;81,84975;40,76139;47,14743;33,45303;31,84735;58,12539;57,48652;37,83115;41,72829;28,37238;37,90892;24,53649;70,59926;46,091;36,76757;50,99054;90,2879;19,32711;36,43356;26,75846;58,12539;63,89376;53,18878;65,89195;68,66221
"161";"1994-05-01";70,0941;55,79465;87,03542;108,5608;73,18679;62,8708;93,75987;42,60648;79,00124;49,79389;52,68705;73,87366;89,69415;70,03539;95,36487;83,24187;82,43486;50,28844;71,19913;74,54549;76,54703;77,7336;74,45871;67,83135;79,54501;50,79434;47,8909;63,27412;44,22523;63,50486;67,08049;65,63786;74,60776;71,77577;64,12985;75,00316;76,16338;86,06289;59,17565;64,25698;82,9945;56,15736;56,15736;67,13709;80,99356;128,9603;121,2346;184,1286;133,9992;106,7253;118,2341;125,8644;95,73512;115,501;95,63925;95,65659;132,9526;125,8947;99,79812;85,18918;104,8533;68,99581;150,7868;126,5514;104,5353;91,1083;120,589;141,4103;130,0561;87,6325;85,18918;126,4137;39,52551;116,7241;103,1272;40,18001;112,0477;85,57422;52,68705;112,1399;118,2341;99,72442;87,6325;68,99581;125,9629;104,8533;133,9992;85,57422;130,0561;76,28503;137,2761;80,99356;123,0366;143,806;120,589;90,24878;137,9762;40,18001;175,721;89,86816;104,8533;99,79812;107,1654;82,40541;102,6261
"162";"1994-06-01";101,0402;101,039;228,8135;114,8872;109,8953;110,4596;178,8797;142,2892;137,327;137,4946;114,7054;139,5277;224,6746;134,6856;208,456;131,2943;107,2115;157,6819;107,645;196,7961;145,7712;140,4681;136,7397;94,78892;186,1393;152,8704;150,8861;216,0856;162,4435;107,4538;136,2185;135,4496;119,1606;104,309;129,8086;142,0107;122,7827;135,6445;158,9869;170,9801;130,8867;142,4934;142,4934;177,921;117,0684;213,4634;234,1351;211,9741;297,4894;198,8983;259,4093;278,789;208,7953;214,0409;279,8216;188,2782;214,5001;238,8889;246,3301;180,5646;230,7176;128,1301;172,0683;319,8474;242,1741;151,4536;210,5667;243,51;311,0672;193,4422;180,5646;211,9152;103,63;245,8417;214,1838;97,83812;207,4734;155,2824;114,7054;219,9879;259,4093;206,0309;193,4422;128,1301;197,7344;230,7176;297,4894;155,2824;311,0672;112,5973;218,7912;117,0684;238,1444;269,4386;210,5667;205,1382;219,4611;97,83812;269,1974;157,096;230,7176;246,3301;213,4252;153,668;260,5909
"163";"1994-07-01";44,0239;45,04123;81,98876;41,85141;43,22553;41,83918;48,81686;39,46007;50,90499;37,33937;27,17059;86,40152;79,19087;48,87626;91,30502;47,81606;39,65721;42,41108;40,14664;70,31752;57,06274;43,63668;31,2818;26,70026;65,37;39,36866;36,64977;75,61067;40,57358;44,00187;59,75773;53,15422;42,69316;45,27518;49,2239;49,57931;48,13013;47,26345;50,98748;56,74142;48,45908;30,78921;30,78921;48,54205;60,41346;112,2359;134,247;155,952;127,5321;92,27168;152,5047;145,5958;104,1652;129,6791;195,3137;94,80692;132,732;141,319;147,3843;127,091;142,228;61,52644;100,9191;159,9991;96,68077;108,3906;92,84641;140,5681;143,578;89,43881;127,091;116,7785;33,8128;161,5623;124,268;33,64277;135,8474;107,2631;27,17059;157,2506;152,5047;129,3399;89,43881;61,52644;97,02325;142,228;127,5321;107,2631;143,578;52,24321;157,2028;60,41346;121,9758;129,9339;92,84641;90,88155;155,571;33,64277;130,1172;129,587;142,228;147,3843;142,6738;65,89761;162,6216
"164";"1994-08-01";123,4132;107,5442;238,3429;99,68269;103,0814;96,07742;143,2395;95,20839;137,1959;73,17603;82,50512;193,6542;168,1255;115,7473;248,9589;138,5124;100,483;110,9356;97,11471;210,6596;152,7417;136,7502;103,3976;108,8602;188,5543;106,2468;94,9669;196,711;102,892;103,721;139,2426;147,3342;115,257;114,0495;105,5496;114,9509;113,6427;147,0676;136,0568;156,3793;164,7842;90,06474;90,06474;134,0765;163,6312;247,2729;253,0129;355,1263;290,7523;374,1109;364,9437;443,2778;303,7075;281,1625;514,6934;339,126;286,6432;341,6301;244,2171;204,6063;200,3097;184,3362;355,3354;440,2699;390,1855;166,3543;371,6113;344,4811;384,92;350,7092;204,6063;272,2162;93,69435;331,8436;290,3313;91,89267;314,2367;173,9615;82,50512;407,9892;364,9437;268,6735;350,7092;184,3362;392,152;200,3097;290,7523;173,9615;384,92;151,8223;327,3553;163,6312;357,6829;374,9576;371,6113;252,9264;362,544;91,89267;428,6725;290,2147;200,3097;244,2171;276,6495;207,4892;295,741
"165";"1994-09-01";67,77569;60,41599;177,7482;61,39318;77,34457;67,186;72,85812;61,00662;90,72906;55,59777;52,85443;115,2945;135,7574;93,4603;192,8996;91,71311;71,54163;78,53043;76,80512;110,4314;111,9919;97,28363;56,63556;55,93812;100,6443;68,15086;69,56998;149,7334;79,38457;70,16905;103,9934;96,50453;79,55315;72,68172;88,66247;99,54823;89,59254;104,0447;75,36008;92,61323;93,05771;46,65773;46,65773;77,90343;100,714;215,5926;200,995;259,3175;195,4928;165,5558;222,9935;171,8026;158,5172;242,9062;220,2767;164,6638;255,4465;221,3171;224,5479;155,4161;193,6289;104,3423;147,3286;223,3959;142,321;147,7647;147,2708;159,2602;184,1673;158,3018;155,4161;184,8906;56,02789;255,3969;220,2971;50,72182;252,6208;156,6744;52,85443;189,1202;222,9935;199,7142;158,3018;104,3423;162,1801;193,6289;195,4928;156,6744;184,1673;82,27972;194,6815;100,714;264,7261;158,4618;147,2708;187,5272;266,7711;50,72182;225,7985;184,3404;193,6289;224,5479;212,9363;99,57605;280,2905
"166";"1994-10-01";96,42471;78,58789;119,2267;36,50053;65,16396;69,45284;73,39352;53,93324;94,1749;55,76252;50,82234;96,26012;105,2789;89,39948;119,8858;56,29473;49,3185;50,37846;72,78769;83,37568;70,00456;59,98836;60,64202;65,73233;82,89243;63,08205;64,95847;61,57561;61,83573;73,13568;78,73987;104,747;84,69012;75,64803;70,29318;71,74791;60,00767;68,29912;53,19496;52,25662;96,97349;47,7079;47,7079;54,80344;102,1371;139,2263;116,9102;144,1603;133,0049;160,6754;149,361;181,5194;114,174;157,2661;184,163;126,7446;159,1155;144,0201;90,62228;114,6032;73,29848;103,5398;193,2433;177,4563;144,4079;88,22353;161,2415;176,8465;188,5841;123,8952;114,6032;156,2645;63,77338;173,3918;141,2059;45,44899;159,8527;92,96394;50,82234;177,8654;149,361;115,9855;123,8952;103,5398;182,6248;73,29848;133,0049;92,96394;188,5841;98,22719;180,4568;102,1371;151,1379;184,9187;161,2415;109,6853;172,1485;45,44899;235,8976;113,7249;73,29848;90,62228;121,8713;111,9823;117,524
"167";"1994-11-01";15,68273;12,42021;42,76052;0;7,28134;7,680163;12,28684;14,55063;17,84844;14,25185;10,45502;58,00885;31,76525;12,19759;58,64632;14,03173;7,715092;14,2127;7,517899;25,84782;16,86441;8,957739;8,287544;10,22466;18,18119;12,62036;12,56988;24,75033;15,96911;8,99445;17,6695;24,60693;12,84679;12,89788;10,18172;11,52942;11,02628;10,91756;12,39555;15,27431;17,13516;12,1146;12,1146;13,66828;22,59833;61,09396;57,25247;50,30091;52,00454;39,4055;65,77361;83,58507;62,94995;67,56562;79,45998;48,1008;61,87715;62,16982;56,59834;50,80001;47,88141;32,70443;64,7865;120,8142;53,75784;66,78516;53,27098;67,3066;109,2941;46,77677;50,80001;76,13655;13,95966;69,42743;87,88332;13,90458;63,67077;63,87019;10,45502;62,69271;65,77361;57,81684;46,77677;32,70443;69,47421;47,88141;52,00454;63,87019;109,2941;20,27149;96,74997;22,59833;81,74716;72,01389;53,27098;51,99136;62,3783;13,90458;92,83245;68,87278;47,88141;56,59834;64,10458;39,78907;59,38353
"168";"1994-12-01";7,39867;5,244648;23,95531;0;5,889724;5,921473;8,03299;10,54369;10,32499;8,717716;10,3819;16,85573;18,5416;7,981167;30,34958;6,998673;0;9,261238;6,158103;10,93545;8,957747;6,341136;0;5,501134;9,372307;9,688004;8,797857;8,398203;10,41291;6,026067;8,051738;15,95841;7,635701;9,597038;6,69875;7,589381;5,273965;7,476399;6,291572;7,50788;9,369095;8,266142;8,266142;6,817929;11,7901;33,48139;33,86615;47,52895;36,28617;26,06394;42,84461;36,04704;34,26248;39,0776;21,92665;28,37346;39,07059;40,19612;32,03059;28,63807;27,75611;14,23575;43,20557;35,27242;26,57615;25,02204;29,49289;35,08995;34,38636;28,68708;28,63807;35,29505;9,582059;51,43746;54,28357;11,23537;40,05859;25,62819;10,3819;30,08226;42,84461;29,77162;28,68708;14,23575;36,1575;27,75611;36,28617;25,62819;34,38636;10,24089;37,50325;11,7901;38,49442;35,35402;29,49289;27,84378;43,38807;11,23537;41,56071;21,95096;27,75611;32,03059;34,49399;20,79152;36,68289
"169";"1995-01-01";9,095646;8,217613;47,38976;3,827289;8,965073;10,37804;13,21774;16,98393;13,04959;17,82319;16,59659;17,36854;39,38563;16,54008;55,36404;14,28348;7,3764;17,8259;11,01601;27,14705;15,3015;19,0683;13,52972;17,8959;25,27804;16,85823;15,35755;31,11275;21,65534;8,834785;17,12061;20,07167;10,80477;12,31477;16,79883;18,99474;12,0073;13,31967;15,97296;19,7148;22,68271;22,46562;22,46562;14,02377;12,51655;47,92289;73,02594;42,30512;58,56049;20,29672;47,33255;30,45654;43,04351;31,12989;16,46427;22,32256;31,30473;51,85778;49,60612;41,61437;65,99019;20,40084;24,02704;29,62872;23,2051;41,23399;23,85216;29,06673;27,00356;21,75863;41,61437;40,88683;13,3769;74,50886;69,92954;19,74724;50,03365;44,77661;16,59659;21,59931;47,33255;55,09811;21,75863;20,40084;22,72102;65,99019;58,56049;44,77661;27,00356;11,44864;33,69562;12,51655;59,33274;36,37077;23,85216;57,15735;43,44308;19,74724;35,64674;22,33162;65,99019;49,60612;64,9474;31,45907;55,52211
"170";"1995-02-01";4,293666;4,414735;18,69266;0,8773338;3,642005;3,532168;5,849302;6,480612;9,943457;7,166688;5,500395;15,44345;14,8711;4,291884;19,84567;6,710835;2,633652;10,93119;3,356011;7,819479;6,757396;3,314078;2,847805;10,18128;6,571335;8,14905;8,812459;20,82738;9,290772;3,857249;5,810721;13,55676;6,178548;7,56876;4,104746;5,307821;3,694488;2,951699;10,3391;11,02794;8,134731;8,099773;8,099773;5,913661;9,521166;14,52211;17,47552;19,3222;22,99238;16,87466;22,24675;27,73654;22,66739;19,46149;26,47342;17,78559;18,09464;18,95065;20,06796;14,55628;16,65758;12,77455;18,68995;30,40693;20,18718;11,9103;18,04157;24,03506;27,277;17,07084;14,55628;13,40656;5,65059;16,74685;60,88168;6,491394;16,57742;12,33514;5,500395;21,59732;22,24675;21,15775;17,07084;12,77455;19,2433;16,65758;22,99238;12,33514;27,277;7,485872;21,05322;9,521166;15,66688;25,52685;18,04157;19,51203;18,11015;6,491394;34,8476;18,48502;16,65758;20,06796;20,3103;18,07668;22,82917
"171";"1995-03-01";6,997299;6,564123;35,99332;8,177658;10,98612;10,45686;7,822881;14,02387;12,18471;14,27142;12,11668;11,74858;23,03881;6,482067;46,85673;18,82387;9,326658;18,40611;9,959067;19,41428;18,56297;9,12473;5,689578;16,89614;18,72677;19,38901;16,5314;25,19948;14,96199;10,00076;5,907239;17,50878;10,96972;11,30771;8,15869;6,974108;10,83938;11,08838;19,01025;19,82177;22,56132;15,47104;15,47104;16,38681;8,909981;60,01823;65,80544;40,91872;73,01411;29,47892;49,57717;28,41795;33,66935;41,03353;21,61335;31,7045;40,82877;48,49171;58,39321;28,1394;57,0759;18,38828;29,31579;23,17875;38,07491;47,33789;33,26593;46,26412;26,1652;31,90527;28,1394;50,31098;12,43886;74,35181;53,28176;10,62968;53,85806;48,25801;12,11668;25,3248;49,57717;49,27124;31,90527;18,38828;30,42006;57,0759;73,01411;48,25801;26,1652;9,676138;36,35635;8,909981;64,39526;31,27962;33,26593;49,93859;39,83623;10,62968;64,37961;15,87711;57,0759;58,39321;59,06092;22,95604;57,6034
"172";"1995-04-01";16,623;10,55639;50,27572;20,2582;19,71219;16,97973;23,18261;23,05779;18,80889;27,73318;18,7131;16,74195;42,13095;18,30545;55,5326;25,47757;18,93414;32,80827;21,15359;36,66377;31,33993;31,44046;24,4848;30,51195;38,3476;30,74454;28,48815;33,69897;28,02655;17,25179;17,90375;26,87783;16,31346;21,7834;19,19271;22,38609;21,4169;26,07375;27,93964;29,22126;29,89589;22,54012;22,54012;30,66144;15,30233;47,17773;58,17816;51,5201;63,61448;13,22437;43,77663;17,42319;34,94379;53,89569;15,17453;17,43314;50,72293;40,73592;50,73788;34,72354;80,32189;20,92496;13,63589;16,18253;17,94163;36,31825;14,86265;15,87139;15,47011;19,94502;34,72354;38,77378;17,4999;46,11518;61,15402;19,62687;36,81415;42,29331;18,7131;14,95042;43,77663;61,72734;19,94502;20,92496;17,40872;80,32189;63,61448;42,29331;15,47011;17,39891;19,35583;15,30233;44,79073;13,28164;14,86265;58,14605;43,65539;19,62687;13,96189;13,40912;80,32189;50,73788;60,89344;29,34796;56,04874
"173";"1995-05-01";90,24252;86,00536;142,1118;97,0524;69,21338;73,07655;109,99;60,86433;83,22643;63,29731;57,35119;105,0654;152,6589;80,11349;156,4875;81,22633;84,56312;67,70996;67,03462;86,21492;90,10674;80,79115;112,9019;66,55016;85,8829;68,73777;71,38181;83,6464;70,18572;69,99575;93,93439;82,82852;79,61125;69,9084;74,69772;76,84421;74,47755;102,3959;79,35571;87,85627;86,9023;59,81748;59,81748;92,22532;96,79994;165,9433;159,2795;231,812;168,8059;106,7749;188,8242;132,0435;131,8068;180,8011;102,4193;131,9868;194,9798;187,6204;146,2621;105,1958;140,4234;104,3031;155,6849;123,3916;102,1967;111,0236;111,3869;101,5101;127,7424;126,2639;105,1958;161,233;47,65203;211,1456;139,65;42,97181;170,2458;110,744;57,35119;113,7279;188,8242;141,0828;126,2639;104,3031;134,0167;140,4234;168,8059;110,744;127,7424;89,26312;102,3167;96,79994;181,4711;119,3258;111,3869;145,739;202,7585;42,97181;128,0923;110,4838;140,4234;146,2621;179,2104;99,80001;163,0502
"174";"1995-06-01";88,6965;68,43583;211,1547;90,79952;85,62778;87,44656;103,9187;76,52291;103,167;51,15183;46,05033;111,5915;137,7519;105,4217;226,877;95,98972;85,02673;66,39892;79,55685;125,2647;93,43897;100,1391;84,62595;71,47279;116,9461;69,11269;67,32021;122,4592;85,87539;85,22673;107,8159;93,53117;87,19177;88,74769;98,06958;104,4713;93,52991;99,80145;81,09737;90,52497;93,30333;50,17392;50,17392;72,89071;111,8095;229,4577;213,1382;195,4728;264,3102;176,6382;262,125;189,6821;179,0667;211,1396;181,1891;172,8951;205,2835;234,3996;254,7423;204,2651;214,3643;119,9165;142,0162;182,5284;187,7883;154,9165;156,6013;191,3218;178,1949;182,2742;204,2651;233,9235;56,01305;283,7793;218,0832;55,17403;249,5639;159,1083;46,05033;163,7467;262,125;224,2403;182,2742;119,9165;167,5411;214,3643;264,3102;159,1083;178,1949;108,278;179,3941;111,8095;274,6996;170,575;156,6013;231,2186;225,9351;55,17403;184,9068;122,9284;214,3643;254,7423;257,3599;123,7211;309,9904
"175";"1995-07-01";105,4025;85,70763;257,2169;95,87234;101,3015;85,11196;86,67031;140,3719;120,3678;103,8976;86,18653;158,395;199,3397;103,3017;267,6234;106,1337;113,1767;120,47;95,40038;125,9978;112,933;84,44144;96,13615;72,68721;116,8025;105,765;105,6841;159,5984;135,8906;99,80668;122,0334;162,5198;102,5638;129,7715;93,23723;100,8274;110,5176;87,11042;108,4728;121,5773;112,6209;81,45876;81,45876;108,2708;139,6561;333,4054;316,462;398,2781;305,2674;209,6335;346,5102;315,8433;256,1572;309,9186;363,6357;223,175;317,3491;320,0894;332,0273;245,9663;300,5503;146,1336;259,9803;303,5134;311,5543;268,8914;230,1013;261,2517;261,2144;232,0489;245,9663;301,62;120,8664;319,673;275,1217;104,5983;303,4384;274,2198;86,18653;300,5002;346,5102;291,0237;232,0489;146,1336;272,9015;300,5503;305,2674;274,2198;261,2144;126,7762;291,1511;139,6561;332,6198;254,4913;230,1013;269,2177;332,5481;104,5983;323,151;241,3036;300,5503;332,0273;336,929;204,3204;322,5829
"176";"1995-08-01";213,7113;165,2469;423,2696;211,2804;229,8928;220,6237;272,5565;177,5991;265,194;143,9453;134,2551;324,9297;304,4013;255,0722;441,5202;232,3394;176,8058;180,4971;226,0078;285,2031;265,909;251,4703;208,8897;180,878;254,4034;176,6937;172,5059;241,1466;196,6605;226,4692;252,466;270,115;232,097;199,1275;234,804;253,9522;246,5322;273,9715;156,6656;169,8821;259,0108;147,4179;147,4179;153,1445;312,0544;463,0012;516,1002;730,4532;501,972;583,334;598,6365;709,5197;500,3866;502,1981;640,2699;548,116;528,2361;575,1448;487,2577;359,2683;395,813;369,3855;563,04;666,5664;702,2831;356,3741;647,6392;551,0087;616,0456;559,2277;359,2683;523,8582;149,314;496,5697;517,1391;167,0822;533,7878;350,8815;134,2551;595,4347;598,6365;456,8053;559,2277;369,3855;621,304;395,813;501,972;350,8815;616,0456;290,3675;569,7126;312,0544;634,7224;651,7634;647,6392;446,4826;621,8835;167,0822;701,5875;399,0554;395,813;487,2577;523,5078;334,7667;583,6664
"177";"1995-09-01";87,73624;58,18868;202,8472;62,92736;77,67712;66,03613;56,7449;97,84506;88,1632;69,29079;67,97283;125,5532;162,3491;85,74687;223,208;85,78835;68,69823;60,17936;73,06939;94,02409;97,37283;77,72946;48,30264;45,76927;86,21895;53,39892;61,77529;133,1812;88,14368;74,05742;100,3548;88,25884;80,42372;73,75159;74,83748;83,72926;84,95963;74,34617;57,11561;70,84965;97,87723;60,21682;60,21682;80,79093;106,7047;214,4317;196,0462;203,4837;214,6617;128,3753;178,4457;241,6733;153,7085;184,5762;323,4093;126,3442;183,7763;168,2168;205,0257;179,8486;182,9363;109,6874;158,8427;259,2861;153,5631;138,7822;136,1365;159,7506;206,1783;127,0921;179,8486;218,3653;84,42309;232,0757;180,7937;81,75586;223,6695;142,4615;67,97283;220,032;178,4457;265,6852;127,0921;109,6874;182,7559;182,9363;214,6617;142,4615;206,1783;95,28743;175,9315;106,7047;264,3994;178,3394;136,1365;233,5608;191,2559;81,75586;198,5595;167,728;182,9363;205,0257;238,8973;100,9161;231,5126
"178";"1995-10-01";83,39949;78,06091;166,594;33,88851;54,69172;60,82126;58,29918;117,4803;79,16705;103,7237;115,838;79,35776;173,5654;58,67908;148,5927;57,1385;44,69313;79,0578;57,26949;61,30305;51,63894;33,43792;37,09228;51,94364;61,46204;87,09383;122,4525;84,92322;140,4034;66,43349;64,45511;90,7979;67,21919;75,84705;48,95378;57,65112;49,59571;42,8844;87,70661;90,87811;75,1042;88,09246;88,09246;67,48073;115,335;165,7678;182,1321;135,7703;210,1633;134,4278;178,8938;154,5857;142,4865;170,1413;168,9641;153,9099;156,0667;161,1131;194,9321;215,9714;161,2042;122,2531;167,6371;137,7298;174,4431;165,1674;159,807;153,0738;139,917;163,8611;215,9714;133,6912;123,0333;197,9921;188,1699;112,5435;158,7644;172,5696;115,838;139,732;178,8938;207,0559;163,8611;122,2531;164,0257;161,2042;210,1633;172,5696;139,917;115,4467;138,2724;115,335;214,9214;96,1767;159,807;142,5863;164,7712;112,5435;161,9854;143,064;161,2042;194,9321;199,9506;107,9654;184,6033
"179";"1995-11-01";17,62753;14,86465;71,75052;8,817283;15,79137;18,66144;20,51733;29,42806;30,3174;25,49905;17,55224;57,63818;79,8491;30,3171;92,94314;24,2671;15,84077;22,16771;17,72786;45,84776;31,18525;20,95238;16,5457;16,72795;35,0214;19,15375;26,4286;84,5007;35,32777;21,41753;27,04095;48,12502;22,38997;26,53059;27,86098;32,19815;22,66317;24,5144;32,49612;43,57353;31,14176;19,79102;19,79102;22,65376;40,62059;85,78156;106,0691;75,30702;110,4153;55,00895;93,81558;117,8198;81,82497;84,21487;127,019;79,44437;83,01836;99,97659;91,41576;104,7145;76,03078;51,07959;88,96984;121,5191;71,72252;82,02708;74,41187;65,37498;110,0181;73,36005;104,7145;91,76466;27,97624;107,0354;133,6714;33,76799;98,56789;88,51256;17,55224;93,27976;93,81558;95,66669;73,36005;51,07959;90,55722;76,03078;110,4153;88,51256;110,0181;30,11449;77,58015;40,62059;117,4607;92,28072;74,41187;85,00136;93,16062;33,76799;119,4518;60,58497;76,03078;91,41576;106,9274;76,95625;120,581
"180";"1995-12-01";27,69306;20,85844;62,15515;4,31398;22,01437;24,81257;33,68068;31,69098;37,32716;31,41339;33,53347;58,12557;49,16472;30,30352;68,50763;23,57239;9,687361;39,69174;23,37213;45,5446;33,06383;26,93781;16,22673;17,53863;41,34387;38,05252;29,27878;57,59767;32,85558;23,08736;32,5275;52,94533;29,7656;30,99124;26,50633;32,01117;18,55592;29,21755;26,00666;32,4511;32,1198;34,18616;34,18616;30,24423;40,73774;46,999;54,12561;71,39474;73,55453;36,46399;49,52995;67,05773;78,90172;65,85288;58,41243;46,72987;67,28442;47,04358;66,21773;65,64223;51,58444;44,28396;98,65263;61,38954;60,04274;45,36285;50,39907;53,07297;57,90872;45,09811;65,64223;60,18285;33,03476;69,00473;91,57692;32,50118;70,2521;47,39261;33,53347;87,10255;49,52995;80,67833;45,09811;44,28396;80,0992;51,58444;73,55453;47,39261;57,90872;34,49917;57,41293;40,73774;70,75467;56,89782;50,39907;66,45033;49,02034;32,50118;64,7706;85,85333;51,58444;66,21773;76,95073;76,7425;76,87862
"181";"1996-01-01";6,058878;6,006315;17,65215;2,213308;4,854951;5,996219;10,37181;6,537856;8,553309;6,000871;5,261242;19,26051;11,63546;8,981466;20,87972;7,071934;3,698998;6,494241;5,485523;8,045814;6,288468;7,760051;5,643038;8,132253;7,341989;6,123139;6,225279;8,097218;6,711534;6,16994;12,00424;12,60908;6,7906;7,777697;8,650752;9,302111;5,828711;7,698292;0;5,750541;7,212848;6,77241;6,77241;4,408552;9,494342;24,00409;24,94932;22,89907;30,777;16,19815;22,80266;23,99974;30,97931;17,34257;8,925763;18,58699;17,45546;22,98982;21,58557;14,99677;27,48544;12,79272;24,54664;21,82525;23,24387;14,59578;15,52763;16,2988;19,52044;19,33341;14,99677;21,9314;5,138021;27,64865;39,70574;6,542371;17,73521;16,17891;5,261242;21,69073;22,80266;24,85329;19,33341;12,79272;23,34471;27,48544;30,777;16,17891;19,52044;8,294817;22,34986;9,494342;27,12952;15,62957;15,52763;21,2396;23,49574;6,542371;24,8822;18,35983;27,48544;21,58557;21,16185;24,57771;17,20866
"182";"1996-02-01";0;0;23,47176;0,6142219;0;0;0;7,69677;11,54576;7,556466;5,499987;8,865686;16,76994;0;27,74944;6,985782;2,456609;11,40624;0;10,11275;7,499351;5,265758;0;12,02803;7,798743;8,910804;10,46561;11,80269;10,11147;0;5,278722;17,33949;6,220374;8,990499;0;0;0;4,627724;7,767505;7,66547;9,101795;7,610567;7,610567;5,948184;7,431648;26,04773;31,95994;34,64693;41,83168;23,29108;40,2666;29,52694;32,33652;33,7271;18,97094;23,60962;31,88429;34,22602;31,52297;28,58762;32,21364;12,83223;27,12619;36,49229;24,30656;20,08694;23,56758;38,71263;34,86893;23,71477;28,58762;24,04167;7,496408;28,46568;90,46006;6,361838;29,01699;21,38115;5,499987;18,37899;40,2666;28,79291;23,71477;12,83223;27,54818;32,21364;41,83168;21,38115;34,86893;6,466966;31,84129;7,431648;27,03475;34,92661;23,56758;27,11811;32,41647;6,361838;66,46233;10,15767;32,21364;31,52297;31,00462;20,43678;33,23183
"183";"1996-03-01";0;0;20,18466;0;0;0;0;8,552768;0;8,940341;7,157335;0;12,82116;0;24,99216;6,475613;0;11,62034;0;9,649754;6,365394;0;0;9,311745;8,95746;11,77038;12,34386;11,59005;11,01416;0;0;7,036736;0;0;0;0;0;0;9,302914;9,62657;9,436731;8,507504;8,507504;9,52788;0;34,42736;37,35626;26,98984;39,53499;19,49368;33,40557;20,80079;17,87457;27,87915;19,83735;20,27979;27,50447;32,97924;33,2275;13,58108;37,73486;6,440119;17,13431;19,85184;19,34863;27,93143;21,1046;22,76336;20,57907;19,02633;13,58108;26,30629;7,083678;36,69359;28,41366;6,510487;28,53233;28,2732;7,157335;12,16106;33,40557;22,65472;19,02633;6,440119;15,90395;37,73486;39,53499;28,2732;20,57907;0;19,18528;0;31,31576;18,33591;21,1046;26,02733;26,25236;6,510487;37,90576;0;37,73486;33,2275;28,82897;10,38435;32,85971
"184";"1996-04-01";21,76969;18,88905;47,11543;29,48539;27,53822;24,94533;20,32085;25,35678;37,3541;17,00152;19,01971;35,52196;37,98664;22,02899;55,17763;28,41322;28,45471;19,18496;29,06722;22,9314;29,58834;18,36069;15,2914;20,14163;23,26435;18,51084;20,60393;33,39375;23,66222;26,58062;25,85426;47,05102;31,06697;36,14327;23,40294;26,21936;28,78227;19,60775;22,74122;25,41362;18,60572;22,23317;22,23317;19,09264;23,86536;38,96304;34,90453;98,77412;54,71195;24,24785;68,70268;60,87953;60,50544;66,82757;47,30148;32,14891;68,03696;70,37745;49,5224;45,05822;43,9602;36,72904;35,44433;46,49039;33,80801;19,43042;36,02905;43,61011;42,63911;32,57298;45,05822;36,44888;20,02191;57,22673;77,54623;25,86147;65,28428;21,10224;19,01971;42,06503;68,70268;64,9069;32,57298;36,72904;40,266;43,9602;54,71195;21,10224;42,63911;25,68472;33,92925;23,86536;57,70847;36,65974;36,02905;59,03943;90,68403;25,86147;35,51152;40,85815;43,9602;49,5224;58,76305;50,71363;50,48149
"185";"1996-05-01";49,5698;48,8613;80,57442;43,59325;36,70609;41,64971;55,0724;24,36767;46,95921;22,21731;20,18124;53,31657;63,0342;48,29502;102,3776;38,38375;39,90388;25,35888;34,45692;36,28515;39,63275;40,42715;55,59184;26,34085;36,85453;28,24575;28,35081;30,57353;27,45245;42,13992;52,51196;43,84455;42,62752;37,22078;41,39239;40,56409;37,68478;45,35308;31,42175;33,86594;36,427;23,03132;23,03132;39,06717;52,33044;70,67578;58,14228;120,6865;64,58929;72,63252;111,655;80,98035;98,9948;107,8158;56,05983;80,80894;97,1486;90,26926;67,94534;61,55007;56,76123;54,11097;124,3468;80,42328;82,63723;47,93983;82,80028;65,5321;78,8434;88,78331;61,55007;83,1626;19,28405;70,72419;84,84577;20,23082;93,98676;49,05447;20,18124;64,04696;111,655;81,39062;88,78331;54,11097;115,1976;56,76123;64,58929;49,05447;78,8434;51,14533;52,58157;52,33044;86,16978;78,04449;82,80028;90,95209;99,67976;20,23082;85,90302;60,00708;56,76123;67,94534;87,26648;61,57257;67,28245
"186";"1996-06-01";153,559;152,3446;308,5739;176,2143;165,7181;149,6004;253,3243;157,9609;218,9954;113,2446;81,14348;272,6159;241,77;174,6827;321,4908;158,281;188,0983;112,0935;155,9704;202,2066;165,0651;202,3031;187,5903;116,0049;192,545;113,8539;113,8817;241,368;152,864;156,0954;191,9232;226,1084;178,9805;203,6104;162,2848;173,5848;179,169;149,938;156,4066;180,4845;152,7979;94,81654;94,81654;143,9161;218,8274;423,4562;409,2489;382,1176;520,2845;406,416;498,5271;462,6969;434,928;399,5082;480,357;429,688;402,8127;456,4186;412,9644;278,6477;328,2046;283,8083;403,1959;510,4387;595,856;253,1553;437,1197;390,0843;498,2028;455,7039;278,6477;421,3627;119,7879;360,291;398,839;92,47327;351,3567;255,7269;81,14348;441,8329;498,5271;326,5099;455,7039;283,8083;479,0095;328,2046;520,2845;255,7269;498,2028;217,6991;389,0374;218,8274;405,573;438,054;437,1197;332,373;396,0496;92,47327;419,8445;332,0306;328,2046;412,9644;312,834;311,8;414,4445
"187";"1996-07-01";82,18838;72,88911;258,0673;66,87843;63,89906;61,32579;98,80677;113,3335;96,54747;71,82616;57,7267;138,6915;195,3454;74,51602;265,2231;77,54694;72,95352;48,85344;54,90895;49,10835;63,65744;63,18768;53,66593;48,91958;46,52641;37,61209;78,26646;91,35231;110,1194;66,01124;78,56534;116,7084;80,84865;84,32242;59,08154;60,79279;68,4156;49,46358;51,64118;61,50686;65,171;55,71664;55,71664;39,16258;146,0683;219,2245;223,3044;304,6718;213,5484;219,6743;283,7084;314,9821;268,8396;267,7428;380,7534;238,4471;267,2379;256,287;263,7584;198,1201;228,6975;173,8398;306,1115;345,6208;324,4686;208,9856;263,4697;242,6126;311,1539;248,5404;198,1201;239,4075;84,48543;244,2271;278,3914;71,1366;233,2954;220,6859;57,7267;334,7108;283,7084;270,8173;248,5404;173,8398;325,8088;228,6975;213,5484;220,6859;311,1539;132,4917;259,8423;146,0683;268,5528;277,2163;263,4697;264,0446;289,4119;71,1366;293,6414;252,8002;228,6975;263,7584;311,7704;195,3137;271,5899
"188";"1996-08-01";103,9183;105,1381;266,468;77,3767;79,97487;78,89072;128,1976;91,90823;111,2609;74,29893;73,03663;187,986;171,4882;92,63847;265,3528;90,92329;86,17033;90,87873;73,57617;130,6162;105,3484;81,92397;98,9976;76,3921;119,9551;93,32797;84,46597;148,2307;110,4506;83,18777;141,2259;126,84;96,28327;97,47438;96,82936;100,7843;85,67661;91,79974;92,03948;99,08237;100,7908;80,01391;80,01391;107,9972;187,9641;240,9974;213,4784;262,1352;271,9351;226,2522;244,8129;318,447;230,3553;236,9883;445,8277;231,514;237,3498;225,371;179,5434;194,7172;180,1961;166,2719;281,687;439,3791;300,6655;192,9135;249,2443;250,5612;382,0699;242,2257;194,7172;228,0102;78,62837;328,4936;238,8741;94,15105;263,0119;193,1345;73,03663;336,2698;244,8129;247,1692;242,2257;166,2719;319,4105;180,1961;271,9351;193,1345;382,0699;159,6785;247,2062;187,9641;307,5062;362,9283;249,2443;267,9734;245,8949;94,15105;310,0445;254,4833;180,1961;179,5434;294,2407;181,8399;202,6325
"189";"1996-09-01";71,22346;75,40283;142,859;57,39544;64,07382;59,45963;85,10874;57,02611;74,32144;53,74436;52,4879;148,399;96,59802;75,80263;156,0085;71,06316;66,32754;55,50769;58,95411;85,7554;67,46976;63,35946;55,66942;34,57058;79,06504;49,68318;56,32398;130,9457;52,75908;65,58959;78,87058;85,71203;63,74903;77,30052;78,56594;75,21867;68,51585;64,65254;78,22238;95,00986;64,80951;59,64789;59,64789;50,75094;98,70399;146,8998;135,4998;150,4394;179,8272;120,7048;118,3717;253,5465;164,6704;121,53;397,573;126,5108;122,3975;113,7181;157,094;172,1084;113,6032;93,68335;166,1943;317,9032;163,2661;93,65443;163,4861;146,1933;260,6378;123,3972;172,1084;157,9965;63,28659;170,7139;136,1271;68,34563;167,1887;92,53014;52,4879;245,6069;118,3717;175,0911;123,3972;93,68335;185,3228;113,6032;179,8272;92,53014;260,6378;82,6275;163,8855;98,70399;170,7406;202,6826;163,4861;156,8462;133,053;68,34563;186,7384;214,3493;113,6032;157,094;212,8011;117,0286;195,6818
"190";"1996-10-01";93,34203;91,24684;174,158;27,08256;50,84606;66,59462;99,40277;85,06787;67,29462;96,83237;68,75331;130,762;166,9695;56,23279;166,2786;47,86465;35,83596;73,83894;53,02387;57,37225;50,30656;54,22494;69,17646;42,35881;61,80656;71,4841;99,35738;67,58674;109,6617;62,07854;97,33189;67,65201;57,24358;57,83624;58,26555;66,45341;46,61471;57,02703;50,93962;56,82626;59,42868;64,63762;64,63762;43,24879;102,0947;131,9225;147,8214;158,8625;162,0046;186,6984;176,3103;176,7382;128,8624;184,1187;114,5325;165,0935;178,1798;162,9855;134,4022;101,8511;92,25364;123,8279;191,0699;112,2539;177,7933;99,25921;194,017;195,4241;129,3068;165,3525;101,8511;157,7206;85,76546;195,529;187,384;64,20736;195,3259;100,7816;68,75331;148,5495;176,3103;169,7797;165,3525;123,8279;185,2566;92,25364;162,0046;100,7816;129,3068;103,8845;155,1324;102,0947;171,0761;133,854;194,017;152,2395;175,4307;64,20736;209,1129;161,4339;92,25364;134,4022;138,2634;103,7372;144,1822
"191";"1996-11-01";14,19687;10,01476;46,66184;0;5,91216;6,621969;17,85943;16,61452;19,04167;13,30762;10,60327;48,99407;42,78419;11,11358;63,66914;9,664631;6,256043;9,225438;6,125004;12,87639;10,54125;8,01539;6,322201;7,053659;9,451935;6,80585;13,41625;19,40314;19,93137;7,873592;16,68013;21,42494;13,5861;11,04271;9,574455;10,57914;8,188325;8,683853;8,425706;11,99313;10,37916;10,54736;10,54736;7,833758;22,34801;48,13586;51,89655;38,49644;56,21249;32,81535;54,81327;92,61884;55,09436;57,9606;76,32109;42,40845;50,15393;48,99612;55,19678;65,81654;44,20118;29,87991;81,90668;121,0125;52,79524;39,75148;48,3211;51,42922;96,21112;42,14256;65,81654;48,92018;17,88962;63,34402;80,41604;17,96586;54,74374;43,31411;10,60327;130,7637;54,81327;73,31023;42,14256;29,87991;86,83089;44,20118;56,21249;43,31411;96,21112;18,69203;65,22295;22,34801;67,08638;59,89418;48,3211;60,93365;47,03451;17,96586;76,37537;68,21939;44,20118;55,19678;74,37233;34,5352;74,29577
"192";"1996-12-01";11,33203;6,538281;26,70625;1,6659;8,914168;9,313173;9,846075;19,67478;14,24835;18,38731;14,65242;17,31382;23,18647;13,49974;29,99303;10,52082;0;19,24999;9,091824;13,79175;13,23964;8,938745;0;8,198994;12,01661;17,06595;20,38264;24,51044;19,10088;9,608769;10,45381;21,05483;10,77302;13,03439;10,05;10,2124;7,801287;11,03887;12,7488;16,75542;11,88864;17,07681;17,07681;10,83519;16,28934;30,42993;47,30185;30,82562;43,89693;25,40066;34,69885;27,04757;43,95247;30,4745;23,86185;29,94287;27,58359;29,437;49,18059;44,48551;43,32379;20,96242;36,55872;29,15845;32,36553;29,67675;23,00056;29,55886;28,71816;30,87726;44,48551;29,66446;16,56833;34,83727;55,31758;13,28612;36,74344;32,23522;14,65242;30,01636;34,69885;29,10527;30,87726;20,96242;33,17508;43,32379;43,89693;32,23522;28,71816;15,01085;26,35534;16,28934;37,66055;29,21551;23,00056;27,47239;28,44625;13,28612;28,40731;26,2973;43,32379;49,18059;45,98798;31,30316;47,51276
"193";"1997-01-01";6,31637;7,844125;34,29762;2,475689;4,739225;6,050603;7,143483;9,583545;11,82533;7,791844;6,589811;21,35063;24,38374;7,746296;44,47817;6,027433;5,464133;9,772661;5,419039;10,50007;6,74604;7,105721;5,755882;7,251891;8,894235;9,170133;9,706816;12,78423;10,80072;6,497727;10,20687;20,01762;8,877583;10,88388;8,946105;9,666601;5,988193;6,921018;6,245238;7,984996;7,436389;7,35219;7,35219;5,18086;10,34855;48,41436;45,49314;52,56341;58,42599;30,66529;48,72554;59,69408;54,39529;48,45291;27,10232;34,54788;52,11433;51,19736;41,3255;31,12673;50,28934;18,13571;37,43111;46,88857;36,31657;44,93529;35,62072;48,71488;43,89056;33,53548;31,12673;44,0447;8,859503;43,31152;63,56165;7,09494;49,35381;45,08377;6,589811;28,82804;48,72554;42,69178;33,53548;18,13571;33,86578;50,28934;58,42599;45,08377;43,89056;9,414895;43,37086;10,34855;46,21313;47,98819;35,62072;41,04474;54,20946;7,09494;55,65857;27,19656;50,28934;41,3255;34,90991;34,50628;46,94893
"194";"1997-02-01";4,591607;0;25,63606;0;0;0;0;5,722987;8,95429;0;0;14,39351;16,48546;0;32,63983;0;0;5,525477;0;6,242751;0;0;0;6,943745;5,105783;0;7,096034;8,410597;8,606929;0;5,131523;13,14738;5,165141;6,610591;0;0;0;0;0;5,009443;5,660554;0;0;0;9,742009;25,84586;29,10384;41,71608;38,76151;22,44518;46,1529;30,65835;31,57847;41,58252;21,5617;22,59459;39,72728;39,50855;26,70261;26,66339;24,23734;12,34608;20,9227;30,6941;23,42429;16,61833;22,24647;29,31908;26,7526;22,49165;26,66339;27,26856;6,416358;31,34173;97,41225;5,155846;36,14563;15,91811;0;28,79379;46,1529;31,32673;22,49165;12,34608;22,47776;24,23734;38,76151;15,91811;26,7526;7,61047;25,84658;9,742009;31,46298;25,47752;22,24647;30,77182;47,17578;5,155846;40,57904;20,41096;24,23734;26,70261;38,71303;18,23991;35,51993
"195";"1997-03-01";15,64047;16,36694;79,26921;17,03564;17,35426;19,13388;12,51589;21,97477;25,98525;23,76249;20,70119;19,57891;55,08984;11,97252;94,07987;26,51376;22,66067;31,00158;15,6517;37,97147;27,74421;17,08973;10,94449;34,85466;38,27092;30,69926;39,45766;48,63061;33,77577;18,62737;13,53266;36,53532;23,34328;26,6431;12,53441;14,40729;17,50325;16,77945;36,34519;38,47866;35,67118;26,67104;26,67104;25,3036;23,2403;77,43938;72,59303;79,29205;81,59466;64,64005;100,2045;86,77466;81,12176;87,44564;72,49252;74,80235;90,34809;101,7414;76,93878;47,06973;79,82439;37,30342;61,78875;77,39851;87,08478;42,72479;63,48809;61,71032;74,14112;72,87643;47,06973;60,58294;18,0413;114,047;93,76366;20,28457;99,9017;41,13169;20,70119;64,59701;100,2045;79,63901;72,87643;37,30342;61,21725;79,82439;81,59466;41,13169;74,14112;21,17031;49,46914;23,2403;94,20811;61,89877;63,48809;94,04718;82,32151;20,28457;102,5741;24,01481;79,82439;76,93878;97,3258;64,91148;89,42493
"196";"1997-04-01";69,61514;41,01771;101,0628;54,73905;61,03575;55,08783;87,3162;58,83589;76,01077;65,00688;66,24352;105,9828;80,74924;76,0007;111,6354;89,25706;52,5438;67,1944;69,66053;101,8149;112,9559;66,81494;59,39915;91,33321;104,4862;66,6916;68,29359;112,1721;64,05192;56,47333;66,21403;96,77281;63,098;68,67322;76,89959;86,17439;66,33172;111,3874;76,7743;81,25081;110,1796;85,07371;85,07371;75,57378;67,59149;84,17194;89,48411;123,4623;112,9842;65,42872;150,3035;106,8485;167,2181;141,5445;69,45379;94,18128;143,2287;154,9635;124,818;95,23933;120,2734;95,56137;60,23069;92,7012;81,78214;61,89235;68,4045;68,24712;86,74883;90,89348;95,23933;84,79635;51,09026;103,271;238,3532;74,48127;131,241;70,43356;66,24352;85,87215;150,3035;106,9405;90,89348;95,56137;71,2743;120,2734;112,9842;70,43356;86,74883;74,72359;69,33759;67,59149;109,0648;54,94426;68,4045;113,3073;127,8034;74,48127;51,93029;84,3493;120,2734;124,818;116,7777;139,7211;135,1289
"197";"1997-05-01";120,6199;86,18979;181,6555;134,5956;104,0158;101,569;120,4744;73,16766;123,4629;90,99716;92,15151;77,47604;167,3262;94,21367;194,2039;123,3425;117,4041;104,7389;100,5896;101,7277;115,9219;108,3133;133,0108;92,81152;99,95815;101,7339;101,1183;100,2748;83,92994;106,4698;108,4718;117,4277;117,2864;100,2644;103,9047;110,7617;110,2778;127,0676;95,13114;107,714;121,101;108,7288;108,7288;119,8419;111,825;178,757;153,1018;247,7499;152,426;118,4645;181,3736;155,2322;180,8971;167,5103;95,75378;134,2412;177,5114;177,9466;166,7241;162,8963;146,6574;96,88098;187,6118;152,4733;101,1539;112,1304;142,922;157,4933;161,8875;129,8914;162,8963;158,0586;67,16634;184,5962;151,7223;76,2212;186,4505;115,0898;92,15151;121,3374;181,3736;184,5904;129,8914;96,88098;158,2331;146,6574;152,426;115,0898;161,8875;108,6288;144,7123;111,825;198,0334;170,0603;142,922;178,759;198,1023;76,2212;213,9267;112,9755;146,6574;166,7241;160,6384;146,6817;179,7039
"198";"1997-06-01";58,72764;54,36585;183,7238;66,94872;65,88982;61,30104;68,79475;66,81131;77,51152;46,85195;42,56923;98,659;132,2021;76,78298;195,6772;67,14616;70,41962;48,49742;59,38066;99,7976;72,60941;76,68449;55,94455;46,40757;94,70838;49,92715;60,56707;72,74922;80,43811;61,12955;74,65687;70,57764;64,24167;74,51989;67,7992;69,98955;71,13023;82,65379;49,38603;55,57793;73,50787;37,81258;37,81258;58,52304;76,90546;241,3438;246,1944;186,9891;302,8051;149,3864;240,4819;186,1976;171,6749;214,2096;197,2366;153,9143;210,0571;216,3636;215,9088;174,8955;200,627;90,72166;120,2023;213,42;197,7268;187,337;164,9821;214,7601;220,9603;161,8069;174,8955;213,5117;58,92866;239,4179;171,5654;54,53087;205,5497;185,8325;42,56923;154,6951;240,4819;212,9729;161,8069;90,72166;143,5;200,627;302,8051;185,8325;220,9603;74,4696;184,9942;76,90546;234,0128;213,4273;164,9821;197,4275;182,1866;54,53087;227,1373;113,9094;200,627;215,9088;220,2381;114,8862;214,7988
"199";"1997-07-01";61,05227;48,45882;217,29;59,79243;58,15501;61,29992;74,34665;83,10249;74,65582;52,12711;58,27951;104,3794;119,2185;80,57162;230,7136;70,35224;62,08215;60,65862;53,32885;76,69671;78,15848;72,58932;69,52977;41,36969;73,87144;51,58426;57,0634;113,6094;73,37624;61,53444;70,20768;91,16608;62,61711;69,98077;78,3511;78,12476;64,3329;65,43697;68,69956;80,38029;69,38458;51,48088;51,48088;53,83609;85,20313;200,547;164,0428;200,4445;165,5234;148,8616;208,7556;238,9888;183,7957;205,9813;271,7045;166,2776;198,6054;181,6219;134,1054;199,787;125,4642;96,91231;231,6074;225,0469;206,9173;154,7094;191,7582;206,8679;214,8958;163,6908;199,787;216,6537;77,51903;266,626;187,5665;64,71721;200,4881;153,9021;58,27951;212,2186;208,7556;240,428;163,6908;96,91231;233,541;125,4642;165,5234;153,9021;214,8958;82,0338;228,4785;85,20313;270,5431;207,8498;191,7582;231,7342;199,9809;64,71721;213,862;144,9044;125,4642;134,1054;254,272;117,7591;197,3072
"200";"1997-08-01";43,75967;29,37629;213,7946;47,40128;54,84204;46,16225;38,37778;97,61284;69,06087;59,99266;53,72305;67,53053;167,716;52,70261;230,9364;60,50165;53,96017;49,21979;50,95099;74,15918;60,85453;49,36498;37,42411;47,39271;69,10097;50,47033;74,46205;87,3866;94,13727;48,65359;47,79057;78,25507;59,74424;57,1214;51,71058;46,19444;61,47435;67,18296;54,29707;63,8077;68,78778;39,76145;39,76145;42,40974;63,69366;211,942;211,0729;237,1196;260,7966;205,8228;297,8897;243,0921;197,4269;307,8978;231,7595;194,0806;302,5089;268,5217;219,6683;210,8542;165,0594;84,25298;171,0782;242,3339;186,825;125,626;212,5355;204,9043;231,903;200,4033;210,8542;223,0437;80,94864;268,2638;254,4993;56,66169;276,2085;129,4418;53,72305;165,0754;297,8897;239,3821;200,4033;84,25298;189,6266;165,0594;260,7966;129,4418;231,903;63,19985;197,1783;63,69366;282,101;239,4143;212,5355;227,5939;269,597;56,66169;266,2531;103,7837;165,0594;219,6683;275,1657;119,4589;248,7807
"201";"1997-09-01";67,92303;69,46493;280,34;59,73274;73,50201;56,87798;112,8642;101,6907;101,3212;70,82272;72,02835;136,7422;175,7524;79,2031;322,5456;77,6818;69,54904;67,63892;69,12466;106,5924;85,71451;82,47276;80,03738;40,71858;99,65216;58,45749;76,61428;97,18386;92,3083;65,93575;104,5929;111,6299;82,1596;83,29091;71,96551;73,07723;80,96108;86,46323;63,75643;79,57864;77,01099;62,52146;62,52146;62,66816;95,94166;213,1486;259,1575;412,587;300,7276;302,5284;319,4962;443,007;283,1728;325,0094;395,7674;359,6753;339,5669;313,2226;292,9604;240,0837;249,5119;135,3089;354,1331;455,8356;261,5579;176,243;309,1833;333,5376;387,3399;347,4315;240,0837;253,825;82,4127;344,8125;301,5372;67,82898;334,3306;177,7009;72,02835;367,3062;319,4962;319,8591;347,4315;135,3089;383,5328;249,5119;300,7276;177,7009;387,3399;85,70861;299,2485;95,94166;373,2091;361,8316;309,1833;312,8819;385,6528;67,82898;434,3439;164,0462;249,5119;292,9604;355,071;175,9537;375,5034
"202";"1997-10-01";97,46941;82,44878;282,0045;47,85939;77,16917;73,44427;80,36968;146,6224;112,5722;108,7435;111,2755;117,5838;238,7245;82,38476;276,8069;65,15314;60,97374;84,29341;88,54575;85,3432;83,83158;98,18649;92,9527;73,02505;88,58662;93,76035;120,49;78,36497;142,9315;87,76984;76,70552;117,4829;96,21734;97,32173;97,72004;90,20603;71,60506;98,28884;72,75955;73,78913;103,9099;90,1806;90,1806;62,05836;128,6803;315,5371;308,7733;318,1663;324,0458;281,6336;335,4268;283,848;222,0923;355,8189;226,8257;248,2384;324,3624;299,81;266,3163;310,7016;205,9947;124,1451;254,3249;228,962;229,3961;231,2493;258,1743;265,9179;248,6681;247,9011;310,7016;300,4465;134,5621;336,3929;279,2516;116,6774;310,0918;240,3762;111,2755;219,9507;335,4268;280,1761;247,9011;124,1451;238,0636;205,9947;324,0458;240,3762;248,6681;127,1848;242,2678;128,6803;325,1478;240,3914;258,1743;254,2349;331,1225;116,6774;307,179;175,5882;205,9947;266,3163;351,4815;147,0457;277,1505
"203";"1997-11-01";41,38691;31,15457;83,43675;16,06857;28,26748;28,49485;51,61499;29,23754;51,49789;22,56997;16,63835;99,69196;81,93025;40,43897;112,8877;34,33624;22,94286;23,81161;32,21387;41,25476;38,71159;40,47323;23,80712;19,69636;30,89502;18,44601;29,01007;43,54322;35,54501;30,71556;61,07108;72,32632;40,56626;36,18877;36,24224;48,85017;38,31293;38,85233;16,32619;22,09294;33,92436;16,93612;16,93612;17,36635;69,56646;108,6449;120,8591;99,207;125,3014;44,57184;102,8037;118,8894;142,1233;140,0397;107,0082;81,3952;146,6042;103,4541;106,334;96,85979;85,91535;79,06327;122,9572;135,6566;104,4862;85,32906;74,41864;85,97816;108,9751;77,47386;96,85979;114,7687;24,29734;163,6942;182,4378;24,09418;132,1433;89,66933;16,63835;158,2584;102,8037;118,3533;77,47386;79,06327;128,8342;85,91535;125,3014;89,66933;108,9751;52,92855;104,7839;69,56646;181,4784;90,3857;74,41864;104,2002;101,9182;24,09418;116,826;118,4836;85,91535;106,334;139,4541;93,03207;163,1783
"204";"1997-12-01";15,38924;10,18605;51,69446;0;11,05933;11,35399;18,49255;21,74012;16,82828;19,35626;14,7407;27,93415;36,64335;16,34032;61,41478;12,46408;0;17,09629;12,04971;21,71499;19,47466;15,07523;8,194983;8,842688;18,71653;16,97161;15,94415;22,28765;17,88899;10,93614;15,70383;26,98832;13,3121;15,38629;14,15037;15,88949;9,667313;15,67957;14,32869;17,73545;19,12673;17,69746;17,69746;11,38096;19,52845;63,8237;65,14292;49,62848;69,31545;34,10136;53,77328;47,78601;45,65254;50,45009;31,59557;37,39906;52,01633;51,82751;69,93784;58,09406;61,4154;21,86852;57,57891;48,76132;34,2308;40,45898;29,53457;35,41262;47,89565;35,56791;58,09406;51,16169;20,97827;66,08405;73,30162;13,48219;66,88046;42,75045;14,7407;41,79746;53,77328;59,82278;35,56791;21,86852;45,27809;61,4154;69,31545;42,75045;47,89565;16,7403;36,71851;19,52845;68,56157;47,48333;29,53457;56,81902;56,54412;13,48219;42,2567;37,12143;61,4154;69,93784;59,92855;33,53867;78,13506
"205";"1998-01-01";7,029219;7,834125;32,88143;2,774109;5,200894;7,108907;10,7427;13,17971;13,45467;11,18847;10,73159;18,47783;25,71958;11,73174;39,90849;9,598404;5,99843;11,18249;6,08894;14,60614;11,17767;10,34155;6,437032;12,86874;13,49861;10,12393;13,06569;19,44321;12,83033;6,848468;11,34313;21,17693;10,15277;11,47599;10,87217;11,56791;6,825294;9,860988;10,30923;13,0572;12,90834;13,82157;13,82157;8,58363;13,18794;35,41651;36,85434;42,7676;46,02908;32,10438;45,35786;43,86788;53,02661;48,23056;27,58591;35,85012;50,27125;45,1658;39,96033;37,68332;39,33082;20,79037;41,64724;37,01944;40,59011;25,42995;38,59478;39,54456;33,27755;35,53383;37,68332;36,46825;12,23901;44,24693;76,6022;11,63699;41,70075;27,01842;10,73159;32,16434;45,35786;43,984;35,53383;20,79037;39,3802;39,33082;46,02908;27,01842;33,27755;12,48781;40,09805;13,18794;43,86568;35,57878;38,59478;39,19992;44,91362;11,63699;47,30318;22,01425;39,33082;39,96033;50,26027;36,63929;47,39555
"206";"1998-02-01";0;0;13,31159;0;0;0;0;0;7,748164;0;0;7,745347;9,557798;0;15,82522;5,096214;0;5,897946;0;6,1951;5,257451;0;0;7,138689;5,025377;0;5,468766;8,337806;5,755103;0;0;10,68203;0;5,889274;0;0;0;0;0;5,129795;6,060047;0;0;3,492344;6,404279;19,41389;19,39775;18,59248;26,503;15,22715;20,56864;16,87022;17,72495;17,70601;12,33534;15,43551;16,83513;17,4778;19,84578;13,39352;20,06104;9,713191;11,35611;19,57552;13,16137;13,90855;12,07689;21,34864;17,36389;14,87211;13,39352;17,03229;0;16,83254;48,74678;4,046208;15,65251;15,08594;0;12,03814;20,56864;16,51926;14,87211;9,713191;12,40433;20,06104;26,503;15,08594;17,36389;5,33836;13,86318;6,404279;15,45563;16,46243;12,07689;15,47344;17,21854;4,046208;30,98569;8,74263;20,06104;19,84578;18,52574;12,88762;20,34807
"207";"1998-03-01";0;1,6842;19,21362;1,08522;1,578533;2,014616;3,273947;6,647746;5,112876;5,919398;5,068193;4,959991;10,71856;0;26,85516;5,412603;1,696855;6,914882;1,258599;6,496477;5,334808;0;0;6,499292;6,256674;6,799515;8,378832;5,489098;8,439268;1,944566;0;7,615012;2,595197;2,726917;0;1,376069;1,489919;1,126189;5,12471;5,375511;6,876778;5,69849;5,69849;5,416545;2,637124;42,81399;44,35472;37,69454;50,26921;34,89214;41,81581;35,08411;21,59836;33,68496;28,50433;30,91488;37,91287;47,42519;42,02144;15,53797;43,63083;7,559144;27,67156;32,16843;26,71566;28,57977;34,21316;36,37572;33,32738;25,92058;15,53797;35,55898;6,2018;48,705;30,591;5,60909;38,53688;27,7853;5,068193;22,34202;41,81581;25,10087;25,92058;7,559144;22,96823;43,63083;50,26921;27,7853;33,32738;2,89879;29,91702;2,637124;41,84539;29,26898;34,21316;28,76399;38,2645;5,60909;62,42263;6,230022;43,63083;42,02144;35,00959;11,71111;42,56598
"208";"1998-04-01";8,041487;5,804222;27,04527;9,460131;10,09326;8,455914;13,37498;12,91901;9,246135;10,7013;9,726246;10,66005;22,12742;8,940264;33,80886;15,37029;8,832528;11,71822;11,35748;24,39354;17,76699;11,62282;14,24853;17,19357;24,68592;11,89437;13,63577;12,36875;15,79238;8,294168;8,898363;14,87856;7,626846;10,93593;9,797915;12,14665;11,24814;15,66311;9,8885;9,879406;19,70543;9,65073;9,65073;11,16637;7,583399;24,40789;25,39277;34,11131;35,8161;13,94224;41,25994;19,08347;27,39901;36,42775;17,06098;17,3711;33,26204;40,57048;32,6705;29,77576;33,44917;11,75831;11,92253;17,7984;14,65787;17,76415;15,57691;18,56307;18,12784;18,58465;29,77576;22,94882;12,39908;34,12576;55,34919;11,33523;31,29694;20,07537;9,726246;12,87873;41,25994;36,80959;18,58465;11,75831;15,01424;33,44917;35,8161;20,07537;18,12784;9,120317;19,60295;7,583399;35,64522;15,18846;15,57691;35,31749;34,55091;11,33523;15,65138;10,03949;33,44917;32,6705;41,06604;17,58788;36,06046
"209";"1998-05-01";17,16712;13,43895;27,9937;22,65499;16,97892;16,39883;20,67962;14,61099;19,50348;14,08727;14,1033;15,65738;25,95942;16,60916;30,56976;21,13754;20,69822;12,62794;15,52549;16,26233;19,50083;20,60016;24,31006;16,1079;16,14886;13,29325;14,84131;12,66127;15,35056;16,56614;16,56528;22,25526;17,96496;18,11205;16,91094;16,95945;17,8758;19,65407;13,14869;14,48068;20,09805;13,82504;13,82504;14,61617;17,35472;17,59091;17,10311;27,6028;23,55589;21,09784;34,92675;25,81762;30,23829;28,79179;21,07327;27,06095;22,64199;26,85523;18,44254;24,85915;16,36443;19,82018;35,31172;29,34844;26,18291;12,77661;25,91955;26,38503;25,85426;30,88181;24,85915;17,17223;14,82751;22,4177;32,72913;10,66875;22,24493;12,73948;14,1033;23,74175;34,92675;30,66526;30,88181;19,82018;35,88005;16,36443;23,55589;12,73948;25,85426;17,68745;19,89098;17,35472;21,86383;27,35292;25,91955;29,35252;23,69204;10,66875;33,71144;17,54586;16,36443;18,44254;32,9106;25,82854;20,83347
"210";"1998-06-01";76,90986;63,3631;139,0382;71,16183;64,03613;61,2979;78,51012;54,95649;80,82505;38,7753;43,38693;90,8839;113,0322;69,46054;148,4069;68,51788;77,44894;42,85552;57,74148;103,9708;75,96882;73,85872;66,0891;49,03036;100,724;43,08902;45,00785;129,9074;61,3417;65,89301;84,10376;92,09602;67,04443;82,7366;61,25245;58,79703;69,59021;76,69611;80,86188;90,80002;65,60607;46,75535;46,75535;70,21085;92,41565;148,0952;149,0593;127,0863;190,0858;126,8259;164,1026;115,0385;143,8787;141,364;127,0946;116,1599;134,3924;142,2125;175,4019;125,7862;155,2757;103,3131;93,0644;112,1235;150,5039;79,57929;101,3695;111,296;106,1243;127,1274;125,7862;136,0649;53,72443;187,5764;135,8123;52,2551;147,6942;82,24324;43,38693;97,21019;164,1026;177,6891;127,1274;103,3131;114,2255;155,2757;190,0858;82,24324;106,1243;92,54365;115,012;92,41565;180,3145;96,56285;101,3695;153,9018;132,5143;52,2551;119,7823;87,10326;155,2757;175,4019;171,8954;109,0301;177,8451
"211";"1998-07-01";133,6702;109,6627;296,9371;104,6793;107,4884;104,4264;106,56;135,5994;171,9846;92,9616;90,50339;263,2625;252,0366;116,0493;310,3567;96,72353;122,1855;81,79224;93,01354;76,77086;83,15912;61,41195;62,14249;62,84314;71,96913;63,41019;104,5196;90,44691;160,2945;126,5577;137,6582;205,5531;140,8401;152,6264;99,06674;98,84241;112,4201;81,02313;55,10706;64,98529;88,44942;60,32801;60,32801;53,39677;229,9306;329,1975;262,7435;417,8416;274,7365;378,6049;481,5042;506,8334;370,4086;352,9253;587,8958;379,5017;357,3994;439,4924;297,9259;284,4182;272,3235;232,0976;416,7424;483,7141;438,1635;196,8724;349,2941;435,7945;421,1182;414,4648;284,4182;345,3456;115,4403;366,3577;397,9063;95,09136;367,3777;207,5537;90,50339;538,3448;481,5042;352,9383;414,4648;232,0976;453,39;272,3235;274,7365;207,5537;421,1182;211,7771;397,7069;229,9306;383,511;382,0043;349,2941;318,0195;479,2234;95,09136;459,9538;421,5704;272,3235;297,9259;415,5109;249,0335;340,8323
"212";"1998-08-01";82,75884;80,36533;196,3033;71,26178;74,77438;64,48186;105,9244;75,6032;86,95963;54,81287;66,24522;139,543;129,6017;83,52641;209,1049;98,08551;69,32433;48,48922;74,97299;137,0393;100,4714;93,56754;79,18053;52,98714;129,0497;52,04406;67,57191;140,9158;79,18044;70,7444;95,44498;99,7691;77,19308;72,89294;78,12959;84,54861;83,35599;97,24611;82,64496;90,99828;98,48004;62,83821;62,83821;83,74667;115,1413;152,0781;147,7265;269,0374;191,3114;152,7837;255,9986;207,9774;193,7534;218,7486;239,0691;170,5246;219,5749;238,5404;114,1759;133,0133;96,99168;123,6882;170,5022;201,8929;220,6427;108,9097;167,2364;171,3428;182,2334;174,4599;133,0133;149,5353;86,68227;255,8602;220,5835;84,54179;230,7213;110,9248;66,24522;221,9371;255,9986;213,7612;174,4599;123,6882;186,4151;96,99168;191,3114;110,9248;182,2334;105,9378;180,3606;115,1413;256,7407;179,4478;167,2364;217,0839;233,9886;84,54179;194,3304;182,959;96,99168;114,1759;261,6492;137,0363;171,9601
"213";"1998-09-01";230,0859;230,4897;471,4002;181,9423;219,2966;195,2598;359,7107;210,7214;275,8477;179,3167;177,0337;422,6121;369,7014;273,4916;508,287;212,0998;216,4763;174,2831;218,6676;298,3601;239,4396;278,4945;208,5751;140,2433;284,6578;155,6499;171,1073;419,2359;223,9882;211,0947;293,2163;341,4677;237,8318;242,3497;254,8857;289,7821;239,2133;285,7041;209,2138;257,5494;229,667;189,758;189,758;180,7544;339,2881;457,7376;461,4405;603,465;533,028;447,2113;558,3281;675,5657;609,0142;626,286;668,1627;493,1567;653,6499;546,8613;473,8307;495,4471;404,4908;407,5677;603,7262;614,6462;585,2287;310,7385;512,3563;460,11;560,2763;509,7452;495,4471;500,13;198,0518;600,9355;612,1821;192,187;574,8166;319,0987;177,0337;694,5334;558,3281;535,7656;509,7452;407,5677;692,6542;404,4908;533,028;319,0987;560,2763;291,3185;457,1777;339,2881;629,2824;515,7383;512,3563;507,3572;570,7736;192,187;586,3046;614,0732;404,4908;473,8307;620,2831;393,3372;636,1893
"214";"1998-10-01";81,21761;89,34991;248,2085;42,42251;62,01492;55,92313;67,30341;112,8581;106,5055;72,70661;96,37997;93,84042;159,1071;56,01291;251,9564;67,4529;55,43484;54,875;64,06804;44,16498;60,25434;36,60771;46,49818;58,23392;45,45954;60,3672;90,09487;94,00233;101,7787;70,92202;72,00944;134,556;88,58134;95,48882;51,80639;38,71138;55,22601;43,36581;68,18468;77,18481;89,89973;66,11783;66,11783;45,47624;113,2383;260,7396;206,6269;214,1625;210,9414;245,9389;243,3234;276,7309;210,2873;215,9342;147,9076;234,7901;218,9955;239,457;197,3318;276,2581;156,3841;133,0347;302,6353;242,7633;293,5125;178,8423;273,3777;313,8139;257,5591;232,1031;276,2581;251,2039;133,4274;295,1304;174,5746;117,9236;195,2287;177,1937;96,37997;231,7139;243,3234;259,1085;232,1031;133,0347;288,4184;156,3841;210,9414;177,1937;257,5591;110,9149;275,6634;113,2383;294,8484;244,7871;273,3777;239,1384;194,7095;117,9236;375,6092;208,6122;156,3841;197,3318;263,0002;182,4227;258,6321
"215";"1998-11-01";39,06881;20,07625;86,22613;8,83135;18,74441;25,99566;35,33712;26,10092;39,85873;21,80846;19,0099;68,6742;51,88007;38,38266;118,3872;26,98344;16,28641;18,16871;20,01345;41,18133;36,09597;29,99252;27,63927;17,0565;30,73339;13,09298;21,59392;39,52534;27,42575;23,85438;65,57327;50,23943;31,29522;28,23693;34,20937;37,22601;24,58075;30,11527;15,69576;21,13261;32,16674;18,20407;18,20407;13,52378;43,78671;99,62743;116,3112;81,11797;106,1262;63,94014;96,73143;140,7227;118,3316;99,64423;89,19298;90,88251;93,34184;92,6162;108,2057;113,844;85,36059;65,23466;121,3095;177,2148;96,1748;67,25166;92,39323;93,16108;147,7681;93,90452;113,844;101,3117;25,3956;147,4327;150,5889;28,38878;100,5883;79,2094;19,0099;127,5007;96,73143;137,5267;93,90452;65,23466;131,3744;85,36059;106,1262;79,2094;147,7681;41,07592;115,9166;43,78671;157,8286;120,391;92,39323;114,9269;99,78893;28,38878;135,3787;94,50794;85,36059;108,2057;136,525;89,78779;176,038
"216";"1998-12-01";8,202799;5,324398;26,27443;0;5,885237;6,224204;8,221882;11,516;12,73114;10,95238;10,2972;15,75322;20,45894;8,094928;32,61208;6,403131;0;7,601319;5,877783;9,411261;7,552197;6,156527;0;0;8,095539;7,354767;8,9105;7,524871;11,37112;6,747591;8,478193;20,32427;9,094046;11,65188;6,659804;7,470114;5,019628;7,001594;5,134044;6,468203;7,777559;7,253218;7,253218;0;12,60199;24,37119;24,63738;41,46203;29,1162;25,93621;44,75927;33,06344;43,00861;38,7733;21,2402;30,5144;36,69613;39,67937;25,67971;29,63383;20,4089;17,65609;46,78984;27,60556;33,44606;14,96673;30,03052;29,57276;26,56348;33,2893;29,63383;26,79514;10,20572;43,11237;63,01163;11,38631;36,74339;15,89217;10,2972;28,36301;44,75927;31,94685;33,2893;17,65609;41,56853;20,4089;29,1162;15,89217;26,56348;11,71465;26,22523;12,60199;46,45457;27,22572;30,03052;29,79131;38,78359;11,38631;35,93989;17,58264;20,4089;25,67971;45,85487;27,13929;31,65006
"217";"1999-01-01";5,328637;5,199649;21,57975;0;0;0;7,352092;8,040335;7,994495;5,821199;5,089841;15,58349;15,38324;6,517986;28,53605;5,398585;4,343765;5,417782;0;7,37898;5,891376;5,854299;0;6,445824;6,796891;5,030607;6,717471;8,427305;8,417273;0;8,083337;13,18263;6,036146;8,644488;6,405867;6,838311;0;5,603818;0;5,875662;6,736694;5,788771;5,788771;0;8,352533;40,64854;41,83313;29,84407;46,71919;27,0583;28,94867;26,6538;29,99806;30,09076;18,74364;19,16221;28,64311;26,99131;38,63321;28,86267;40,91701;12,94032;35,82306;24,35518;24,49307;32,81438;33,56113;36,57027;21,02882;21,86884;28,86267;34,31603;7,588402;42,34195;44,43039;6,216147;30,23991;35,02689;5,089841;21,4262;28,94867;34,45673;21,86884;12,94032;34,14099;40,91701;46,71919;35,02689;21,02882;7,925336;26,23519;8,352533;39,84129;21,6125;33,56113;29,7817;30,04112;6,216147;28,43582;15,49547;40,91701;38,63321;37,95622;19,29958;41,90285
"218";"1999-02-01";5,495241;4,347687;15,01902;0,7563969;3,705187;3,76123;6,921272;4,334065;11,49222;4,817302;3,690015;15,69484;11,17246;5,36196;17,0522;5,9463;2,487921;6,209726;3,334686;7,137254;5,993812;5,589607;4,276366;7,829648;5,674824;4,570584;5,802206;10,68787;6,367815;4,184104;7,441053;15,05136;6,926355;8,216418;5,680296;5,61333;3,44161;4,29742;5,157311;5,630566;6,72969;5,432148;5,432148;3,531541;10,64375;14,89506;18,18133;22,52134;24,6745;25,12499;31,08444;40,89363;27,57334;23,42415;22,47899;21,33969;24,28784;29,06769;18,29119;18,15711;18,44507;15,1112;23,28983;34,21621;23,52031;13,54333;23,13745;28,48102;31,49337;19,94626;18,15711;14,24045;5,050128;16,69856;77,44261;4,839593;21,20613;14,66077;3,690015;25,05091;31,08444;17,99518;19,94626;15,1112;23,53382;18,44507;24,6745;14,66077;31,49337;8,445484;21,03062;10,64375;16,09517;29,84188;23,13745;16,66053;22,40361;4,839593;43,42056;20,56742;18,44507;18,29119;18,56121;21,25067;19,73452
"219";"1999-03-01";5,747705;4,942575;26,29904;11,22155;10,74134;9,001915;5,921478;13,10224;12,76688;14,97954;12,95608;9,434355;17,87437;8,151383;32,17582;14,81036;11,6198;19,24394;10,3117;27,33127;16,93719;9,312822;6,248092;16,44677;27,25334;21,25055;17,13393;24,734;14,48333;11,21956;5,572021;14,7991;11,57099;13,09307;6,219907;7,182574;11,31138;11,20951;18,31336;18,24543;19,13956;16,95343;16,95343;18,32598;9,394913;37,30124;43,93214;29,4283;49,70277;32,68859;43,49627;53,1062;27,63689;39,42564;40,58538;35,67815;41,78479;45,72725;37,15226;24,29012;39,60494;17,88889;38,91087;49,15156;35,45058;27,19422;35,13646;35,00661;48,37143;33,49562;24,29012;28,3448;13,37252;51,54747;39,59312;13,43936;39,04431;27,04377;12,95608;28,81604;43,49627;39,78682;33,49562;17,88889;36,31697;39,60494;49,70277;27,04377;48,37143;9,211361;23,2559;9,394913;43,52041;41,33479;35,13646;35,94201;35,50979;13,43936;82,452;13,07489;39,60494;37,15226;50,45574;21,60887;38,54134
"220";"1999-04-01";14,97253;9,406563;59,03224;19,82549;19,00134;12,31388;12,89657;27,53185;19,30246;30,03051;24,65147;20,39185;48,90957;12,90628;63,53493;30,74786;19,09573;33,38344;20,9616;25,81569;30,34045;11,62823;12,00212;28,60061;25,99003;33,51117;35,01903;58,23532;36,30623;15,03009;15,47236;25,42714;15,24794;23,87895;11,33237;13,74644;21,31915;22,73346;35,36122;36,97446;27,06509;35,8508;35,8508;29,6935;19,40635;60,28703;59,59306;90,71346;79,05694;56,79065;77,44913;92,17458;68,84456;73,17637;68,83549;56,11657;73,62654;78,63913;66,22133;43,19998;66,75471;28,9816;48,16106;80,93028;51,98055;35,99913;56,83363;77,32995;80,91592;53,29581;43,19998;63,12145;22,67018;72,18269;75,44366;26,72317;79,75795;38,59405;24,65147;56,36825;77,44913;62,36675;53,29581;28,9816;49,61033;66,75471;79,05694;38,59405;80,91592;22,03975;62,90842;19,40635;77,6675;68,64095;56,83363;62,16806;82,63364;26,72317;56,94899;31,8562;66,75471;66,22133;65,47665;36,68134;72,242
"221";"1999-05-01";53,61689;45,09624;78,32942;75,50519;55,93975;51,72535;53,07686;41,42527;57,91283;43,45779;46,2756;47,1001;71,79138;57,10619;82,95604;61,38101;58,33488;48,42341;53,96997;60,05047;66,47466;55,16986;59,25734;43,63967;59,34103;48,51115;43,55807;42,04729;42,42802;54,11847;60,38889;52,15212;54,85323;48,1524;55,34063;53,52346;61,50555;64,1378;40,61345;44,46991;61,12568;47,05245;47,05245;53,79117;54,62181;75,92484;80,78933;118,4902;89,45171;53,87135;75,03295;79,73219;69,123;83,03284;70,61911;60,94111;80,82597;66,62654;82,85663;87,40189;74,95489;60,98053;98,7504;79,26918;58,60811;49,02772;83,83316;81,2362;79,91193;62,19477;87,40189;73,24529;36,24905;99,11852;83,0756;36,39608;73,51231;50,27731;46,2756;80,99823;75,03295;85,57322;62,19477;60,98053;85,21638;74,95489;89,45171;50,27731;79,91193;55,04739;68,76612;54,62181;88,03927;87,82568;83,83316;80,58116;93,97462;36,39608;119,3305;52,9781;74,95489;82,85663;96,60026;70,9445;108,496
"222";"1999-06-01";63,56177;66,90862;216,3049;67,55728;63,9847;73,4778;91,3818;75,99296;103,7254;51,68279;47,79573;131,8765;169,5139;85,47829;234,6262;58,96768;77,29267;52,42658;59,46581;84,23177;53,6691;73,02171;56,88784;61,62509;80,07381;55,92499;67,85421;58,89653;85,42528;75,00592;81,67509;113,2069;83,51154;82,01768;69,16783;67,20662;71,04111;63,21342;45,49786;48,86044;51,87668;38,00674;38,00674;51,43429;94,70605;296,9945;237,3602;257,145;266,5676;259,9418;382,4032;357,4793;273,9803;311,2487;395,0956;262,7109;300,1674;338,8304;224,3115;194,9111;219,4349;112,7094;278,6573;329,805;287,3019;167,8002;277,0999;267,4112;314,1139;274,3745;194,9111;286,6371;72,95897;315,4736;305,2699;52,53097;260,7375;165,7246;47,79573;304,7556;382,4032;238,5452;274,3745;112,7094;323,4695;219,4349;266,5676;165,7246;314,1139;89,68632;284,3887;94,70605;320,2631;280,5982;277,0999;230,289;299,7278;52,53097;290,4304;200,2003;219,4349;224,3115;273,2914;137,5296;245,1393
"223";"1999-07-01";124,8911;118,6142;465,7144;113,3113;113,1184;105,4017;170,7246;190,2638;166,9132;138,3717;113,7421;257,3436;349,8474;144,853;467,4914;127,6968;118,9573;124,8041;107,8774;148,9913;144,7267;121,7922;134,8722;89,87975;140,3337;103,9764;140,4926;185,7567;186,8805;118,3777;160,56;208,001;135,7444;140,8403;129,1174;138,822;122,1548;111,434;113,4459;129,5326;130,1032;86,78725;86,78725;108,1266;184,9899;458,1018;399,3239;519,0789;365,4568;438,685;537,9245;655,7383;455,7378;499,265;651,0673;490,4238;528,3241;513,6467;432,0529;408,7737;422,6808;254,1173;570,52;678,8138;597,3093;375,9572;518,2197;606,6085;628,2435;507,6956;408,7737;493,2395;166,0701;466,8026;511,4229;121,2287;472,4959;372,5298;113,7421;545,7942;537,9245;481,6577;507,6956;254,1173;591,2192;422,6808;365,4568;372,5298;628,2435;168,8754;650,1909;184,9899;472,4778;576,4074;518,2197;458,1689;526,9867;121,2287;645,9636;382,7;422,6808;432,0529;500,6614;293,0618;492,4999
"224";"1999-08-01";128,0613;86,55107;289,7982;94,88131;120,8427;120,0837;123,6848;119,3907;148,1492;99,20135;75,23028;232,3388;233,2999;121,6543;298,8644;133,7244;104,8247;100,4639;118,1765;221,5411;176,0979;148,9113;89,10313;84,38165;206,6933;102,9447;97,89806;134,9302;139,1541;115,6994;140,1571;176,2006;126,7281;116,8279;106,3657;128,732;132,9235;155,5256;72,59496;77,45757;156,1822;82,54449;82,54449;107,9287;172,1865;342,615;253,7069;391,6848;318,8436;373,4381;368,2827;583,0409;328,0572;313,9556;509,4085;387,2684;314,6252;338,6709;248,8298;262,7291;184,5415;213,8086;359,1342;558,2012;494,5492;171,2607;413,6307;391,4268;510,7078;397,8284;262,7291;340,4227;118,7111;431,9508;311,5036;90,78995;378,0623;175,7342;75,23028;448,3025;368,2827;327,8137;397,8284;213,8086;397,7413;184,5415;318,8436;175,7342;510,7078;162,4592;374,0435;172,1865;413,4802;504,564;413,6307;301,5697;311,0389;90,78995;466,6544;342,7352;184,5415;248,8298;333,4009;212,1905;327,9151
"225";"1999-09-01";116,2538;99,48234;253,9768;67,13667;77,75885;73,03322;129,4677;122,6356;125,4635;89,84219;88,85928;257,1976;191,5354;113,4244;268,6504;97,3968;93,33928;88,41924;73,27634;126,2855;103,478;85,66017;71,42837;63,38702;117,7365;77,29202;97,18825;178,7819;120,8412;90,43383;140,1811;179,2373;102,9372;112,5118;96,97768;116,1252;84,69107;82,62878;97,67524;122,5647;94,48087;84,88904;84,88904;89,98853;196,6715;243,822;240,6792;344,5454;255,6878;416,0616;338,4983;669,534;377,6064;290,1846;691,8463;428,3809;294,8917;329,6159;242,9398;263,8253;206,1819;221,5405;506,6504;719,2352;414,1888;191,2022;456,6246;423,9951;629,7859;416,8881;263,8253;273,0343;108,9488;284,6694;355,764;88,24277;293,6599;189,8183;88,85928;562,9947;338,4983;265,0582;416,8881;221,5405;545,9287;206,1819;255,6878;189,8183;629,7859;168,7008;421,8355;196,6715;282,6866;561,8043;456,6246;259,9576;361,8443;88,24277;665,5617;388,6938;206,1819;242,9398;296,5844;233,0821;280,8752
"226";"1999-10-01";105,1777;96,39809;348,8051;70,23422;95,57299;97,47943;114,64;231,547;124,2706;211,861;213,1843;128,1391;321,433;101,5014;317,6543;104,0396;89,43989;178,6191;103,257;114,3335;113,869;85,73029;90,32439;110,8942;114,8034;171,8578;207,8995;207,9322;231,2984;95,59687;100,0299;149,0051;106,0224;128,1725;90,82175;92,59212;94,84751;96,96773;166,0339;179,1675;150,3164;228,992;228,992;136,9933;129,6349;266,4178;271,5448;258,9003;297,2882;270,8235;282,1452;333,013;237,8227;302,4445;260,2791;234,2155;272,43;248,2694;267,7836;362,7774;211,1431;149,5528;283,1152;260,4316;256,7773;218,8829;272,4717;261,243;272,0555;233,9772;362,7774;248,7419;214,0765;306,7597;291,0109;223,2285;266,5163;225,3428;213,1843;248,2459;282,1452;324,4668;233,9772;149,5528;271,3971;211,1431;297,2882;225,3428;272,0555;126,488;215,3452;129,6349;303,1775;253,2212;272,4717;301,6967;265,2036;223,2285;342,6223;176,2152;211,1431;267,7836;341,8042;172,9947;311,4814
"227";"1999-11-01";10,48628;7,967669;47,17027;4,238444;8,051926;8,56756;17,13479;21,6207;14,81148;16,42471;12,06899;44,19334;51,41183;14,14741;62,53793;13,00325;6,763447;12,81697;8,750209;22,75338;15,72892;12,15834;6,834556;8,487706;16,86304;10,02298;12,72126;33,50532;17,79066;9,438867;19,70283;25,33303;10,88758;11,07999;12,64034;14,72457;11,62589;13,21877;11,7049;15,77417;15,79802;16,50098;16,50098;10,65572;22,28093;38,06638;64,02776;53,41619;72,2568;45,67038;58,29749;111,6613;72,76167;75,34518;58,9822;58,85985;72,6972;50,91301;65,00746;57,90526;38,22612;31,77334;86,11861;113,948;77,23759;37,24585;90,99584;76,34072;93,45412;56,61089;57,90526;41,02819;20,6925;67,7425;98,08157;20,76764;75,70358;39,28529;12,06899;104,925;58,29749;64,40912;56,61089;31,77334;89,28716;38,22612;72,2568;39,28529;93,45412;18,09151;81,21212;22,28093;76,10886;73,39911;90,99584;57,14015;45,17206;20,76764;115,7768;66,70483;38,22612;65,00746;83,39552;42,1302;87,74113
"228";"1999-12-01";6,625524;0;25,70601;0,9245475;5,785402;5,744006;7,627086;12,26821;11,01571;9,906269;9,572748;18,78367;25,77599;8,144252;31,24231;7,69021;2,368086;10,86503;5,317852;9,131484;9,58087;8,792619;3,055656;4,442504;7,026633;9,856512;10,10178;13,29296;11,95552;7,077987;7,262686;15,0992;8,012762;10,10475;6,899822;8,720751;4,576876;9,128766;6,340559;8,283526;7,769214;10,57441;10,57441;5,814934;14,1749;22,68034;25,17033;36,02744;30,37764;37,90105;48,87141;40,56029;32,60495;38,88147;29,87773;35,20692;38,61658;45,70174;28,49051;55,14828;23,61182;15,61447;49,3545;39,8581;29,81583;17,15931;29,85634;48,89401;35,32683;34,42666;55,14828;20,04584;14,49198;35,20545;58,35128;13,80569;24,34333;19,20547;9,572748;47,82225;48,87141;33,14677;34,42666;15,61447;42,20617;23,61182;30,37764;19,20547;35,32683;12,00913;33,49067;14,1749;34,59417;33,29853;29,85634;29,2258;42,88216;13,80569;49,25623;28,80105;23,61182;28,49051;39,18949;20,19004;33,64073
"229";"2000-01-01";5,767295;5,874859;22,42799;0;0;0;7,718337;8,201418;9,130674;5,918053;5,221201;17,48495;15,67742;6,714596;30,20832;5,239771;0;5,490169;0;7,362768;5,816386;5,887679;0;6,336792;6,794483;5,100681;6,678581;9,07506;8,459715;0;8,734484;15,48199;6,642556;8,146071;6,52963;6,912851;0;5,613449;0;6,064028;6,644873;5,778017;5,778017;0;9,562864;34,47851;31,25159;43,76337;33,30236;23,11729;41,33342;30,98596;39,27431;41,33424;24,2037;25,4895;41,22707;40,16805;26,23532;27,9284;26,29156;15,10796;28,18977;28,66703;30,09745;25,61134;27,17447;32,2996;25,62111;28,69152;27,9284;39,6831;8,116053;37,89494;57,43538;6,843436;39,66299;24,49212;5,221201;22,6692;41,33342;33,11386;28,69152;15,10796;30,33306;26,29156;33,30236;24,49212;25,62111;9,103559;43,58817;9,562864;40,03797;27,41731;27,17447;29,69382;45,6554;6,843436;37,29104;16,83137;26,29156;26,23532;34,29573;23,0205;30,95404
"230";"2000-02-01";4,498612;3,037981;26,00095;1,148771;3,756184;3,564255;4,6687;6,788942;9,926276;6,016211;4,600628;9,447634;17,8514;4,386784;31,37901;6,314136;2,717405;7,873959;3,322326;7,779713;6,284778;5,695586;3,588018;8,818159;6,600966;5,764928;8,559811;12,91473;10,17421;3,807883;5,887407;14,51542;6,070497;7,749813;4,611939;5,193357;3,66096;4,226808;6,094523;6,642206;7,333537;6,254088;6,254088;4,21588;7,738142;27,3203;31,73202;38,60683;42,3143;24,13002;40,17734;33,77127;31,35112;36,64105;33,80602;24,66335;36,48598;36,86584;27,71052;24,51418;25,4564;12,58273;22,25946;35,91183;25,33229;17,06599;23,38313;30,6872;30,33321;24,26221;24,51418;26,23672;6,535137;35,33107;89,15944;5,887015;34,47337;16,84681;4,600628;24,91213;40,17734;33,46448;24,26221;12,58273;24,56014;25,4564;42,3143;16,84681;30,33321;6,496687;22,57316;7,738142;32,1362;27,03085;23,38313;31,89933;34,09883;5,887015;43,9707;14,56418;25,4564;27,71052;35,37308;22,14297;31,16811
"231";"2000-03-01";4,824384;4,591277;32,2777;5,98963;5,94032;6,840276;5,245208;14,73242;9,489024;15,71681;13,34038;8,664849;21,34576;4,00873;37,9447;10,83541;7,690852;21,47112;4,992086;12,45757;9,95282;6,346436;2,834846;15,0778;11,66173;17,554;21,10658;15,51068;18,50315;6,493165;4,301384;14,10016;7,490385;9,254638;4,161222;4,449976;6,151112;4,938032;11,70316;12,80529;14,75831;16,54964;16,54964;11,63622;8,452597;47,31813;49,95849;47,3633;52,70218;53,91192;65,15441;73,0191;41,17981;51,00747;62,86079;51,34338;50,92559;67,31942;42,2515;22,89807;45,23222;13,24003;53,46719;59,07429;48,66167;31,19874;68,93957;64,11877;67,76176;47,55606;22,89807;39,37598;13,0282;53,96745;49,98803;12,79039;46,39639;30,02986;13,34038;43,66275;65,15441;36,01824;47,55606;13,24003;45,58595;45,23222;52,70218;30,02986;67,76176;8,113901;39,57535;8,452597;49,42866;57,5453;68,93957;40,08791;49,90499;12,79039;115,6285;12,64921;45,23222;42,2515;42,14072;23,18919;44,19856
"232";"2000-04-01";15,45656;17,81346;47,47559;15,13273;14,31475;11,81686;27,62556;25,65535;19,28473;23,12401;21,74323;30,10871;42,20544;13,05564;51,46035;22,56716;16,81964;24,86075;14,69435;27,87056;22,93346;12,32138;15,45467;21,96472;28,93066;25,51387;26,71623;28,12575;29,73891;14,04297;15,22536;31,22497;14,87388;22,32513;12,46014;14,42517;16,01257;16,61014;22,68677;22,71039;23,64405;23,77013;23,77013;27,44458;19,0377;54,95422;57,45828;68,93658;65,98998;29,00113;53,43083;38,26269;51,50079;56,42702;34,72767;37,25665;62,46853;55,18272;57,2608;46,23613;65,97383;21,37887;28,25556;33,6516;30,30946;43,60513;33,58222;35,97429;38,42966;36,17181;46,23613;46,53058;21,81192;66,86617;82,14705;21,86953;57,6496;43,06535;21,74323;35,498;53,43083;60,59509;36,17181;21,37887;33,4758;65,97383;65,98998;43,06535;38,42966;19,10303;43,41306;19,0377;69,50946;31,24868;33,58222;55,4734;72,63842;21,86953;29,78475;30,49079;65,97383;57,2608;63,30607;38,17237;58,62502
"233";"2000-05-01";124,9669;96,44995;166,1329;142,4596;110,8196;109,5671;117,5544;66,96175;144,2365;67,93585;70,7802;139,771;152,1629;112,8709;185,6308;113,4727;136,6978;61,67058;101,2535;82,16831;97,28352;83,8633;101,3763;79,18609;80,56312;64,75137;70,51925;84,69006;69,61596;116,1665;110,4937;145,5163;127,3269;126,3069;103,8355;106,3666;112,564;113,095;77,63786;85,04092;102,7736;73,44915;73,44915;85,04649;132,9508;195,0793;174,7705;306,405;208,2998;204,5711;251,4797;287,0079;228,6871;214,7894;271,3;228,6311;251,0914;248,7264;190,0874;142,5624;174,4085;147,5127;332,5525;275,4685;209,047;138,9568;249,0295;256,9048;293,3009;219,6082;142,5624;197,2734;66,13865;244,1701;203,2569;62,61835;234,0343;143,0532;70,7802;225,1481;251,4797;177,31;219,6082;147,5127;272,1973;174,4085;208,2998;143,0532;293,3009;128,1121;207,0445;132,9508;242,1011;290,573;249,0295;179,1236;264,9702;62,61835;331,2569;172,6762;174,4085;190,0874;210,0296;186,1967;210,0001
"234";"2000-06-01";102,5114;92,96127;289,113;112,1056;100,1541;99,80635;143,4615;128,1785;144,1603;96,69969;86,07386;147,8695;224,7019;112,6237;292,7624;115,7547;119,3634;102,3412;90,41515;163,321;119,3197;134,6558;121,6446;89,04325;163,3513;103,2236;107,2168;164,5371;132,4557;104,6924;124,937;168,3368;120,6538;136,1025;105,2943;110,2148;112,7349;112,0212;118,1448;128,6722;116,4031;86,97591;86,97591;123,1494;133,6866;455,7415;465,3565;373,6254;510,9183;373,4691;434,0018;538,5784;335,7067;360,2171;545,8779;366,7514;370,2317;418,4191;428,6558;266,9086;422,3209;177,048;355,0121;565,8815;464,3214;333,4895;413,9076;446,5875;543,3676;375,6068;266,9086;420,4702;109,1525;425,3853;306,2921;93,56337;378,7631;333,7471;86,07386;418,8034;434,0018;328,166;375,6068;177,048;410,7867;422,3209;510,9183;333,7471;543,3676;141,8908;409,4049;133,6866;434,4387;477,7587;413,9076;296,1767;410,1325;93,56337;520,7885;230,4442;422,3209;428,6558;353,2999;221,7163;399,4904
"235";"2000-07-01";24,05965;21,49326;152,1893;25,51546;23,15499;22,75806;27,28513;60,17531;43,96854;35,07745;29,06375;49,60964;118,1378;22,01729;167,9748;29,49197;33,55697;28,85534;17,70906;34,32687;26,21798;22,42535;20,27497;22,50947;32,90869;21,98277;42,27438;58,10585;61,77002;25,84245;26,7611;60,18502;31,95568;41,63808;19,99333;22,45502;27,05574;23,52806;32,85397;40,18876;25,64056;23,80361;23,80361;27,55631;38,37619;165,4072;144,5922;240,4929;138,0788;182,5251;244,748;277,158;173,6097;215,0904;335,5954;194,6095;226,8703;235,4005;147,4712;154,6766;124,7583;57,90734;228,9219;301,0778;185,9833;125,3991;202,1555;212,0853;257,121;177,5108;154,6766;179,795;49,58321;182,1994;185,4649;37,73222;206,6845;123,1534;29,06375;220,2971;244,748;185,7271;177,5108;57,90734;196,1463;124,7583;138,0788;123,1534;257,121;37,13274;205,8942;38,37619;189,9854;225,6536;202,1555;171,7128;235,238;37,73222;251,1282;99,96371;124,7583;147,4712;194,9704;85,65147;178,5174
"236";"2000-08-01";97,76482;83,89739;375,5663;88,31593;87,32092;85,22936;105,9251;162,9725;148,5123;115,9081;109,8843;167,0977;288,1019;99,13507;410,2959;101,1374;111,7413;93,77776;76,89;107,8014;98,31163;71,35123;62,72643;94,51053;99,67771;76,1252;134,2478;130,3917;168,0411;94,3307;107,384;173,7974;115,3965;130,1346;78,311;84,10829;96,35922;78,97723;85,17546;97,97607;101,3429;87,26344;87,26344;81,578;144,5941;377,8644;395,041;454,8934;443,5865;404,4435;454,6186;618,8135;373,812;435,3254;761,2966;392,5942;433,7553;440,254;395,0436;398,4509;329,5423;196,2282;457,9042;654,8911;446,7976;282,8834;453,0875;456,2779;584,6448;386,2667;398,4509;396,0469;161,7103;530,3574;413,8695;133,1663;459,9972;291,2396;109,8843;482,3241;454,6186;423,7359;386,2667;196,2282;465,4529;329,5423;443,5865;291,2396;584,6448;132,6499;433,5396;144,5941;545,7819;564,826;453,0875;405,3052;454,837;133,1663;545,2523;263,8249;329,5423;395,0436;472,9665;229,6904;454,8502
"237";"2000-09-01";102,3548;84,57201;245,6169;82,00216;86,47218;91,03533;128,2684;91,17101;111,1834;71,59675;67,18595;134,1538;189,5588;127,6116;282,2899;96,45599;90,33876;65,34761;83,67211;100,8006;94,48219;110,7165;96,06097;54,16224;89,73256;51,89208;80,77425;149,5372;96,37051;90,24025;125,3331;137,5991;102,3098;99,65349;119,1734;115,2431;90,58768;112,8597;64,89518;84,56691;85,17455;69,84004;69,84004;63,62199;117,9552;225,7289;200,4543;290,5603;235,6708;236,4086;286,6471;302,5068;264,2017;275,941;350,3063;242,6531;272,4382;288,9813;194,62;195,3772;156,7652;133,9144;267,7708;339,2081;245,8296;133,8792;235,2833;219,156;272,2592;238,8679;195,3772;251,308;80,22508;295,3439;271,862;77,58195;284,2515;133,6796;67,18595;310,7112;286,6471;281,4997;238,8679;133,9144;271,6012;156,7652;235,6708;133,6796;272,2592;108,5887;199,6605;117,9552;331,2305;234,6266;235,2833;271,2989;294,1389;77,58195;308,7276;194,3502;156,7652;194,62;294,4021;162,542;222,2324
"238";"2000-10-01";36,92031;28,41758;126,6398;18,5533;24,46441;27,5189;24,53019;54,73925;50,27708;38,91286;38,62584;66,39094;105,2899;25,68055;137,4429;27,97756;25,80822;27,49439;23,42837;31,48203;29,26443;19,85847;16,73459;26,11259;30,90381;30,67676;46,99815;44,7478;59,89934;29,92475;27,50975;64,42992;35,58112;45,85428;20,66228;22,79513;23,78115;21,32728;31,2713;34,34961;34,24249;33,16518;33,16518;26,74005;56,6563;140,0932;130,2252;156,3558;140,2433;210,1004;174,015;247,4431;153,6225;169,7243;231,7143;187,3239;162,5454;160,0009;118,1625;121,0593;91,16055;70,69928;246,8192;189,8246;184,8516;101,2464;206,9117;191,4002;199,9419;171,7714;121,0593;135,7687;53,70271;140,2233;165,4462;42,34773;151,3296;103,7328;38,62584;215,1378;174,015;120,6467;171,7714;70,69928;213,837;91,16055;140,2433;103,7328;199,9419;55,94312;142,4731;56,6563;150,4134;177,1539;206,9117;121,1833;163,2394;42,34773;230,9051;143,0429;91,16055;118,1625;136,4142;98,76131;129,2712
"239";"2000-11-01";13,92105;10,70064;76,20956;0;7,212984;8,126134;14,81378;21,33998;21,25162;19,92611;15,46114;50,74266;56,34277;13,39967;94,66154;12,67252;8,530008;18,57566;7,311835;17,83446;13,43476;10,16546;7,33023;9,09469;13,44552;12,12274;17,46943;58,3604;24,38872;9,970718;19,45619;30,86731;14,0181;15,50222;11,28112;12,62582;10,16441;11,11259;19,34459;30,23466;13,82059;20,85486;20,85486;14,6404;26,49738;82,28765;82,19385;55,97383;83,91357;59,73571;86,99178;149,3935;93,62037;84,83743;86,57465;77,71732;73,30914;77,73056;76,8513;77,07687;64,88955;42,97609;113,5626;144,5922;92,65882;56,14376;87,8111;90,284;130,86;76,84351;77,07687;74,92027;22,74738;100,9879;121,09;24,44964;81,28604;62,45118;15,46114;113,4905;86,99178;101,553;76,84351;42,97609;121,9376;64,88955;83,91357;62,45118;130,86;24,39462;91,86606;26,49738;114,9196;106,6343;87,8111;91,70335;72,54404;24,44964;132,9926;65,82977;64,88955;76,8513;95,0531;53,24934;99,44749
"240";"2000-12-01";10,11389;6,144687;44,94258;0;7,484256;7,956526;9,082928;18,59945;14,82165;13,41211;13,58221;20,61903;36,19127;9,982029;59,62458;7,86781;0;13,9531;7,258813;9,264146;9,086552;8,528881;3,705032;7,399278;8,631732;11,49761;14,28457;18,72844;18,75548;7,992488;7,95562;23,09257;10,54929;13,28656;8,454987;9,342098;6,126242;8,775404;10,14133;14,60421;10,00492;14,42221;14,42221;7,735569;14,86802;47,50172;52,62109;68,1371;63,54718;46,0728;64,13814;65,03244;55,61222;60,1277;44,28245;47,32048;56,44606;68,5846;55,70898;55,80924;46,44397;22,11751;79,41167;56,18264;43,08011;39,81734;53,48782;58,03032;53,42405;43,03137;55,80924;51,08169;15,35111;67,0795;95,97292;15,10797;60,30229;40,13497;13,58221;63,06579;64,13814;55,4358;43,03137;22,11751;63,52487;46,44397;63,54718;40,13497;53,42405;14,9664;47,08178;14,86802;63,06324;53,34733;53,48782;55,35088;63,46982;15,10797;64,58612;35,91294;46,44397;55,70898;63,03574;35,98184;56,54985
"241";"2001-01-01";6,449516;6,22441;20,41543;2,103616;2,257938;0;6,825459;7,249616;8,454576;5,987146;5,743022;17,39165;15,7538;7,312972;25,72701;5,875839;3,28833;6,82536;0;9,124117;6,484269;7,204063;0;7,426562;8,908952;5,825119;6,872898;12,67497;7,95548;5,098814;10,27713;15,21505;7,054274;8,438694;7,388226;7,450357;4,399375;6,852521;5,693389;7,383769;7,441973;6,228862;6,228862;4,310112;9,582479;29,50729;32,12434;28,5425;44,76128;15,56474;25,23067;27,10275;30,03161;26,37205;31,54427;19,99934;25,36834;26,20623;44,07364;34,95349;37,66558;13,36559;27,54348;29,66483;25,05178;23,26071;18,24183;20,34414;21,93028;22,8076;34,95349;27,24953;7,206894;33,32405;50,54245;7,509476;27,68334;28,60523;5,743022;23,74643;25,23067;31,23229;22,8076;13,36559;25,31681;37,66558;44,76128;28,60523;21,93028;9,249089;24,31067;9,582479;32,10166;19,33929;18,24183;29,98301;23,66588;7,509476;24,06234;19,69252;37,66558;44,07364;32,57092;24,19061;49,31057
"242";"2001-02-01";4,215431;3,301256;23,44364;0,9552729;3,314368;2,539445;4,275951;6,592996;9,815351;6,726789;5,397517;13,01504;17,21322;4,203513;24,77436;6,50525;2,554214;9,735603;3,09978;11,63263;7,347122;5,406441;2,814957;9,281467;9,491117;7,835625;8,387963;21,4205;9,73238;3,403147;5,772562;15,51252;5,626281;7,727614;2,877222;2,984273;3,434435;4,375814;9,950712;10,86086;8,789535;8,679859;8,679859;6,530463;8,606262;29,32708;35,10604;33,9654;49,36351;26,11247;40,6102;54,9511;36,78469;34,72316;49,262;29,0276;32,13752;36,94888;35,4994;27,15205;34,68161;14,21082;34,62729;62,99635;33,20011;20,8049;34,44935;41,75573;49,19794;27,08135;27,15205;24,64122;6,980502;35,15109;99,36411;7,087468;29,61789;20,98837;5,397517;34,17091;40,6102;29,70483;27,08135;14,21082;32,92037;34,68161;49,36351;20,98837;49,19794;7,397214;27,32875;8,606262;32,98684;41,65394;34,44935;24,89873;32,02495;7,087468;61,1776;25,10779;34,68161;35,4994;31,52472;22,16525;37,99053
"243";"2001-03-01";4,937677;4,511231;26,17761;6,50784;7,04625;7,884507;5,616284;8,899266;10,4349;8,096476;6,799336;8,039868;15,59636;4,672319;33,88744;11,85497;8,131413;10,35761;6,228359;17,24884;12,23971;8,095368;3,834227;14,0803;16,27309;11,83001;12,86755;11,07932;11,62082;7,621783;4,656986;15,95564;8,994754;10,22998;4,989122;5,572885;7,182505;5,540765;8,602906;8,652015;16,15216;8,419013;8,419013;9,325142;8,142383;36,99365;41,64176;40,82146;51,56515;41,10452;60,94144;49,4674;39,21344;43,91735;47,49927;43,93009;42,21765;57,45818;42,91383;19,27413;46,69672;14,75676;41,31376;47,85136;46,83799;26,5167;46,76395;44,63597;45,74232;42,5158;19,27413;29,31737;8,410511;44,08812;61,40736;7,812735;41,78563;28,20945;6,799336;32,2056;60,94144;30,36793;42,5158;14,75676;40,15796;46,69672;51,56515;28,20945;45,74232;7,5295;31,28356;8,142383;37,72756;37,31409;46,76395;34,62318;42,34069;7,812735;78,56258;11,15647;46,69672;42,91383;39,87466;23,84079;42,5564
"244";"2001-04-01";43,46045;27,27916;44,38682;49,37676;52,3366;47,67102;47,07625;21,96024;44,35379;23,20135;20,3087;39,20107;42,86269;50,59224;47,37482;63,3269;42,67521;32,22472;59,30576;61,94682;69,27005;49,92982;46,23544;43,74516;62,5045;32,47834;32,22519;40,73634;28,93276;45,92667;41,62098;59,09508;41,36144;48,65115;51,44004;62,88546;56,36118;71,95612;33,68971;35,33844;61,16058;25,97346;25,97346;32,13689;36,41702;37,50705;37,82943;65,9104;44,67885;34,32624;58,06767;54,39069;75,13261;65,02074;43,194;47,262;62,03649;55,78205;36,82178;32,36993;44,97903;51,12547;44,95975;45,80795;42,19843;24,89821;43,75458;42,43032;47,25305;45,05739;32,36993;40,22731;16,50107;44,88232;91,95024;18,20348;50,855;25,44032;20,3087;42,94508;58,06767;45,10941;45,05739;51,12547;49,67313;44,97903;44,67885;25,44032;47,25305;40,88419;46,38212;36,41702;51,22893;39,16784;43,75458;43,43232;64,59096;18,20348;40,31957;34,02542;44,97903;36,82178;43,44664;66,06503;42,32453
"245";"2001-05-01";88,64403;72,93594;140,7436;103,4947;72,43248;71,18536;89,69559;46,10145;104,5157;54,63558;52,39855;112,5888;115,5816;79,08707;163,5684;86,00874;103,0317;62,62836;71,11901;81,91682;83,71101;71,29678;81,87309;64,53338;82,69389;66,05338;53,67966;72,92299;51,83152;78,59995;78,27055;110,3999;89,51016;94,55094;73,75952;72,02611;81,0036;83,55951;76,26499;79,3253;85,36349;55,48163;55,48163;87,22079;109,1835;180,3231;174,7832;291,1505;194,4882;188,4414;221,8003;266,8055;209,8923;210,3233;201,1389;213,4028;236,8194;222,5641;167,606;85,714;163,9507;118,8575;311,1712;265,7961;205,5109;132,7874;228,9848;207,1085;253,6144;208,1142;85,714;176,701;35,91015;197,0722;197,7441;33,85934;195,9358;135,3123;52,39855;208,9088;221,8003;133,0328;208,1142;118,8575;258,9528;163,9507;194,4882;135,3123;253,6144;107,7472;186,8728;109,1835;194,0051;252,8895;228,9848;138,3271;235,4357;33,85934;263,6731;136,1238;163,9507;167,606;143,0006;149,3263;153,6637
"246";"2001-06-01";92,89487;86,98064;261,296;103,3384;94,6764;88,53375;123,1095;109,3199;139,7979;90,59941;85,60352;156,2303;210,5504;98,99306;280,909;110,2219;114,6464;100,6323;89,58799;190,733;116,575;137,4272;99,35076;79,39004;187,3348;101,6194;99,66681;219,1844;114,9626;95,91064;110,4084;167,8241;108,6048;124,9804;99,58994;109,0376;106,7216;117,6916;134,4273;156,7114;107,6689;99,15088;99,15088;128,5115;140,7987;319,8286;327,3621;337,9364;363,7092;380,5071;452,3264;525,2876;372,2819;345,1622;458,1616;387,2826;343,5344;423,9864;288,7;223,3699;285,1209;178,1193;382,0104;512,0444;486,8332;219,1319;420,6181;443,761;513,5572;412,2479;223,3699;305,6851;93,34651;361,4312;343,0069;84,50481;332,2898;220,4048;85,60352;418,776;452,3264;274,9962;412,2479;178,1193;434,7333;285,1209;363,7092;220,4048;513,5572;133,3139;386,3878;140,7987;337,4318;477,0652;420,6181;269,0255;373,1437;84,50481;477,6122;209,4364;285,1209;288,7;293,0129;228,5708;300,3888
"247";"2001-07-01";215,436;139,125;178,2283;150,4688;160,02;162,7114;174,6811;77,5264;263,207;65,28202;56,07117;269,3533;153,5191;202,5514;199,8006;139,6019;174,8887;78,84433;142,2126;132,9117;142,7465;98,03297;116,5232;77,69811;119,797;75,12174;71,82114;164,4794;86,51419;188,0061;247,6836;287,0973;221,1857;222,0782;155,7619;161,8716;150,922;131,8515;92,56438;109,7655;116,4021;61,30835;61,30835;90,43365;295,0457;201,8769;187,138;292,325;177,6507;297,5648;354,0973;477,7626;412,7839;257,2854;545,8042;351,7078;263,9922;315,9815;198,2101;169,9401;179,0494;338,9498;441,2618;451,9719;499,5862;158,55;339,1891;301,5622;383,8973;375,9518;169,9401;201,558;67,68389;216,199;359,851;61,05683;236,8919;167,9596;56,07117;510,0335;354,0973;201,9974;375,9518;338,9498;473,5013;179,0494;177,6507;167,9596;383,8973;277,3919;267,0304;295,0457;204,8734;343,656;339,1891;191,2571;311,8027;61,05683;342,7951;370,9684;179,0494;198,2101;215,6195;328,3476;223,121
"248";"2001-08-01";80,2562;74,86642;222,4533;62,92651;68,73526;67,28497;95,5776;92,2562;115,5335;70,58319;66,74973;154,1501;170,2036;81,73077;254,0163;73,80795;81,61111;59,15498;64,75996;88,40575;74,54248;97,20335;71,74379;54,64125;84,7963;54,00396;81,05372;95,60389;94,8722;71,84422;94,20463;134,3077;91,48991;100,9087;73,21137;79,69122;73,42858;82,10114;59,48675;67,41653;73,93705;69,20005;69,20005;55,72843;131,989;344,9614;340,3526;447,019;355,201;396,0927;420,9508;569,4177;322,3811;373,3974;642,2736;387,8034;401,0171;406,9412;297,7306;184,8078;273,6341;154,3642;406,1128;628,0506;390,1142;295,3808;458,7454;463,8106;550,7205;365,4265;184,8078;391,7382;84,51613;372,018;337,9124;79,97515;406,2787;294,9048;66,74973;441,8623;420,9508;225,2693;365,4265;154,3642;421,4986;273,6341;355,201;294,9048;550,7205;121,022;433,2053;131,989;423,1126;549,4149;458,7454;227,4788;449,2257;79,97515;548,5239;240,8866;273,6341;297,7306;265,5726;183,7845;316,1944
"249";"2001-09-01";104,648;109,346;264,6993;79,25535;90,22233;87,43514;166,4249;117,7966;126,5535;110,4247;106,1981;211,7664;211,467;120,6213;268,473;93,34731;92,11835;94,26421;86,25967;124,0891;106,0632;116,849;103,5063;57,4663;117,8144;73,8045;110,9773;175,0428;121,9388;96,33337;139,4044;153,2361;109,3271;102,2057;105,8303;117,6178;95,40942;113,6018;93,84881;116,5332;87,38016;98,60059;98,60059;93,21884;156,5529;287,7617;288,7083;368,0706;325,3118;304,3798;323,528;485,2819;333,4539;325,5494;592,9689;322,4301;340,9045;321,0176;305,5682;242,7201;262,4658;190,6724;386,1016;544,2687;344,0619;236,9153;333,3492;327,2379;464,5962;309,8754;242,7201;293,1711;113,1726;322,0286;319,941;112,6563;331,9456;244,2889;106,1981;446,5703;323,528;276,0998;309,8754;190,6724;434,6731;262,4658;325,3118;244,2889;464,5962;137,9394;323,0605;156,5529;324,2994;424,5977;333,3492;271,8152;349,7361;112,6563;489,0475;310,3846;262,4658;305,5682;288,4636;204,1246;337,7231
"250";"2001-10-01";29,18661;21,18636;122,7058;16,35087;26,48064;28,4525;30,77042;85,05415;36,27328;69,19676;75,47679;36,26759;113,3679;30,91132;115,7707;31,64477;22,14344;48,06841;29,57903;38,64623;35,37594;32,12787;26,87944;34,42173;37,89983;46,83147;65,67465;58,60644;79,75278;25,68461;24,69752;44,67207;27,90472;35,18695;29,14729;30,49153;24,78865;30,60588;41,3647;44,42768;44,97746;70,5645;70,5645;35,64059;33,28059;120,7719;132,9957;94,53957;152,6893;126,3472;96,36665;146,5965;79,38631;105,105;223,0288;101,9817;99,30344;94,05654;140,7137;143,9121;105,7967;40,80064;130,7221;167,1612;104,1423;107,5969;125,7923;122,511;162,8346;99,01654;143,9121;95,01088;89,30795;115,1946;98,08992;90,10915;90,14273;118,5096;75,47679;131,7922;96,36665;116,2257;99,01654;40,80064;124,3135;105,7967;152,6893;118,5096;162,8346;36,74738;104,2602;33,28059;114,1087;141,6608;125,7923;113,6441;103,0191;90,10915;146,2343;90,70144;105,7967;140,7137;128,52;59,63676;140,8247
"251";"2001-11-01";10,35786;7,015235;55,14041;0;6,362348;6,900922;11,50998;15,67528;16,39332;11,98893;9,725386;26,88746;39,34676;11,50309;83,2598;11,42406;7,132382;9,038733;6,892901;15,8939;12,37143;8,818169;6,52819;8,136455;11,82844;7,270191;11,44621;26,10904;16,24796;8,056717;15,53402;24,83476;11,55983;12,48128;10,07593;11,82068;9,339808;9,740017;9,653582;13,63227;12,53175;11,78981;11,78981;7,924212;17,90989;70,92191;70,47819;63,27368;81,87719;49,39932;89,52255;95,00265;84,17323;91,26802;54,21089;62,13777;83,06771;76,08158;82,79011;60,1869;63,24399;29,93172;79,45603;81,49165;66,3031;53,52957;67,07162;73,23459;77,76675;61,06787;60,1869;79,40409;15,23341;94,75419;119,5054;16,30493;87,08894;58,86388;9,725386;70,85789;89,52255;78,06546;61,06787;29,93172;84,33559;63,24399;81,87719;58,86388;77,76675;15,7267;81,46938;17,90989;94,525;64,66119;67,07162;73,28835;74,68708;16,30493;95,1385;38,97087;63,24399;82,79011;83,18407;42,62147;90,44931
"252";"2001-12-01";22,83381;16,57007;55,40368;3,877137;17,75735;18,68877;25,07271;27,44451;32,9824;24,88865;26,65182;46,06156;45,02053;24,51631;61,39634;20,11415;9,292305;27,35253;17,21855;23,54715;22,78152;18,04499;9,596292;14,67933;20,51627;23,62599;24,46365;33,7893;27,25325;19,36927;21,79585;48,29865;25,48383;29,8586;20,00995;22,64169;16,0566;20,32681;19,62483;25,68033;23,17945;29,43259;29,43259;18,48848;29,98583;48,31927;49,84899;76,00008;54,64653;56,91388;79,59363;88,34569;83,57262;63,73405;65,90284;61,66816;64,81477;73,22827;48,37909;62,37134;41,09186;43,57733;120,4395;78,08773;66,06868;35,72457;72,73565;69,72221;73,01891;63,11917;62,37134;47,45724;25,52554;59,50158;126,2237;26,20031;61,22485;38,94289;26,65182;85,94812;79,59363;59,28709;63,11917;43,57733;87,67186;41,09186;54,64653;38,94289;73,01891;30,51521;56,88873;29,98583;60,87275;72,49254;72,73565;57,79586;70,79996;26,20031;86,68802;70,58984;41,09186;48,37909;57,39225;63,79732;60,20565
"253";"2002-01-01";11,63058;8,651999;23,97068;4,195404;9,047379;11,63096;9,438017;7,740327;17,19987;7,124518;5,893834;19,38552;16,66874;17,2808;25,99107;13,92939;8,481956;9,597109;10,67745;22,64239;16,87687;18,0963;8,237766;14,43106;20,71391;10,08719;9,184221;14,43011;8,212927;10,91675;17,66902;25,93324;13,36487;16,35124;17,8114;19,43288;11,24654;16,69661;8,489969;10,45776;17,8464;8,15526;8,15526;7,547639;13,95951;28,2897;33,84657;22,91302;34,95343;18,22644;30,46149;21,08453;39,18708;26,93578;16,70015;20,65326;25,69289;26,24382;32,65748;18,84514;36,08613;21,54438;23,9957;17,89686;29,09239;21,4681;20,49939;19,3732;15,08698;24,99119;18,84514;22,96809;6,642872;26,75436;55,25026;6,374766;24,20169;25,53053;5,893834;17,92933;30,46149;24,92092;24,99119;21,54438;27,2309;36,08613;34,95343;25,53053;15,08698;13,96682;18,46025;13,95951;26,28746;16,70978;20,49939;22,28392;25,22419;6,374766;23,50424;14,60491;36,08613;32,65748;26,47891;35,20751;33,80162
"254";"2002-02-01";5,716016;5,262467;29,99807;1,180733;4,812914;4,397;6,851623;7,153778;15,61065;6,184462;4,803221;17,84456;19,23943;5,320534;37,28802;7,8531;3,809848;8,033754;3,813639;9,032887;7,235665;5,915651;3,544199;10,13972;7,166801;5,899645;9,815765;11,9834;10,66243;5,16401;7,430814;22,86127;8,706161;12,68175;5,439551;6,079455;4,61026;4,939722;7,013246;7,024105;8,461019;5,808627;5,808627;4,555626;13,54777;37,93633;47,9683;45,47763;68,51203;35,67473;53,70217;50,31274;47,63277;41,71853;37,38899;37,92983;43,11392;46,57256;43,35294;28,58496;46,90977;20,38549;38,99537;53,63826;42,31505;22,73183;36,52337;42,2957;44,41312;37,50084;28,58496;30,11436;6,875836;44,76693;124,6712;6,151224;38,79947;24,73888;4,803221;42,97576;53,70217;38,8132;37,50084;20,38549;41,92829;46,90977;68,51203;24,73888;44,41312;10,01081;27,64227;13,54777;42,34626;38,39648;36,52337;37,27143;42,24864;6,151224;59,52926;26,03474;46,90977;43,35294;40,00202;36,47781;49,59433
"255";"2002-03-01";0;0;20,32774;3,84686;2,521299;3,258959;0;7,07611;5,595585;7,373281;6,265378;2,058409;12,35273;1,016671;25,75623;6,512772;4,819992;8,901329;1,963786;8,470453;6,465264;2,911803;0,9916372;8,694654;8,250135;8,948286;10,97229;7,873849;9,607164;3,135988;0;9,740351;2,955221;5,950019;1,217961;1,169977;3,985567;1,503898;6,295429;6,639621;8,763454;7,333594;7,333594;7,270539;0;25,83057;26,22681;31,73287;27,98155;25,64412;43,6817;25,20846;25,17355;34,85147;23,42227;27,81744;33,64485;42,81367;25,48451;10,75899;27,57737;8,191164;22,94053;22,09203;28,37971;18,74426;27,99931;26,58916;21,80843;26,71797;10,75899;22,34098;6,153056;27,20146;37,44933;5,839971;31,91044;20,46374;6,265378;15,3878;43,6817;22,32723;26,71797;8,191164;21,83099;27,57737;27,98155;20,46374;21,80843;2,033496;22,81195;0;25,37726;19,2742;27,99931;26,10381;30,72717;5,839971;45,25478;5,70095;27,57737;25,48451;26,27674;13,56649;25,01771
"256";"2002-04-01";16,47135;11,56834;36,40722;21,00897;23,03551;18,77753;18,89101;18,76894;20,38039;20,28545;18,08376;19,62565;34,44753;20,72306;38,82231;30,34284;20,85994;24,93348;26,51634;36,71268;37,80792;22,66343;21,02682;32,72123;35,77731;24,4766;25,51175;33,76614;24,51311;19,27255;17,76122;35,91363;17,51979;27,64342;22,14968;28,1255;25,65446;34,045;24,31133;24,98208;33,16757;24,94191;24,94191;23,3126;14,32285;33,2711;33,84995;55,56218;42,17719;19,3579;50,95066;26,19389;50,25849;53,307;20,29797;23,92866;52,30737;53,44196;39,00988;31,8632;42,04472;24,55228;13,64223;23,5984;18,77789;24,07055;17,56123;23,62797;22,79694;26,65164;31,8632;36,88177;19,14499;40,61647;76,9403;21,71413;45,54862;24,72108;18,08376;17,03948;50,95066;34,79118;26,65164;24,55228;17,93818;42,04472;42,17719;24,72108;22,79694;17,33463;33,68508;14,32285;42,94835;16,81363;17,56123;38,56722;55,83512;21,71413;16,13129;15,03587;42,04472;39,00988;38,19918;39,00196;44,8149
"257";"2002-05-01";57,86291;42,10146;61,26939;69,63246;52,90692;51,0086;51,93251;30,9704;61,14146;40,2865;38,00969;51,314;63,061;50,58412;62,10014;57,95769;61,92291;42,97683;47,66611;44,0269;51,19769;43,95627;52,90319;44,80528;44,1003;43,50512;42,19531;38,42739;35,46127;52,13337;51,54209;61,89119;56,24553;55,26737;46,55843;48,92558;56,08771;55,57468;37,88753;42,39387;56,15959;40,34179;40,34179;45,5233;60,5117;41,67416;42,59325;77,68527;47,84359;59,25533;82,78042;81,33322;85,14919;69,9579;89,45499;71,88927;64,44145;69,68321;49,35088;40,42893;45,79659;62,98526;102,9322;86,8773;72,8877;31,60733;77,99798;66,00056;79,72623;75,22598;40,42893;42,96972;25,84114;48,91142;78,60699;24,46853;59,29813;34,00267;38,00969;78,01801;82,78042;51,25343;75,22598;62,98526;93,70464;45,79659;47,84359;34,00267;79,72623;59,05464;47,0956;60,5117;46,75015;74,62196;77,99798;52,99812;69,10511;24,46853;89,11122;57,58366;45,79659;49,35088;50,18819;71,07828;46,54174
"258";"2002-06-01";141,6002;120,3297;336,6287;139,3977;129,9335;126,5294;175,6709;135,5985;209,2699;96,45488;81,76893;180,5134;268,178;149,0036;365,4759;130,0868;150,2286;87,49303;121,2719;144,5404;131,5983;147,1976;129,0934;90,25621;137,5573;83,74461;119,2133;125,7062;147,5937;139,0465;171,2889;230,9064;155,97;173,9176;139,5286;151,3901;134,8031;144,7977;83,39314;93,44725;109,1681;73,59792;73,59792;95,88833;185,6903;461,7645;434,3412;427,9879;464,1704;451,9616;554,4026;590,1273;454,1963;439,5148;478,4938;445,0999;445,8863;515,2466;377,5868;237,9133;368,4381;247,6916;424,5219;601,6143;537,7895;292,779;492,7714;529,3081;601,7731;455,4786;237,9133;462,3046;102,1524;464,1473;441,4449;81,51517;445,1049;288,808;81,76893;414,6897;554,4026;347,4431;455,4786;247,6916;471,3607;368,4381;464,1704;288,808;601,7731;191,6825;437,7038;185,6903;495,5864;573,4238;492,7714;342,8984;471,9689;81,51517;572,8891;215,1274;368,4381;377,5868;354,6322;297,5675;384,5977
"259";"2002-07-01";50,37118;48,62956;178,4241;49,51203;49,64637;49,30396;92,69269;64,40817;75,86121;45,85913;39,48752;96,34195;133,903;63,93853;217,1102;57,30767;55,9454;45,5962;46,51523;72,97761;65,33958;70,31847;74,86074;39,05136;74,71571;39,94865;53,82742;102,7494;74,84493;48,18203;63,95067;100,6025;58,39421;68,02185;61,46589;63,7664;56,93209;62,39114;63,4863;75,98822;55,49648;42,43043;42,43043;52,05917;71,45645;192,3334;185,9185;308,6754;157,7506;325,0447;363,2854;442,3028;274,7115;283,3548;529,0226;345,5564;289,6527;366,3959;187,5133;155,7124;174,1248;110,3887;369,3321;455,2935;342,6902;158,7333;341,6511;356,0555;381,377;327,5319;155,7124;209,8353;56,72984;225,5742;276,6388;49,35395;256,5078;157,6704;39,48752;352,2;363,2854;199,4176;327,5319;110,3887;363,1026;174,1248;157,7506;157,6704;381,377;69,82377;332,9265;71,45645;233,7932;332,2839;341,6511;200,9209;353,1569;49,35395;380,7285;168,1643;174,1248;187,5133;201,9175;143,6794;210,1196
"260";"2002-08-01";47,30109;40,29252;147,6059;38,24462;41,00358;39,76191;45,51637;64,91408;63,81419;37,35399;35,43071;86,45095;120,8332;48,91881;153,7807;47,41129;47,43816;34,12141;37,74511;67,4892;47,89889;50,63224;38,0472;35,54736;65,12936;36,45708;53,86729;58,91213;74,80147;43,62601;50,89814;86,05889;54,01841;60,17612;46,73209;48,09682;42,01783;49,84762;42,40054;46,33335;47,26245;34,01131;34,01131;42,68058;68,00011;106,1516;112,5008;180,7557;130,4793;208,4986;224,9096;312,6157;213,0216;186,7096;437,3623;223,404;178,1446;210,0346;116,3915;135,6045;89,11162;88,13332;234,8635;329,4716;241,5185;79,3904;219,9462;196,1201;283,7072;217,5146;135,6045;132,6819;53,21102;143,333;214,9724;47,89157;162,5397;76,95668;35,43071;268,6645;224,9096;166,89;217,5146;88,13332;250,337;89,11162;130,4793;76,95668;283,7072;61,89508;160,9566;68,00011;160,1431;249,9273;219,9462;162,5129;191,8988;47,89157;244,8706;164,2663;89,11162;116,3915;160,4374;116,8457;149,1386
"261";"2002-09-01";150,2707;160,5907;379,9383;140,7919;144,7954;138,2597;220,1453;154,233;208,7721;133,5483;128,5483;292,2664;300,7322;189,7177;383,1057;153,5928;159,2828;141,978;135,3554;199,2132;167,9487;162,275;135,0684;98,1157;185,1101;121,4565;146,6466;310,2579;173,6244;149,6131;191,9272;254,5137;171,7703;182,8189;170,9733;194,5565;165,3542;173,2251;171,3184;211,4041;150,3675;134,3427;134,3427;156,6648;233,7618;354,4456;364,64;456,3056;386,5162;339,9404;379,441;539,6287;412,2061;418,4685;469,0206;355,0591;410,5099;377,6122;347,5782;275,4453;299,7935;262,6582;403,0423;510,5946;380,8206;254,1859;372,4059;348,1431;451,0388;356,2137;275,4453;375,2386;131,6333;424,4693;428,2118;124,6374;422,6816;257,2875;128,5483;508,8928;379,441;373,5883;356,2137;262,6582;458,755;299,7935;386,5162;257,2875;451,0388;194,8183;350,2721;233,7618;445,3052;406,0013;372,4059;367,3849;422,684;124,6374;512,7238;397,4298;299,7935;347,5782;389,2724;294,855;409,9507
"262";"2002-10-01";50,35509;31,55834;195,9872;31,71646;51,0132;52,09998;38,92167;97,18438;78,22687;77,93783;75,36919;45,82883;167,4973;44,20504;204,0345;53,49513;41,59085;63,63147;52,82991;79,16445;62,54157;45,61528;35,37947;55,60794;81,4315;69,51482;87,40319;84,02733;105,522;55,05988;33,53074;106,8922;61,14325;78,88904;39,91998;49,53572;44,66366;48,04476;76,58222;80,03647;77,04809;76,46025;76,46025;63,96933;59,34039;172,7725;173,5982;188,3814;183,6155;277,7251;243,1799;306,5779;195,6348;240,9015;267,2883;204,833;221,6567;211,1154;166,0932;162,3758;121,1333;83,78794;276,0648;273,4849;216,5922;121,3622;260,8034;247,1163;280,6742;202,8699;162,3758;175,5242;83,55983;196,7004;226,9663;71,16792;192,0948;124,3662;75,36919;206,0821;243,1799;179,8196;202,8699;83,78794;252,1783;121,1333;183,6155;124,3662;280,6742;64,38496;170,5848;59,34039;212,7945;261,8883;260,8034;183,5584;219,5175;71,16792;315,2886;112,8104;121,1333;166,0932;206,7397;140,5618;174,502
"263";"2002-11-01";35,3326;25,68889;105,1508;11,04201;21,6386;23,71994;35,66749;30,73661;45,76691;28,81568;20,66838;92,99158;83,14175;35,47079;125,8206;28,22016;20,34178;21,93743;22,03677;33,80931;30,49996;20,31481;17,44841;19,57955;23,55128;16,95375;26,64208;49,66443;33,06973;26,23087;60,85025;62,04079;34,89997;35,12384;28,54383;34,30235;28,92198;27,71774;19,55834;27,69387;31,29527;23,72073;23,72073;17,06207;68,25111;95,62082;97,63012;74,61148;104,62;65,19664;98,33299;157,7923;131,2676;94,3962;147,7503;92,00346;95,51501;112,5872;98,03193;117,3749;82,6302;76,80931;126,1439;204,3529;109,2807;70,22704;94,81477;101,2618;152,9411;83,06071;117,3749;100,1807;29,38722;128,6563;151,7766;27,85144;99,27081;77,81588;20,66838;149,9601;98,33299;141,7149;83,06071;76,80931;133,3516;82,6302;104,62;77,81588;152,9411;52,6611;152,3108;68,25111;150,0491;116,8279;94,81477;125,2703;97,76609;27,85144;155,0405;108,6368;82,6302;98,03193;126,2751;92,57394;132,7953
"264";"2002-12-01";15,20432;7,657767;49,12498;2,481809;12,27176;12,69627;9,117785;16,19189;23,3343;14,1257;11,81791;19,61189;38,40359;15,22022;54,76174;12,29122;6,064009;11,09816;11,64988;11,7384;14,22875;10,04935;0;9,183976;9,618644;10,759;13,99947;11,94828;18,01287;13,45627;11,60129;33,50551;16,68249;20,58377;12,19591;14,10649;9,754394;12,04942;7,414456;8,987873;14,85348;13,09722;13,09722;6,561574;18,07824;65,58947;65,40561;69,36441;76,43687;34,66893;60,24793;61,1665;62,55685;56,98997;36,76726;50,09103;60,42557;53,08522;72,20773;48,28548;66,6717;27,24492;81,73889;45,19627;41,39053;48,39023;45,044;43,84836;51,78341;49,84346;48,28548;50,60882;13,78563;59,83043;99,56903;11,27106;67,9502;55,29811;11,81791;51,82373;60,24793;47,34422;49,84346;27,24492;60,98745;66,6717;76,43687;55,29811;51,78341;18,4848;39,02055;18,07824;60,16027;46,31848;45,044;48,11266;55,52299;11,27106;51,89754;30,83444;66,6717;72,20773;51,87811;46,87992;78,46483
"265";"2003-01-01";5,606853;5,796711;33,94558;1,247288;3,80479;0;6,19028;11,03796;9,10218;6,823817;6,011606;21,34735;21,76463;7,638663;40,89343;6,586048;3,98872;5,316433;4,462044;8,856059;6,65693;6,198274;3,090764;8,436832;8,303257;5,249111;8,156664;14,16302;11,39938;5,089334;9,279444;16,18726;7,073331;8,556458;6,935654;7,95482;5,148124;5,35574;5,37163;7,64033;7,82487;8,017365;8,017365;4,645249;11,63632;33,90134;29,96356;39,56052;38,17543;21,01122;40,7883;45,36147;41,0613;45,71537;30,80532;23,72157;42,95427;36,77559;33,69247;37,02086;36,1535;16,04711;29,59455;39,13634;29,38937;26,79417;31,19081;31,44298;38,56766;26,4364;37,02086;34,34914;9,685637;45,80774;66,35911;10,94438;43,03804;29,02752;6,011606;30,4478;40,7883;49,63005;26,4364;16,04711;30,54708;36,1535;38,17543;29,02752;38,56766;10,28834;28,52819;11,63632;45,80061;37,99722;31,19081;40,98579;35,73248;10,94438;47,36966;22,24766;36,1535;33,69247;45,515;25,11645;43,2295
"266";"2003-02-01";0;0;13,91106;0,5556369;2,055203;0;0;0;7,739572;0;0;8,094627;9,813739;3,270222;17,09411;4,510455;1,576519;5,525732;2,042997;5,904105;4,643587;3,548329;0;6,898991;0;0;5,497789;8,472578;5,924468;2,64681;0;10,32611;3,633123;5,648275;3,745757;3,868766;2,412638;3,091487;3,229573;4,572063;5,287977;0;0;0;6,493807;17,05852;21,97272;19,07578;29,33741;11,04595;21,51631;17,39749;18,02691;20,3506;17,55714;12,82278;17,79893;17,18016;23,99241;14,53514;25,73153;9,738789;12,63713;20,94572;13,8874;13,36904;11,96231;14,41875;17,13531;12,73898;14,53514;14,24237;0;18,6777;51,27818;0;16,1826;15,78601;0;15,00855;21,51631;18,53437;12,73898;9,738789;13,93874;25,73153;29,33741;15,78601;17,13531;5,354662;12,31235;6,493807;16,94662;14,89991;11,96231;17,81607;17,27375;0;21,85479;10,37569;25,73153;23,99241;20,72918;13,2578;23,74518
"267";"2003-03-01";2,198696;2,919324;25,00755;0;0;5,370774;2,588372;7,885921;5,799897;7,3466;6,440828;3,887356;12,84188;3,256552;32,80027;8,74933;5,150121;9,231975;0;11,02219;9,154568;5,178475;2,643239;10,22915;10,99041;9,952022;11,00166;10,22124;10,07559;0;2,059346;8,501663;5,132305;5,758326;3,609205;2,217934;5,141316;4,73241;7,839168;8,403509;11,41256;7,763589;7,763589;8,306807;4,043731;39,0495;38,3246;41,22455;36,90919;30,9444;49,93431;29,95542;23,78207;40,94934;37,33915;30,88411;40,72485;51,0811;29,44911;13,37096;39,03322;7,99871;25,0566;29,92332;27,28409;25,2481;33,06351;36,56507;30,07992;27,99402;13,37096;37,3205;6,433363;38,87577;34,26212;5,483478;46,14094;25,15256;6,440828;21,35683;49,93431;25,68539;27,99402;7,99871;23,88715;39,03322;36,90919;25,15256;30,07992;3,521779;32,27298;4,043731;36,7666;25,19309;33,06351;32,76785;40,36182;5,483478;54,51603;7,29816;39,03322;29,44911;35,72389;11,72022;31,899
"268";"2003-04-01";49,35449;31,35977;65,00975;59,24719;67,64903;55,42946;48,52798;38,52686;66,54328;40,43256;34,60988;58,84563;63,87585;54,87967;71,06676;76,68778;57,77786;47,97901;68,38739;71,30729;82,3516;37,19338;42,2874;74,75451;67,66811;49,80824;48,09055;54,71717;49,70607;57,0976;49,71423;99,71164;56,29977;78,14386;55,48801;65,10295;69,19106;71,71221;44,73131;45,47837;80,62222;39,8461;39,8461;48,32332;52,41675;63,30968;64,64776;103,9711;74,19141;55,39428;114,7354;88,37998;142,6182;94,99856;54,80391;76,42392;104,2459;111,3843;63,14231;53,22768;73,4863;78,85337;59,1987;74,05772;70,93113;53,25232;62,2953;73,18891;71,8104;73,09544;53,22768;64,20519;33,322;75,50589;184,603;33,80305;88,96087;53,7103;34,60988;68,90767;114,7354;68,92958;73,09544;78,85337;67,1792;73,4863;74,19141;53,7103;71,8104;62,165;67,03844;52,41675;80,82796;54,75055;62,2953;69,56657;111,2381;33,80305;55,77569;46,16151;73,4863;63,14231;72,34545;119,1413;68,07021
"269";"2003-05-01";74,74268;55,20787;87,31055;93,74506;71,87232;70,4831;79,69239;37,60383;71,25971;42,806;37,82191;68,64487;82,77559;77,0495;94,21656;77,78455;79,7619;50,90947;69,03841;85,50092;79,97771;74,53235;82,60227;58,11301;87,68067;57,04523;44,39434;51,18889;41,70556;69,79211;75,22573;71,42699;72,01589;69,41997;73,39296;72,58595;77,38193;84,4987;48,07421;51,93425;83,63744;38,70478;38,70478;66,83025;70,88601;92,36006;89,66166;127,0944;102,5715;69,8709;108,1899;86,51201;94,33762;105,2432;99,4267;80,34497;106,7109;96,84499;94,09055;61,89704;94,68504;73,74514;110,3603;92,13365;82,27897;68,26476;82,63641;80,15533;83,38162;83,63345;61,89704;91,67291;29,83519;103,5693;97,93977;29,06836;101,3202;68,46798;37,82191;88,34816;108,1899;84,43896;83,63345;73,74514;99,74942;94,68504;102,5715;68,46798;83,38162;66,52666;74,83398;70,88601;103,2441;79,91199;82,63641;85,10606;103,2007;29,06836;94,9155;76,59241;94,68504;94,09055;91,36987;78,19294;93,00997
"270";"2003-06-01";166,8297;148,0968;361,7542;161,4072;145,2699;143,4836;227,7484;167,9929;210,9388;136,5245;115,7453;239,4132;291,0166;171,8051;360,6142;152,1332;166,2098;132,6122;137,1953;205,8359;157,8796;183,4763;166,4362;121,2414;203,3934;128,5886;162,8205;220,7484;180,73;153,895;183,9278;214,673;168,9025;175,1472;157,6754;168,9192;157,95;165,4699;144,0588;155,6449;146,8595;117,7681;117,7681;139,7086;210,5823;394,9618;386,3712;331,2917;433,9727;315,2922;431,2345;484,4113;370,6055;362,639;581,1888;318,6114;348,5258;390,1392;353,4014;245,6716;361,7899;249,2804;339,0748;555,7506;427,3104;269,4338;352,3432;385,1436;506,1118;329,2553;245,6716;377,0919;127,555;392,4427;357,8333;106,2618;350,0233;272,4075;115,7453;443,2319;431,2345;340,5144;329,2553;249,2804;377,2417;361,7899;433,9727;272,4075;506,1118;206,6521;331,6349;210,5823;405,4795;433,1317;352,3432;336,1624;340,3607;106,2618;422,7502;320,4808;361,7899;353,4014;322,2316;266,0976;339,9473
"271";"2003-07-01";69,49408;57,8544;221,9195;66,72031;64,45418;61,6016;69,93692;68,68391;104,5088;44,31428;40,29135;137,7253;156,1079;70,08961;241,6765;71,27689;76,09148;48,40564;54,68145;88,25233;72,06413;57,28143;46,87034;43,53312;85,32279;45,98292;55,73952;98,19471;75,40226;72,60165;78,41811;121,5157;79,97913;91,79941;62,07423;65,1413;68,76062;67,83313;60,3088;70,80312;64,91759;43,8001;43,8001;56,69243;105,1814;247,8596;213,6252;341,4103;197,0301;302,3951;377,7385;454,4138;280,7896;305,1279;518,0202;309,7775;311,2049;369,8244;222,667;200,7778;220,3746;144,1216;376,0739;481,7571;325,724;225,6861;353,1091;376,5809;420,782;305,4601;200,7778;270,5105;64,61405;282,9006;298,1289;52,66666;279,899;222,5357;40,29135;388,262;377,7385;235,3038;305,4601;144,1216;360,7471;220,3746;197,0301;222,5357;420,782;96,58601;365,623;105,1814;271,4734;378,3941;353,1091;235,2336;349,1105;52,66666;430,5262;244,8637;220,3746;222,667;254,3386;163,9003;252,9828
"272";"2003-08-01";56,30582;49,03982;197,4705;47,81213;52,07265;50,89729;62,23875;72,96435;69,33857;49,04295;46,47541;85,3231;139,2171;54,41268;221,482;60,46609;53,37346;44,9206;46,72456;84,47138;65,96688;56,8647;47,95907;46,85048;79,22311;48,60054;64,0413;90,50309;80,68517;51,51481;65,9169;86,59237;60,93739;65,60095;53,06625;55,28518;57,42774;59,36165;52,40457;60,66419;65,52567;38,8576;38,8576;55,68136;80,29385;192,5152;189,7338;276,4407;204,9055;250,5288;295,4029;404,0768;217,8435;270,9817;508,3918;245,8052;270,8622;288,5632;176,382;182,4351;138,5797;101,9341;288,954;418,0706;260,3085;118,0343;284,2216;251,7207;367,8756;232,1434;182,4351;210,6393;79,73045;262,4753;228,3609;61,54031;261,3074;121,5792;46,47541;316,5919;295,4029;211,0121;232,1434;101,9341;289,9716;138,5797;204,9055;121,5792;367,8756;75,44438;208,2423;80,29385;277,6285;330,3698;284,2216;222,8645;283,87;61,54031;329,2381;166,6378;138,5797;176,382;237,8065;126,8791;212,9186
"273";"2003-09-01";140,1274;135,2835;310,9116;118,1112;138,2664;131,0534;191,2889;137,1542;187,8663;123,9923;114,7524;220,7396;261,6441;182,1445;324,2433;143,4539;133,903;131,2877;128,1986;177,3685;158,3079;149,6401;122,0471;93,81817;167,6564;107,6855;133,5981;238,302;150,5384;133,0182;175,6323;208,6897;150,2208;152,6441;163,1001;182,3116;149,04;173,7544;130,656;166,8238;153,668;122,2095;122,2095;121,5852;196,9533;344,9293;352,8663;396,6833;393,8692;325,6717;359,618;512,1627;367,6365;337,1375;553,6432;332,6183;352,6998;353,6247;374,185;277,9895;314,5003;246,1167;356,8905;639,4655;333,8944;269,1808;356,1712;406,1761;531,2924;329,2148;277,9895;354,5187;120,6713;383,584;361,9485;108,4095;352,877;285,6772;114,7524;455,3804;359,618;324,7679;329,2148;246,1167;391,1129;314,5003;393,8692;285,6772;531,2924;166,6802;423,0021;196,9533;398,7281;490,071;356,1712;310,204;393,0055;108,4095;543,0626;300,7203;314,5003;374,185;349,6401;251,2806;426,5359
"274";"2003-10-01";71,47913;54,68479;184,1847;32,19691;50,84983;56,4017;53,65486;92,50752;91,00739;57,49411;55,59624;93,45168;154,615;59,06838;186,7895;57,75;43,20649;43,37935;54,54924;61,92556;63,42055;47,83167;37,86694;43,48318;65,08244;50,66714;72,34038;64,05334;87,24722;57,29065;55,27683;100,2059;67,53187;77,34158;46,47505;49,85295;44,58301;47,93077;46,13777;47,64727;68,32495;54,78617;54,78617;41,14387;92,33777;142,511;139,9977;183,053;165,4453;205,2857;208,2814;258,0264;195,3081;232,8833;238,3443;186,4304;201,3602;180,423;123,8717;172,474;98,86247;107,3313;277,7732;185,2519;218,2758;123,5041;223,9991;196,6561;200,0219;188,9378;172,474;151,0281;93,43668;150,2491;225,5963;70,52402;162,405;126,1232;55,59624;229,1201;208,2814;173,0287;188,9378;107,3313;247,9245;98,86247;165,4453;126,1232;200,0219;92,94666;157,2131;92,33777;166,5309;188,2814;223,9991;167,2914;180,3423;70,52402;242,4176;177,0931;98,86247;123,8717;188,1638;139,041;156,6308
"275";"2003-11-01";14,06605;11,61157;46,54327;4,967767;10,15678;10,24397;14,87132;14,59095;20,57245;12,81598;9,487425;50,64083;33,5368;17,06672;57,15306;15,62407;9,350397;10,37286;11,75722;24,27763;18,18077;13,42366;7,334337;10,80475;17,79767;8,440731;11,18398;26,5815;15,23934;11,3397;21,1985;29,24841;15,29093;15,50399;14,78357;17,15858;14,56179;15,97234;10,01686;13,93609;17,53735;11,75667;11,75667;9,727119;26,16507;46,85863;47,84;41,8207;46,23602;47,1876;55,78707;134,7933;75,96382;52,10577;150,1978;56,78232;52,74331;56,42308;48,57438;50,63897;41,94032;35,30814;94,1973;184,678;68,73434;38,79734;72,25066;78,04756;126,7889;55,39094;50,63897;50,25043;15,40384;52,97869;85,05505;16,44913;53,5128;41,64816;9,487425;124,8768;55,78707;60,41698;55,39094;35,30814;95,19279;41,94032;46,23602;41,64816;126,7889;20,87921;86,06071;26,16507;63,51646;96,91218;72,25066;50,75664;52,09007;16,44913;116,6729;82,20367;41,94032;48,57438;57,08156;48,55178;56,27645
"276";"2003-12-01";9,644778;5,483146;37,948;1,724657;8,105386;8,279469;8,287791;18,8163;15,69099;14,44583;14,39883;22,13484;29,86722;9,765871;43,58448;9,68285;4,36847;12,20451;7,901506;11,26619;10,73022;7,384183;3,712946;7,178866;10,23484;9,801758;15,09105;12,03074;17,8635;9,054967;8,039683;23,88172;11,50012;14,53279;8,46684;9,680521;7,069701;8,814548;7,450396;9,116434;11,54992;11,76615;11,76615;7,60539;13,54734;43,85229;42,46887;50,59303;47,73086;32,13072;45,12034;60,26548;45,60206;41,75326;50,05159;35,99367;45,81001;46,19196;45,02567;51,79188;37,87929;19,83852;65,06882;60,92808;31,17334;32,88787;37,83691;44,4637;59,4826;33,05432;51,79188;40,08186;18,62585;48,80009;73,27092;17,08815;45,56003;34,9649;14,39883;66,711;45,12034;42,94378;33,05432;19,83852;48,97614;37,87929;47,73086;34,9649;59,4826;12,92601;37,30943;13,54734;49,21128;51,23728;37,83691;39,56492;43,51766;17,08815;51,91039;45,13358;37,87929;45,02567;47,22303;31,66341;55,56163
"277";"2004-01-01";25,67802;20,59179;52,35638;7,703474;16,63238;21,28013;25,36243;22,35742;31,90525;19,90547;16,44744;52,01502;41,88628;33,08178;58,45071;26,01316;15,49768;25,04904;19,31189;28,40685;26,22334;27,8995;23,52369;28,34651;26,89536;20,27501;21,18033;33,90477;25,79829;21,34783;40,46743;45,99933;28,17233;29,1424;31,95308;33,22665;19,44286;28,23089;17,64847;22,85805;33,35102;22,71345;22,71345;14,36765;31,56759;43,99329;46,14648;45,27555;57,50879;36,1624;53,17944;59,3792;81,85047;52,26197;57,63379;43,00838;49,34002;48,6741;52,50275;54,41673;52,61883;44,89417;55,88111;53,52167;68,70583;36,40442;45,81656;40,54948;43,32634;48,35163;54,41673;42,35153;18,48147;58,21706;118,0802;18,10132;48,76212;35,37936;16,44744;66,21973;53,17944;72,3128;48,35163;44,89417;62,68674;52,61883;57,50879;35,37936;43,32634;32,60435;37,93515;31,56759;54,28172;40,59211;45,81656;65,61323;46,32166;18,10132;52,87004;35,2662;52,61883;52,50275;61,33826;64,21999;59,35814
"278";"2004-02-01";3,727419;0;19,99123;0,4110345;2,701961;2,52025;0;4,150438;9,941201;0;0;9,448157;13,62683;3,526882;23,69253;5,397005;1,769681;5,70088;2,280999;5,623408;4,380136;0;0;6,567606;3,785336;0;6,415435;8,823093;6,742765;2,920016;0;14,14358;5,264947;6,780105;3,714385;4,068722;2,799171;2,895231;5,131599;5,614336;5,047907;3,659456;3,659456;0;7,472009;27,70097;33,97158;30,11554;48,91039;24,78646;40,38705;35,13835;33,53973;32,48473;24,25705;25,41006;32,56168;34,92719;35,71466;18,5322;38,67046;12,71866;23,56919;35,73411;28,69556;22,84928;24,09939;32,37709;30,86724;25,97243;18,5322;25,05192;3,563211;29,15483;98,40116;0;27,42549;27,23365;0;26,13474;40,38705;25,14481;25,97243;12,71866;27,26439;38,67046;48,91039;27,23365;30,86724;6,59106;25,22052;7,472009;27,11325;30,09366;24,09939;24,67531;28,67203;0;48,10369;13,80781;38,67046;35,71466;26,38557;22,61569;34,90332
"279";"2004-03-01";13,03657;12,26278;61,40958;17,09745;17,60361;17,60155;16,21669;25,31089;19,1404;25,46125;21,05601;19,94424;43,18074;13,1428;75,89793;27,13646;18,27172;32,07434;17,06818;31,90164;26,40903;18,83272;13,59386;30,37428;31,76484;29,73445;36,24417;33,49092;32,58548;16,83238;13,67555;27,84812;17,01025;20,16866;13,53238;16,27542;18,80249;18,66937;24,79612;27,04217;31,45908;24,81163;24,81163;24,30459;17,18931;64,31277;69,64011;59,63286;80,75381;55,97694;84,86796;77,73204;60,69602;66,39086;81,20273;62,59718;69,30696;85,46133;70,8857;35,99235;68,86425;25,03877;57,84089;72,3367;63,45535;42,5788;64,79263;62,14585;70,03347;58,49014;35,99235;54,0644;19,2878;85,34794;82,82079;19,24049;68,5699;42,39536;21,05601;58,61425;84,86796;71,10417;58,49014;25,03877;55,05342;68,86425;80,75381;42,39536;70,03347;16,72587;44,93792;17,18931;83,0771;55,98024;64,79263;82,71729;63,89307;19,24049;106,0124;24,73336;68,86425;70,8857;82,43895;39,85544;69,84627
"280";"2004-04-01";34,4021;27,49522;86,30112;40,66146;41,22185;34,21599;47,29379;51,15174;42,25547;47,19903;44,67166;52,45743;80,60039;37,8265;94,50896;55,00325;36,72747;47,268;45,13978;66,07819;57,07885;36,76573;40,5355;55,88647;71,65762;47,02894;51,32025;82,28577;60,51859;34,61514;41,51033;61,59871;33,30038;46,40824;40,02475;46,78253;42,68669;56,22127;48,66006;61,13935;62,14341;61,07071;61,07071;48,29133;38,58312;103,6613;106,906;132,682;123,7676;75,33546;108,3683;123,4213;107,7927;112,6337;95,46177;92,70959;117,0603;120,6637;114,2968;77,68134;130,6911;53,83437;73,70664;122,1984;64,5657;87,8056;93,30724;99,96751;127,1325;78,67414;77,68134;94,54893;47,92775;104,9055;151,2811;50,71523;108,66;95,5242;44,67166;86,45651;108,3683;99,31411;78,67414;53,83437;74,58713;130,6911;123,7676;95,5242;127,1325;41,33282;100,5666;38,58312;113,2488;109,1575;93,30724;96,97021;138,6555;50,71523;98,53685;54,72631;130,6911;114,2968;97,0505;78,29015;114,0387
"281";"2004-05-01";74,81448;64,76129;174,8785;109,4268;77,85963;75,72495;88,31063;77,7226;88,77883;83,82873;86,68195;84,90411;174,7925;78,93697;179,9815;92,09672;101,6334;85,43311;76,61148;86,25845;81,71865;80,53073;93,07428;75,75876;87,91946;78,95412;86,92191;113,3701;85,37968;74,21659;74,15807;92,80968;83,37201;85,81518;76,56879;78,53551;87,99139;91,91872;94,71833;111,134;90,65687;89,74819;89,74819;94,56942;83,59126;141,5755;133,9808;222,1427;151,9599;132,7168;174,7668;184,9009;155,8422;173,6257;144,5451;153,8267;175,7462;167,7872;132,9575;120,9216;125,7763;91,06524;230,2012;186,9864;130,2723;97,17621;177,1674;173,7683;184,9156;147,4817;120,9216;140,4698;66,60947;176,3562;164,8093;66,87012;177,401;94,25143;86,68195;141,9848;174,7668;163,0782;147,4817;91,06524;184,5534;125,7763;151,9599;94,25143;184,9156;79,00822;155,1243;83,59126;184,2411;198,4091;177,1674;166,2691;181,6536;66,87012;229,0446;105,3721;125,7763;132,9575;167,882;116,2945;143,2065
"282";"2004-06-01";112,2204;111,2785;244,0652;101,5513;96,871;97,18479;154,0332;97,84779;144,4091;73,3067;69,56444;185,8911;185,9361;115,8632;251,4361;99,43538;105,0448;68,3708;89,2252;118,4093;103,7861;123,2469;114,7298;67,73399;118,7575;64,25478;83,42188;147,657;104,4186;96,98244;134,8683;159,3967;112,331;126,6208;106,8598;114,979;100,8315;108,8624;91,91247;102,0158;90,74752;71,0261;71,0261;83,72827;155,505;328,7409;311,2611;294,4393;342,1939;313,835;373,7079;534,8187;300,9354;293,8563;612,0961;316,1826;298,8545;334,4286;271,2946;193,5264;267,5092;178,8204;340,6518;617,9077;423,7718;228,2845;377,7425;418,9947;579,8353;333,8508;193,5264;326,7905;88,06018;304,9594;272,8306;77,46917;299,6342;228,0035;69,56444;470,1924;373,7079;243,9157;333,8508;178,8204;384,7803;267,5092;342,1939;228,0035;579,8353;149,5749;313,053;155,505;317,4681;515,446;377,7425;238,1865;303,2927;77,46917;497,2527;296,9333;267,5092;271,2946;247,5;189,1834;268,1678
"283";"2004-07-01";60,92253;43,05809;183,5174;63,16121;62,89632;61,43028;72,2298;80,93786;83,46518;59,01077;55,23642;92,64061;144,7294;79,95121;188,4382;68,55319;66,04888;58,26121;60,33063;74,81379;70,51292;76,5061;67,56422;43,69975;72,43127;48,57351;63,45996;112,5357;81,67148;65,245;70,99606;105,814;69,69511;75,33363;75,93987;82,39138;69,06847;77,83846;59,26576;77,47869;65,75301;56,20848;56,20848;53,97989;79,71455;181,3355;165,0829;276,8587;168,9017;235,5379;291,6702;322,1264;232,9266;231,5825;370,9545;242,189;253,853;278,7597;194,7792;182,7791;154,6744;110,467;282,6068;322,0642;282,6534;119,2217;250,3179;272,3036;294,4496;240,4821;182,7791;197,7275;70,10024;213,0374;234,3957;61,40316;229,2238;123,9131;55,23642;290,2936;291,6702;201,5564;240,4821;110,467;283,8738;154,6744;168,9017;123,9131;294,4496;78,29489;256,3525;79,71455;231,9255;261,8662;250,3179;183,9385;276,8987;61,40316;286,2811;159,2083;154,6744;194,7792;213,6357;149,3734;223,9018
"284";"2004-08-01";68,82894;52,8204;143,25;58,08029;60,28712;58,51006;52,13234;68,66936;96,41453;54,95665;50,72226;100,1997;122,8343;67,48122;145,9083;70,0765;64,75211;50,70537;57,33121;77,92265;75,56145;55,92042;37,98814;48,18172;77,43408;49,57218;63,80818;104,1177;72,21288;62,48101;68,35813;106,9562;70,68546;75,45925;56,37389;60,04737;69,90746;60,57406;64,49841;75,73726;70,26659;55,5177;55,5177;56,68174;87,86408;167,1809;159,2542;233,642;174,7346;254,2194;242,9748;326,2942;234,8305;190,6565;346,4679;245,1003;210,7743;254,3664;136,8009;147,2279;115,7997;117,5489;260,2994;370,8467;255,9772;116,8496;256,6725;297,2728;351,1074;229,8574;147,2279;175,3006;65,0979;175,9008;182,4526;63,48502;182,5738;116,7782;50,72226;241,4607;242,9748;148,3036;229,8574;117,5489;254,1398;115,7997;174,7346;116,7782;351,1074;86,91608;269,2159;87,86408;190,2079;370,9288;256,6725;135,8273;249,4627;63,48502;348,0802;159,4803;115,7997;136,8009;164,1288;142,1856;142,3608
"285";"2004-09-01";97,81453;86,08512;237,8069;74,99953;90,88854;86,15016;146,6752;82,70049;107,0711;66,43805;60,60047;122,023;169,2677;138,6925;261,7147;93,43452;86,25652;72,06553;91,29594;143,1827;127,6225;150,5918;118,7625;51,02159;138,0522;70,3925;65,99743;122,8416;88,60829;88,60376;137,7233;132,0026;99,05753;98,06754;126,0706;138,1251;96,75567;144,1423;83,00894;89,7852;93,34773;56,55141;56,55141;86,04836;117,2731;264,1925;260,9444;341,2386;287,9221;221,8105;272,7246;318,2819;269,0202;307,7986;259,4141;226,7606;323,5847;273,7624;237,0958;193,1993;204,5999;147,3117;251,6669;321,7297;227,8392;171,8659;252,5298;259,1274;285,8287;221,1668;193,1993;303,3317;70,50664;307,0357;294,2679;66,13304;322,5486;167,2969;60,60047;249,3347;272,7246;261,2095;221,1668;147,3117;272,7851;204,5999;287,9221;167,2969;285,8287;109,2003;262,9202;117,2731;346,4901;259,4825;252,5298;241,3629;326,2451;66,13304;332,3527;137,6733;204,5999;237,0958;283,3803;158,0247;277,1872
"286";"2004-10-01";70,97505;51,97041;180,3322;42,22093;69,20868;75,03685;57,05524;89,13441;88,48267;66,67892;62,78421;61,04979;151,4983;69,34;182,4917;68,52205;52,46363;55,20381;76,84508;88,86584;84,90874;70,89613;51,94817;56,14586;92,60011;67,10082;83,27866;60,65771;94,9557;71,2425;59,63904;102,0458;77,25561;90,63377;64,46851;73,57336;64,69857;76,04284;48,96038;47,4511;90,14051;55,42898;55,42898;47,07531;75,97503;233,3362;246,221;228,3051;242,5976;237,4622;243,8209;263,6651;182,0785;259,3618;184,8163;190,8342;227,7957;224,6311;186,8184;168,577;157,8586;93,0789;245,0716;222,7283;168,3159;206,5908;215,3843;222,7179;246,2667;183,6893;168,577;217,2945;81,89195;230,2636;225,6213;68,15003;213,0422;217,9564;62,78421;165,8055;243,8209;170,7329;183,6893;93,0789;211,1517;157,8586;242,5976;217,9564;246,2667;85,2153;218,4112;75,97503;215,0046;232,0596;215,3843;169,0162;242,2221;68,15003;276,4017;112,4827;157,8586;186,8184;199,9051;131,968;184,9438
"287";"2004-11-01";12,322;9,605631;46,91496;2,750655;6,889708;7,674094;19,11481;12,13542;16,99545;10,64787;8,846357;33,1478;31,6252;13,78909;70,86356;10,89495;6,203207;8,927297;7,611419;16,0579;12,89359;11,04409;8,775906;7,453264;11,71878;7,675679;10,21449;20,16615;13,97612;8,626987;19,23769;24,5313;11,65644;12,78577;12,48781;14,00982;9,471754;11,95841;8,683394;11,9191;11,85827;9,830143;9,830143;7,964089;18,35629;51,57905;54,2392;55,53802;54,48522;50,73445;78,93537;82,65982;78,13741;78,22339;60,37871;62,48762;78,08682;75,28893;52,96565;53,46248;41,27314;28,46928;75,53844;79,5065;63,12141;33,78286;60,57877;64,46719;73,83917;60,88243;53,46248;62,06137;11,42913;69,90969;110,3996;12,65023;80,81229;35,72223;8,846357;69,3828;78,93537;66,71027;60,88243;28,46928;78,25282;41,27314;54,48522;35,72223;73,83917;16,73452;78,69119;18,35629;85,95513;62,34268;60,57877;59,80999;70,49927;12,65023;88,78024;37,54605;41,27314;52,96565;66,74552;39,18773;74,04626
"288";"2004-12-01";8,311207;4,599776;27,28781;0;6,49952;6,654015;6,866136;12,62767;13,25094;9,485188;10,34962;14,47126;21,76912;8,72422;32,53966;7,244401;0;8,635269;6,430472;8,493261;8,279163;6,583613;2,769578;4,882679;7,984;8,107187;9,383792;8,036145;11,57652;7,110712;6,094185;22,8068;9,543093;13,22013;7,141011;8,095287;5,572763;7,735543;5,342329;6,829937;8,786799;9,78985;9,78985;5,18649;8,937253;28,23436;26,20285;44,19333;28,83143;31,09519;52,00662;49,97338;45,55849;40,29395;38,15798;35,65887;35,73798;44,5162;24,50972;29,68362;20,80332;17,67267;67,64726;44,36428;35,46819;17,89114;35,12846;35,32453;39,69978;35,9391;29,68362;25,39518;12,75616;30,03513;74,3344;12,51288;37,57159;19,23827;10,34962;45,94743;52,00662;28,25081;35,9391;17,67267;48,54098;20,80332;28,83143;19,23827;39,69978;11,38777;26,32639;8,937253;35,56134;38,04259;35,12846;28,87229;40,08675;12,51288;44,57001;27,62826;20,80332;24,50972;29,03528;30,05643;31,2436
"289";"2005-01-01";7,137553;4,841998;19,30776;2,002845;0;4,30356;6,256195;8,447893;9,772254;6,975803;6,080995;20,24871;14,38498;7,826073;24,08816;6,695747;4,673795;6,791635;0;9,194007;6,497231;6,659111;4,500495;8,500114;7,699043;5,507115;7,702108;10,55834;8,867922;5,499583;9,967227;14,14463;7,830552;8,855618;7,280736;8,22683;4,760586;6,755236;5,383664;6,722567;8,025195;7,426968;7,426968;4,390457;10,14571;20,94855;20,79105;21,17431;29,54976;15,15279;20,23859;29,30032;29,08923;22,12093;37,17447;17,0766;22,49142;19,77134;22,16905;24,10954;21,77782;14,67856;25,79757;29,66368;22,88447;16,99076;19,12125;16,60637;20,25183;18,63927;24,10954;21,54207;7,844575;25,65432;37,97417;8,004744;23,34251;17,73717;6,080995;27,74477;20,23859;27,52336;18,63927;14,67856;23,0923;21,77782;29,54976;17,73717;20,25183;9,511658;19,60735;10,14571;25,25119;21,35103;19,12125;23,62697;21,91173;8,004744;22,04909;24,94747;21,77782;22,16905;26,06406;20,87795;28,00324
"290";"2005-02-01";4,838748;4,036062;27,55547;0;0;2,377898;5,721082;5,571599;10,68137;4,749111;3,875752;15,92713;15,78075;4,447751;38,4032;4,993576;1,676157;6,166137;2,665869;6,346348;4,846081;4,397675;2,625069;7,300331;5,135648;2,702604;6,616566;14,328;8,311428;0;6,719628;17,21815;6,201324;8,346804;4,713096;4,302691;2,461277;3,843772;6,147348;7,557431;5,885364;5,793937;5,793937;0;10,78212;41,3353;49,89959;51,87142;66,93762;38,33176;57,08193;49,64065;43,78799;44,92706;43,47715;37,94425;46,97357;53,8343;53,38416;29,6428;51,60869;16,41999;41,69969;56,85707;40,13606;29,15985;41,04753;47,87888;45,70776;36,34602;29,6428;42,06942;5,967338;39,03615;118,5963;5,286478;40,97706;30,8124;3,875752;41,78928;57,08193;35,38391;36,34602;16,41999;39,48614;51,60869;66,93762;30,8124;45,70776;8,345327;37,42634;10,78212;38,41574;42,76421;41,04753;33,15416;44,8194;5,286478;65,08816;25,31285;51,60869;53,38416;36,83924;25,7229;55,93644
"291";"2005-03-01";5,089894;4,41936;33,43907;7,674571;7,50628;8,421413;3,289021;10,84481;9,551516;11,43043;8,952401;6,637552;21,15992;4,354793;38,76158;11,92365;8,710434;14,7485;6,577914;14,12465;12,31619;6,3248;2,22382;14,71041;13,36678;14,71986;17,86401;14,06603;14,61703;8,010969;4,586849;14,93203;8,924191;10,0528;4,501993;5,400491;7,82514;5,815507;10,83317;11,19406;16,06971;11,62834;11,62834;11,73798;7,775601;54,04464;54,19976;43,60072;60,48151;44,69094;61,43277;47,22216;37,57919;44,8466;33,82127;47,33019;42,10897;60,9421;50,29587;16,60829;58,63707;13,03512;47,72908;38,992;41,49619;44,56204;51,38816;46,3764;39,62733;40,84665;16,60829;34,37837;8,779223;53,05928;49,59796;8,294965;41,10328;46,74216;8,952401;32,92279;61,43277;32,81383;40,84665;13,03512;34,95036;58,63707;60,48151;46,74216;39,62733;7,52696;35,92226;7,775601;48,09611;37,44788;51,38816;38,90395;48,3288;8,294965;79,51961;8,579168;58,63707;50,29587;39,08659;22,51298;47,36575
"292";"2005-04-01";20,07022;18,09778;46,42252;23,33956;22,04778;18,87872;29,91965;23,42371;24,60541;24,6786;22,78866;32,99883;42,81685;20,70163;48,66364;34,84441;21,93305;31,89285;26,14223;54,05375;40,22636;26,41561;27,09954;39,68951;52,89704;33,71165;31,22803;43,6335;29,94103;19,93091;22,53918;35,8278;19,44103;27,93789;22,89921;28,2461;25,45744;37,83924;32,37423;32,82468;43,78138;28,78254;28,78254;34,33592;22,40666;37,1329;34,22997;62,31376;42,36426;32,54849;59,89354;49,32244;63,41014;64,96806;38,19134;44,10658;61,45127;56,61583;34,39173;30,28079;39,20745;30,41926;33,2537;38,77185;32,99804;24,22043;39,62436;36,57695;37,80292;39,36507;30,28079;37,08378;19,4764;49,26896;97,11429;19,55005;57,83371;25,76067;22,78866;39,69543;59,89354;47,97641;39,36507;30,41926;37,26947;39,20745;42,36426;25,76067;37,80292;23,64489;31,16779;22,40666;56,06331;28,03274;39,62436;50,14656;63,24332;19,55005;30,55694;31,72001;39,20745;34,39173;48,04044;43,87694;37,06152
"293";"2005-05-01";63,84607;49,29621;110,0244;82,72208;62,58802;60,23022;63,8423;36,84241;77,05261;38,89289;36,90455;63,17104;90,33698;60,1217;118,7986;66,5444;73,58229;41,38426;55,34938;52,69856;59,08009;53,56217;62,2904;49,51154;49,50882;41,12792;42,31071;49,44617;40,85816;61,03785;55,81585;78,27805;66,10654;66,82159;56,59207;56,05299;66,40851;62,56177;49,51169;53,15613;61,45534;39,79281;39,79281;51,68741;70,47165;147,2231;137,1817;202,9846;151,2075;134,3716;173,1298;138,107;139,0822;156,1092;104,0574;137,1492;168,7356;175,1433;115,5508;61,92292;127,7018;80,83878;180,6194;144,8038;130,9332;137,1;153,4856;154,6228;145,1064;136,4946;61,92292;165,1827;29,907;146,1717;140,3127;30,75388;163,1126;131,6655;36,90455;105,5612;173,1298;96,86895;136,4946;80,83878;152,4224;127,7018;151,2075;131,6655;145,1064;70,27098;136,8992;70,47165;151,1404;150,7196;153,4856;104,185;177,9167;30,75388;183,1692;65,38294;127,7018;115,5508;112,9347;99,04134;105,498
"294";"2005-06-01";40,56525;37,6;145,5906;41,39368;37,30663;36,3514;43,46753;64,62325;63,61048;45,87911;43,55762;73,2427;115,5914;39,93481;157,3075;40,16022;46,91399;36,19889;30,37205;46,10095;33,22457;35,77424;34,42739;33,66156;42,36388;32,86327;50,2662;90,10455;65,853;40,2866;45,19839;75,78323;46,8043;54,80672;36,38715;35,88185;40,52071;32,87041;46,96962;58,70579;33,8933;41,03586;41,03586;39,14315;59,81554;173,4644;176,7835;148,6649;197,1294;168,5841;211,8509;243,7438;165,5511;170,3211;315,2982;171,9354;156,167;179,8608;173,1056;143,5542;165,3907;80,48187;174,9723;270,3985;216,4521;131,7047;189,3071;189,6284;247,3005;187,5915;143,5542;158,2574;63,43523;172,9272;168,7709;57,34983;158,4595;140,6202;43,55762;213,3606;211,8509;160,7682;187,5915;80,48187;186,2911;165,3907;197,1294;140,6202;247,3005;59,18139;151,8428;59,81554;177,4123;221,5115;189,3071;154,568;163,6173;57,34983;223,3173;120,6132;165,3907;173,1056;171,0741;103,392;179,443
"295";"2005-07-01";99,9585;89,83383;289,8353;83,69197;78,42506;79,01791;128,5707;114,4867;141,8319;79,22965;69,87958;212,6334;227,6325;100,2849;294,6586;80,93793;98,67921;73,97309;72,31375;84,66164;81,32573;93,48453;104,3672;61,67745;83,30392;55,42349;91,87647;141,3425;125,484;93,71065;116,9976;176,0905;116,2698;129,7176;90,06395;92,56432;83,96271;87,36759;71,93203;92,4074;73,87763;68,0228;68,0228;61,76974;162,5734;240,6455;221,7224;325,8724;219,0862;295,3118;413,2451;440,0851;339,9431;318,2752;478,6683;334,7083;320,5228;380,5629;266,6073;204,2093;236,127;197,5374;407,8095;425,1944;393,686;204,039;338,0349;352,2883;399,9232;339,2321;204,2093;261,2725;91,24019;305,8421;359,2746;75,92799;297,1028;206,9597;69,87958;438,1253;413,2451;270,5093;339,2321;197,5374;412,0161;236,127;219,0862;206,9597;399,9232;142,8827;333,764;162,5734;322,766;349,5825;338,0349;267,3652;347,8917;75,92799;384,1458;325,885;236,127;266,6073;267,3963;231,7731;295,6752
"296";"2005-08-01";114,8877;102,5175;328,5054;92,14077;94,11577;92,52785;120,4446;132,0455;152,0097;88,17344;88,18837;216,7998;236,7883;110,3715;332,7192;109,8037;110,2346;82,63759;86,01531;127,1462;111,9442;96,08631;95,66429;90,78553;119,9757;76,78967;123,5505;134,7017;138,8273;101,6297;128,2512;177,8597;120,854;132,5397;105,0149;101,6372;99,34903;103,1828;79,76788;92,77988;110,1123;76,97394;76,97394;78,44952;181,8715;294,1784;296,78;410,2632;296,378;363,6321;397,2946;633,7513;376,0583;391,3227;815,278;371,4256;384,9904;375,638;252,7011;250,6087;209,7781;202,7536;440,1187;667,559;444,1409;241,5991;414,9117;418,6122;563,139;372,1712;250,6087;309,796;121,0209;350,8525;387,2234;91,97762;380,0386;229,9796;88,18837;546,7558;397,2946;316,6161;372,1712;202,7536;486,0881;209,7781;296,378;229,9796;563,139;162,9338;401,4767;181,8715;377,4227;552,9023;414,9117;310,5075;392,1868;91,97762;495,542;317,0036;209,7781;252,7011;329,2587;222,6525;291,947
"297";"2005-09-01";46,07881;45,49047;195,1273;37,12846;39,72643;37,98434;53,83208;65,69586;76,03808;41,67986;40,97775;110,2554;143,6145;47,81152;236,644;47,13683;49,73247;35,81512;37,60068;63,12111;47,62062;49,20136;36,69018;31,3381;60,3942;28,35404;51,98746;92,00728;70,49586;44,54808;59,07995;93,3805;55,54367;61,98835;44,33464;50,18179;43,33361;46,83731;43,91822;52,90755;42,13461;41,01887;41,01887;36,09456;79,35298;205,4237;197,1033;311,103;205,8513;293,7991;282,9356;476,0787;262,3162;273,6395;604,5208;290,1133;271,114;286,3883;169,3453;151,2278;142,8946;114,1782;363,1993;582,3763;273,5299;142,8899;330,2701;337,9744;481,7964;272,1074;151,2278;247,9706;55,22388;240,8962;263,1393;56,20466;263,3152;142,3227;40,97775;417,3781;282,9356;208,2392;272,1074;114,1782;356,9977;142,8946;205,8513;142,3227;481,7964;68,10205;302,0345;79,35298;283,63;409,4047;330,2701;213,3328;297,9325;56,20466;463,9455;237,1275;142,8946;169,3453;211,584;137,6948;198,7052
"298";"2005-10-01";94,02934;75,504;226,363;61,58657;87,32681;87,5126;72,23215;123,4226;124,0264;96,30802;101,3404;129,2758;192,4762;84,63365;228,5632;98,75064;77,76361;84,23547;85,53966;101,5945;107,1791;62,74932;46,09853;84,56558;98,83993;91,13673;110,418;137,3131;119,6417;87,7836;79,83755;149,0934;102,4335;117,4347;72,48692;82,25477;84,90713;77,59312;91,9946;100,5791;123,9733;105,2954;105,2954;77,44588;123,0152;242,5704;244,0932;270,2584;247,9566;328,7482;295,8098;396,538;256,044;288,0085;398,1712;279,6058;268,7649;271,8552;193,9945;232,2568;160,0475;152,5709;358,8646;375,3763;288,3476;206,4536;331,0651;342,4481;373,6813;267,6313;232,2568;243,4269;130,1499;245,895;276,1445;126,3098;243,619;204,6247;101,3404;316,1995;295,8098;221,2474;267,6313;152,5709;323,9077;160,0475;247,9566;204,6247;373,6813;125,7024;289,7313;123,0152;251,721;353,0326;331,0651;206,5695;293,5244;126,3098;441,6377;233,2356;160,0475;193,9945;234,419;186,5931;212,4863
"299";"2005-11-01";12,36599;8,678975;51,55932;0;7,152801;7,819612;12,53773;15,48952;20,12422;12,38713;9,940952;43,48901;36,36498;12,29942;72,97133;11,98326;8,097275;9,779303;7,212666;15,63748;12,80806;8,960293;6,224505;8,341246;11,55289;7,53022;11,29107;26,53454;16,01641;9,28392;16,56273;29,14942;13,67037;14,49456;10,56099;12,08779;10,13225;10,15315;9,46183;13,11345;12,72096;11,21918;11,21918;8,054213;21,88163;55,77657;60,0086;51,32924;64,00404;54,83611;79,79561;145,0237;84,49348;76,58933;113,211;69,42472;67,06467;71,79193;61,32925;63,71465;49,63739;35,33353;102,0307;149,3213;76,56964;39,63279;79,72772;86,22079;134,5861;66,88025;63,71465;58,89227;16,17715;72,70203;112,3421;16,9693;69,53674;43,85521;9,940952;114,9958;79,79561;76,97459;66,88025;35,33353;105,2749;49,63739;64,00404;43,85521;134,5861;19,87212;98,71143;21,88163;79,02385;105,8761;79,72772;66,56404;65,55511;16,9693;130,4577;73,74296;49,63739;61,32925;79,33671;48,96406;79,38763
"300";"2005-12-01";7,525504;0;34,89585;0;5,955235;6,588788;5,986194;13,62413;14,01483;12,37766;11,81358;13,56036;30,77913;8,367631;42,62185;7,553215;3,01947;11,93432;6,283267;11,76515;9,784477;6,972503;2,826318;6,518117;8,769205;11,06998;12,51528;12,33417;14,29529;7,141467;6,718199;24,57595;10,33704;13,24733;7,332733;8,263012;5,864372;8,460436;7,623375;9,784923;10,14606;12,14395;12,14395;7,537227;11,01264;32,89371;34,58458;54,21031;39,06501;36,97436;64,88696;54,00987;54,56852;50,67749;33,85443;46,5537;47,8065;55,61308;32,20755;33,01594;25,725;19,79322;66,30228;40,93463;41,84974;23,56453;44,48608;43,59002;39,12891;48,91446;33,01594;34,28701;11,31384;41,7251;80,91121;10,3762;49,86888;24,54556;11,81358;53,01472;64,88696;37,05437;48,91446;19,79322;57,22334;25,725;39,06501;24,54556;39,12891;13,34875;34,21479;11,01264;41,66793;40,69828;44,48608;35,65639;51,88194;10,3762;55,1656;30,25627;25,725;32,20755;36,77767;31,56456;35,1312
"301";"2006-01-01";7,870711;9,798904;44,33194;2,626061;4,8152;5,772943;9,674928;14,69444;14,87647;9,675787;8,870254;29,61607;34,59647;8,320417;59,19931;7,910454;6,504717;7,973039;5,243023;10,58164;8,079784;8,034346;5,453667;10,67882;9,059866;6,896026;13,51062;18,92694;16,94106;6,626984;13,31332;27,2765;9,517231;14,11154;8,629978;8,941482;6,285704;7,501173;6,433087;10,04322;8,773358;7,390843;7,390843;4,639107;14,36789;44,92913;44,62527;57,94839;54,03912;44,29283;65,36443;71,4819;78,2299;61,78322;57,23619;51,44349;60,9921;62,2072;43,02972;51,52347;41,18365;23,98397;65,15119;61,48866;63,03996;29,94051;54,4379;50,56945;51,62939;49,87292;51,52347;46,33316;14,92665;60,40316;119,7521;13,0155;59,24228;30,40394;8,870254;65,01711;65,36443;65,55215;49,87292;23,98397;65,69886;41,18365;54,03912;30,40394;51,62939;13,11649;41,58395;14,36789;61,35069;49,04919;54,4379;58,44537;59,20476;13,0155;65,26065;42,21669;41,18365;43,02972;62,31436;49,36209;53,28378
"302";"2006-02-01";4,537265;3,385838;20,95621;0,7009265;3,135369;3,121664;0;6,359033;10,44853;5,795683;4,454375;14,86772;15,70771;4,093051;23,15244;5,661476;2,330211;7,079719;2,837685;6,403506;5,503485;4,522469;0;7,579609;5,249478;4,811982;7,376516;12,28646;8,625372;3,406831;5,494624;14,84032;5,725842;7,652742;4,591893;4,340431;3,211123;3,618239;5,187875;6,261975;6,490248;6,875066;6,875066;3,294386;9,852138;23,88451;27,78458;29,75652;35,50488;24,98443;32,93373;38,38226;30,04247;27,7718;40,84679;25,46145;27,0362;32,14489;26,91753;26,51691;28,59151;14,19022;28,67719;47,35014;28,80457;19,45226;26,96156;29,06398;37,37468;22,59422;26,51691;20,28161;6,972203;24,85082;71,73045;7,000219;23,73312;20,65097;4,454375;37,88097;32,93373;24,97831;22,59422;14,19022;32,46633;28,59151;35,50488;20,65097;37,37468;7,65262;23,59219;9,852138;22,83263;28,07234;26,96156;22,57577;29,15303;7,000219;43,85054;25,76188;28,59151;26,91753;26,04628;21,56657;28,13467
"303";"2006-03-01";8,047085;7,347573;54,29607;16,01908;15,73002;15,84143;7,711643;25,44559;15,48563;30,57669;23,27765;9,516525;39,64578;8,231483;59,02105;26,73886;17,30738;40,74681;13,37943;35,49235;26,83814;9,821866;5,089325;35,00241;33,40714;38,47683;40,27174;33,75592;32,59107;15,95358;7,535045;22,71108;16,72482;18,72425;8,47772;10,49156;17,68766;11,7263;24,98797;26,00929;37,95943;25,9627;25,9627;30,3815;11,15341;33,57669;36,51042;34,94121;42,36105;29,99808;52,63922;30,05634;41,78609;45,48674;27,88404;36,39337;39,38963;48,16942;31,56712;24,64755;32,30774;17,95124;30,74456;25,84422;39,11128;23,55594;33,92937;32,33226;26,46535;34,95661;24,64755;31,17903;18,16061;47,05341;53,32323;17,21156;41,10125;21,97534;23,27765;20,45987;52,63922;49,28463;34,95661;17,95124;31,65651;32,30774;42,36105;21,97534;26,46535;11,18805;24,04411;11,15341;41,7434;22,77558;33,92937;56,73796;35,26244;17,21156;50,59998;10,0096;32,30774;31,56712;49,57089;32,45869;35,6223
"304";"2006-04-01";25,22104;23,19559;52,87303;32,13036;29,69627;25,58063;32,61794;30,11018;28,33845;31,2191;27,27197;37,22183;48,73089;26,04128;56,23895;45,39737;29,37026;38,93245;33,3654;57,60748;53,8611;29,73732;26,57915;41,44402;56,8228;41,06336;36,87001;50,04157;38,41716;26,72618;28,61378;41,46575;25,90205;34,10682;28,86664;34,2908;34,74271;43,17118;35,35234;38,81407;49,71058;33,35714;33,35714;41,72024;26,86158;40,61974;38,10296;68,39407;42,85073;35,15661;65,05106;63,9943;66,04618;69,06725;40,12955;43,02949;67,21761;62,79886;33,28787;34,9973;35,73679;34,67176;41,26274;60,21128;35,22371;25,80095;40,10749;39,86159;56,58331;42,40702;34,9973;45,76561;24,93543;50,54951;95,64715;23,0462;66,9439;25,4433;27,27197;49,6591;65,05106;56,31954;42,40702;34,67176;39,27116;35,73679;42,85073;25,4433;56,58331;29,24356;36,49233;26,86158;58,85448;42,71065;40,10749;56,12863;65,65663;23,0462;36,51575;33,90088;35,73679;33,28787;51,26907;47,83171;38,67683
"305";"2006-05-01";126,5258;96,03356;166,4266;168,6389;122,4787;114,8041;120,9911;79,58706;136,2319;97,63067;97,93518;111,8157;167,4934;118,8859;180,8807;143,445;142,4993;109,1382;114,7672;137,9489;136,3684;108,714;138,5877;117,488;139,1371;114,9315;100,8235;111,2566;88,02763;118,1603;117,3918;134,4539;128,8766;125,9353;114,5655;113,9437;138,2536;132,9972;112,0425;119,151;149,3983;107,2195;107,2195;136,1232;122,8443;167,4384;168,7092;250,4026;192,6646;139,5585;219,8206;199,0068;195,1892;195,2747;155,3408;175,5252;204,9848;201,4574;171,0073;149,8205;165,2307;139,8677;244,6005;178,4302;169,7502;118,3191;178,7078;155,1965;175,5847;170,7185;149,8205;155,0516;78,30976;202,5869;215,3428;76,25088;198,053;124,2259;97,93518;170,4279;219,8206;170,7065;170,7185;139,8677;215,717;165,2307;192,6646;124,2259;175,5847;126,0301;139,8548;122,8443;189,1865;163,9393;178,7078;163,7341;211,2394;76,25088;202,9218;126,3119;165,2307;171,0073;175,8648;153,1834;182,2666
"306";"2006-06-01";42,38068;39,78151;183,1265;45,93682;41,85902;39,05302;54,43204;60,77934;70,96476;40,7424;35,11912;78,15913;129,7117;45,68408;215,0612;46,64481;55,61899;42,86443;35,41493;73,14732;45,10316;60,79642;46,0701;39,76639;70,57921;43,06784;51,50294;92,1756;65,44633;41,16219;48,27605;93,51933;49,97347;65,80893;42,72151;42,96834;44,59776;49,64068;56,33349;65,6678;41,99812;39,86139;39,86139;53,89516;64,39647;266,2479;289,0797;268,3193;337,2755;257,3782;351,8499;342,9161;262,2124;285,5859;372,3541;259,2297;263,7931;307,0484;270,6394;156,1152;278,8471;95,94533;266,1426;402,9209;311,7221;202,8893;292,7415;307,2828;380,8161;283,4824;156,1152;252,4499;51,70269;275,7126;228,8203;42,07794;259,8619;215,4118;35,11912;257,9689;351,8499;207,7341;283,4824;95,94533;287,8796;278,8471;337,2755;215,4118;380,8161;67,17776;257,8441;64,39647;277,4812;334,324;292,7415;198,9344;294,5054;42,07794;343,339;139,5521;278,8471;270,6394;238,5824;137,912;264,6936
"307";"2006-07-01";78,39375;74,93388;277,003;69,45496;76,60949;75,46706;116,0359;103,7614;105,4037;62,3676;54,83938;132,0969;208,4039;95,37039;289,2443;78,20429;75,27564;61,54819;74,03426;93,72003;85,21918;103,2927;89,33837;51,95034;96,00331;53,06344;79,15844;118,1528;111,1316;72,90173;98,99046;129,873;83,23789;91,0704;90,96815;99,86491;78,42776;103,32;62,41054;76,79239;72,22497;53,77074;53,77074;62,36077;105,8069;290,1373;258,0994;379,3992;233,5714;317,1188;401,4439;425,6726;314,516;339,0973;500,2659;319,4572;349,1283;373,6078;261,884;233,684;247,4842;137,0332;366,5788;449,5164;323,5902;257,735;329,3652;390,7412;423,3255;302,448;233,684;297,6053;80,53207;302,8553;326,6957;66,36555;325,494;269,0721;54,83938;414,9844;401,4439;276,8248;302,448;137,0332;338,044;247,4842;233,5714;269,0721;423,3255;99,61033;360,5233;105,8069;332,4095;397,9997;329,3652;278,9691;386,3195;66,36555;418,6642;245,505;247,4842;261,884;296,1291;176,571;291,9824
"308";"2006-08-01";87,21184;78,79592;239,4729;72,37923;80,2613;70,79792;99,62068;96,17796;111,3436;68,96357;64,09859;167,7358;183,1792;85,17332;266,5105;92,13687;84,21984;83,14991;75,26369;140,611;104,9143;84,39743;67,80291;76,68261;137,9199;87,99777;88,83096;141,0172;105,7131;71,51138;105,5113;135,233;86,84401;94,31937;82,7403;86,01493;82,40509;98,07281;99,34798;108,8179;95,60224;75,6502;75,6502;94,13602;135,7154;239,6536;225,0384;340,1746;255,9582;340,9575;354,5992;539,3932;319,9886;315,2122;631,6143;336,9465;307,572;310,9174;216,2521;213,1383;169,66;150,7181;413,5666;576,4818;364,8233;160,9936;396,9989;426,9012;547,8969;328,7491;213,1383;242,2499;86,53091;305,9709;302,0282;77,46942;298,583;148,0996;64,09859;448,0033;354,5992;261,1144;328,7491;150,7181;404,1284;169,66;255,9582;148,0996;547,8969;120,9032;369,4426;135,7154;354,3992;522,4406;396,9989;256,0411;340,3909;77,46942;492,3471;298,2404;169,66;216,2521;274,5119;186,2641;261,712
"309";"2006-09-01";101,0283;79,37923;274,7187;82,0829;84,84167;80,72097;105,7748;97,05642;141,4124;83,96229;80,05893;164,9985;197,4589;108,3003;309,5102;103,4622;101,4001;89,10934;79,5621;153,6411;121,6009;93,59156;73,3991;69,92133;141,2614;83,12085;94,61634;159,256;109,6002;91,17156;117,4526;172,6483;107,7109;116,7218;89,49841;101,083;96,48392;102,5944;90,49944;108,8251;109,2572;77,63775;77,63775;98,27636;147,1571;270,217;270,5392;381,0232;296,7743;341,5584;380,1097;527,0369;407,1289;347,3409;515,6161;378,6025;347,32;350,1137;265,725;217,7778;222,0798;189,3032;428,141;540,0244;386,5348;190,0816;377,5069;347,5971;437,4871;375,541;217,7778;312,4827;90,70606;328,6931;385,9959;83,79819;349,7948;195,0831;80,05893;462,5324;380,1097;303,7381;375,541;189,3032;465,6971;222,0798;296,7743;195,0831;437,4871;125,8306;298,4103;147,1571;365,2305;386,1234;377,5069;289,6128;362,5564;83,79819;501,6039;267,4644;222,0798;265,725;306,196;223,1226;308,3303
"310";"2006-10-01";73,85302;50,85833;181,6469;38,19323;62,2581;67,08516;49,78905;92,12698;94,40897;76,07922;72,5415;64,379;156,8777;63,28846;173,5081;66,29585;56,22071;68,18414;67,39342;73,5215;70,86604;49,50673;47,23558;60,16663;74,21629;75,46738;89,74853;74,18785;97,46424;69,40236;56,6796;121,9477;83,87827;102,9589;55,89066;62,59288;58,49154;56,86816;68,96593;72,86171;92,22183;77,53409;77,53409;62,03862;86,82013;159,9227;158,3107;183,8905;164,5014;230,0003;214,9648;227,3777;210,7482;199,7176;158,4684;201,8688;192,7124;182,6331;121,9959;126,5686;101,4397;113,0716;235,7943;171,4797;216,7055;149,2736;215,6111;207,5297;199,9668;203,6543;126,5686;153,2976;74,36445;156,8387;218,592;69,94988;163,2887;148,3239;72,5415;162,0757;214,9648;152,1987;203,6543;113,0716;217,6249;101,4397;164,5014;148,3239;199,9668;90,0057;184,6461;86,82013;167,1367;203,1948;215,6111;155,1484;197,9182;69,94988;245,9236;106,1065;101,4397;121,9959;151,1539;166,8108;118,154
"311";"2006-11-01";46,40228;28,45429;128,1876;15,84533;28,69614;29,73863;46,2792;40,46157;59,85715;40,36472;32,07969;104,3158;96,08901;57,33388;151,3661;41,62444;32,49629;37,18551;30,42952;67,89221;50,81166;36,87427;29,40877;25,78524;51,11621;29,55513;36,84912;75,08641;43,26516;36,8175;81,72965;82,66899;50,01386;49,41269;44,58837;47,01907;40,85129;40,29448;34,49203;46,10524;50,93275;34,37246;34,37246;33,69445;81,12665;81,99263;86,68482;67,54161;104,306;81,6331;96,52782;186,0431;165,7158;96,41337;159,4617;102,8708;97,12186;95,79145;103,5393;124,2563;78,12069;106,9334;160,8303;248,2916;136,5032;58,681;109,3232;127,8929;166,4106;102,8534;124,2563;83,85458;39,65651;128,8773;172,7808;40,4669;98,67557;61,74699;32,07969;194,2241;96,52782;153,9457;102,8534;106,9334;159,9974;78,12069;104,306;61,74699;166,4106;63,5131;135,9415;81,12665;128,9333;134,6416;109,3232;132,069;87,67865;40,4669;176,8801;135,3734;78,12069;103,5393;130,925;119,4392;143,8912
"312";"2006-12-01";10,41282;5,269355;48,56051;1,841539;7,299154;7,280968;7,446739;21,65921;18,32045;14,49817;14,65441;20,0082;39,45784;10,01634;66,96434;9,568946;4,686641;13,99984;7,560706;19,12028;12,81719;9,949992;0;8,159009;17,04111;15,31483;15,19266;12,74126;20,76191;8,186617;7,257812;30,21162;11,97058;16,27444;7,688675;9,533693;6,145616;10,62962;10,10651;11,00045;13,98896;12,47583;12,47583;11,47636;13,65555;54,57328;56,85598;76,97625;61,53383;44,76365;80,1895;71,78776;76,66544;68,80756;48,18404;53,54385;63,66874;67,93025;58,01487;66,15818;44,74521;28,09469;91,01986;67,66975;61,37407;46,0451;53,91135;50,4752;60,30272;59,14358;66,15818;54,78129;22,19634;69,00391;106,913;18,73813;70,72361;45,98914;14,65441;69,73531;80,1895;64,2626;59,14358;28,09469;81,50666;44,74521;61,53383;45,98914;60,30272;17,37917;46,31417;13,65555;71,23199;53,98008;53,91135;60,60992;67,19933;18,73813;64,25134;40,92139;44,74521;58,01487;74,9474;42,5726;76,22874
"313";"2007-01-01";13,3581;10,95961;32,05913;5,219541;9,76752;11,99477;7,246367;13,8116;22,45855;13,17762;10,18923;33,73569;30,20661;17,00548;41,51697;16,69949;11,37191;13,87289;11,62965;20,03586;17,06553;14,04814;5,553361;20,72366;16,92015;13,11632;16,90237;16,70753;15,94159;13,15735;17,87203;34,22426;17,77253;21,26387;16,01036;19,11646;12,45844;15,75589;9,643579;12,27198;20,46116;12,03515;12,03515;8,272015;19,70986;28,23585;27,79191;35,19407;37,97346;27,52861;42,59852;42,66113;59,36911;41,46654;22,96168;31,45459;37,12312;36,94669;31,27871;32,34882;31,42071;32,82084;41,45187;30,84245;44,18459;22,78335;37,76123;28,29554;26,70915;34,51345;32,34882;27,68007;10,52075;38,37609;81,89159;9,403911;37,21836;22,7954;10,18923;35,86952;42,59852;44,70481;34,51345;32,82084;45,3618;31,42071;37,97346;22,7954;26,70915;19,783;32,22285;19,70986;41,4146;27,0283;37,76123;40,65768;33,76309;9,403911;35,67727;29,848;31,42071;31,27871;41,75787;46,01576;39,69282
"314";"2007-02-01";8,460357;6,000669;58,97361;0;6,069945;5,900568;6,620243;13,38806;18,45083;11,8191;8,716991;20,5827;40,05659;8,06044;68,00386;11,87787;4,325347;16,66874;5,538994;17,96288;13,12262;10,03631;0;18,13631;15,57189;12,52995;15,03199;28,58894;19,37099;6,470962;10,71933;28,6281;10,91085;13,87596;8,683063;9,059258;6,023943;8,000578;15,62186;17,2432;14,9315;14,13384;14,13384;9,632366;15,91308;74,18162;86,61556;97,20796;104,3171;61,10152;87,09246;98,32197;69,94102;72,68837;64,68339;64,06466;85,64156;74,61041;75,30833;49,8205;79,11676;25,11337;71,40993;106,0159;64,02;60,42652;66,2433;87,36856;94,34785;54,35185;49,8205;72,58688;11,62034;75,42551;188,1297;9,687458;80,84505;61,33984;8,716991;76,32806;87,09246;65,63012;54,35185;25,11337;71,78357;79,11676;104,3171;61,33984;94,34785;13,1918;72,8784;15,91308;72,35218;91,31592;66,2433;67,08756;85,97327;9,687458;125,7953;29,03548;79,11676;75,30833;71,51591;39,90331;78,88155
"315";"2007-03-01";5,699031;4,633076;30,24749;8,554068;8,404305;8,622452;5,107562;11,04848;9,994355;12,89907;9,834188;7,309262;22,45758;5,168365;34,48235;14,45445;9,520013;20,39031;7,390207;16,60119;13,66942;7,03018;1,230577;18,80302;15,43791;19,34647;20,58201;18,6092;15,83796;8,331372;4,871568;15,32928;8,990915;10,60031;5,479471;6,226656;9,140188;6,492587;14,53454;15,55433;18,03633;12,94;12,94;15,93692;8,315788;33,84829;34,40575;31,41524;37,81085;26,89827;43,0882;36,2341;28,88294;34,3381;22,95434;30,30032;34,17377;41,37585;29,53488;14,88458;32,1089;12,96873;27,57096;29,95014;32,78359;26,92423;31,15788;32,87547;31,37023;28,85478;14,88458;25,83829;8,851996;37,96054;40,8272;8,255832;34,07323;26,40336;9,834188;20,83053;43,0882;29,08815;28,85478;12,96873;27,46556;32,1089;37,81085;26,40336;31,37023;7,627138;24,12714;8,315788;34,0607;25,87418;31,15788;34,81974;32,74228;8,255832;53,31043;8,648228;32,1089;29,53488;30,12409;20,31081;29,55995
"316";"2007-04-01";36,43757;28,33754;88,44952;43,4631;44,98097;35,61152;46,50393;45,75994;43,0117;43,58599;32,0085;54,90476;87,81129;36,57222;97,6452;63,0114;40,15672;52,80057;47,45172;64,71291;73,0147;47,21115;41,97795;65,33935;60,39359;49,06899;58,37319;67,98721;60,318;38,25997;42,18829;64,79241;34,11653;48,30569;39,17201;49,79229;51,35987;64,20632;45,44987;52,76423;68,2384;41,69447;41,69447;43,88606;38,7292;67,78873;66,38631;115,1572;86,26024;62,88397;107,8492;90,27768;110,2987;123,8948;65,02222;77,19064;117,3106;114,8776;69,27949;55,81137;74,57576;57,30479;56,842;88,70977;58,44839;45,85739;67,00578;75,91543;91,04477;70,17421;55,81137;70,10156;28,92258;86,86455;171,5224;26,16688;100,4961;50,2327;32,0085;74,85975;107,8492;92,94609;70,17421;57,30479;63,57655;74,57576;86,26024;50,2327;91,04477;43,88625;74,32753;38,7292;97,41637;72,92609;67,00578;93,99162;119,5242;26,16688;72,83033;60,41757;74,57576;69,27949;85,73682;81,26944;76,30832
"317";"2007-05-01";91,51691;80,52358;78,35329;104,8694;81,16167;78,69408;116,6087;34,02967;86,27392;43,91489;39,59196;89,65313;80,68201;86,29231;78,2922;88,08553;88,53123;54,41447;77,42145;78,5661;87,20164;85,26419;112,9344;65,20538;79,92706;56,22497;49,43766;59,97153;40,02051;78,85266;87,54529;79,18713;81,25775;75,09922;83,68161;82,38691;84,97816;94,6218;55,537;59,33657;87,96436;43,86031;43,86031;65,86366;91,17336;51,19452;49,45458;100,2328;57,66756;72,86563;101,5762;99,60727;103,6578;86,98257;79,77255;86,09522;83,93031;92,77114;53,15236;40,0684;51,40859;87,68787;133,1566;94,32063;88,38668;40,15379;93,68417;83,43203;89,90082;88,31541;40,0684;52,92826;25,47086;60,00578;106,007;25,20019;75,46127;41,27052;39,59196;105,1845;101,5762;61,9659;88,31541;87,68787;111,7773;51,40859;57,66756;41,27052;89,90082;86,57868;67,12302;91,17336;62,82276;91,83559;93,68417;65,72369;87,80128;25,20019;109,9799;94,93589;51,40859;53,15236;59,89799;94,39757;52,98293
"318";"2007-06-01";82,19329;68,16465;268,9947;111,3011;92,49236;85,11488;79,86713;138,0339;146,9844;116,4073;91,5947;128,8945;255,6814;92,91383;248,3641;107,9459;118,5574;113,7848;81,18511;122,2954;98,19273;100,723;69,78732;93,37099;116,2582;108,5316;134,4779;148,8781;149,9604;90,408;88,62546;171,1545;109,0136;128,8043;90,70632;92,62692;104,1298;90,75916;110,2203;114,7807;99,48037;87,24551;87,24551;111,9176;118,96;193,2904;197,0768;189,583;253,7022;223,2692;342,091;280,029;302,4294;254,9296;294,9657;239,9989;219,3215;282,288;203,9893;175,3638;181,3504;169,8996;227,9084;307,3177;336,513;107,2954;240,4236;254,2132;286,901;257,5247;175,3638;178,6972;96,64427;245,4178;301,2918;82,74874;219,2125;116,0493;91,5947;261,446;342,091;256,326;257,5247;169,8996;272,794;181,3504;253,7022;116,0493;286,901;126,3362;188,5144;118,96;249,3908;275,2534;240,4236;243,8333;220,6188;82,74874;282,8109;175,4633;181,3504;203,9893;232,2763;217,8735;216,5587
"319";"2007-07-01";121,9661;93,68684;246,4617;121,6511;122,3244;118,0451;146,287;119,4805;157,3777;105,8447;88,5873;181,3866;210,2865;163,9435;229,0808;134,8699;130,63;109,7481;122,5089;164,1506;152,5907;194,0844;152,5297;93,6491;161,5049;88,32445;116,5154;145,8379;134,2014;126,2519;143,3577;187,2303;137,0956;150,5841;157,5912;162,6096;137,2143;166,4986;91,31775;105,3615;136,6856;86,94032;86,94032;91,17342;159,7985;190,4598;168,2722;286,0023;168,4578;246,7335;332,0717;312,9762;327,287;265,9713;336,6016;269,9472;267,9092;303,0975;186,9823;178,419;173,5761;202,698;306,2398;330,6325;331,0231;143,4201;254,8805;285,9554;310,1777;285,6135;178,419;215,91;99,88808;229,0246;325,7912;89,41724;242,8361;142,896;88,5873;306,396;332,0717;235,6125;285,6135;202,698;309,5046;173,5761;168,4578;142,896;310,1777;154,1962;268,9695;159,7985;243,8913;278,3747;254,8805;230,0993;310,3053;89,41724;317,4728;242,0748;173,5761;186,9823;222,8498;236,8369;211,408
"320";"2007-08-01";182,9832;121,5153;384,3223;152,6804;165,2757;160,7112;130,3214;187,4789;248,4814;146,8546;130,9843;261,1331;312,8318;182,1649;354,7663;160,2564;191,4647;148,8177;145,4543;178,5668;162,5895;142,6287;97,06536;131,0906;167,802;119,8394;174,845;188,1516;192,3414;181,8621;184,7887;271,2881;210,0854;219,5317;149,7182;162,4067;169,3379;156,8199;115,8602;127,0492;163,3496;122,6209;122,6209;129,9781;235,8133;313,5605;312,903;425,2223;338,2968;429,5406;469,732;702,0112;454,0597;432,7783;709,5723;439,7341;412,2593;424,2729;293,5213;309,9388;243,8191;306,6438;536,0097;751,6494;551,9474;234,8998;485,275;499,011;661,843;458,5287;309,9388;332,8621;165,5734;376,225;442,0267;147,6297;396,5569;241,6319;130,9843;601,3406;469,732;378,0199;458,5287;306,6438;568,7255;243,8191;338,2968;241,6319;661,843;236,5363;460,2788;235,8133;427,6164;690,2975;485,275;346,7272;421,7112;147,6297;615,6508;375,0792;243,8191;293,5213;387,5664;331,9661;350,6211
"321";"2007-09-01";161,3309;135,8727;342,4903;139,4409;149,8081;146,161;150,8898;176,674;218,646;159,4546;146,7663;302,8828;301,6666;184,4249;334,5107;173,9621;168,3707;154,9114;143,4903;181,887;174,2905;148,6711;113,0743;113,5436;162,3197;119,9133;158,7296;206,0536;194,0394;167,4046;195,7421;244,9049;184,8207;185,9841;159,4787;187,8137;170,2681;168,1769;109,4536;143,5719;165,8057;134,6642;134,6642;118,3601;260,0691;315,8145;308,5282;390,6831;324,966;326,272;376,512;533,1051;394,2853;363,2369;652,0411;337,9825;362,5941;361,7557;288,5507;265,2029;248,045;295,5023;439,8066;678,1368;403,1721;256,9796;367,6663;368,7185;546,1006;355,9225;265,2029;343,3522;158,5045;345,9852;389,3185;142,0594;355,6998;264,0562;146,7663;546,4505;376,512;331,0963;355,9225;295,5023;507,3605;248,045;324,966;264,0562;546,1006;204,3888;393,8787;260,0691;363,0302;439,6124;367,6663;326,9921;396,2627;142,0594;501,9961;384,123;248,045;288,5507;337,0294;289,1531;334,668
"322";"2007-10-01";67,50387;48,68331;178,0134;35,62712;50,17843;53,66908;52,60358;106,6214;92,61691;81,88689;79,73274;74,65836;165,0292;56,90089;158,1933;66,02653;50,774;65,97076;58,62571;69,06967;72,50788;60,4572;56,46783;53,21611;71,77469;70,23579;100,784;99,98996;111,4053;56,39281;49,74043;107,1546;67,16924;81,20848;55,61879;60,71641;50,05657;62,38555;71,96474;77,50832;83,30917;74,27937;74,27937;58,38329;75,71454;125,6589;127,4959;132,1107;142,2218;215,1951;182,4927;226,062;175,2966;162,2845;173,329;184,9776;146,8871;161,9832;119,9911;144,9589;91,56741;112,6315;245,2144;195,0473;215,988;109,0927;209,1066;201,5465;212,2205;193,5136;144,9589;119,7576;96,77419;128,1783;184,69;82,39416;124,2435;111,0328;79,73274;195,7635;182,4927;151,1566;193,5136;112,6315;230,4308;91,56741;142,2218;111,0328;212,2205;85,84396;156,608;75,71454;130,6038;198,4606;209,1066;144,2387;153,9524;82,39416;243,6054;148,9882;91,56741;119,9911;144,9046;144,9208;123,6869
"323";"2007-11-01";26,98335;17,24533;76,73858;8,527809;17,57918;18,87847;25,78683;27,34292;35,53358;26,65712;19,57882;62,50396;63,25385;30,75693;91,22987;28,52161;16,1069;23,51521;18,35854;37,17982;29,97081;18,77633;13,22555;18,70351;25,7064;18,08998;23,69381;38,36664;30,95991;21,07768;37,20497;48,93463;28,58353;26,24592;27,02312;31,46973;24,32203;23,69032;17,14117;22,15154;28,8516;21,92627;21,92627;17,89277;40,70279;66,0734;64,4832;53,45169;74,58743;51,14689;79,98929;108,6817;97,06582;78,86027;84,72996;66,61218;70,4427;69,58052;78,15891;83,07916;58,62042;60,20736;92,24292;135,5599;78,5884;56,92973;69,16815;74,72292;111,1452;67,3524;83,07916;65,64294;25,42208;84,03645;126,2945;25,91619;67,64484;56,46823;19,57882;98,21293;79,98929;101,1997;67,3524;60,20736;97,495;58,62042;74,58743;56,46823;111,1452;35,03681;86,43093;40,70279;96,30624;86,06498;69,16815;84,64281;60,12456;25,91619;118,6574;63,44046;58,62042;78,15891;99,15999;71,21443;105,3813
"324";"2007-12-01";13,50548;6,06558;28,74688;0;10,31193;10,9729;9,457301;17,00166;18,22195;14,91594;13,80348;17,18764;25,74714;14,95089;31,16061;11,12214;5,015167;14,79006;10,71763;14,28271;13,60534;11,37915;0;8,554497;12,45998;13,3138;14,45592;13,70435;16,65199;11,15809;10,07254;25,66269;14,05368;16,2184;12,46089;14,01812;8,753847;12,93677;9,058699;11,81628;13,7732;13,26867;13,26867;8,316908;13,55973;18,80086;19,93577;26,08503;24,50836;20,33055;33,70632;33,92293;39,33562;29,86292;24,94227;25,09399;24,80656;27,64756;22,49299;31,3872;18,1071;24,08406;45,20193;34,05737;32,05623;14,2019;25,51778;22,76689;30,0983;28,53807;31,3872;17,54406;14,60949;25,38611;55,96903;13,37288;25,31711;16,81724;13,80348;36,0734;33,70632;32,20779;28,53807;24,08406;41,58076;18,1071;24,50836;16,81724;30,0983;17,55073;18,37974;13,55973;25,85742;27,92436;25,51778;29,32798;24,58314;13,37288;30,57261;27,62705;18,1071;22,49299;32,65353;30,81291;28,6065
"325";"2008-01-01";11,53794;11,20312;30,83754;0;7,398689;8,672004;12,37417;13,2215;16,27688;11,08658;9,192678;31,11779;25,94381;13,73446;33,3578;12,16289;7,5256;12,00749;8,019918;14,03707;12,78422;10,14706;7,151109;15,90841;12,98431;11,89361;12,98973;17,60203;13,5202;9,151733;18,31397;27,32717;12,06744;14,31842;13,30851;14,20561;9,630271;10,74087;10,00134;11,72876;14,94139;12,96384;12,96384;7,90098;17,10101;24,22573;23,25552;29,30453;27,09341;29,91292;39,39457;51,99157;54,87884;33,39702;34,25195;34,0417;32,00736;32,46171;26,48728;22,604;24,63739;25,50727;40,01376;42,7546;34,70216;14,95658;42,5327;31,65458;35,03811;30,60383;22,604;25,15045;10,30844;30,74944;64,70206;10,7247;28,54818;16,34794;9,192678;46,56446;39,39457;36,86622;30,60383;25,50727;42,03245;24,63739;27,09341;16,34794;35,03811;15,37359;33,00854;17,10101;30,31549;35,00778;42,5327;30,71859;31,14385;10,7247;42,93727;26,5005;24,63739;26,48728;31,16783;41,09236;31,28716
"326";"2008-02-01";5,361389;0;19,09031;0;0;3,725239;0;5,204276;10,92508;5,408226;2,567785;11,49225;14,02338;0;22,10818;6,862505;2,730574;8,081905;0;8,792749;7,351562;5,09907;0;10,17805;6,901172;6,594213;8,295778;10,74152;8,134964;4,170809;6,077145;14,85095;6,796952;8,374672;5,122943;5,381564;0;0;6,310852;6,282506;8,44183;6,428657;6,428657;4,503925;9,539237;21,20682;23,15222;25,57415;30,80481;15,14249;27,96537;21,97922;24,05243;24,72907;14,61593;15,83364;22,73515;22,05766;19,64663;13,94374;21,56466;14,03323;16,08757;22,75654;20,24632;15,4669;15,50902;18,71936;19,89481;17,40425;13,94374;17,93838;5,106348;21,06915;66,94543;2,479607;20,92538;15,82832;2,567785;18,99169;27,96537;20,88331;17,40425;14,03323;18,02167;21,56466;30,80481;15,82832;19,89481;7,668083;15,15268;9,539237;20,94526;18,69152;15,50902;20,13758;21,79427;2,479607;27,8711;13,26351;21,56466;19,64663;21,73612;18,66838;22,05551
"327";"2008-03-01";0;0;18,97098;5,095193;5,362189;5,851838;0;9,336093;7,175554;8,957605;7,422158;5,520388;13,26536;0;22,7388;8,623872;6,001989;11,44849;4,700286;11,4761;8,423298;5,171661;0;12,3229;10,18751;12,55775;13,58822;7,904522;12,04142;5,502567;0;11,03815;6,158166;7,265169;3,496189;3,842332;5,26031;4,4361;6,879463;7,024045;11,59892;8,277555;8,277555;8,734224;5,400013;21,04434;23,21742;21,4327;29,82052;19,6125;27,86243;25,91296;19,54368;23,72195;20,7077;20,85841;21,66505;26,91699;25,09622;11,94026;24,52952;9,701816;20,10809;26,46517;21,65798;14,70893;22,24681;23,76282;24,70964;20,60575;11,94026;17,07699;6,554781;26,10842;27,71439;6,667505;22,34292;15,1487;7,422158;15,12687;27,86243;20,72236;20,60575;9,701816;19,56675;24,52952;29,82052;15,1487;24,70964;5,273911;18,89974;5,400013;20,82266;20,95677;22,24681;23,87976;20,98167;6,667505;39,80628;5,667032;24,52952;25,09622;25,1147;14,81477;23,78937
"328";"2008-04-01";35,15303;27,54765;56,11684;36,61174;34,84388;29,90854;45,99578;35,36686;37,21228;40,73705;35,00242;57,77331;60,5744;35,44421;63,633;48,33547;32,2213;51,72445;36,76264;55,73799;53,16006;31,15746;36,5568;51,95065;55,46115;46,38735;50,27123;47,21937;46,71114;30,95873;40,15836;59,12804;30,46689;42,05037;34,91924;38,98356;38,60544;40,31366;41,26549;39,56411;53,09494;40,17755;40,17755;44,18983;39,53131;34,89325;41,37657;55,88841;60,09281;35,23775;72,65087;54,49726;86,34737;66,27566;44,31956;46,28834;59,88093;62,15866;51,32098;40,36541;57,3885;50,20955;40,23398;54,2206;43,19039;20,63486;42,11422;39,68354;51,58927;47,268;40,36541;29,00622;27,90642;53,97711;126,8236;29,4419;47,81128;23,98655;35,00242;50,22515;72,65087;59,98608;47,268;50,20955;47,82096;57,3885;60,09281;23,98655;51,58927;38,75317;31,31844;39,53131;52,54378;38,20981;42,11422;63,88873;54,41313;29,4419;34,2919;48,33474;57,3885;51,32098;57,15299;71,2597;57,89027
"329";"2008-05-01";79,94661;61,71714;116,0727;107,65;72,88225;71,31044;65,76492;46,86552;98,20183;52,50294;51,05759;83,46466;96,5005;70,96243;120,6213;79,58795;102,8139;58,03909;66,88508;62,94001;72,86131;59,25708;67,1057;65,3441;61,83224;56,54094;56,34611;52,54414;51,05447;80,98558;68,8584;98,35539;90,65696;90,22503;66,30563;68,53088;75,93707;73,53155;52,79375;57,09108;75,12875;57,7928;57,7928;63,65403;87,23236;123,9185;124,0066;143,9777;134,018;94,63573;128,2934;128,9338;127,1717;128,4945;118,0363;111,9705;127,4413;106,8951;122,1674;75,53339;121,1437;97,9603;149,0004;145,1347;103,5976;102,4165;115,1654;108,2707;124,7561;110,9584;75,53339;104,9547;37,86331;134,5909;130,1857;34,47052;119,8008;107,553;51,05759;113,5322;128,2934;106,6447;110,9584;97,9603;134,7123;121,1437;134,018;107,553;124,7561;87,2392;96,32009;87,23236;131,1705;128,0044;115,1654;105,9468;110,9019;34,47052;144,1279;91,91594;121,1437;122,1674;113,0115;115,0055;112,2037
"330";"2008-06-01";167,6615;131,5032;370,4379;196,1459;176,059;165,557;161,299;163,4605;231,0099;138,7199;111,9946;217,693;302,2402;183,7085;391,2085;193,2071;198,2283;158,9769;153,3674;217,4792;185,2817;167,8307;144,5078;146,0457;199,1741;149,0542;168,9971;242,4633;185,2733;167,4742;182,0914;237,8998;189,1509;205,7114;169,7494;178,252;191,2669;175,7779;161,0672;180,9069;184,3995;124,0813;124,0813;160,2241;203,2686;528,943;531,3223;451,203;577,529;411,5121;550,155;608,2691;436,5866;444,9225;589,9733;416,456;468,1145;519,6704;471,5941;268,8771;473,1369;263,9227;408,1273;668,2861;510,965;377,2465;463,0601;528,6163;653,7881;429,9354;268,8771;502,972;114,8039;524,4233;429,796;92,89576;463,5763;387,48;111,9946;468,2809;550,155;399,5891;429,9354;263,9227;429,7584;473,1369;577,529;387,48;653,7881;211,8032;481,9959;203,2686;530,2761;596,1223;463,0601;391,0158;477,4431;92,89576;591,1724;289,9731;473,1369;471,5941;401,9436;303,257;453,4919
"331";"2008-07-01";132,8681;112,2215;404,1281;143,4793;142,1118;139,9863;150,5546;173,8036;201,2574;132,8648;111,3475;234,6911;331,0092;158,5564;391,925;159,6108;165,7233;147,6838;131,6603;205,31;176,6091;176,1271;133,162;114,5814;184,7816;123,1321;165,6529;192,7093;192,6449;143,7265;167,0936;232,2728;157,9692;187,732;152,2418;167,6775;160,8237;178,5294;133,5541;151,6597;165,0098;105,8449;105,8449;124,1213;185,2405;350,4279;295,9797;497,1004;276,6082;415,0942;547,9922;638,4957;505,3317;446,9417;698,4179;468,4292;452,8708;492,5154;302,0133;255,0018;286,0908;252,032;554,9561;656,284;583,2699;310,9402;471,2689;489,7658;593,8735;486,3531;255,0018;399,8766;123,7097;382,7676;481,3992;99,9478;413,7488;322,6911;111,3475;625,775;547,9922;391,2328;486,3531;252,032;558,0196;286,0908;276,6082;322,6911;593,8735;170,8307;495,7186;185,2405;412,5245;527,2476;471,2689;382,4736;497,5991;99,9478;576,5707;399,0622;286,0908;302,0133;364,5767;320,4621;346,7625
"332";"2008-08-01";115,4649;79,8522;186,8338;87,25764;103,2285;101,3551;101,1983;97,69721;148,5785;88,29851;74,97719;147,1794;157,8291;117,8183;177,7246;108,2134;109,198;85,34508;90,74697;135,51;122,2425;90,89837;78,05971;86,84491;121,3957;77,38493;95,58017;126,2853;103,8113;103,7139;128,5954;181,2101;119,9479;131,5229;101,1193;105,6211;102,7499;98,14202;80,15952;91,49302;112,9314;75,48064;75,48064;83,74907;156,332;114,8148;114,7344;214,9853;117,493;243,1867;259,6563;346,4981;297,4201;219,8605;418,9392;276,4955;211,2539;257,636;96,23389;97,34532;86,85779;199,7515;288,1759;351,7648;364,4711;97,64764;269,5516;242,3504;319,7259;303,1835;97,34532;139,255;77,07142;137,6181;257,6884;63,60669;186,0352;94,48339;74,97719;311,3073;259,6563;169,1222;303,1835;199,7515;346,2202;86,85779;117,493;94,48339;319,7259;151,6935;213,8465;156,332;174,6441;305,0258;269,5516;160,5352;238,4635;63,60669;299,9907;203,3993;86,85779;96,23389;148,1058;215,189;103,7734
"333";"2008-09-01";137,6202;126,4687;314,0894;145,392;143,727;137,1799;165,2042;154,2418;180,7508;133,7463;127,353;203,1423;271,3275;178,1434;310,5461;168,0589;171,0147;135,8436;138,5503;203,9031;177,9154;165,8817;118,4427;100,9468;185,6793;112,3814;137,4285;264,8351;165,6329;148,9249;174,5247;219,9025;164,8171;175,6597;160,0524;193,8944;167,2167;182,4111;126,2195;169,9616;165,1407;119,0317;119,0317;120,9747;183,8316;302,7565;284,3728;417,1053;311,6671;288,9254;404,8497;479,2313;392,8988;371,7996;449,9556;324,0658;369,9311;371,3485;284,8973;244,6643;241,5884;231,5216;382,7246;525,5047;340,3531;235,8657;331,8107;329,0582;456,7108;324,119;244,6643;331,3777;131,0544;342,7102;446,174;130,187;346,2553;225,8861;127,353;409,3153;404,8497;328,2354;324,119;231,5216;426,8915;241,5884;311,6671;225,8861;456,7108;168,3142;355,9501;183,8316;369,2955;404,1145;331,8107;311,8475;412,0112;130,187;472,8575;279,6096;241,5884;284,8973;311,4647;259,4914;316,8708
"334";"2008-10-01";42,67332;33,3247;88,03283;18,90905;29,7918;32,81657;24,65818;57,45736;49,98471;49,8493;52,9468;59,7027;78,1447;34,25858;86,31009;33,05331;27,2662;36,15144;32,60957;28,66684;29,98113;20,40304;17,24723;30,86469;31,10728;37,74944;47,64127;50,30161;58,91131;34,84102;24,84958;58,07223;41,05871;48,91153;27,14611;28,71871;26,35941;25,14724;35,8853;40,93275;39,29661;51,03574;51,03574;32,28799;55,41071;132,7626;141,453;103,2194;148,425;145,3004;110,3095;142,5444;94,37825;112,5504;123,4849;114,4102;103,5191;96,66344;117,2281;106,572;100,0033;66,12492;147,2448;117,9719;130,9149;133,8954;131,0774;150,2529;141,1012;105,0212;106,572;104,2008;60,03046;116,0334;96,28575;55,64438;89,7744;136,4504;52,9468;121,7088;110,3095;104,4355;105,0212;66,12492;140,5171;100,0033;148,425;136,4504;141,1012;64,36887;131,0246;55,41071;105,4456;141,8102;131,0774;99,47507;114,181;55,64438;172,3026;98,75845;100,0033;117,2281;113,0108;72,11795;115,5702
"335";"2008-11-01";14,8231;8,902722;43,60091;0;9,117371;10,03717;13,53833;16,38141;21,08816;15,50703;12,23836;33,94743;34,21296;15,96158;56,25788;14,90615;9,299016;12,75338;9,328941;19,80378;16,33739;11,20653;7,123902;9,99521;14,67006;9,493236;13,28897;36,32662;17,67048;11,496;19,61914;28,47874;15,9973;15,60821;13,5954;15,67344;12,79105;13,15562;13,20828;19,17418;15,60584;14,80283;14,80283;10,26205;21,44396;39,79866;41,90775;35,19877;42,88278;30,053;50,90742;68,76492;60,75375;53,38354;44,78849;39,81339;46,34246;44,14781;40,13104;45,11153;32,7929;34,42748;55,70843;74,81468;50,66333;29,86532;42,96638;44,75243;62,23656;40,9254;45,11153;41,35227;15,56346;51,31706;81,72438;16,14263;47,47593;32,08259;12,23836;55,47335;50,90742;60,03428;40,9254;34,42748;61,77222;32,7929;42,88278;32,08259;62,23656;20,5368;52,55915;21,44396;55,85518;50,764;42,96638;52,0714;43,06986;16,14263;66,61516;41,10239;32,7929;40,13104;56,48455;43,2454;52,7282
"336";"2008-12-01";12,68886;5,05354;33,65399;1,736543;9,713204;10,1637;7,866974;15,55718;18,92239;12,0344;11,02753;18,36041;25,50773;13,25876;39,19742;11,30553;3,962529;11,18438;9,45593;12,61553;13,93203;9,659691;3,765066;8,174993;11,26867;10,91053;11,91346;13,21784;14,55495;10,90808;10,14013;26,09829;15,07999;16,88605;10,34749;12,08271;8,326673;11,0714;7,274237;9,909678;13,925;10,48645;10,48645;7,269185;13,94245;36,29385;40,06306;39,89462;43,82365;27,73459;41,69883;45,3297;47,55857;39,40166;26,24137;34,6386;36,54925;37,70539;43,36185;38,19921;35,36674;23,70936;63,40229;38,8627;36,10524;24,40933;37,58657;36,70444;40,30705;33,62851;38,19921;31,35045;12,81123;37,72995;65,10756;9,794262;34,46792;29,58066;11,02753;39,19436;41,69883;38,08321;33,62851;23,70936;49,76182;35,36674;43,82365;29,58066;40,30705;17,08281;33,51723;13,94245;37,19405;41,25082;37,58657;32,77818;34,34861;9,794262;48,7345;26,13791;35,36674;43,36185;39,42033;34,54971;46,82943
"337";"2009-01-01";11,17601;11,45176;25,22764;0;6,928952;8,673268;10,13909;11,42959;16,03864;9,766804;7,038347;32,73976;20,88577;13,29089;31,55058;9,785541;7,291723;9,742657;7,640264;13,42853;9,910885;9,825167;7,496443;11,76465;13,23206;8,62715;10,716;16,50408;13,07956;9,571357;17,12275;25,90326;12,61193;15,59587;12,26022;12,98957;8,249121;10,85744;8,47185;10,25836;11,73903;10,20364;10,20364;5,916115;19,78185;36,62192;30,99569;42,49001;32,60165;36,59517;43,49572;63,92999;56,22736;39,79402;44,68184;43,33813;38,52273;46,72183;32,59385;33,60791;29,97499;24,8742;54,99051;59,85513;44,36255;29,2904;51,13303;57,64237;53,49416;41,52377;33,60791;36,63851;10,03459;32,73914;73,55977;9,617981;32,80921;29,54463;7,038347;54,91256;43,49572;35,04817;41,52377;24,8742;51,98226;29,97499;32,60165;29,54463;53,49416;17,15857;56,62485;19,78185;35,56395;55,94839;51,13303;32,7397;50,32166;9,617981;69,30074;34,77521;29,97499;32,59385;34,14537;39,66114;36,55479
"338";"2009-02-01";9,086384;6,97522;41,75272;1,899447;7,194089;6,855685;8,177567;12,63884;23,16003;14,51346;11,26035;24,05562;33,77789;8,776834;46,66978;13,4435;5,804597;21,79269;6,142959;16,49086;12,41903;8,800406;4,10281;20,22913;13,52402;14,21245;18,22948;31,72073;18,41824;7,768786;11,92556;32,68804;13,40416;17,8576;8,901122;9,294337;7,061792;7,708846;15,42965;16,567;15,66441;17,6358;17,6358;10,75628;18,65791;40,68749;49,61063;50,75323;66,02461;43,87949;59,19238;67,153;61,14296;46,84995;45,04487;45,1722;48,48647;53,88174;48,29649;41,77374;51,96411;30,87203;48,70804;75,09312;52,88117;32,39019;46,37227;57,02333;65,54074;42,81437;41,77374;35,43655;13,13197;45,11994;150,5542;13,477;43,21326;36,21251;11,26035;53,74676;59,19238;49,0768;42,81437;30,87203;52,47364;51,96411;66,02461;36,21251;65,54074;15,73815;41,52116;18,65791;41,4131;61,9098;46,37227;46,02939;47,45729;13,477;88,35526;32,71352;51,96411;48,29649;49,19397;49,01385;52,37052
"339";"2009-03-01";2,854871;2,915796;13,26695;4,469721;4,678419;4,561235;4,351028;6,999042;5,657722;8,044113;6,710505;4,162726;9,291444;3,627324;15,62765;7,820612;4,732238;10,33158;4,751328;13,16268;9,050268;6,541961;0;9,293932;13,21128;10,56594;9,915943;13,34586;8,674898;0;3,341769;7,793078;5,139098;4,578034;4,071871;4,285898;4,990485;4,999492;8,782041;9,463005;11,22852;8,467783;8,467783;9,278959;3,713895;16,56215;18,21469;15,3431;19,96006;16,96016;22,19842;21,17415;16,46192;16,25533;18,57386;18,39537;15,02991;21,26923;14,32009;8,809242;16,20459;7,749237;18,69246;20,75976;20,41282;12,85101;20,05665;20,47113;20,39522;16,78802;8,809242;11,4342;6,33628;17,52733;19,23562;6,297388;16,47145;13,16932;6,710505;13,26161;22,19842;14,40033;16,78802;7,749237;17,59238;16,20459;19,96006;13,16932;20,39522;3,795286;15,02205;3,713895;14,33934;17,16887;20,05665;17,84828;16,00964;6,297388;34,96741;5,993966;16,20459;14,32009;19,21438;10,80957;14,53262
"340";"2009-04-01";20,01208;12,52007;42,23677;18,95256;19,43918;16,66767;17,03173;24,78052;20,37704;24,7264;21,92874;25,25046;41,14002;17,52394;46,18274;27,91027;18,61473;26,44586;20,1153;26,53705;29,61744;15,66731;20,38118;29,77522;25,35168;22,69337;29,68943;25,0013;31,12831;18,25417;20,50138;26,70835;17,64866;22,13109;19,5562;20,02121;21,19712;24,64257;17,65108;18,3771;30,27693;21,53401;21,53401;19,36548;16,66144;50,72827;55,18277;47,96179;69,09447;22,16859;41,27383;32,18237;44,64065;45,64424;20,7117;29,69745;45,17413;38,33529;65,03579;36,00342;75,29942;24,50048;22,25575;28,69773;23,24062;39,93327;26,67587;24,174;31,14353;29,64184;36,00342;44,33395;20,70785;64,61682;63,4946;19,43361;48,4673;48,64716;21,92874;23,89357;41,27383;59,60583;29,64184;24,50048;25,91516;75,29942;69,09447;48,64716;31,14353;21,34668;28,06805;16,66144;66,82362;25,7686;26,67587;55,34858;47,64524;19,43361;25,10098;22,88347;75,29942;65,03579;59,72514;31,94277;63,698
"341";"2009-05-01";81,88707;71,92773;115,8659;107,9364;76,65318;74,80473;86,1352;58,76709;94,10187;71,75349;72,43237;93,52206;106,4726;69,41378;127,1654;93,61632;93,38733;77,88428;71,83665;79,54964;85,93395;58,22816;78,40446;74,4091;76,11044;72,54643;66,97292;96,52093;62,02871;76,66864;72,42652;91,47403;85,0612;84,50643;64,73894;72,0375;82,07751;80,09152;79,68291;96,33315;91,63385;85,9803;85,9803;79,17036;88,51967;115,963;117,1837;161,0722;129,7708;98,60704;146,2617;156,8242;128,8917;133,634;118,6912;113,097;138,6483;126,5445;117,0434;92,25314;106,1516;93,46517;165,0666;155,4835;117,0237;78,119;128,9682;118,0648;159,0075;112,2536;92,25314;108,4135;54,15844;146,9291;135,4445;52,28817;132,1717;84,15213;72,43237;139,1091;146,2617;119,387;112,2536;93,46517;156,944;106,1516;129,7708;84,15213;159,0075;83,6551;92,71249;88,51967;140,1011;148,3248;128,9682;117,3178;142,6842;52,28817;158,7297;99,87727;106,1516;117,0434;124,8608;106,8224;115,6775
"342";"2009-06-01";112,453;88,17601;284,9474;124,4898;116,5773;112,9402;123,711;121,153;141,3162;92,27377;78,92545;144,6546;237,8314;129,4746;286,1796;124,446;128,9392;94,17935;109,119;145,7702;121,3288;133,3925;109,5743;90,68684;139,4734;85,98833;113,8141;124,3309;132,733;113,0665;129,5185;172,627;122,8614;137,1591;124,4269;127,3046;126,6533;125,087;82,39052;94,3747;112,0161;72,67844;72,67844;86,97857;134,8064;355,1921;329,0842;302,515;360,0697;305,579;395,8667;399,4188;311,1617;291,4383;327,8169;301,7323;285,6335;359,7992;306,5096;220,0042;292,5169;172,548;287,6207;409,4617;388,7294;242,0426;328,4836;363,0995;413,0747;321,9186;220,0042;325,5348;94,69569;326,9565;286,3753;72,85249;283,7091;247,9062;78,92545;305,9509;395,8667;282,1339;321,9186;172,548;322,6063;292,5169;360,0697;247,9062;413,0747;134,0712;318,1841;134,8064;329,4837;394,3288;328,4836;269,4856;325,4221;72,85249;406,0732;180,5459;292,5169;306,5096;294,1096;216,034;308,5199
"343";"2009-07-01";88,92562;62,17311;178,4362;95,06435;94,03664;89,88859;78,17702;89,51236;130,3093;71,45565;60,30933;106,3341;157,5375;101,8237;171,6727;101,6682;105,8798;78,79235;79,65974;105,6067;91,87296;73,43519;64,7421;63,01595;104,5002;64,74539;83,14979;99,65749;96,6721;92,79055;98,7113;146,1366;105,6139;118,16;88,76245;98,93982;101,7537;87,64233;69,45325;72,74014;87,63235;62,8298;62,8298;77,7084;108,3539;208,3053;188,3162;267,8101;162,2442;220,9833;284,3286;345,1696;253,4942;221,5128;375,5705;228,584;244,7453;272,4153;172,1158;146,1053;171,3147;154,1142;268,7004;380,075;271,6568;187,1651;249,5226;304,0289;343,6636;229,3272;146,1053;234,4682;69,78584;209,8475;241,4711;59,29586;212,1786;186,2694;60,30933;279,2965;284,3286;196,2603;229,3272;154,1142;270,3668;171,3147;162,2442;186,2694;343,6636;112,9483;298,2022;108,3539;220,4338;331,1433;249,5226;176,3151;285,1248;59,29586;335,2771;164,34;171,3147;172,1158;199,2331;190,4876;181,1367
"344";"2009-08-01";69,07727;49,32592;171,4635;67,28373;71,36765;70,21418;60,74662;90,71777;90,82375;75,04253;64,48389;91,8992;139,1886;78,25543;174,2727;84,65719;78,77301;61,49241;67,81141;102,5838;96,01041;75,76329;49,18377;66,1294;93,40229;54,25342;78,7343;67,42018;95,41322;76,12679;72,54617;114,8612;84,11675;88,2961;71,46443;80,04215;78,7103;76,25494;46,4983;53,0677;90,74174;56,41245;56,41245;51,72726;89,78437;206,3902;214,5782;287,6353;243,8286;265,1678;258,799;419,2039;210,672;223,715;424,1138;243,9068;241,949;257,23;209,4321;193,3034;165,4861;112,9989;264,1353;489,8589;267,0801;147,4933;278,9487;309,5918;430,2848;223,9227;193,3034;208,4296;85,37584;251,5389;208,0522;75,49286;235,4995;151,5356;64,48389;257,2276;258,799;186,7105;223,9227;112,9989;266,3738;165,4861;243,8286;151,5356;430,2848;87,62482;308,9491;89,78437;260,8374;418,938;278,9487;165,9623;286,6171;75,49286;390,7753;127,45;165,4861;209,4321;228,4109;152,6857;251,1657
"345";"2009-09-01";188,5154;161,2383;431,3067;164,2442;189,4576;184,6781;228,1193;194,8052;220,4371;191,0504;179,6164;265,3762;350,3638;245,3991;460,8061;198,835;185,2594;199,3344;178,1091;272,61;220,0059;190,5314;135,3867;114,6935;244,9836;165,9164;184,9253;327,6134;217,6756;184,1178;238,4018;247,9818;205,4379;193,6436;214,69;245,2653;203,2696;216,4936;198,2681;247,731;205,187;175,246;175,246;203,8774;227,154;483,6569;486,6848;585,9153;521,546;444,625;521,9984;626,9932;525,3152;528,8253;582,546;452,858;535,9255;524,491;483,6671;350,8618;422,2152;279,2203;497,8889;683,9865;445,8303;392,4465;462,574;485,3328;583,0057;449,548;350,8618;521,1369;166,6547;534,0121;541,8463;165,3748;527,8677;401,1886;179,6164;503,7619;521,9984;461,5208;449,548;279,2203;528,3251;422,2152;521,546;401,1886;583,0057;209,9557;492,9457;227,154;570,64;550,0264;462,574;455,7425;554,5099;165,3748;648,2956;324,0558;422,2152;483,6671;469,2955;302,2443;537,7847
"346";"2009-10-01";96,26806;71,71172;219,9267;40,36155;75,87746;85,88997;67,72205;112,8301;116,9282;79,63166;72,0153;107,1971;198,654;86,82255;200,7211;70,80334;58,62537;65,11218;84,8644;68,53167;73,36826;68,52739;62,00663;63,95437;73,01794;71,42828;110,0644;71,83321;122,1326;81,10469;78,40014;132,7057;96,04141;111,0271;75,17933;78,47638;58,22944;75,27235;54,24808;58,05755;80,03034;64,53734;64,53734;48,96379;112,908;233,2707;245,6527;205,4639;245,9839;308,2531;231,9734;367,4784;220,6035;237,1244;250,5459;255,9456;214,5731;215,9343;187,3529;165,1499;144,1459;142,6623;336,7091;265,5721;263,3388;176,4486;296,0079;226,1901;295,6964;245,8779;165,1499;205,4794;82,81487;210,2133;260,9709;72,04356;193,4854;177,502;72,0153;264,5223;231,9734;169,1188;245,8779;142,6623;305,9311;144,1459;245,9839;177,502;295,6964;129,1537;176,2904;112,908;215,0285;241,8351;296,0079;168,0053;211,1459;72,04356;328,2643;175,7769;144,1459;187,3529;179,2679;162,3808;201,147
"347";"2009-11-01";20,80285;13,20813;44,75834;6,025466;11,48641;13,29385;17,32723;18,31096;28,25343;19,45722;15,4553;51,6171;36,79169;21,1427;55,872;18,26296;12,05807;16,48394;11,51922;22,00652;19,09849;12,66238;9,375698;11,92485;16,10251;12,06693;15,51446;48,45378;19,7404;14,98013;30,59415;38,03749;21,42391;20,66547;17,37204;19,86264;15,84972;15,73405;17,02892;25,72597;18,51282;20,99204;20,99204;13,10882;35,27441;34,40304;35,30058;38,03106;36,39038;40,88237;62,62053;107,1392;80,90526;59,06966;53,48699;54,63758;50,79429;54,22113;37,79154;43,73872;31,54853;48,34733;80,27195;104,9862;68,52017;26,11951;61,43853;60,27121;92,33575;55,54836;43,73872;39,706;17,94847;43,40462;98,64825;21,10241;48,73637;29,21694;15,4553;84,98822;62,62053;54,16541;55,54836;48,34733;90,74149;31,54853;36,39038;29,21694;92,33575;29,66448;67,35384;35,27441;49,87062;75,19673;61,43853;48,93891;49,5733;21,10241;94,75897;60,29581;31,54853;37,79154;47,85773;55,75679;48,55381
"348";"2009-12-01";23,24048;11,94663;62,16509;3,347735;17,86444;18,61913;16,80016;25,41077;32,1629;26,31178;25,02392;34,2905;42,34295;24,28976;68,06796;19,43648;8,076372;27,72375;18,11153;27,40082;24,70878;19,9191;7,788898;15,04786;23,53196;25,79426;24,2077;38,09594;25,75336;19,19287;19,70013;45,78784;24,49081;29;20,32313;22,97573;14,88014;22,35789;18,42465;27,90523;25,11235;32,06485;32,06485;17,06491;27,78398;65,11852;69,04385;66,76744;78,19066;48,34327;69,51921;71,18108;71,60459;57,55461;54,75764;53,68837;55,97539;64,16404;63,58942;58,86798;51,14671;42,20095;97,25406;69,38141;57,70591;42,18112;57,08153;55,11642;68,85704;52,72495;58,86798;51,96584;20,98037;68,07577;112,6393;21,43759;59,05481;45,08204;25,02392;75,4903;69,51921;60,76102;52,72495;42,20095;80,98634;51,14671;78,19066;45,08204;68,85704;30,36723;54,24478;27,78398;72,55544;60,98201;57,08153;55,93467;62,3205;21,43759;68,85319;51,85097;51,14671;63,58942;67,84198;57,49826;81,70885
"349";"2010-01-01";20,88499;23,54275;57,21069;6,730512;14,31166;16,77841;27,87148;25,10827;30,32803;24,29332;20,82111;67,90775;51,47137;26,7386;67,93872;20,79326;14,20503;25,65763;14,50711;36,02332;25,07994;25,30472;15,90184;23,85302;30,49695;21,30815;27,18877;50,74713;27,50611;18,21866;33,5218;46,28103;24,20922;28,11582;24,20382;26,92532;16,54479;23,73375;21,30342;27,9741;26,7612;26,9598;26,9598;16,40125;35,62294;85,07251;96,2301;79,8314;107,8161;63,68662;69,76495;89,1555;88,39912;77,37834;61,19811;70,44657;86,24775;68,86971;88,56824;82,45686;90,29666;48,92422;89,98014;80,13574;82,25455;73,07761;73,89884;82,84074;76,07566;62,70209;82,45686;82,28846;20,85308;98,31064;122,0814;21,07593;90,59261;74,11861;20,82111;78,32303;69,76495;80,14708;62,70209;48,92422;77,32758;90,29666;107,8161;74,11861;76,07566;28,98382;79,64432;35,62294;96,26347;75,44115;73,89884;69,72684;87,41848;21,07593;103,6873;66,16137;90,29666;88,56824;76,74135;73,48493;113,1853
"350";"2010-02-01";18,17108;14,13146;63,63699;2,727221;14,80092;14,06861;21,84609;16,21952;40,01498;20,11962;14,87102;40,25491;45,28425;19,60831;71,24909;27,17245;8,96816;33,85945;12,60153;35,00178;24,51723;21,96747;12,6411;33,20022;28,51011;24,79341;23,35383;57,78045;23,17045;15,13041;25,60387;50,32491;23,65457;28,38271;21,19994;20,781;14,38319;16,7815;30,36053;32,70515;29,84976;27,73738;27,73738;18,03153;34,19941;72,03973;87,83425;94,81943;110,4187;67,33198;92,42055;103,4133;96,47233;78,41675;61,45726;70,05126;87,47942;82,96078;65,55379;52,48161;74,79558;50,00644;75,18163;102,3241;82,64649;60,47339;70,38673;92,18996;97,8523;68,1757;52,48161;65,58498;15,80793;73,91888;242,1458;16,14269;75,50571;63,85564;14,87102;83,10838;92,42055;70,63396;68,1757;50,00644;76,12018;74,79558;110,4187;63,85564;97,8523;26,59682;74,53591;34,19941;70,67943;94,48801;70,38673;64,85088;80,41251;16,14269;134,6552;58,51844;74,79558;65,55379;61,16867;79,27473;64,59287
"351";"2010-03-01";2,859524;2,865174;23,91856;6,389009;6,38401;7,298492;3,158623;9,261774;8,187455;10,64095;8,594149;6,920426;12,87424;0;28,2258;10,34773;7,3391;13,70556;5,556468;13,09515;10,28396;5,50444;0;13,1809;12,55518;14,33273;14,60757;12,6006;12,5034;7,256485;3,070715;11,53087;7,766199;8,171307;0;0;6,348559;5,077668;10,26987;10,93685;13,91375;11,04267;11,04267;11,6251;7,309664;33,56466;33,73576;33,08434;38,13011;34,60704;40,49423;42,74777;24,53417;34,01918;33,14735;32,37563;34,65207;38,11502;29,90047;12,6542;30,69273;11,25311;36,96471;34,8913;31,41688;24,44959;36,07111;38,13872;44,82832;29,76947;12,6542;26,73859;7,748096;37,98743;37,37875;7,32319;32,44322;25,90847;8,594149;21,56212;40,49423;23,37619;29,76947;11,25311;32,04902;30,69273;38,13011;25,90847;44,82832;6,92487;26,83239;7,309664;32,35514;38,78693;36,07111;25,98174;36,16594;7,32319;62,59025;7,182259;30,69273;29,90047;27,29235;15,97039;26,08802
"352";"2010-04-01";41,87067;33,94641;117,8885;50,49435;49,54608;39,02255;49,91783;53,37991;48,44938;64,73593;51,22688;67,80548;103,7913;42,22867;124,2264;80,56161;47,30758;81,60651;55,1959;83,42885;85,37276;43,40117;43,35836;81,07689;78,50113;69,45168;76,32419;91,65911;71,59401;42,12307;48,55358;93,97521;39,69638;61,10064;44,78736;52,44858;54,17536;67,73217;64,63026;70,67721;86,23617;65,40208;65,40208;64,19011;44,99105;83,16454;94,69046;142,4747;122,9285;71,13409;154,949;126,9114;150,227;144,7514;84,40716;104,6298;145,4102;166,7262;117,5574;68,98411;130,7332;62,94845;77,09324;109,7953;87,73544;69,48253;81,46246;107,0735;116,9619;96,59116;68,98411;72,79558;41,26716;107,7379;227,257;42,14968;128,3917;78,89389;51,22688;99,03629;154,949;114,947;96,59116;62,94845;89,88402;130,7332;122,9285;78,89389;116,9619;45,84279;113,6405;44,99105;129,1853;87,37001;81,46246;127,8531;169,1493;42,14968;84,0038;69,52522;130,7332;117,5574;108,1745;112,9547;113,6128
"353";"2010-05-01";51,90801;41,31802;82,87754;62,90192;44,98482;45,3334;46,38352;36,77853;58,51971;36,16196;33,63707;53,66721;77,96183;46,5353;90,7529;55,02489;58,95064;30,31025;41,95799;35,19413;45,52376;41,15706;49,15319;40,9692;34,41282;28,26216;41,42168;24,54258;40,92973;46,24663;50,36402;59,67919;52,02737;54,35909;44,85677;44,25164;48,32207;49,64095;24,23787;25,87821;46,6197;27,74887;27,74887;28,91769;54,65891;71,15336;67,87533;96,28612;74,15482;66,53412;92,0007;85,33915;86,51747;84,66274;68,13699;76,3923;73,95791;73,01269;61,26125;46,91709;62,44878;58,16521;97,57977;96,24028;73,77238;54,07945;79,29003;91,20721;96,12715;80,92229;46,91709;64,623;27,55165;76,4703;87,35925;22,08065;76,2914;55,57758;33,63707;75,92062;92,0007;77,33601;80,92229;58,16521;98,86913;62,44878;74,15482;55,57758;96,12715;53,66983;61,25216;54,65891;75,83424;96,2848;79,29003;80,75722;78,36044;22,08065;111,1398;57,45882;62,44878;61,26125;81,16948;70,26216;60,39034
"354";"2010-06-01";84,69502;70,22865;153,7195;91,67689;84,79575;80,2701;87,18694;70,04568;130,4762;56,56741;49,98709;144,8383;131,2966;83,60892;150,1243;88,22897;102,5519;59,99802;69,39769;89,26472;72,20582;71,84932;66,04128;64,32706;92,01505;53,23404;71,86913;95,47373;80,53236;90,67032;89,1085;138,562;105,472;113,6611;70,18152;77,85474;87,98913;76,28802;63,36611;67,53181;72,08297;45,78146;45,78146;57,54307;121,8543;145,9684;134,136;175,4708;152,1396;232,4235;240,1132;349,8765;240,4956;186,1126;368,7949;232,8499;182,5538;225,095;121,6158;97,5966;118,8354;154,0948;248,6777;375,2585;305,8773;107,2805;268,7977;258,4127;344,2519;238,4651;97,5966;167,6035;52,4829;148,2868;192,9511;43,40433;170,0469;102,0546;49,98709;321,9008;240,1132;142,7915;238,4651;154,0948;292,6559;118,8354;152,1396;102,0546;344,2519;120,6341;194,4869;121,8543;155,3228;309,477;268,7977;140,2666;202,6705;43,40433;306,2983;202,1151;118,8354;121,6158;128,5103;180,993;132,3062
"355";"2010-07-01";297,5333;253,9;512,9062;240,3979;259,0501;255,8947;360,6608;225,2209;347,7405;192,1484;169,0543;472,6212;452,1165;331,3849;476,1255;252,1617;262,267;201,3687;244,9541;281,1465;265,2406;294,7917;292,5388;150,5341;253,1046;163,3418;211,7922;311,7584;251,7328;268,7204;374,5173;401,45;292,9761;304,3725;302,4166;320,354;271,6412;273,916;193,5742;220,0299;234,255;170,5179;170,5179;170,5658;418,4127;418,2871;379,6875;546,585;330,6338;541,7986;646,3075;823,6498;653,8513;508,8924;883,2501;587,888;535,1756;602,035;389,6901;379,0952;354,4188;457,5334;770,8801;801,9236;782,7145;353,9396;649,8784;669,8301;735,6273;606,814;379,0952;454,5463;183,9675;477,2081;611,9713;168,6755;476,7495;354,7545;169,0543;890,0286;646,3075;455,9282;606,814;457,5334;794,0152;354,4188;330,6338;354,7545;735,6273;364,911;613,1327;418,4127;488,1569;681,2441;649,8784;449,1185;583,7324;168,6755;756,7673;635,0685;354,4188;389,6901;429,2491;494,626;468,0519
"356";"2010-08-01";181,0712;141,3007;255,9643;155,3856;165,3759;165,1059;183,2144;140,9102;225,2959;132,935;126,0766;264,8685;227,8373;203,6236;247,0694;194,8086;169,8277;132,1877;157,0929;205,0475;191,2349;174,5795;129,5851;143,0891;196,9777;118,5402;144,0206;195,6059;150,5288;169,9973;195,89;247,777;194,2075;195,0634;182,4632;187,55;179,1527;186,0264;132,5405;143,5676;192,6849;123,6424;123,6424;123,9491;239,0903;279,8846;299,425;374,6337;315,7952;359,5889;388,7321;581,425;365,6727;320,3762;697,4975;368,1711;340,1656;383,4908;271,2599;223,2034;223,5236;282,0067;426,4446;653,4928;442,2329;233,1312;401,5212;428,7455;585,0419;370,0684;223,2034;295,7672;120,1982;315,8321;331,432;112,4172;328,644;231,4126;126,0766;502,9557;388,7321;243,1242;370,0684;282,0067;452,1442;223,5236;315,7952;231,4126;585,0419;218,0369;416,3886;239,0903;347,9855;579,3174;401,5212;235,3406;385,9715;112,4172;526,9513;379,4711;223,5236;271,2599;262,9928;287,8271;297,473
"357";"2010-09-01";214,2624;183,0623;473,8141;192,4851;204,6545;189,141;238,7653;222,8783;272,2809;201,2673;187,5532;342,4589;402,9786;251,8838;481,2442;226,1511;227,752;189,2606;192,5911;261,0554;237,5036;196,3008;154,2134;148,8545;247,0086;161,6827;216,1572;367,2625;250,6278;212,276;253,6056;330,1377;237,4127;241,8381;217,9547;247,7455;232,1743;223,2322;193,5303;242,2397;221,3391;184,8949;184,8949;175,4157;280,2875;544,8514;519,3541;671,562;529,7678;534,7173;570,1144;747,3412;545,5507;568,04;762,6993;547,7674;597,6915;561,9305;464,311;367,4011;421,9256;349,4967;598,5204;804,9154;525,4128;442,6311;579,0721;615,9053;796,8242;521,2023;367,4011;609,318;188,9008;564,1597;581,8072;178,4913;579,212;414,7629;187,5532;624,6594;570,1144;471,0461;521,2023;349,4967;621,9013;421,9256;529,7678;414,7629;796,8242;253,7787;663,903;280,2875;611,7904;754,4232;579,0721;472,8462;633,0866;178,4913;818,0038;439,0025;421,9256;464,311;482,287;377,7633;525,426
"358";"2010-10-01";25,38487;15,05876;68,66955;13,02912;19,99901;21,33175;14,50515;46,83685;33,67687;40,08276;40,14593;21,97787;60,97268;21,26604;66,03219;24,05216;18,29793;28,19474;21,29473;21,71805;22,57681;14,65994;11,82925;24,23353;20,98052;27,2937;39,88314;36,21734;50,83459;22,64316;16,00009;42,47921;27,28861;32,29813;17,90943;19,21858;18,33251;17,37067;25,23846;28,34516;29,46969;37,878;37,878;20,20712;25,53751;53,99034;52,86517;56,61482;60,41096;98,31844;101,0052;96,11604;81,39996;84,78335;47,92751;82,31602;66,44165;87,83498;52,13155;67,84145;38,63223;40,24282;104,2416;56,99499;94,23142;55,27005;90,22993;70,17719;69,62809;86,49979;67,84145;51,21049;48,52068;56,47948;97,11971;43,95361;60,00128;56,29247;40,14593;70,75784;101,0052;63,39648;86,49979;40,24282;93,9259;38,63223;60,41096;56,29247;69,62809;33,10419;52,83424;25,53751;62,01743;60,28972;90,22993;57,19358;63,3707;43,95361;90,26897;39,38177;38,63223;52,13155;55,24676;56,99669;54,81316
"359";"2010-11-01";19,64944;12,63959;44,24186;5,481328;10,6246;12,17892;18,91182;15,59539;26,81301;14,59067;11,38625;49,86896;34,5514;19,7246;57,30214;16,21666;10,80821;11,38058;10,71002;19,21082;17,05006;12,86394;9,255908;10,24665;14,47108;8,458579;13,07904;24,44629;17,10596;14,21644;26,25483;35,91291;19,97628;19,21664;16,40197;18,26448;14,35689;14,42466;9,670454;13,47798;16,02286;13,27842;13,27842;8,604313;29,99995;39,05836;39,99187;39,82586;41,27924;40,78631;64,75326;96,44138;78,59457;60,27939;71,07936;53,84528;51,67109;56,80025;44,63668;47,09326;37,84702;46,4515;76,786;106,8956;68,60168;31,598;58,74804;62,23607;88,42744;55,14393;47,09326;45,19946;15,1757;47,20814;100,4458;17,03562;51,87968;35,87294;11,38625;84,30123;64,75326;56,07352;55,14393;46,4515;85,25784;37,84702;41,27924;35,87294;88,42744;28,05631;74,35394;29,99995;53,64458;72,04127;58,74804;50,2097;51,26492;17,03562;92,94034;55,28465;37,84702;44,63668;51,56288;55,1904;57,31153
"360";"2010-12-01";8,717119;0;19,26142;0;6,534415;6,927281;6,580833;11,04229;12,21364;10,20771;9,461439;11,34316;16,90678;9,551916;21,57986;7,119431;0;10,21924;6,874212;10,493;9,151908;8,33798;0;5,676234;9,240932;9,47481;9,536255;11,69874;10,91003;7,137037;6,511219;17,57516;9,181473;10,85769;8,205347;9,202423;5,533451;8,819773;7,083841;9,426336;9,212113;10,32306;10,32306;6,432182;9,051029;18,85357;19,71384;23,49067;21,98486;15,93057;25,34594;29,23027;28,55507;22,28839;25,46208;19,01576;20,57809;21,83267;19,84225;20,30457;17,1857;16,384;38,16268;30,7227;23,42465;14,5243;24,50977;20,59024;28,57389;21,20449;20,30457;17,67503;9,33181;21,68789;40,28217;8,744152;21,46398;15,98003;9,461439;25,55472;25,34594;21,94557;21,20449;16,384;30,11651;17,1857;21,98486;15,98003;28,57389;11,71318;16,11746;9,051029;22,13493;25,70663;24,50977;20,16427;21,4774;8,744152;26,31372;18,02491;17,1857;19,84225;23,15734;21,62317;23,09673
"361";"2011-01-01";8,380127;8,986152;30,77612;3,222747;7,174871;8,510731;8,747993;12,2129;16,16655;9,237946;7,434423;28,60766;27,07809;11,9059;36,39097;10,33222;7,232378;7,982429;7,514833;11,20499;10,07475;8,679951;6,34057;11,33981;10,1529;6,992947;10,40514;13,75971;12,42945;8,028172;14,19949;25,34501;12,18107;14,56247;10,63726;12,43945;8,182581;9,73679;6,015256;8,446612;11,50741;8,041248;8,041248;2,560553;17,56813;34,1445;35,8755;33,26479;40,28909;21,78846;34,68911;32,29236;43,01466;35,63597;20,79283;30,52445;34,02467;29,26221;37,70386;31,20313;38,53743;24,88321;42,05543;26,71016;40,61365;25,78711;27,45464;19,71623;19,66192;27,3781;31,20313;26,88183;10,33626;45,9238;64,63734;8,305135;36,42065;28,96821;7,434423;37,40797;34,68911;43,08639;27,3781;24,88321;41,29222;38,53743;40,28909;28,96821;19,66192;14,94097;22,6589;17,56813;35,48156;19,60524;27,45464;36,24829;30,45545;8,305135;24,57225;33,53073;38,53743;37,70386;41,08926;39,41304;43,09464
"362";"2011-02-01";0;0;17,20721;0;0;0;0;5,173859;10,0685;5,057262;0;11,12302;12,53875;0;19,79499;6,049042;0;6,973875;0;7,54159;6,125819;0;0;8,660135;6,185131;5,357183;6,9655;10,04214;7,637254;0;5,869782;13,73364;6,023118;7,415255;0;0;0;0;5,566702;6,005135;7,202868;5,484657;5,484657;0;8,773817;18,99588;23,42135;21,65403;29,33603;14,68423;25,41958;22,61242;22,70471;22,30254;15,94983;15,14345;19,84395;20,14002;22,37268;15,97034;23,78377;13,29535;16,15059;24,86269;18,50799;15,35338;15,81368;19,21216;20,98341;15,77874;15,97034;16,26615;5,061931;20,11419;62,29199;0;18,67672;16,48341;0;18,48187;25,41958;20,78799;15,77874;13,29535;18,08423;23,78377;29,33603;16,48341;20,98341;7,180782;14,94658;8,773817;18,68044;19,55868;15,81368;19,54461;19,6084;0;28,71566;12,42087;23,78377;22,37268;21,89333;17,57993;23,14521
"363";"2011-03-01";6,09175;4,954279;24,48468;6,313813;6,05647;7,200768;0;12,09657;9,940268;15,62223;13,46126;9,946541;18,96;0;29,27998;12,06238;7,868155;19,73582;5,465538;15,28613;10,85131;0;0;15,29292;13,1271;18,45465;18,98881;23,02638;15,73905;7,659458;5,458975;13,12261;8,536874;9,174603;0;0;6,652489;5,218693;16,87112;18,32254;15,90196;17,97222;17,97222;15,85509;9,477165;22,91248;24,962;28,79681;26,96755;25,49374;35,72419;41,19609;26,96781;31,95119;28,39364;29,94653;29,51573;35,01151;21,51917;13,90222;25,1121;13,89988;31,56658;39,25841;33,4735;18,50735;34,06335;32,76465;39,40439;28,94422;13,90222;20,50527;10,73802;25,83983;36,62781;11,54416;29,3409;18,73816;13,46126;31,69724;35,72419;22,29873;28,94422;13,89988;29,12265;25,1121;26,96755;18,73816;39,40439;8,555785;21,26464;9,477165;26,12698;32,58925;34,06335;26,3193;26,95056;11,54416;59,9003;11,22538;25,1121;21,51917;24,4374;19,23381;22,7136
"364";"2011-04-01";29,34687;23,44272;54,40843;36,49051;40,3829;31,05303;38,85773;36,07014;28,04337;43,96365;40,87529;37,90276;53,02923;33,15548;58,7381;59,91356;31,65789;59,05214;48,97793;74,5063;73,48067;39,94323;33,50124;55,92643;74,68678;53,95073;47,34562;58,77915;45,16568;28,86587;33,56013;40,92235;25,08181;32,81442;33,40278;48,13908;44,24187;61,47575;50,99666;52,26962;68,93748;54,74401;54,74401;50,98657;26,82738;43,13158;43,52094;65,33846;59,30467;34,77459;60,76645;50,18198;61,88773;62,77946;28,92459;44,23536;65,01737;61,23145;50,0566;49,32586;55,66436;32,4754;29,47366;43,91443;30,64312;31,06415;37,15467;42,85382;46,04866;37,79511;49,32586;42,67188;34,58201;55,11847;95,2522;38,69955;59,38971;34,08045;40,87529;38,83057;60,76645;55,82861;37,79511;32,4754;31,15672;55,66436;59,30467;34,08045;46,04866;28,74206;39,69792;26,82738;55,752;37,08228;37,15467;57,4409;65,54807;38,69955;35,59824;31,47422;55,66436;50,0566;55,83643;46,27266;56,5272
"365";"2011-05-01";79,55115;65,55312;92,71948;97,1538;76,14453;72,15684;91,07244;39,71215;76,43804;48,66891;48,64071;78,31467;90,75155;78,84094;96,63953;83,2285;82,02947;51,77737;74,78346;69,08072;80,09177;81,1526;91,78413;59,13858;69,52162;51,07875;48,87591;58,06219;44,582;70,06052;76,83917;74,97035;72,69789;70,22079;78,85423;79,50794;79,50353;89,69599;50,43297;56,92225;81,32926;54,43965;54,43965;57,08519;77,75392;88,54267;84,5894;117,9158;93,87537;70,09078;89,45724;97,47878;93,62968;92,04562;97,02551;79,00059;95,18508;87,32217;80,43488;66,30313;76,36475;76,20657;124,1672;101,9844;83,7513;66,68854;88,57639;84,82446;99,51181;79,29897;66,30313;84,34412;35,65129;105,6392;91,16246;37,9198;94,87505;65,60825;48,64071;101,4685;89,45724;84,42177;79,29897;76,20657;106,2847;76,36475;93,87537;65,60825;99,51181;76,07572;78,20545;77,75392;99,46162;95,44595;88,57639;87,05145;93,11279;37,9198;111,7125;86,79805;76,36475;80,43488;85,41679;86,98031;84,547
"366";"2011-06-01";115,4198;102,0965;247,9666;111,3666;110,4168;107,6539;146,4733;145,8562;152,3537;119,5623;104,3163;150,8373;219,2185;123,1377;240,6412;112,2515;125,3186;116,6438;95,86998;137,4271;109,5132;129,3246;114,1222;86,5938;130,8418;100,1859;127,8407;194,0784;153,966;111,8232;138,7989;165,2505;124,3549;136,8053;114,2801;115,904;116,2727;113,3591;117,9354;139,5679;102,3677;112,2975;112,2975;109,6265;138,2126;272,4573;269,2511;209,1068;299,075;194,7226;277,0275;266,0024;244,6247;232,9866;259,1159;205,8282;220,9295;236,0131;244,4338;199,6321;242,6796;169,2737;201,1842;297,6494;299,5191;188,8725;217,865;247,9526;283,4018;227,4516;199,6321;232,862;113,4862;276,0947;248,7735;102,7162;230,3606;193,069;104,3163;232,6859;277,0275;264,8643;227,4516;169,2737;239,98;242,6796;299,075;193,069;283,4018;143,7745;212,7047;138,2126;275,9971;260,3871;217,865;247,056;221,885;102,7162;265,794;157,8615;242,6796;244,4338;249,1321;195,0244;252,0266
"367";"2011-07-01";192,5967;136,6987;533,2324;203,8386;203,9998;191,117;200,8553;249,536;265,1563;207,838;176,4544;284,737;455,5535;243,336;522,5034;231,7794;221,9132;210,719;212,695;258,0713;251,0362;218,3426;186,0206;147,7367;243,3901;171,3544;232,4508;258,5503;275,4622;203,6775;211,462;306,9478;223,8806;248,0155;222,7269;259,942;230,6487;252,6395;179,7007;195,6698;229,2089;163,3995;163,3995;173,5264;261,966;536,5201;486,2427;643,3535;446,2766;510,9891;633,3386;738,5775;599,4777;550,8118;691,6645;555,7;605,992;643,3337;507,0339;457,9561;461,0352;323,3892;651,1193;731,4933;668,0562;452,9252;557,9683;630,1292;696,6062;561,7571;457,9561;569,7823;203,7432;619,5363;576,123;177,6919;564,7867;429,1264;176,4544;613,1055;633,3386;547,0689;561,7571;323,3892;642,2365;461,0352;446,2766;429,1264;696,6062;233,0288;712,6645;261,966;633,9647;638,5783;557,9683;521,9734;662,9155;177,6919;712,7567;390,8707;461,0352;507,0339;555,3751;398,8285;590,2125
"368";"2011-08-01";136,5154;98,43291;259,3388;130,9135;126,882;120,1814;121,6771;137,0905;210,887;114,7563;100,1032;205,2717;225,7589;132,3201;253,7722;145,3286;159,6665;122,1719;113,4301;161,0381;133,2861;110,2248;86,90713;115,0745;149,9936;109,0557;141,8489;167,2913;147,5938;139,6039;132,4758;232,1194;168,3095;188,2527;115,3618;117,7604;135,0428;127,6054;109,6483;115,4926;144,2361;103,6064;103,6064;116,4199;193,122;220,6756;238,3527;318,3311;285,6273;344,9489;356,9877;510,5647;379,9018;298,8622;544,035;356,349;312,6591;341,9973;261,2105;213,1301;217,4079;259,3825;421,3636;507,2912;460,2529;175,4101;390,8859;346,586;449,5966;361,3676;213,1301;242,5744;118,3248;285,54;343,4061;106,0295;289,6744;198,6119;100,1032;465,5406;356,9877;251,9886;361,3676;259,3825;457,7495;217,4079;285,6273;198,6119;449,5966;193,634;300,7372;193,122;313,2459;424,6037;390,8859;232,5641;334,3135;106,0295;414,1544;315,2804;217,4079;261,2105;279,9056;284,7749;289,3042
"369";"2011-09-01";160,3698;147,5127;227,0936;125,0769;142,9076;145,7395;206,9679;91,10976;189,8029;84,26452;75,66355;305,9103;183,7679;177,8648;227,7005;140,0758;144,3852;91,84386;131,4541;139,1052;147,3898;141,2268;119,2357;82,14668;127,6428;78,28283;98,76862;153,0417;106,6203;151,369;197,482;221,2505;170,9754;171,1547;156,8769;177,7848;158,059;157,482;73,53654;90,94836;131,784;77,0674;77,0674;82,94488;239,0136;262,149;249,9374;317,6566;277,0399;305,8216;318,1384;512,1014;358,1262;272,2993;476,9799;326,4761;278,2767;284,371;247,8408;181,748;211,6855;251,7319;399,5247;508,1743;357,7353;201,5955;339,5789;308,2872;436,9701;324,1288;181,748;278,4081;85,68462;275,8233;334,9087;81,16424;268,4962;204,7261;75,66355;505,2839;318,1384;231,4687;324,1288;251,7319;443,3862;211,6855;277,0399;204,7261;436,9701;214,3461;271,1257;239,0136;296,9555;398,1803;339,5789;216,6681;309,3614;81,16424;462,5994;348,6884;211,6855;247,8408;252,7274;273,427;274,9014
"370";"2011-10-01";62,14391;39,56903;102,8824;28,48792;47,09378;55,1195;42,43081;57,43966;72,65079;53,13087;48,42677;50,40473;93,56845;56,01667;101,9399;53,645;37,65276;42,48926;54,85358;54,27011;59,12162;45,84349;41,12503;44,31142;56,1615;45,97803;60,08473;62,22723;62,70821;53,09211;43,52549;84,15956;63,74056;67,36143;50,85955;56,48561;41,39343;49,75455;51,12379;50,4127;64,54901;46,67504;46,67504;37,89762;55,36955;102,6775;109,8844;113,164;115,5601;175,2103;149,8703;182,3327;127,2257;140,7563;129,5574;151,6356;130,1424;133,4108;87,14549;77,14343;68,74552;87,653;192,175;166,5952;163,8534;78,54665;169,2214;149,5229;187,4967;146,6319;77,14343;106,2115;47,94201;99,98534;134,6281;41,53035;106,833;78,52406;48,42677;155,5475;149,8703;90,85097;146,6319;87,653;179,8903;68,74552;115,5601;78,52406;187,4967;77,24906;114,505;55,36955;106,5473;163,1731;169,2214;89,854;128,9006;41,53035;205,6305;100,9826;68,74552;87,14549;92,81136;100,8574;85,23008
"371";"2011-11-01";25,50994;16,29959;72,73196;7,55977;13,97842;15,6162;21,30975;26,03909;34,81678;24,50247;18,80515;60,92868;57,46519;23,69008;90,85142;22,21799;15,1401;20,38616;13,89415;27,70765;22,66258;16,51177;11,82698;15,80765;20,39252;14,61254;22,59505;43,54406;28,78673;18,51665;36,01272;47,5259;25,8939;25,35175;19,45798;22,05722;19,48355;18,17598;17,63868;23,70011;22,97708;22,89932;22,89932;15,11904;37,44204;61,23558;60,69477;65,54403;61,25776;64,16585;100,7559;148,8462;110,8841;99,29764;91,66686;82,40588;84,25134;90,80057;53,24194;62,60622;50,12103;59,47531;113,9923;169,8288;96,95124;49,49825;90,83813;112,0425;160,3215;81,5958;62,60622;73,77377;23,45997;74,22098;147,0121;25,27238;85,04787;53,05675;18,80515;114,4327;100,7559;90,05162;81,5958;59,47531;122,4777;50,12103;61,25776;53,05675;160,3215;35,42259;128,0919;37,44204;86,56303;127,3553;90,83813;82,2403;84,46108;25,27238;171,5738;71,71697;50,12103;53,24194;80,77964;73,22536;67,70647
"372";"2011-12-01";15,80548;6,838449;31,13102;0;11,78716;12,52014;9,974617;16,87619;21,91243;16,10946;15,36298;20,33199;26,89515;16,88415;35,36902;12,55969;5,792012;17,90136;12,07078;19,88614;16,39763;13,61054;0;9,521207;17,10385;16,77789;14,88545;22,78297;16,59463;12,91974;11,52329;30,93333;16,62081;19,36082;13,82902;15,54215;9,917542;15,07946;14,29738;19,05935;15,76167;18,22845;18,22845;12,19274;16,31355;30,58001;30,66644;44,86014;32,21566;30,46381;47,25872;49,11668;50,3641;40,27901;36,85462;35,34819;38,18933;41,79841;27,95865;29,79122;24,49983;29,18263;61,18082;51,93935;41,89439;24,91702;36,9786;38,47139;46,78794;38,6685;29,79122;31,96346;14,47613;33,64555;70,88631;14,11119;38,44751;25,65794;15,36298;47,071;47,25872;33,73668;38,6685;29,18263;54,62351;24,49983;32,21566;25,65794;46,78794;21,19567;34,65181;16,31355;36,04161;44,44772;36,9786;31,88687;41,82809;14,11119;49,37073;33,59851;24,49983;27,95865;34,85201;37,87588;32,53968
"373";"2012-01-01";9,959142;8,986773;38,53701;2,157337;6,948329;8,512003;9,220723;13,29873;17,00217;10,57996;9,196188;29,79333;27,97387;11,38873;43,47088;10,3979;7,664724;9,1472;6,842657;9,857704;9,143521;8,023623;5,411841;11,44201;8,468496;7,313893;12,48791;14,88894;15,01881;9,386668;16,35737;26,36908;13,33562;15,94219;10,52738;11,13996;8,354471;8,443481;5,94179;10,68875;11,38584;10,61923;10,61923;4,525196;15,20366;49,76864;53,17689;48,46107;58,56821;25,11459;48,46349;47,93616;51,83888;48,26077;32,56811;29,20924;50,25198;45,12194;49,71984;41,22093;54,24936;24,8204;40,50162;51,0906;33,49596;43,7589;34,06655;35,64516;43,62802;29,87559;41,22093;48,86456;13,23422;56,01168;86,83617;11,98538;50,09855;44,63909;9,196188;37,6545;48,46349;50,14049;29,87559;24,8204;38,18017;54,24936;58,56821;44,63909;43,62802;15,41429;42,41927;15,20366;55,29782;40,51997;34,06655;42,14552;45,31146;11,98538;48,06023;29,79005;54,24936;49,71984;51,946;43,22363;52,72181
"374";"2012-02-01";10,86095;9,021082;58,90152;2,119772;9,888926;9,649414;15,56926;16,14741;27,15627;18,08958;13,62777;27,35217;48,27268;13,2024;62,9379;17,89979;6,140379;29,41702;9,244683;32,91668;19,6504;20,61931;11,64966;26,43358;27,96216;20,89102;22,05755;52,90426;22,94375;9,938619;16,59492;38,06619;15,90107;19,88346;15,14837;15,95534;9,70681;14,30493;26,95537;27,54261;22,93832;23,17672;23,17672;17,00945;20,79096;54,19281;65,41847;87,29264;89,15879;70,91328;92,78101;98,34139;80,62368;71,81056;51,26081;71,23611;80,09452;86,71727;60,70153;55,91691;59,24064;33,04169;69,69968;97,83877;65,06986;40,23221;74,17815;86,14372;101,6051;62,02818;55,91691;52,26143;15,53022;60,78228;221,8437;15,25998;70,87388;41,92567;13,62777;61,85139;92,78101;69,25611;62,02818;33,04169;68,54999;59,24064;89,15879;41,92567;101,6051;17,92091;66,61131;20,79096;60,99783;87,8718;74,17815;63,59079;79,59001;15,25998;115,154;37,49382;59,24064;60,70153;71,94283;60,54678;72,19105
"375";"2012-03-01";7,321455;6,350712;40,1749;10,00437;10,53414;11,34157;6,975439;15,67242;12,64277;17,60141;15,07554;10,60741;28,63062;6,62099;47,45584;15,11487;11,26268;22,34938;9,0932;21,76856;15,60773;10,56834;5,076935;19,25674;20,85231;21,66227;24,69403;24,94022;21,06473;10,29722;7,242712;17,21626;10,62182;12,77779;7,534317;7,868088;10,30777;9,236443;18,1869;19,09629;19,74993;19,03229;19,03229;17,79597;10,33905;50,07119;52,55024;54,10118;60,86129;45,22386;66,41844;62,14651;42,11557;52,96886;52,06214;50,56676;56,69815;65,04084;45,61852;20,03435;50,91582;16,54997;49,532;58,3867;52,1477;39,05104;57,85804;52,19649;56,55634;44,40197;20,03435;46,66305;13,31206;56,46891;53,85281;13,38442;52,42188;39,03738;15,07554;40,49351;66,41844;37,2361;44,40197;16,54997;44,91673;50,91582;60,86129;39,03738;56,55634;9,856659;36,6461;10,33905;51,95139;46,46354;57,85804;46,34335;51,11534;13,38442;92,81705;14,34295;50,91582;45,61852;42,42826;28,47483;47,7947
"376";"2012-04-01";21,96994;17,27287;50,89738;30,58604;32,48527;24,80126;27,36979;24,19306;24,5283;25,51455;21,31875;31,54961;41,61599;27,12623;64,78908;42,72401;28,16862;27,70817;37,41692;51,30217;53,78059;29,18497;26,20406;42,01226;49,68252;27,41341;31,31209;34,09281;32,87159;24,6283;25,84194;39,24803;22,38988;33,17949;32,12362;38,93996;35,76636;49,99807;21,8924;25,30643;42,00484;25,0441;25,0441;26,56171;23,28969;78,49101;69,40728;90,1401;94,29653;32,7474;66,94511;46,1311;56,16452;76,13214;57,39379;39,97921;83,19779;74,84352;88,5854;44,88293;97,66277;31,74142;28,72387;54,17832;31,02455;61,49909;32,36949;49,63921;53,36003;36,96615;44,88293;69,22974;23,08439;88,24557;94,72746;20,97068;65,58359;63,63326;21,31875;31,14252;66,94511;57,8692;36,96615;31,74142;31,11835;97,66277;94,29653;63,63326;53,36003;26,6421;59,43969;23,28969;81,09672;45,46237;32,36949;57,76513;88,20036;20,97068;38,70655;28,77787;97,66277;88,5854;63,46218;44,29138;76,59975
"377";"2012-05-01";59,35716;49,66881;82,54787;69,32047;53,53115;50,41797;63,47783;31,81212;58,48762;34,39249;32,85421;60,44928;75,78741;54,97974;96,7861;54,2762;60,25912;33,88322;50,44316;44,53153;48,68069;53,65278;71,98824;41,99343;46,47446;36,32158;40,26151;36,05518;36,51679;51,688;58,09817;56,3457;55,4697;51,75956;53,81586;51,65459;54,69223;61,92559;36,12812;39,91187;49,82499;36,97679;36,97679;42,95634;59,70484;104,8143;87,21265;155,5778;85,19063;82,42237;114,4831;117,7044;85,99665;123,2604;119,9704;86,80378;125,2328;106,6752;73,1924;41,59684;73,6849;60,54838;112,1554;141,7031;78,32135;79,91481;102,9379;115,183;138,0531;82,62721;41,59684;106,834;24,57137;102,3243;96,25262;22,39777;125,9002;70,30115;32,85421;101,1708;114,4831;71,45681;82,62721;60,54838;100,1955;73,6849;85,19063;70,30115;138,0531;57,59986;104,0266;59,70484;114,5471;139,0025;102,9379;77,7747;124,5867;22,39777;149,53;67,63362;73,6849;73,1924;74,53096;70,78802;67,99346
"378";"2012-06-01";150,8921;132,0672;272,6488;157,2188;142,489;138,8347;194,0102;107,852;205,7921;88,31303;72,7197;220,8509;231,5179;156,5271;285,36;148,2355;158,8931;105,2652;125,4242;154,5502;134,7955;147,3562;139,0316;106,251;154,5806;101,7936;121,6146;177,4377;127,3457;145,6545;174,5364;220,2129;172,5159;184,0424;146,8076;147,5834;156,7976;140,9732;125,9166;133,9566;127,8928;77,07712;77,07712;125,9764;206,5311;404,7468;424,6398;340,1008;460,7463;356,7564;452,0912;516,5084;387,7724;340,8076;523,7333;365,9923;332,6991;399,3086;364,159;179,0219;369,2868;248,1426;348,8745;569,5933;499,0709;284,2003;382,595;451,373;566,9596;387,0011;179,0219;390,3932;81,45282;409,3057;356,3251;65,10658;341,045;292,8992;72,7197;422,5889;452,0912;263,8453;387,0011;248,1426;406,1722;369,2868;460,7463;292,8992;566,9596;207,9063;392,4533;206,5311;421,2891;512,022;382,595;261,8661;353,0449;65,10658;523,7413;249,0345;369,2868;364,159;281,9771;268,8686;348,512
"379";"2012-07-01";140,1448;119,91;232,2959;116,4662;124,759;119,6522;183,8438;92,53183;196,3511;80,48797;67,26561;242,1376;193,4711;148,2664;240,8377;131,3074;129,337;103,7095;116,8405;148,6423;134,8154;152,3452;154,0285;79,12486;144,8585;87,08746;99,35643;172,6757;108,6013;132,1839;174,4872;214,075;158,6777;154,5038;151,2228;157,3165;135,5418;156,083;101,1351;122,332;130,4516;77,94354;77,94354;100,1744;214,9651;233,4196;218,1694;331,3462;181,5013;375,6337;432,019;570,9983;397,411;316,0681;580,2528;409,8058;324,1845;394,6585;210,9447;150,4016;203,0414;262,6069;546,6737;574,5399;504,9026;209,2928;422,5706;411,9054;511,833;418,9156;150,4016;250,5511;73,16832;245,7834;369,12;64,94183;269,928;209,6033;67,26561;564,7193;432,019;201,982;418,9156;262,6069;529,6059;203,0414;181,5013;209,6033;511,833;195,1637;387,0511;214,9651;266,3654;464,9694;422,5706;217,3583;378,6373;64,94183;474,1483;354,7631;203,0414;210,9447;205,3077;291,7986;227,4673
"380";"2012-08-01";216,5428;161,6333;382,3889;185,7366;201,0904;194,2415;190,4319;237,2166;269,8129;203,4057;191,9792;290,6042;342,7195;217,3457;379,7688;228,0878;214,266;206,2565;191,4215;240,1938;219,1654;163,4946;130,9526;180,2699;228,0363;175,6955;214,1989;284,4206;241,8386;205,9876;228,3476;294,4282;237,2386;239,481;191,7604;203,8543;211,3674;194,7247;182,4748;209,3955;235,3118;197,1161;197,1161;187,3603;276,0054;414,6647;406,6459;588,164;455,624;493,798;572,9724;843,548;471,2842;485,5929;874,5402;493,5409;519,6642;544,6125;402,3311;377,651;342,6097;337,3347;623,204;853,0865;604,7671;334,8066;598,4918;593,9837;804,1208;510,0412;377,651;447,3226;219,394;511,5475;454,0171;194,3481;502,6504;321,2073;191,9792;683,4737;572,9724;410,3372;510,0412;337,3347;649,179;342,6097;455,624;321,2073;804,1208;267,3254;565,2817;276,0054;521,3837;778,8702;598,4918;373,7573;576,6284;194,3481;732,1006;401,7477;342,6097;402,3311;438,856;344,7674;460,7692
"381";"2012-09-01";115,2226;108,9775;241,5735;95,70972;108,0233;98,53126;154,9351;79,03484;150,3777;67,77023;61,09702;199,5495;189,8431;128,5888;243,5212;110,9461;108,5068;69,23922;103,4292;116,3241;112,7295;111,9359;112,5618;63,67536;117,9672;58,33133;80,10181;154,0974;95,08585;108,2475;150,3257;204,5398;127,1298;126,3337;126,9649;134,1156;113,4567;119,0007;73,12124;96,87846;97,94586;61,45135;61,45135;68,33749;171,0184;199,5961;190,5111;341,6711;203,4755;357,4676;346,1985;545,5654;405,8757;307,682;471,0968;367,6262;319,1085;317,3581;181,3129;152,2783;159,1618;223,9525;446,6517;531,6125;380,274;162,5498;389,6076;341,1369;421,5879;360,9733;152,2783;257,6595;60,94224;219,6067;386,3439;58,40846;280,086;164,3268;61,09702;503,3951;346,1985;210,2841;360,9733;223,9525;463,871;159,1618;203,4755;164,3268;421,5879;150,802;303,7462;171,0184;249,7472;391,0208;389,6076;211,0312;350,8121;58,40846;485,9109;313,8792;159,1618;181,3129;197,994;267,9645;199,8489
"382";"2012-10-01";77,44629;56,09918;168,9261;41,72675;59,81379;62,60887;50,75668;74,00162;94,50523;50,92241;48,04989;91,0204;141,5584;62,00966;160,2354;62,91168;53,14035;41,7915;63,61942;55,09623;66,47031;51,68612;37,85748;55,95906;60,94726;48,05192;71,79721;48,4343;82,42877;67,80299;65,73936;101,537;80,50465;91,72328;54,43647;58,79469;57,48732;56,18668;42,32469;40,10257;75,81441;40,50951;40,50951;37,706;91,12886;133,3818;147,0259;172,2739;141,3002;240,04;178,1998;291,4103;157,6996;186,0691;257,9498;189,7168;167,1303;162,9118;103,8915;110,2582;93,63624;102,1713;242,0754;237,7716;176,7338;120,3822;217,5579;227,1113;281,0406;168,6868;110,2582;146,6089;58,67292;137,3615;178,0864;52,20416;152,6053;125,6391;48,04989;228,1348;178,1998;138,1534;168,6868;102,1713;220,1192;93,63624;141,3002;125,6391;281,0406;93,84451;188,382;91,12886;165,458;254,8581;217,5579;146,7464;166,928;52,20416;314,802;150,1379;93,63624;103,8915;130,9482;132,6408;113,7667
"383";"2012-11-01";21,86303;18,99744;74,21886;8,858879;13,79246;14,70409;23,60313;27,03457;36,19377;22,50755;17,79327;89,04172;55,01773;27,75742;91,51439;18,8425;16,8943;16,7556;17,68988;25,9123;23,79665;17,34827;13,95585;15,00555;19,25983;14,4163;21,15423;37,71297;30,46116;18,4039;37,33524;58,66173;25,39695;29,84155;22,49397;26,20093;20,20225;22,03484;16,71979;22,27987;25,12295;20,40661;20,40661;13,48603;49,96993;67,26494;71,50037;55,98345;75,48531;49,5826;93,22935;103,3898;117,7064;83,27325;66,89108;64,51508;72,72352;71,67374;67,06265;70,48408;56,00238;65,42303;81,13325;110,9196;96,98695;47,8584;71,21673;83,94934;90,96871;77,22877;70,48408;77,03781;27,51296;93,88255;132,1414;24,26579;74,04449;53,80225;17,79327;99,10939;93,22935;87,61705;77,22877;65,42303;109,7698;56,00238;75,48531;53,80225;90,96871;36,50542;87,00639;49,96993;95,49401;76,79892;71,21673;80,52243;66,98962;24,26579;100,0868;77,34679;56,00238;67,06265;88,97877;65,03233;93,65388
"384";"2012-12-01";7,579877;5,932369;20,44571;0;7,062872;7,21921;7,254823;10,50043;12,55591;10,81776;10,70149;19,84471;16,36275;9,682484;21,80687;6,373959;0;10,2247;7,820752;9,9792;8,851943;7,826159;0;0;8,477313;8,668474;9,112069;15,05893;10,43742;7,089724;11,85374;17,34872;8,878285;11,75563;8,105897;9,747752;6,294968;10,03981;7,858232;10,69284;8,933945;13,49118;13,49118;6,468634;16,36914;23,42796;24,61846;25,9546;24,08268;13,69899;23,6244;25,73157;26,88444;21,18976;17,95304;17,49866;20,67897;20,41257;20,33984;22,89148;19,267;14,56021;30,17212;22,74762;22,39217;20,11718;16,59085;20,8092;24,53561;20,17462;22,89148;20,64944;11,63711;21,28145;34,42248;12,59506;22,11736;23,29697;10,70149;23,59311;23,6244;22,28835;20,17462;14,56021;30,75825;19,267;24,08268;23,29697;24,53561;10,3868;17,21856;16,36914;21,56237;22,27002;16,59085;20,98775;21,60301;12,59506;26,25598;21,52551;19,267;20,33984;22,42849;20,48708;25,07262
"385";"2013-01-01";10,9095;10,92539;32,49501;3,701692;6,926571;8,68609;16,20117;10,25824;18,48252;8,612017;6,578357;35,71297;23,54391;12,59535;39,48439;9,089857;7,843776;8,585556;9,330034;11,24137;10,30388;9,341886;10,23581;12,73212;10,25154;8,395784;11,42241;16,27601;12,24417;10,07089;18,08689;29,39072;13,16231;14,52696;12,01299;13,98989;8,989483;10,84861;6,855721;9,609973;12,38211;9,426948;9,426948;5,405249;20,89858;34,93385;34,40425;42,79958;45,07276;31,32886;39,77819;41,374;52,30648;38,95516;30,89128;32,26122;42,53702;37,01284;31,30596;32,2535;33,68041;27,44176;41,15614;34,78406;39,89261;24,91879;33,79028;32,21624;31,64792;36,25449;32,2535;36,11633;9,834697;39,98663;74,14574;8,029901;38,68256;29,60083;6,578357;36,79592;39,77819;37,40619;36,25449;27,44176;39,64441;33,68041;45,07276;29,60083;31,64792;16,15429;30,52188;20,89858;43,95912;31,90447;33,79028;39,22574;41,61871;8,029901;39,8445;32,24537;33,68041;31,30596;36,90283;38,96681;36,41439
"386";"2013-02-01";0;1,311592;17,90994;0;0;0;5,177155;5,64294;8,947367;5,348315;0;11,56355;12,90564;0;21,10267;0;0;6,620972;0;6,744572;5,337466;0;0;7,136399;5,436972;0;6,633286;12,3941;7,652039;0;5,825215;12,30446;5,478575;6,680706;0;0;0;0;5,735858;6,467846;6,403543;6,242298;6,242298;0;8,872253;24,5972;31,48037;26,06198;41,76169;14,07775;25,50952;23,83583;22,08262;24,29444;23,15184;14,41982;24,25138;23,02889;27,28299;20,23567;28,34732;11,11953;15,34075;25,79833;17,11562;19,5166;14,82313;17,90092;23,94656;15,38346;20,23567;20,33407;6,340653;26,68024;59,93806;5,712129;23,21958;22,47289;0;17,39975;25,50952;23,78231;15,38346;11,11953;17,15134;28,34732;41,76169;22,47289;23,94656;6,045981;14,81482;8,872253;23,88418;21,5716;14,82313;21,64516;22,62779;5,712129;28,72141;14,7707;28,34732;27,28299;26,66243;15,91026;29,08586
"387";"2013-03-01";0;3,174058;33,39561;6,951434;6,737811;7,542472;2,985805;10,63;9,422904;10,50743;7,884485;7,793193;20,72985;4,519099;42,31204;10,66288;7,879419;12,13157;6,473825;15,36368;11,18658;6,588025;0;12,25718;14,87598;12,89227;14,52537;9,726898;13,11033;7,38847;0;15,47555;8,29106;10,03139;2,529269;5,498004;7,45846;7,335502;8,053324;8,180598;14,59271;8,685672;8,685672;9,577794;7,528533;59,74375;71,52631;37,74971;74,65605;26,34991;43,30722;37,72181;27,38483;36,83254;32,53081;30,33223;39,09544;44,95528;58,57379;21,14492;67,14862;12,20973;30,60951;36,36538;31,66912;44,34869;30,81993;31,88898;39,63667;30,56588;21,14492;38,04579;8,545291;63,53121;37,74988;7,208429;43,32952;45,70702;7,884485;25,29741;43,30722;42,74634;30,56588;12,20973;31,2528;67,14862;74,65605;45,70702;39,63667;7,068392;24,13463;7,528533;61,02473;35,17044;30,81993;48,52554;35,41096;7,208429;49,76129;8,629992;67,14862;58,57379;50,25247;19,14776;54,43769
"388";"2013-04-01";26,49212;18,68053;61,70548;28,38423;30,00043;25,88673;31,42003;26,52448;33,09018;30,4311;27,14397;38,51864;50,34767;30,91978;58,19329;38,39036;27,73091;33,60232;32,87999;40,92161;40,59169;24,76553;26,11098;42,5471;36,76654;34,61549;34,83168;31,96393;32,38264;25,93484;28,84871;50,5955;25,13317;32,7846;30,88188;33,90808;32,39772;34,4201;27,47464;28,31783;43,70316;27,10288;27,10288;30,09291;29,48757;40,67918;41,24453;64,71523;54,98597;32,21736;69,24144;51,22269;67,82938;72,38206;40,12384;39,47224;68,00374;73,18187;53,55033;47,76626;52,83123;38,80149;33,40272;40,90862;35,64483;31,63411;36,87274;28,43429;40,84818;38,7112;47,76626;41,58285;24,1311;59,79966;106,4428;22,69334;59,50082;32,86236;27,14397;37,51654;69,24144;58,55289;38,7112;38,80149;37,62839;52,83123;54,98597;32,86236;40,84818;30,36482;31,56232;29,48757;62,38678;29,93321;36,87274;61,06556;66,14841;22,69334;28,1127;36,01463;52,83123;53,55033;59,4651;53,83822;56,05721
"389";"2013-05-01";74,89337;65,67247;84,54094;78,28802;57,40049;57,84426;85,05949;38,81278;75,04002;45,7072;45,27657;88,49673;78,43716;70,69272;83,98318;57,91031;69,91116;39,78994;55,66112;49,14627;53,24431;54,94179;75,87433;44,85501;52,65118;39,49101;46,54361;59,30467;43,10652;62,5937;70,93527;72,5638;69,46913;64,05308;64,12061;59,52157;57,94567;64,10747;47,37366;57,18629;55,88494;47,42468;47,42468;49,24454;78,95602;95,65992;80,90564;126,8258;83,08636;75,5007;102,4472;108,5961;90,83805;96,66831;109,0965;82,55771;97,48427;101,901;70,02972;61,77282;72,96432;80,87674;120,2117;108,206;82,85046;76,90366;93,56596;103,9827;123,519;89,23215;61,77282;88,25565;36,32027;84,50302;94,36713;36,88467;88,09962;79,61528;45,27657;91,28619;102,4472;77,38763;89,23215;80,87674;115,2922;72,96432;83,08636;79,61528;123,519;76,11584;104,8263;78,95602;94,92402;127,4267;93,56596;75,8705;110,6385;36,88467;126,5488;89,14653;72,96432;70,02972;74,60907;79,85219;74,91957
"390";"2013-06-01";101,2606;84,19085;310,3737;137,0861;114,8374;107,4797;133,5492;162,1803;172,248;127,9094;115,6528;155,6053;258,4983;133,2851;303,02;109,3715;149,0274;112,0735;117,0066;141,0907;113,2961;127,4711;107,2747;96,09734;131,6527;115,6208;141,805;226,9411;174,1534;122,1788;115,3073;197,5286;140,5482;161,0542;122,7276;133,2963;123,2393;133,5527;152,362;185,5818;114,4165;117,2196;117,2196;126,8684;138,9869;483,5282;473,6757;313,7093;507,0318;296,2581;415,5862;411,4708;303,7995;327,6788;411,1718;292,4897;324,5296;346,929;412,3001;247,7677;444,4266;190,2105;254,8992;440,2659;360,7896;382,9671;307,0257;397,0549;488,0702;325,547;247,7677;395,9216;128,54;433,9796;298,5356;117,7511;334,7037;400,0758;115,6528;270,1712;415,5862;316,1311;325,547;190,2105;311,1463;444,4266;507,0318;400,0758;488,0702;133,6052;403,3689;138,9869;430,029;415,9859;307,0257;299,4489;324,7176;117,7511;434,2698;189,3586;444,4266;412,3001;328,9178;206,3356;384,7922
"391";"2013-07-01";138,9318;117,9561;285,8551;125,3431;129,4728;129,7765;194,7211;136,6771;187,9273;103,3195;88,46016;243,1487;247,4135;184,6439;269,4333;129,083;137,1022;93,03382;135,7551;144,7526;152,0349;156,9302;165,1225;83,76757;137,3852;82,63236;111,2277;136,5562;142,6076;132,7938;182,2988;225,1798;151,8467;160,1208;167,2579;176,0984;138,9868;162,0865;86,99519;100,559;136,0767;80,40787;80,40787;75,72187;195,5247;217,6815;199,4337;322,3489;189,6488;354,9321;433,0859;583,3431;393,9622;339,552;557,631;364,519;328,593;372,3707;207,773;239,1243;180,017;257,9664;488,3843;535,1351;515,4617;148,2207;425,0076;407,3849;507,349;448,5771;239,1243;243,9434;115,0507;298,9242;365,4255;97,9601;266,4919;135,9668;88,46016;422,2765;433,0859;283,9101;448,5771;257,9664;570,0137;180,017;189,6488;135,9668;507,349;175,788;375,2155;195,5247;285,9952;437,7427;425,0076;283,1299;350,3836;97,9601;486,2731;304,4851;180,017;207,773;311,3293;249,9881;269,7315
"392";"2013-08-01";162,5179;127,1999;321,3965;161,944;154,4019;146,8176;154,8372;153,4257;244,8605;118,6139;121,6392;289,114;257,2993;189,3928;322,297;154,3347;201,0078;94,96878;162,3491;113,9654;139,8754;120,8845;96,10065;123,6789;102,5622;79,53301;144,6002;142,3297;166,1091;163,6008;180,673;300,4157;197,2744;230,6288;153,5619;179,6819;170,1616;156,248;80,46262;101,53;153,7631;108,2008;108,2008;74,52102;247,1866;334,8729;365,387;408,4605;418,8262;426,6697;462,8947;718,0194;424,8988;394,0248;741,2205;410,7339;370,0048;416,1452;374,8975;288,8549;308,3278;306,6946;517,7258;713,8809;552,5483;248,6601;494,21;453,1034;681,139;463,8131;288,8549;321,9622;144,6907;447,6302;405,3607;150,7326;386,8331;255,815;121,6392;560,0166;462,8947;316,1802;463,8131;306,6946;614,4815;308,3278;418,8262;255,815;681,139;237,7055;425,9747;247,1866;448,0836;653,9471;494,21;313,0804;404,0397;150,7326;592,635;379,6176;308,3278;374,8975;352,7811;302,1996;421,0228
"393";"2013-09-01";246,8424;242,5743;499,7152;206,6084;215,4508;205,3167;356,6797;244,8812;294,667;217,3289;205,2344;469,0207;404,5569;329,7766;513,2499;206,8048;242,1249;197,9745;233,4002;276,9866;233,7775;244,4793;234,6385;142,2768;246,3661;181,3398;215,1441;397,3474;262,109;231,6967;326,948;361,8276;254,2681;257,5235;282,2075;302,3774;243,8347;274,4061;219,3996;280,7076;228,5704;200,573;200,573;187,6506;374,7318;528,6263;528,8506;746,7017;569,6047;529,2109;622,6486;799,7288;637,4232;609,1286;765,5634;517,5847;631,0681;619,6624;511,6465;430,4092;443,8763;409,3519;601,1392;885,15;566,0919;409,1425;553,4575;638,4242;829,8752;580,9209;430,4092;641,8768;215;628,0746;594,1772;207,0895;613,1589;437,5656;205,2344;636,8419;622,6486;512,9238;580,9209;409,3519;699,8954;443,8763;569,6047;437,5656;829,8752;300,8802;691,2433;374,7318;673,1495;771,1811;553,4575;486,0399;683,6904;207,0895;936,2158;505,3062;443,8763;511,6465;543,5505;394,0379;588,218
"394";"2013-10-01";70,00145;52,40265;159,2136;44,62421;65,27336;63,23087;44,02016;111,5977;97,10556;101,2989;98,76422;78,71898;133,9046;68,73846;151,387;50,82142;58,80078;65,3877;84,42558;71,69796;67,41157;50,79835;43,06319;51,18156;74,44001;77,48482;90,18613;84,85225;107,9888;70,01268;56,74326;127,6941;84,53421;103,8669;60,56924;63,92309;59,98069;66,50558;80,48466;83,05185;86,81461;87,58603;87,58603;61,23238;103,8138;160,0959;172,799;151,8275;190,4633;181,7295;190,4627;190,1442;164,9221;190,3188;178,4991;150,6512;162,577;163,3653;158,3549;167,7778;127,9741;124,7013;172,1629;183,6173;180,3019;141,8246;164,7074;190,5804;200,2236;177,1952;167,7778;154,8706;108,5931;159,0802;176,7765;95,22714;152,6721;157,172;98,76422;140,1695;190,4627;150,157;177,1952;124,7013;183,3497;127,9741;190,4633;157,172;200,2236;101,2401;154,0328;103,8138;155,8345;183,8483;164,7074;141,3335;167,5354;95,22714;235,0728;98,12821;127,9741;158,3549;161,7858;124,3636;152,4672
"395";"2013-11-01";41,31523;39,00607;105,6521;12,63559;22,92102;24,84806;64,91882;46,70922;56,63573;48,26527;37,2314;173,7182;86,06962;46,82829;129,1046;32,42566;23,48861;43,86132;30,73031;68,10843;48,24887;41,59767;27,31504;22,6587;48,69123;33,33536;38,47047;99,3222;52,32103;28,10878;74,15443;77,80395;42,2487;40,35323;43,26966;51,91091;34,49319;45,67208;42,03687;57,49537;46,70303;53,55945;53,55945;35,24073;96,2276;101,1736;106,8595;72,18611;123,1459;79,42845;117,0055;173,2334;149,7808;108,2888;151,5195;104,2962;98,0275;108,653;125,758;137,4429;94,4266;104,2986;126,7507;176,6306;157,2266;73,41646;101,9009;103,585;171,788;131,2332;137,4429;112,7518;48,40302;135,5598;178,8679;54,2235;95,40907;77,94617;37,2314;134,5928;117,0055;155,8209;131,2332;104,2986;185,6031;94,4266;123,1459;77,94617;171,788;61,72353;122,2369;96,2276;134,9536;128,4738;101,9009;127,2148;91,19334;54,2235;154,3508;145,7453;94,4266;125,758;146,541;96,73094;167,1546
"396";"2013-12-01";15,88293;11,48883;33,63934;0;16,63844;15,65434;10,83112;19,59597;24,35306;19,77082;17,56943;35,09598;30,772;20,09575;38,50874;16,17978;7,882254;22,4529;17,53728;24,77589;21,28641;17,0806;9,38841;11,55175;20,18514;19,00882;18,22848;22,9549;19,17434;15,68096;24,52687;35,07043;19,12699;23,18951;17,99644;21,46627;15,21928;22,64886;13,13049;15,98158;22,43575;20,13008;20,13008;13,07529;31,74912;29,33278;32,09675;35,4241;36,36415;22,69107;36,85192;36,20225;48,67434;34,90856;32,01159;27,24871;32,8931;31,8681;33,93655;36,95633;27,03552;29,38166;47,31266;33,70331;37,11943;22,59993;27,47159;25,45755;31,86855;32,89993;36,95633;28,12967;16,9719;36,39616;66,28038;16,70359;34,71914;25,95481;17,56943;36,05726;36,85192;36,54007;32,89993;29,38166;45,74926;27,03552;36,36415;25,95481;31,86855;19,89457;21,68643;31,74912;36,35774;28,91879;27,47159;36,11789;32,4992;16,70359;32,98711;34,77205;27,03552;33,93655;39,20758;40,6732;40,04269
"397";"2014-01-01";8,560074;8,649641;21,72923;0;5,753464;7,329664;12,29431;7,468435;13,38525;6,56576;5,527631;24,70148;15,56399;11,34945;24,50343;7,917749;6,407593;6,672399;7,035266;9,319228;8,800022;8,083932;8,142736;8,689912;8,337814;6,622199;7,878475;13,48557;8,145812;7,927209;15,89515;21,28296;10,74527;12,4095;10,50084;11,70126;7,441295;8,777496;5,135427;7,259016;10,57549;6,865007;6,865007;0;15,88751;26,26784;28,44343;27,70223;34,87629;18,15144;29,32715;26,048;36,90279;29,92949;20,28213;20,93242;27,75112;26,95408;31,76184;20,65946;33,96339;19,66644;26,43246;22,40214;27,08489;19,20148;21,54338;22,37555;21,24775;22,402;20,65946;19,36885;6,641716;28,19879;50,16689;6,655195;27,4037;26,27729;5,527631;20,65481;29,32715;24,54266;22,402;19,66644;26,04456;33,96339;34,87629;26,27729;21,24775;12,08405;20,92189;15,88751;26,73953;21,46878;21,54338;24,36593;26,38732;6,655195;27,46516;22,48753;33,96339;31,76184;25,16293;30,07841;35,4351
"398";"2014-02-01";0;0;12,19253;0;0;0;0;0;7,280634;0;0;8,670744;8,930577;0;14,09921;0;0;5,463251;0;6,473521;0;0;0;6,301158;4,378002;0;0;8,816296;5,286792;0;0;9,848822;0;5,46278;0;0;0;0;0;0;5,809014;0;0;0;6,993156;17,81129;22,86282;18,42542;28,88315;10,65694;17,82085;16,37622;15,94675;16,65821;10,72819;10,65353;16,81789;16,20581;19,34217;13,88322;20,58519;8,828671;11,12838;15,90291;12,60735;14,96351;11,09717;14,26659;15,88849;11,21831;13,88322;14,6584;0;18,56678;42,22749;0;16,0154;16,62447;0;11,27499;17,82085;15,66674;11,21831;8,828671;12,51159;20,58519;28,88315;16,62447;15,88849;0;12,38062;6,993156;16,64352;15,38257;11,09717;14,41544;16,23431;0;21,92501;9,810854;20,58519;19,34217;17,89858;12,46328;19,61061
"399";"2014-03-01";5,116759;5,178659;28,57479;8,54665;8,154284;8,719493;5,578035;14,7476;9,152376;18,43636;16,23127;8,342841;18,81524;5,737036;32,75006;14,71515;9,425518;21,96581;8,628536;19,67342;15,62016;8,49911;0;17,74606;17,571;21,7838;20,14144;21,8605;16,71359;8,268958;5,753707;12,69622;8,998719;9,150002;5,918267;6,920603;9,216784;8,589869;18,14122;19,25697;20,81362;21,01859;21,01859;18,14972;8,634682;58,63165;53,67471;36,91579;52,96163;23,62737;40,79966;33,32014;25,4253;33,44866;27,85094;26,61481;35,32571;40,84656;44,53666;19,31379;52,26888;12,24934;26,53568;28,01719;29,88679;42,61864;28,49422;27,34924;30,2078;26,3825;19,31379;39,41463;14,0658;58,89989;37,20134;14,23013;36,06464;37,72514;16,23127;19,37682;40,79966;26,86849;26,3825;12,24934;25,43842;52,26888;52,96163;37,72514;30,2078;7,460312;23,71549;8,634682;46,734;24,39858;28,49422;34,05975;33,17862;14,23013;51,73895;9,281919;52,26888;44,53666;34,34003;17,34873;41,02698
"400";"2014-04-01";21,72362;16,57094;44,94115;27,57572;29,98212;24,59288;26,05333;25,03175;27,60963;28,32606;27,19343;31,49397;42,20051;25,4542;49,34043;38,24524;26,96533;34,92048;32,69493;38,51339;43,58859;22,66807;23,71016;42,70885;38,19292;32,4837;32,859;58,42181;31,96634;24,31883;24,86669;42,79857;22,91446;33,65085;24,98504;33,81433;31,77142;36,87632;36,47681;43,79474;41,62865;39,10646;39,10646;32,45596;23,53559;42,13447;43,51453;59,64229;47,8586;36,27063;60,61589;52,50402;66,40894;57,10482;39,62745;42,37106;60,86787;66,09375;40,87094;31,65498;46,3023;30,1928;32,38187;46,83862;35,13277;31,72063;38,88509;38,90754;44,28033;43,23733;31,65498;40,55753;21,07655;48,48913;90,15364;26,07455;52,798;37,98666;27,19343;42,26583;60,61589;42,84741;43,23733;30,1928;36,04105;46,3023;47,8586;37,98666;44,28033;24,62183;37,44022;23,53559;51,22541;36,57916;38,88509;45,14434;67,17382;26,07455;36,02221;31,02738;46,3023;40,87094;39,356;49,27095;40,01413
"401";"2014-05-01";135,3706;111,4599;196,527;177,4258;135,6582;129,1107;162,7419;86,92193;155,6648;93,52869;89,3548;131,9394;186,2175;148,1335;217,2418;146,0282;156,2822;92,00277;140,641;118,7714;145,9265;145,4582;169,0674;109,9753;121,7315;94,84464;104,6196;92,69318;93,73386;134,0401;133,8173;157,3222;147,2892;145,0767;141,9528;152,2797;138,1864;166,1515;89,60191;98,54394;148,8436;90,33387;90,33387;105,253;135,5238;242,6016;237,5198;272,7144;249,3625;161,0528;208,4602;223,7268;203,0825;210,8141;190,7042;171,1001;210,2075;197,8619;222,7242;141,7575;224,4247;146,766;247,966;221,1647;170,6149;187,6206;201,3083;212,166;233,6856;181,6988;141,7575;215,9376;71,87312;269,5963;197,7637;66,27576;218,4947;210,9768;89,3548;161,721;208,4602;188,5559;181,6988;146,766;216,4495;224,4247;249,3625;210,9768;233,6856;136,7055;191,3353;135,5238;270,4129;234,1393;201,3083;194,3108;229,3029;66,27576;287,6328;139,6656;224,4247;222,7242;210,5497;184,2738;223,9734
"402";"2014-06-01";173,9352;155,0958;321,2061;194,4364;176,9974;170,5378;248,4604;163,8899;249,2615;145,1535;124,4042;264,5265;280,5412;228,6376;330,2195;168,6694;198,2128;146,4972;190,8664;230,071;181,5477;229,3224;209,7263;127,2359;213,6902;140,9001;155,7526;228,5126;178,9443;182,5921;209,7084;266,7484;210,8019;218,1577;217,9167;228,1405;190,4864;220,3785;166,6097;186,9071;177,7379;126,4411;126,4411;157,6626;244,5257;493,2262;465,0554;335,7675;458,9699;314,1949;398,4031;464,4016;371,7349;356,962;558,4725;306,7634;343,0154;362,3983;352,2054;219,834;364,4223;281,1885;311,6273;564,9459;496,2283;347,5085;331,6595;408,1016;551,6323;375,2924;219,834;448,3069;124,5057;459,4025;329,7234;99,36086;336,2356;317,881;124,4042;364,5038;398,4031;354,3165;375,2924;281,1885;439,3507;364,4223;458,9699;317,881;551,6323;229,8885;431,5601;244,5257;473,4805;500,4027;331,6595;342,3236;356,2383;99,36086;478,0458;281,4624;364,4223;352,2054;352,6382;264,2076;354,4243
"403";"2014-07-01";80,79573;62,39445;229,2721;90,39418;87,50845;84,13;102,5955;125,9912;120,9154;106,0998;97,59035;140,3445;204,5832;105,263;213,7377;92,79409;98,57495;105,0494;93,26893;133,6587;114,3819;105,0098;94,70322;73,42004;132,274;86,80476;102,5239;183,937;131,5153;92,8938;94,96503;154,1463;101,5373;114,8471;99,46399;116,3942;98,13316;113,2081;114,363;132,8599;108,0492;95,93334;95,93334;100,6557;118,5493;151,5902;141,0324;213,4411;142,2317;177,4325;245,0627;293,173;238,5943;209,743;322,3374;184,7816;201,8799;212,3798;174,9934;159,953;172,5271;158,4281;225,2736;300,9318;281,4489;126,7628;210,2046;229,9459;299,8597;229,679;159,953;167,5438;104,8455;187,4021;240,7765;99,19131;180,7818;139,9454;97,59035;203,3614;245,0627;216,8278;229,679;158,4281;269,1007;172,5271;142,2317;139,9454;299,8597;106,6744;249,1456;118,5493;188,3402;275,039;210,2046;205,974;213,7054;99,19131;276,485;163,4257;172,5271;174,9934;199,2661;164,1141;196,8512
"404";"2014-08-01";89,70396;58,14973;174,3282;84,76113;96,01414;94,15475;78,3446;111,9151;121,6247;109,5902;103,9893;122,2211;157,1336;119,1927;172,1178;106,2199;92,46955;102,1718;106,4779;131,6277;123,7502;90,60961;64,23624;79,53143;118,885;98,77436;92,79038;106,5659;104,6847;94,5152;97,39029;130,4287;102,3952;107,776;102,3782;110,765;99,78868;111,9828;93,89181;93,04107;122,1126;94,97804;94,97804;96,04536;113,6607;218,1632;218,1819;247,0269;234,8636;210,5302;252,4601;325,9204;232,4538;238,6012;376,7567;198,7414;225,6257;216,4471;210,9155;197,4822;167,1484;146,8068;222,7257;338,9633;286,2223;157,6254;233,1859;221,3282;321,5583;243,7885;197,4822;224,7556;109,7387;254,7902;202,5297;107,8728;233,3808;139,6961;103,9893;242,2192;252,4601;194,3173;243,7885;146,8068;267,6788;167,1484;234,8636;139,6961;321,5583;108,5862;251,732;113,6607;287,1983;305,5178;233,1859;185,8393;235,5829;107,8728;275,3342;149,9535;167,1484;210,9155;221,6624;143,3665;252,4579
"405";"2014-09-01";161,813;138,2083;291,9929;149,2145;156,2688;147,3566;190,9902;125,418;219,159;117,9634;105,3807;302,2793;262,6126;220,692;290,9336;149,0071;178,9818;126,1088;171,1856;208,4616;187,2926;167,4135;125,4063;104,3269;192,3891;114,2824;136,8439;195,4339;149,1411;156,1105;206,8158;256,0595;185,9588;199,0836;194,4822;221,2798;178,0744;211,8906;126,7842;145,1431;171,0157;103,8379;103,8379;125,044;255,7188;270,669;270,2643;336,3978;323,7842;308,2453;316,4955;503,7835;352,5866;287,6821;497,2983;320,081;298,2163;307,0411;293,0698;223,0723;237,2244;287,6498;357,603;509,8919;350,5191;197,1363;352,0466;340,5599;469,0476;347,9713;223,0723;290,0586;107,5328;342,3046;373,1072;100,0313;301,4315;202,5244;105,3807;397,8704;316,4955;268,0421;347,9713;287,6498;446,9869;237,2244;323,7842;202,5244;469,0476;211,6226;350,0058;255,7188;338,9778;408,7168;352,0466;276,2527;318,8983;100,0313;488,5345;335,1428;237,2244;293,0698;288,6778;247,2399;354,7306
"406";"2014-10-01";144,0603;109,0543;179,8995;73,3818;117,7885;121,1194;104,149;117,1844;211,1709;100,7839;106,54;167,1313;156,1856;157,223;168,0521;77,48242;101,8868;79,28961;142,3673;106,4146;97,42038;104,7963;107,8849;83,23533;109,6936;107,2842;113,3248;107,7732;117,4345;141,3643;123,3358;260,297;166,0906;193,579;124,6422;128,8766;100,0268;125,7075;103,5513;102,4811;131,5926;100,6894;100,6894;84,13056;223,8284;119,3283;120,8685;143,7583;166,1761;291,3685;232,5106;320,6602;291,0113;204,79;254,0369;259,7548;159,5318;193,0521;128,4005;148,7414;103,1668;264,7845;317,4628;286,9159;392,8478;104,9455;288,8163;289,8954;303,683;318,3747;148,7414;118,7289;124,8108;137,7996;255,8108;103,2638;140,6103;97,44711;106,54;261,6053;232,5106;168,157;318,3747;264,7845;396,015;103,1668;166,1761;97,44711;303,683;211,5529;204,0206;223,8284;128,6817;289,5934;288,8163;149,4392;177,6562;103,2638;340,5152;227,0116;103,1668;128,4005;164,7729;243,5757;128,1136
"407";"2014-11-01";26,91142;24,66181;64,65252;10,08664;19,32903;20,34293;37,48322;23,11596;49,14481;21,31629;15,73956;103,1559;51,73197;38,56123;85,52342;25,32824;20,69136;18,37233;24,57025;37,53238;32,10692;22,41194;17,16314;16,98985;27,02485;14,67146;20,63117;37,37835;26,3087;25,15818;46,11658;72,00934;35,41545;37,12003;30,80046;36,85649;26,67731;30,2736;17,00597;22,32248;32,42562;18,01668;18,01668;15,05234;64,7331;62,48779;65,32977;58,48661;65,36209;57,31425;103,9625;141,5517;133,2897;101,0625;92,13245;79,6747;81,22694;92,93303;59,57579;55,02599;49,29247;81,32706;123,5497;151,7205;110,8346;44,94963;93,51696;87,26071;134,8901;92,4939;55,02599;70,76584;19,17148;78,33094;157,8233;19,01434;82,00369;48,38842;15,73956;130,3972;103,9625;81,32063;92,4939;81,32706;155,8857;49,29247;65,36209;48,38842;134,8901;46,8088;102,3394;64,7331;89,62312;108,0064;93,51696;74,54105;76,49549;19,01434;130,2599;109,0671;49,29247;59,57579;76,75584;89,55366;76,33704
"408";"2014-12-01";15,4005;11,99027;46,07383;2,268062;11,70429;13,07214;13,39742;22,62641;22,88449;18,51159;15,50582;44,02494;40,12378;14,54106;53,97906;11,13346;6,895066;19,92338;12,85173;16,94735;14,58003;12,49832;7,228379;9,197763;13,30839;15,96478;15,91958;22,00117;20,58327;13,47324;22,52814;41,42347;18,47716;20,88778;12,7696;14,60908;10,88791;15,26147;10,19743;12,91327;15,28586;16,8791;16,8791;10,62458;34,12531;44,70771;49,64578;55,15605;58,15917;44,22439;58,86178;72,12399;70,36053;51,77926;58,23769;50,58787;50,14702;51,95975;49,466;45,46853;42,43841;32,15046;99,67625;64,7811;58,89448;38,4707;55,17724;47,83021;63,40158;50,89043;45,46853;43,24263;16,70025;56,23694;98,10625;15,82108;52,38995;40,06428;15,50582;71,60115;58,86178;48,93857;50,89043;32,15046;82,63718;42,43841;58,15917;40,06428;63,40158;21,34401;37,39106;34,12531;58,41264;57,94758;55,17724;45,16303;50,26957;15,82108;58,88248;51,43631;42,43841;49,466;52,94857;56,97548;58,98916
"409";"2015-01-01";12,94924;13,92653;48,32347;3,476999;9,290732;10,71552;17,70181;22,23339;21,27438;19,60094;18,10326;46,64861;41,13947;17,39194;57,65478;13,56708;9,761626;17,46346;11,00954;17,13626;15,05076;14,08086;13,53717;18,88068;14,71023;14,43196;20,52163;24,33898;24,76545;11,63008;23,93797;41,59965;16,39211;19,02222;16,85931;20,3406;12,00102;14,16154;11,02454;14,35776;19,66946;19,69969;19,69969;8,552935;28,53425;56,60496;50,80033;73,73046;61,34505;46,55437;69,03632;61,80026;86,60525;64,77699;48,53001;44,61952;66,64275;68,62762;42,63465;52,8451;53,50542;40,1483;57,36106;59,53352;57,23666;43,07348;53,80211;58,47818;59,25159;48,00092;52,8451;61,6636;21,00484;72,28695;115,5104;21,42107;70,36561;47,88909;18,10326;40,7403;69,03632;55,34439;48,00092;40,1483;50,69752;53,50542;61,34505;47,88909;59,25159;23,5353;56,97922;28,53425;66,57141;56,49815;53,80211;54,87297;73,11587;21,42107;71,3916;41,08199;53,50542;42,63465;62,17213;61,06715;56,03064
"410";"2015-02-01";5,212889;4,567068;17,50022;0,4421291;0;3,944543;6,807175;5,907498;12,34755;6,369823;3,881632;17,81116;13,76328;5,714615;18,00638;5,913134;1,854669;9,106015;4,048347;9,491051;7,170557;5,714561;4,457367;10,30439;7,225746;6,230784;8,293724;10,99448;8,275163;4,377635;8,24049;15,98128;7,556149;8,264291;5,782706;6,126382;3,451831;4,757647;6,904602;7,077939;8,47739;7,97327;7,97327;4,688743;13,09337;19,62436;23,82893;25,8449;32,51106;15,41138;25,33532;32,57384;27,34492;22,44323;17,57419;16,90429;22,07568;23,23379;18,54547;15,90436;20,02115;16,39894;18,85817;30,54311;23,42182;17,64546;18,12012;21,62759;27,50703;18,04922;15,90436;18,86707;5,562336;19,76061;66,5169;5,217795;19,83573;17,26629;3,881632;24,19178;25,33532;20,03012;18,04922;16,39894;22,98354;20,02115;32,51106;17,26629;27,50703;9,242057;18,527;13,09337;19,47532;24,01889;18,12012;19,80208;21,68398;5,217795;33,03252;19,80697;20,02115;18,54547;20,35641;21,28115;18,73116
"411";"2015-03-01";17,6016;16,65006;82,99837;22,71204;22,37025;24,96464;21,67632;35,36875;32,27493;37,67405;33,64655;28,85109;55,70477;16,42367;98,5553;33,86887;26,34958;48,15738;22,48135;48,13786;36,26236;23,84086;16,30012;43,82834;45,175;47,58866;50,39373;53,25788;44,83916;24,85134;17,96061;45,51743;28,6566;31,77041;17,70356;19,02305;23,42633;21,86865;40,75941;43,18502;46,03389;42,99433;42,99433;39,9462;29,46983;137,8523;144,4778;85,04891;151,464;83,87231;124,5344;99,86412;87,7514;94,80817;100,2573;87,62335;96,63598;115,0198;128,7708;53,18126;150,2921;43,06184;80,05168;92,19174;98,15045;100,7858;93,99004;89,20134;97,73263;84,18105;53,18126;90,74693;29,72549;144,1172;113,2435;28,93561;91,04448;97,15841;33,64655;64,6651;124,5344;85,86237;84,18105;43,06184;74,02972;150,2921;151,464;97,15841;97,73263;23,57717;72,38258;29,46983;115,3799;75,28023;93,99004;103,3613;88,53184;28,93561;158,817;29,16816;150,2921;128,7708;102,5686;60,3892;133,9284
"412";"2015-04-01";37,53899;28,83213;96,6284;36,69498;39,57435;33,13768;48,16304;48,03057;39,89593;49,38953;45,10659;68,11472;83,90554;39,79822;103,5625;47,82436;34,7997;59,26353;45,59064;69,33622;62,4726;37,90879;39,68893;55,79052;64,31975;60,44606;60,22663;73,82588;60,15821;35,81141;47,74501;68,06172;32,01039;49,08772;41,8638;46,41158;41,57536;51,18303;56,36182;57,55333;57,57645;51,94191;51,94191;55,9558;40,77516;101,6448;105,7478;123,065;143,5185;46,25517;106,5515;83,92837;99,02403;117,9505;87,29155;62,79593;118,0821;114,9963;118,3304;73,84095;135,9272;54,27811;49,21638;87,92181;52,61563;71,63107;54,96542;59,98846;80,05241;59,9327;73,84095;94,42819;40,7748;134,7574;164,6805;42,3434;112,9554;88,21046;45,10659;78,64851;106,5515;106,1957;59,9327;54,27811;55,8629;135,9272;143,5185;88,21046;80,05241;46,42249;55,35413;40,77516;137,7129;62,96872;54,96542;108,917;128,9697;42,3434;50,7485;66,7728;135,9272;118,3304;112,3138;78,74261;122,9431
"413";"2015-05-01";122,004;87,75711;126,7586;144,3855;109,7799;109,4063;134,13;62,67867;125,3179;76,11953;69,45938;108,4625;125,4961;128,4328;131,4499;119,9496;127,3958;84,99084;108,7684;115,5823;124,6461;115,9708;140,5282;95,76662;113,1986;88,75516;79,90424;80,78001;68,05554;109,4421;110,0319;123,1515;119,8422;110,9328;123,089;120,6397;114,4191;135,7999;83,27048;87,24927;120,1511;72,08128;72,08128;97,57239;121,3139;113,6695;111,0344;151,4629;125,1176;112,9726;153,4367;157,4595;147,2893;125,3;129,1633;124,6118;125,47;130,3257;119,532;86,31309;113,4209;125,9201;179,5882;145,4274;126,4575;93,71333;143,1273;137,248;155,3503;139,776;86,31309;107,0641;48,03902;134,2782;154,8737;44,70002;118,6149;90,92514;69,45938;127,7209;153,4367;115,0589;139,776;125,9201;166,8316;113,4209;125,1176;90,92514;155,3503;122,7732;115,5017;121,3139;126,6027;152,7969;143,1273;116,0514;134,7399;44,70002;188,1961;116,3833;113,4209;119,532;125,3887;134,3487;127,839
"414";"2015-06-01";101,2662;87,19156;276,9559;146,7772;131,2995;114,6641;142,2265;153,1949;172,3952;141,2943;118,5114;152,2148;246,3533;138,0512;266,7842;135,4642;156,8611;148,1697;133,7763;179,2297;138,3439;143,6002;129,3002;120,2838;161,8874;148,5745;155,1918;217,6625;163,5481;121,1656;127,9795;202,3267;137,9414;158,5102;133,3082;151,8344;140,3067;143,1184;163,8235;180,5652;143,5846;127,2084;127,2084;172,5544;134,6006;379,6493;361,5786;289,5551;387,1077;259,7647;375,354;389,2053;356,3989;301,3665;346,6416;267,171;291,9495;327,199;318,6945;192,3533;315,1548;192,8424;246,0571;406,5259;401,1235;296,6613;296,8583;351,9905;464,4492;325,4003;192,3533;377,1275;116,7651;352,1421;315,0072;98,89283;277,3358;278,4684;118,5114;258,4418;375,354;261,4622;325,4003;192,8424;337,1246;315,1548;387,1077;278,4684;464,4492;129,2435;367,3844;134,6006;349,6305;421,2476;296,8583;254,4775;315,7736;98,89283;403,1013;166,7654;315,1548;318,6945;266,9303;218,093;305,8382
"415";"2015-07-01";77,84713;62,69962;197,7144;89,25617;83,88603;82,09121;98,77827;90,32008;127,8891;69,33089;60,11754;130,0425;158,5835;107,1753;193,734;86,17278;99,90319;71,63832;89,3823;110,1712;103,9107;81,68073;85,47623;62,89288;104,329;62,64308;77,20148;89,58783;101,4274;92,03912;95,77003;161,3918;105,3527;117,4353;93,54089;105,5887;91,77074;97,11217;71,16032;74,94678;94,07863;59,69516;59,69516;66,031;110,4559;191,7467;165,2506;210,907;142,1355;188,7157;263,4006;312,6801;233,248;217,6982;328,9029;190,8867;200,6648;216,1326;166,1639;123,0698;172,9901;160,2701;243,7126;304,3635;267,453;171,2882;220,4199;253,5203;313,3064;235,1817;123,0698;204,3439;60,12064;195,0105;250,0321;53,09215;163,6181;178,0843;60,11754;229,3698;263,4006;185,8533;235,1817;160,2701;283,7222;172,9901;142,1355;178,0843;313,3064;110,7046;263,3017;110,4559;199,2674;288,8595;220,4199;181,8282;223,6069;53,09215;293,1046;153,7453;172,9901;166,1639;167,8243;163,4166;179,5116
"416";"2015-08-01";91,40781;68,62453;149,2691;96,88203;96,27499;92,67249;82,1148;74,28234;137,4507;72,22452;63,13879;151,2229;127,1325;109,9765;152,2176;102,9606;111,2495;70,75521;101,9443;108,3009;111,6461;68,2058;61,91595;86,77335;95,64261;71,06792;87,39311;86,43822;82,31332;96,49442;96,318;155,8167;114,2811;118,1652;95,01495;108,4437;106,9576;100,5428;65,13536;72,10562;122,7295;62,89952;62,89952;67,26542;134,3875;140,4128;130,183;219,3076;135,4968;265,6417;273,3293;436,0031;232,5475;198,8969;336,5147;257,9797;187,5444;247,6687;117,5841;108,6726;97,07018;168,9494;299,0186;359,2404;314,3385;121,6831;315,5652;305,1136;389,7484;267,7623;108,6726;175,9178;60,63545;163,6002;218,3458;55,59896;175,218;122,36;63,13879;284,1806;273,3293;136,2234;267,7623;168,9494;358,8767;97,07018;135,4968;122,36;389,7484;126,7256;283,037;134,3875;184,5548;382,2635;315,5652;148,3196;227,8317;55,59896;373,2977;185,9081;97,07018;117,5841;140,4524;164,8602;136,1353
"417";"2015-09-01";140,9287;116,5119;249,7337;132,0006;132,8293;117,8305;172,8058;97,42023;196,3465;96,90696;84,21896;259,2801;197,2778;166,6891;237,4998;141,4931;153,5307;109,8264;144,6567;201,3311;185,3927;139,9296;128,5615;90,38991;171,3907;107,4033;105,6487;162,9868;118,272;131,2977;171,26;232,7684;155,8371;171,1489;155,1263;180,2312;162,5275;196,1519;114,8634;130,5066;167,3651;91,45612;91,45612;116,2093;216,2083;214,4559;224,5307;295,1629;235,6258;211,5267;294,8106;321,5099;350,1392;278,6942;317,3175;240,3654;272,015;261,1964;224,8562;177,8842;187,6374;268,5566;277,7613;290,4504;310,3307;158,3486;242,5782;212,8344;259,7454;289,5359;177,8842;246,1623;82,94143;251,6595;313,8799;74,40018;261,5363;170,5316;84,21896;305,0293;294,8106;232,5629;289,5359;268,5566;364,9329;187,6374;235,6258;170,5316;259,7454;178,3718;196,4214;216,2083;272,4205;235,3846;242,5782;230,5674;276,5146;74,40018;290,6319;287,9748;187,6374;224,8562;243,0656;238,5877;249,9659
"418";"2015-10-01";78,92794;77,64915;105,1802;34,97783;57,80779;63,40538;71,15903;67,47039;92,87337;63,26589;60,48447;119,5395;96,98117;72,03315;96,51388;52,80804;49,67088;51,45996;71,69379;60,57845;63,98866;57,94529;58,74244;53,05066;57,83669;58,86471;68,08447;71,08944;69,45021;65,93704;70,23476;111,5418;75,07925;90,93761;64,50818;68,52638;53,23092;65,48148;54,05642;59,80461;82,59627;62,63451;62,63451;42,99272;128,1536;97,97366;110,1864;88,50903;126,151;156,8319;126,8988;224,8872;146,0339;114,8672;233,7359;134,869;97,91183;98,11651;106,4037;103,8319;89,30679;117,666;210,8512;206,2803;199,8922;89,60284;164,8361;158,1342;211,0645;162,0747;103,8319;87,52695;60,60011;100,4244;136,9317;55,56116;92,41339;115,1502;60,48447;207,531;126,8988;94,58059;162,0747;117,666;229,6266;89,30679;126,151;115,1502;211,0645;108,4189;122,7782;128,1536;94,95977;189,8081;164,8361;86,5423;97,75064;55,56116;216,6794;190,7237;89,30679;106,4037;97,19822;122,1999;108,8286
"419";"2015-11-01";37,32929;29,20356;114,9896;12,19788;22,4551;24,32544;38,99518;54,28069;55,48991;44,39603;38,83245;142,3464;94,69193;43,58102;160,6433;28,38813;24,59865;29,97903;26,70242;37,51804;35,01252;26,45568;20,4034;20,7801;28,3535;24,65866;35,01109;67,97736;54,23053;28,46515;62,1554;81,20425;40,3231;41,49114;31,46941;36,34396;29,0136;29,65095;24,26245;34,89309;36,2101;38,66077;38,66077;22,2834;79,6612;174,2361;175,7294;113,883;173,1691;128,3606;146,6173;310,7339;164,8681;176,5622;215,9768;135,1138;164,1231;144,5967;170,5927;172,0701;139,4306;93,30287;218,5592;359,6676;172,6358;129,0322;197,8203;186,1282;290,6014;151,0676;172,0701;184,8885;54,92437;196,8681;211,1188;59,15719;159,1203;138,7518;38,83245;251,629;146,6173;190,3893;151,0676;93,30287;258,397;139,4306;173,1691;138,7518;290,6014;56,44835;223,6495;79,6612;220,7092;226,1041;197,8203;154,1325;145,1017;59,15719;277,2876;167,035;139,4306;170,5927;185,6575;94,0789;209,6151
"420";"2015-12-01";12,51684;10,70268;24,18946;1,217939;11,22968;11,6849;11,45583;12,19355;18,79465;13,40834;12,72719;36,47974;23,43849;12,70985;26,23831;9,894411;5,317083;14,84318;11,47731;15,1066;12,19124;9,36023;5,969453;8,027345;12,52629;13,04436;13,85136;17,20823;12,50127;12,04267;18,02378;28,46656;15,83449;18,54677;10,8254;12,76937;8,906218;12,22104;10,0565;12,01284;13,71078;14,52895;14,52895;9,270597;30,23599;20,71375;21,15592;31,32171;23,73458;23,83498;26,94802;34,68418;39,84341;23,99157;35,25392;25,2191;21,7478;23,12528;24,59812;25,83399;23,05315;24,56501;39,55145;33,72474;37,58726;19,22548;27,85429;23,89651;30,20227;26,13184;25,83399;21,91214;10,72973;23,42197;48,79064;10,14979;29,10881;22,65628;12,72719;32,54129;26,94802;26,07478;26,13184;24,56501;39,48699;23,05315;23,73458;22,65628;30,20227;17,47355;19,71456;30,23599;26,51;24,13332;27,85429;24,97947;25,57274;10,14979;27,3984;41,27956;23,05315;24,59812;23,9123;32,81792;27,2006
"421";"2016-01-01";24,37855;21,94351;75,82169;8,249181;17,18126;20,50639;30,60954;25,03783;39,52311;24,37698;19,77786;61,56863;59,12642;30,95443;81,20857;25,80426;19,66681;25,09269;19,89443;34,44619;27,84179;28,88684;22,61118;34,17604;31,16494;23,58898;26,63873;32,01107;28,86218;21,77605;42,47649;63,52061;30,36752;37,364;33,28243;33,26743;21,87366;25,90648;17,14436;20,09003;33,98101;23,04498;23,04498;15,28438;38,64063;62,18688;69,46939;64,29881;80,02321;47,19894;71,29985;63,40079;100,9834;70,03616;30,24318;56,75271;67,48658;66,14151;67,95018;64,89529;67,06535;54,54998;74,76165;41,19774;77,62695;52,49436;54,87199;50,52869;39,64258;57,84382;64,89529;54,80987;20,40553;80,14227;151,1349;19,68868;68,69704;54,88584;19,77786;54,12548;71,29985;88,0591;57,84382;54,54998;71,82985;67,06535;80,02321;54,88584;39,64258;34,32563;49,30518;38,64063;76,24908;46,11568;54,87199;82,37537;61,11415;19,68868;60,24255;53,64409;67,06535;67,95018;79,78165;91,40582;80,11638
"422";"2016-02-01";1,826005;1,485097;16,63331;1,009395;1,625073;1,585064;5,278865;0;12,9918;0;0;15,54406;11,91613;0;18,63955;5,55005;1,890462;5,946278;1,372074;5,784856;0;0;1,068792;8,435652;3,328006;2,466146;6,151526;6,564163;6,135259;4,123888;6,529508;18,4533;7,429659;10,06038;0;0;1,807141;0;0;1,506899;6,591324;2,341089;2,341089;2,906683;12,20169;22,34855;27,62313;30,43257;35,79191;22,21705;37,10259;36,00882;30,94107;27,52413;23,01144;21,51096;28,90478;30,89018;22,64399;15,84764;23,14084;17,28189;24,22867;33,68314;26,50156;17,7044;24,22206;28,7255;33,24356;22,18941;15,84764;21,02011;0;23,4365;76,02232;0;24,10794;19,42551;0;25,15652;37,10259;19,42602;22,18941;17,28189;27,10498;23,14084;35,79191;19,42551;33,24356;8,530029;21,79288;12,20169;21,80239;31,66221;24,22206;19,01577;29,3771;0;44,69637;20,54789;23,14084;22,64399;20,97116;23,83296;23,38384
"423";"2016-03-01";12,98403;15,02811;61,80536;18,3544;19,98143;22,6292;20,24715;26,93941;26,79803;29,87242;23,70618;26,41248;44,45673;14,62967;67,23703;32,20404;22,28584;45,85642;20,49364;55,95422;35,4893;33,1884;15,34723;43,14447;51,30282;45,00689;40,47496;45,58537;37,17535;20,52462;15,01794;39,29196;23,9579;25,0651;17,47235;18,58618;20,86779;21,15434;35,80661;33,67033;46,80949;34,81514;34,81514;38,8783;26,45779;68,24111;73,71058;47,46893;83,0302;59,81272;71,43251;91,22749;61,10851;58,52894;74,51135;64,38594;55,26833;73,11633;73,19936;35,11245;75,66774;38,75539;75,84946;70,36251;93,08705;47,61455;78,16383;56,79703;67,92546;68,00762;35,11245;50,20095;19,93671;80,48868;87,07317;19,3687;52,68192;53,7728;23,70618;71,38394;71,43251;57,44133;68,00762;38,75539;81,21309;75,66774;83,0302;53,7728;67,92546;21,46845;34,29171;26,45779;71,64943;57,24393;78,16383;62,50568;51,80837;19,3687;112,6548;30,99693;75,66774;73,19936;64,2643;54,38477;79,87724
"424";"2016-04-01";49,50023;31,96971;78,31008;63,55381;61,69306;50,66837;59,11853;42,70624;57,19732;43,59976;40,37288;64,45064;74,79469;60,02173;83,61237;86,63091;58,16069;53,68472;71,47015;81,23457;91,23354;52,09045;53,98081;75,08793;80,93823;64,0623;56,22007;65,92146;53,27116;52,41933;52,16828;90,02715;50,0386;74,03105;59,71047;71,47023;69,96272;79,78419;51,54192;55,59669;88,18778;49,77505;49,77505;58,26091;48,25599;70,0097;72,10452;88,71307;105,8189;46,68649;105,8074;73,71758;102,5831;94,05217;45,1727;61,36238;96,62257;105,2319;89,53983;69,59534;102,3265;69,79794;46,43238;66,37393;57,12889;54,3737;51,30109;49,1283;59,29338;62,87144;69,59534;59,01633;36,33734;97,67189;152,5766;37,13705;83,05991;64,96912;40,37288;63,39432;105,8074;82,51591;62,87144;69,79794;61,42576;102,3265;105,8189;64,96912;59,29338;57,96261;41,35509;48,25599;92,03176;49,49023;51,30109;85,56882;94,507;37,13705;44,44179;63,55882;102,3265;89,53983;82,55904;92,62512;100,0197
"425";"2016-05-01";69,37296;52,33536;89,21463;76,68021;57,29294;56,56297;80,95617;47,14128;69,30641;55,04718;53,44166;59,84439;88,3185;64,11624;96,98381;64,63577;70,42194;54,15044;54,86834;52,46498;60,11365;51,38967;75,86582;54,47536;51,61768;58,69445;58,4613;55,92838;50,31667;60,25146;62,69911;71,88276;64,36724;62,78391;58,15932;56,36308;58,4684;59,98376;53,76751;60,42105;64,59351;57,36707;57,36707;64,75186;66,68144;78,93213;75,87983;93,104;87,03143;52,87049;80,48443;71,8437;86,64751;82,88827;65,69295;61,15202;80,25374;72,50555;79,70762;68,38301;75,48303;71,56961;91,04914;68,7044;66,77193;46,51434;64,56847;62,48225;71,83566;68,95107;68,38301;74,06294;43,03907;97,97214;91,93389;40,72847;81,22878;49,36585;53,44166;62,66259;80,48443;94,65132;68,95107;71,56961;83,50134;75,48303;87,03143;49,36585;71,83566;68,27359;52,62214;66,68144;95,80142;68,31708;64,56847;89,46442;78,72948;40,72847;83,75208;56,26964;75,48303;79,70762;96,48138;76,74523;83,34522
"426";"2016-06-01";98,56013;77,05975;342,3664;118,8618;104,168;97,49951;114,6608;153,8781;174,3442;113,492;105,5408;153,545;273,7125;114,7316;337,1143;109,3223;135,3987;109,4945;102,6557;136,7511;112,2083;120,3279;96,68719;96,78096;130,1448;103,4728;122,9472;217,9779;159,9654;108,7436;103,5546;201,339;132,9221;146,5425;104,6728;112,6431;115,4946;118,9445;155,3463;177,2284;117,9528;110,6469;110,6469;128,2183;141,7595;389,499;399,355;257,8205;450,0272;230,5814;385,436;309,8687;336,7578;340,3518;240,1409;236,6643;296,3189;317,0761;382,998;264,2274;393,3911;192,3345;217,6722;297,6333;383,7322;269,5742;260,1423;271,9314;315,7136;293,0545;264,2274;320,5978;117,8969;395,0371;339,4977;103,4577;297,4302;282,6696;105,5408;234,28;385,436;322,5441;293,0545;192,3345;324,2877;393,3911;450,0272;282,6696;315,7136;146,2561;239,9354;141,7595;382,1596;283,7408;260,1423;325,4099;285,7147;103,4577;300,3782;168,2559;393,3911;382,998;332,7191;219,5665;382,8884
"427";"2016-07-01";75,83016;59,97498;192,1027;99,78819;94,59341;86,21822;74,90975;91,21709;144,1566;79,46332;62,84562;145,3871;175,013;108,1509;190,2808;91,36552;108,4774;80,40856;93,36427;108,8764;102,2939;79,64194;64,1935;65,32809;101,1823;72,98569;92,00146;145,1361;105,4552;94,29989;83,73524;186,2368;112,4704;133,2413;91,70461;105,8262;107,5625;99,27394;86,21215;98,52013;97,96648;69,56316;69,56316;75,03545;121,4912;206,6147;183,6931;239,6633;142,9984;292,0314;324,2804;521,506;306,6268;246,1729;501,1548;291,2296;246,9207;301,3844;169,6682;123,5675;174,3056;186,4535;363,0016;525,9163;397,3239;190,6306;341,9648;382,6609;514,01;342,1048;123,5675;214,9123;67,81987;191,9197;307,3688;62,57523;205,5483;189,001;62,84562;332,0217;324,2804;167,7325;342,1048;186,4535;411,6768;174,3056;142,9984;189,001;514,01;111,643;361,0914;121,4912;201,9171;460,8733;341,9648;169,4955;291,6353;62,57523;458,5592;198,5251;174,3056;169,6682;149,9539;187,62;182,7531
"428";"2016-08-01";146,1898;106,0929;231,251;142,2006;148,5705;140,5972;128,1002;129,8858;217,646;117,8326;111,5155;240,0527;208,2306;169,2194;220,8552;167,3933;165,1803;113,8629;146,6017;183,2818;175,6263;124,2263;94,45918;128,9438;175,792;112,757;138,5764;175,4179;143,3491;153,1975;151,912;243,9186;175,164;189,3966;145,3879;159,1386;161,1229;153,2441;117,9036;130,4581;177,9434;103,4388;103,4388;117,5029;208,2048;227,084;223,1882;305,477;250,3168;317,1705;326,5869;545,8712;351,8843;252,0292;536,3181;312,3776;266,9535;280,6186;229,1818;203,9566;204,2273;268,1491;412,5436;532,0922;464,1203;181,2505;383,8441;360,2776;512,266;369,9879;203,9566;240,8958;119,0218;259,7255;292,5925;109,6558;252,5986;178,096;111,5155;429,5493;326,5869;214,3745;369,9879;268,1491;480,8957;204,2273;250,3168;178,096;512,266;205,8523;341,4317;208,2048;260,9009;486,1613;383,8441;212,4359;315,9152;109,6558;455,545;332,3155;204,2273;229,1818;226,5054;256,8461;267,038
"429";"2016-09-01";127,3668;121,8902;229,69;104,6181;118,4779;103,3597;148,3771;107,6401;184,4899;85,68027;83,45699;250,9967;184,9013;167,5119;234,3152;109,6719;139,4374;97,18211;132,511;153,9426;143,2313;119,013;94,23758;74,92893;133,2474;84,86597;97,89102;153,939;110,226;121,7192;151,9053;208,9883;143,8474;157,8774;146,555;160,3507;128,6993;157,0855;97,10722;111,5593;126,7946;88,19759;88,19759;92,42419;197,6392;225,7936;240,4402;316,9163;289,1771;275,2111;307,0787;444,5398;352,1615;295,9683;455,9504;282,3594;305,8111;305,3205;258,3017;191,1527;216,7519;255,6909;316,0989;484,5528;334,8289;184,9678;300,129;322,9204;441,9839;319,6896;191,1527;249,2735;88,75648;275,3085;317,3736;81,63979;286,8519;188,738;83,45699;355,1057;307,0787;217,4512;319,6896;255,6909;403,2018;216,7519;289,1771;188,738;441,9839;164,2528;310,9048;197,6392;282,8444;402,1318;300,129;212,7063;326,8082;81,63979;466,7905;313,4606;216,7519;258,3017;237,6604;232,5382;304,3759
"430";"2016-10-01";51,29494;41,36762;129,5805;33,18375;50,0281;50,82156;45,3754;74,46749;87,82436;54,69143;57,81504;84,62788;103,5598;63,2678;135,4492;39,26072;50,66058;41,57214;64,14659;52,67309;50,34631;46,11259;40,54113;39,56335;50,24294;43,82241;58,05704;41,23685;69,02748;53,55417;49,78705;124,3733;65,35958;86,17416;54,03302;57,01112;45,84163;54,33061;37,84803;41,17496;61,36841;44,2369;44,2369;35,09985;95,59037;143,3941;154,3891;136,1508;163,051;229,5589;210,8322;230,7122;193,6867;182,6609;141,3493;199,1825;165,6128;158,4157;131,5031;147,3705;101,6945;127,4112;252,3184;161,8221;268,2396;127,4359;226,0107;188,9102;170,9977;243,2235;147,3705;137,5306;86,40932;169,9212;175,1605;61,19662;160,4643;128,3156;57,81504;187,295;210,8322;142,3685;243,2235;127,4112;303,2961;101,6945;163,051;128,3156;170,9977;84,77278;131,0717;95,59037;157,4157;160,6235;226,0107;121,5789;166,277;61,19662;216,8079;142,9681;101,6945;131,5031;151,6154;136,4832;136,4984
"431";"2016-11-01";14,95549;13,24116;49,57153;5,302725;10,21047;10,93763;20,80398;20,88697;25,53087;19,70523;16,46261;63,17167;41,85999;20,26611;66,64273;14,07574;11,29632;16,26885;13,37192;27,66245;20,81925;18,30341;12,64533;9,979996;22,03519;12,07145;16,13309;42,24355;21,71651;13,26313;26,14189;40,55672;18,87397;20,05176;16,38337;23,35156;13,9652;20,46035;17,01912;23,73659;19,34987;21,55045;21,55045;13,77429;38,1409;61,60099;65,95896;47,8882;70,48901;37,68169;65,83736;105,1026;85,58838;65,5786;121,2448;50,90517;61,57263;56,98747;64,20811;62,91663;53,47376;46,27914;77,39951;141,7356;74,29288;48,46999;57,01035;66,80331;118,1401;63,54495;62,91663;70,20857;20,12554;73,49124;104,3668;23,15823;62,73479;53,2078;16,46261;90,61301;65,83736;75,11867;63,54495;46,27914;99,76844;53,47376;70,48901;53,2078;118,1401;26,11245;73,48445;38,1409;76,51387;96,78854;57,01035;64,39787;56,79205;23,15823;96,68134;68,44267;53,47376;64,20811;74,21417;55,41871;86,47476
"432";"2016-12-01";18,28033;15,70983;35,0162;1,690303;11,7057;12,08428;11,57818;18,50286;31,51308;14,74908;13,10716;75,69024;27,92784;13,87245;43,27092;10,00722;7,252142;12,55149;10,77395;10,11987;10,47235;5,803959;3,087747;7,395009;8,295937;10,18352;14,34579;13,86093;18,21638;14,99986;25,39387;46,94889;22,05967;26,73916;9,665281;11,19427;9,989098;9,574131;6,838485;9,126423;11,28525;13,43091;13,43091;6,723961;51,13068;43,27168;44,2728;67,92134;52,89943;71,22021;66,56599;146,6186;82,77825;55,83475;142,506;75,87664;55,90666;62,82284;45,29443;58,57566;38,63334;46,7966;149,4896;163,5096;80,3279;48,54504;87,93448;104,2489;151,9854;70,44889;58,57566;47,85479;17,51648;47,3844;102,3351;15,9411;58,21675;47,83925;13,10716;123,9525;66,56599;40,01386;70,44889;46,7966;120,6221;38,63334;52,89943;47,83925;151,9854;31,34256;93,15724;51,13068;47,34782;140,5546;87,93448;38,57062;71,06422;15,9411;145,1922;102,573;38,63334;45,29443;48,42622;65,33623;55,966
"433";"2017-01-01";5,721862;6,835383;13,84951;0;0;0;8,885296;5,39821;10,08534;5,003032;0;22,31713;10,94495;6,910244;16,4698;0;0;5,037161;0;6,092517;5,112358;0;0;5,726559;5,409529;0;5,678732;6,584712;5,871957;0;10,49052;16,48812;7,200124;8,709053;6,19071;6,717636;0;0;0;0;6,24109;0;0;0;13,01825;15,30943;14,77739;21,47992;15,49617;16,94391;22,32648;23,95226;31,94685;20,21846;18,44202;19,4304;20,53878;22,4072;12,52669;11,7656;13,51778;16,06538;24,8862;19,90112;25,12424;12,723;20,23749;21,00561;19,02806;20,72537;11,7656;16,79797;0;16,63995;38,82755;0;19,53875;12,93982;0;19,71268;22,32648;15,82044;20,72537;16,06538;24,62319;13,51778;15,49617;12,93982;19,02806;9,611238;20,46601;13,01825;17,48431;19,64289;20,23749;15,21185;22,5165;0;25,63374;21,89917;13,51778;12,52669;14,7937;24,61488;13,95347
"434";"2017-02-01";0;0;10,93371;0;0;0;5,193359;0;10,05658;0;0;12,0233;8,728449;0;11,47033;5,186432;0;6,13068;0;6,717617;5,551115;0;0;7,718426;5,224287;0;5,463563;7,33272;5,266702;0;5,926027;13,79113;5,992476;7,455603;0;0;0;0;0;0;6,716107;0;0;0;9,593452;11,23087;13,81065;15,29587;18,46939;14,28348;18,91935;23,1187;21,61629;14,2383;17,10696;13,93008;13,91647;16,44513;13,1029;8,687376;13,57288;12,49406;15,75546;22,41241;18,08289;10,17635;15,68612;17,25408;21,49546;15,15225;8,687376;10,82718;0;11,44051;50,31888;0;12,08947;11,7157;0;16,89759;18,91935;11,82561;15,15225;12,49406;17,92709;13,57288;18,46939;11,7157;21,49546;6,628887;13,11143;9,593452;10,8253;20,02256;15,68612;10,7674;14,76373;0;28,03822;14,54972;13,57288;13,1029;11,63664;17,61802;12,90831
"435";"2017-03-01";11,84807;11,80941;51,34689;14,77591;14,18048;16,02213;13,83225;22,37149;23,17301;32,45832;27,31302;21,27096;37,05157;9,733039;60,35386;22,82059;17,33422;44,35989;13,43772;29,06796;23,8878;11,92873;8,092616;31,36024;25,9489;39,50507;36,89626;35,484;29,10975;15,25953;11,12946;33,23082;19,51082;21,69168;10,21891;11,49542;15,28946;12,7114;29,47015;32,53088;33,84275;35,658;35,658;31,00761;21,83493;85,74869;99,84563;72,41545;102,1111;74,94978;93,85494;98,20802;65,49754;59,61853;90,20496;72,34759;63,82651;85,55372;80,09237;28,4545;93,50452;33,21162;81,90865;94,24862;86,11938;83,24268;94,36823;100,2753;89,82672;73,02657;28,4545;69,32451;18,87799;81,26385;72,31204;20,94069;65,51183;84,86759;27,31302;61,3455;93,85494;50,14285;73,02657;33,21162;75,44649;93,50452;102,1111;84,86759;89,82672;19,01111;77,13087;21,83493;75,92659;82,55099;94,36823;58,12785;72,83961;20,94069;184,9892;25,14307;93,50452;80,09237;57,30176;43,43931;75,33101
"436";"2017-04-01";29,42036;23,03112;57,81301;38,00041;36,93119;32,30692;29,79344;27,65088;39,76855;28,43286;26,26306;48,8175;52,89728;32,37417;64,4693;49,153;38,6322;33,56411;41,96695;54,03228;56,47359;32,75887;25,21818;49,13715;55,30865;30,45208;36,51966;33,06579;34,9363;33,54108;29,30639;68,11359;31,20124;50,88783;31,90178;37,96448;41,70568;52,22829;25,30016;27,25822;52,878;27,83041;27,83041;26,0121;31,34497;58,74181;56,62079;86,69504;77,95979;45,10633;85,31745;72,58974;93,47616;90,47717;62,14503;64,52762;87,99114;84,05768;68,02221;48,73924;73,06477;43,98612;40,45488;60,7341;50,2629;43,27649;53,52194;49,92406;54,08752;62,13387;48,73924;54,56961;24,45537;74,21134;137,3355;23,91483;72,34393;50,82261;26,26306;71,19839;85,31745;62,18139;62,13387;43,98612;51,48824;73,06477;77,95979;50,82261;54,08752;34,34187;45,15718;31,34497;79,80319;40,96602;53,52194;65,02047;85,28107;23,91483;45,51212;55,35313;73,06477;68,02221;64,82152;73,26048;65,99932
"437";"2017-05-01";97,24003;83,19836;115,5806;101,3711;80,24082;79,10902;114,5955;58,05885;97,28661;63,47283;66,09727;100,1865;111,477;93,86382;118,8899;85,42178;91,87302;60,14971;81,66608;80,71414;89,83508;89,35826;110,7228;61,61424;84,53803;62,40921;63,00658;80,5671;60,07139;81,98248;91,23414;98,01583;88,47652;83,44962;91,50085;91,99934;78,68063;100,5401;67,14796;77,12917;87,91529;70,0257;70,0257;72,49194;97,92719;143,4144;136,2673;186,3746;144,9705;114,5083;156,0285;152,1708;136,8387;135,0581;128,869;120,971;139,9665;153,1536;139,567;106,1501;134,5732;104,9024;172,0154;159,72;124,8176;126,2889;142,3262;160,8401;165,9999;131,153;106,1501;142,6783;53,32242;146,2119;129,9987;55,4608;129,14;126,6328;66,09727;120,8091;156,0285;119,4135;131,153;104,9024;162,7688;134,5732;144,9705;126,6328;165,9999;98,92699;163,5921;97,92719;139,9932;167,3538;142,3262;112,5797;165,4321;55,4608;198,371;96,28527;134,5732;139,567;129,8923;110,1183;135,763
"438";"2017-06-01";108,4362;95,93841;230,0457;111,7568;103,5075;102,8241;136,9658;99,86253;161,2296;75,17618;66,56161;188,6447;183,5102;132,4663;256,6317;91,58125;122,3863;69,44595;105,2645;128,7124;95,70559;118,8087;116,5513;70,50796;127,8856;77,04494;93,5623;133,4594;113,1332;109,9334;125,1104;182,7848;127,8363;139,0555;115,1493;123,8199;107,0182;111,963;83,48608;98,02081;89,83383;63,99424;63,99424;82,96685;161,5189;388,9727;391,883;278,5454;427,211;237,1672;352,1224;375,9349;297,158;317,1586;411,2939;244,4052;293,3947;283,6499;352,3823;186,8089;352,7892;202,6172;269,5808;407,3325;389,6855;288,751;279,8585;290,4107;424,4641;298,3768;186,8089;351,6761;80,82552;381,1057;281,5623;60,78931;291,8161;288,6542;66,56161;332,1897;352,1224;250,6278;298,3768;202,6172;362,2452;352,7892;427,211;288,6542;424,4641;148,0168;265,5235;161,5189;362,8957;363,3438;279,8585;240,7836;280,0398;60,78931;330,3878;221,127;352,7892;352,3823;293,8316;200,4709;321,7545
"439";"2017-07-01";125,4372;106,9137;232,0998;129,6436;135,4519;128,0869;151,7297;116,3558;184,9854;89,03709;76,39905;212,8494;206,0641;181,121;220,9674;136,6714;140,3963;102,6813;145,8966;188,4438;175,0928;156,246;123,2066;87,57857;172,8156;98,13534;102,6451;174,8803;122,9163;135,5307;156,3978;225,0807;161,4641;168,4972;164,688;173,6253;149,6271;179,9867;113,7799;123,8806;159,5796;71,42227;71,42227;102,8455;187,2686;213,2882;204,215;264,6879;180,3976;268,9215;312,8677;451,2868;287,5732;233,5225;537,7992;269,9191;228,8311;265,3409;229,5412;182,4371;230,9307;243,0913;340,8005;491,6578;371,1835;222,5076;312,2195;369,6095;467,6575;318,0914;182,4371;253,5325;84,62767;233,7983;278,0842;72,36576;197,6044;231,7723;76,39905;317,2862;312,8677;211,875;318,0914;243,0913;394,6149;230,9307;180,3976;231,7723;467,6575;176,4391;378,6672;187,2686;220,259;427,7201;312,2195;211,7141;274,4137;72,36576;413,8724;223,5229;230,9307;229,5412;199,2787;219,9007;245,066
"440";"2017-08-01";199,1044;169,1074;309,7913;178,541;188,8568;186,5602;247,3906;140,7138;281,0633;118,9078;108,9099;333,6126;256,4401;231,5805;321,7725;187,8594;208,6575;123,9472;196,688;222,2205;216,4407;186,8078;171,6788;143,2235;198,7222;127,4541;143,3673;153,4582;154,1307;193,3173;228,0401;321,2123;228,0889;242,0191;204,4717;221,7113;204,433;224,1075;117,3705;124,3388;220,3414;108,5585;108,5585;114,9014;306,4661;374,0005;364,6681;450,2876;377,4744;399,2955;498,0002;592,8367;478,5516;398,3408;537,3111;414,8117;406,9333;435,9171;322,778;209,9212;269,3835;373,4191;465,1265;562,0107;591,4395;263,3633;449,9617;430,0701;549,6909;506,7858;209,9212;397,0673;121,8304;459,5796;413,0114;112,9653;408,8157;266,5529;108,9099;474,1899;498,0002;285,6101;506,7858;373,4191;578,1106;269,3835;377,4744;266,5529;549,6909;271,384;433,4091;306,4661;498,6537;539,7231;449,9617;303,18;440,4754;112,9653;525,2892;403,3784;269,3835;322,778;306,5032;334,8805;332,5427
"441";"2017-09-01";203,9609;179,2703;352,8807;153,5926;173,3391;167,4696;227,5492;169,1181;234,6858;156,0726;147,4214;335,0354;272,3427;245,8079;362,3296;176,7583;175,253;152,1564;180,8773;244,6036;207,2828;175,6744;156,8364;103,6283;218,2206;132,4992;147,2397;235,2484;171,0603;182,4786;258,28;263,6931;201,9267;204,4082;210,4931;238,8293;191,7378;218,9014;139,1074;162,533;182,9337;148,6587;148,6587;142,5445;280,5129;391,1481;378,7173;474,5021;443,3269;387,9414;429,4522;629,6386;437,5757;440,2398;609,3734;385,7587;443,3151;416,3504;395,6628;321,2576;322,0913;320,6295;448,675;669,0057;427,7542;273,1613;444,0981;431,8546;599,7164;402,239;321,2576;416,0525;155,4565;497,5555;393,5923;144,8311;431,7548;280,8803;147,4214;514,5081;429,4522;400,1615;402,239;320,6295;521,9807;322,0913;443,3269;280,8803;599,7164;241,2276;421,9987;280,5129;515,5578;527,2991;444,0981;373,5593;463,3818;144,8311;610,6765;415,8915;322,0913;395,6628;426,3556;296,3335;472,8897
"442";"2017-10-01";52,36827;45,10184;113,3188;40,68119;45,84424;44,09798;38,28699;85,54013;82,12691;82,06883;85,44111;112,0781;104,9204;43,71001;96,90082;43,79369;60,10575;49,9644;52,69998;39,28823;42,18278;26,83578;23,59615;46,95917;36,47047;53,38723;74,14064;54,10785;83,77543;52,7482;43,38544;118,072;67,72421;87,14582;35,60304;43,62323;48,14689;38,58127;46,81934;48,65989;60,70657;69,10305;69,10305;35,08973;99,23467;116,1467;103,243;118,2343;113,7395;204,1138;165,3329;303,6391;164,8141;132,8177;289,2091;159,1601;123,9118;139,7491;101,7975;122,014;82,85162;110,1874;233,4608;269,3222;213,3535;124,6035;211,8073;216,6279;303,4099;188,5626;122,014;110,1973;99,2132;96,20368;155,4555;88,0473;99,42492;127,1819;85,44111;226,7805;165,3329;96,61744;188,5626;110,1874;266,126;82,85162;113,7395;127,1819;303,4099;79,42856;179,0528;99,23467;95,49772;254,7443;211,8073;83,31144;140,1998;88,0473;325,8269;178,2607;82,85162;101,7975;99,2549;115,0298;106,7455
"443";"2017-11-01";11,1234;9,635885;22,96935;4,08785;7,095527;7,778533;13,07301;9,417562;18,32564;9,035348;7,254445;49,06765;18,50074;14,26456;30,8434;8,686811;7,479281;7,655323;9,019741;12,99684;11,54644;8,439836;6,079604;5,944065;9,282326;6,477743;7,954857;18,70987;9,932277;8,635841;19,41935;26,84529;12,76261;13,32975;11,45562;13,45807;9,760904;10,22558;7,044103;10,42145;11,32495;8,412379;8,412379;5,699293;27,02218;26,24442;27,33035;25,27645;27,47871;31,45207;38,70954;88,99871;51,63374;33,60868;62,75205;39,80409;31,16966;37,12771;26,86772;27,41317;22,3604;32,41726;59,48975;106,0643;52,44468;21,88993;48,13049;55,78499;94,24946;44,06765;27,41317;32,48703;9,658524;31,06057;55,08475;10,90754;30,48039;23,30777;7,254445;68,91212;38,70954;31,82438;44,06765;32,41726;72,19606;22,3604;27,47871;23,30777;94,24946;17,93185;71,47365;27,02218;35,0598;74,94914;48,13049;27,66202;34,31253;10,90754;85,46574;52,53784;22,3604;26,86772;31,25606;33,63326;34,57652
"444";"2017-12-01";6,527619;5,204473;18,1596;0;6,033738;5,878904;0;8,689026;11,11185;7,713702;6,874691;19,22675;15,60789;7,333557;21,0263;5,820569;0;8,19534;6,304002;8,484092;7,57992;5,132911;0;0;6,893289;7,328738;7,765589;7,610888;8,541901;6,359011;9,846937;16,8388;8,249825;10,50005;6,013212;7,256297;5,533793;7,158938;0;5,4168;7,993751;7,096153;7,096153;0;15,34446;22,24495;24,84348;24,01694;27,16048;13,36056;22,69211;20,74047;26,96284;22,45934;16,22121;15,68757;21,20892;19,48743;25,22616;22,21992;22,82369;14,50551;27,05589;20,53232;22,00613;20,63446;15,8672;16,4073;19,9847;18,65371;22,21992;21,04973;7,438828;24,68637;36,81675;7,159622;22,88575;23,28522;6,874691;20,3902;22,69211;20,2847;18,65371;14,50551;26,43664;22,82369;27,16048;23,28522;19,9847;9,465664;15,85373;15,34446;24,59622;18,68032;15,8672;19,87381;21,24559;7,159622;20,49536;18,97072;22,82369;25,22616;23,50795;20,73503;27,91606
"445";"2018-01-01";15,04733;15,10286;47,15816;6,1868;10,31886;13,24416;19,51562;18,03473;24,18473;16,91577;15,6366;61,4734;35,41496;20,49881;61,33408;14,14123;13,18374;16,27402;12,26191;17,39151;15,23413;12,0851;11,90662;18,10461;16,6301;13,8929;17,10499;26,02451;17,48855;14,4374;25,80686;42,71992;20,35775;25,92184;20,05145;20,65382;13,45134;14,26516;11,94544;15,77359;19,00463;21,26052;21,26052;9,346843;28,58447;53,90307;58,22818;58,76055;74,2534;65,78141;64,56941;120,1717;93,63121;68,01454;92,93642;65,96513;64,79123;72,05176;53,42687;51,98367;56,27472;41,31594;87,83524;98,73328;77,09009;44,16732;78,03799;93,6433;98,19464;58,29523;51,98367;47,15072;21,90583;64,29272;139,6742;25,33234;59,64161;48,65352;15,6366;101,49;64,56941;60,15681;58,29523;41,31594;78,85006;56,27472;74,2534;48,65352;98,19464;23,26977;65,83823;28,58447;66,21436;81,87719;78,03799;53,77935;70,32673;25,33234;124,457;85,93594;56,27472;53,42687;64,34788;65,25201;67,45276
"446";"2018-02-01";9,42885;7,97969;22,20011;1,527286;7,330726;6,77297;10,78168;6,780619;21,76688;8,051347;5,602574;32,37049;17,27112;9,828642;22,9781;10,62182;0;12,89614;6,837208;16,86019;12,21134;8,2739;6,090312;14,68916;13,3765;10,43669;11,18452;21,06786;9,745043;7,96846;13,78736;30,55104;14,22357;15,59918;9,929906;10,91126;6,806177;8,503063;12,11312;12,42293;15,33636;10,62578;10,62578;8,638443;23,72932;20,6177;26,54229;32,86588;36,90929;34,1539;42,01562;67,25971;48,57116;24,79978;54,96802;35,30483;24,37293;34,99188;25,45802;19,85475;27,03229;30,49734;38,16342;73,07055;46,96353;18,0152;38,66697;39,33207;64,56946;35,4269;19,85475;21,53701;6,406824;24,88649;97,50263;6,279167;21,5452;20,92545;5,602574;48,71578;42,01562;22,10167;35,4269;30,49734;46,53365;27,03229;36,90929;20,92545;64,56946;16,20243;26,81741;23,72932;21,66288;51,26494;38,66697;24,19761;30,24842;6,279167;69,68935;41,34425;27,03229;25,45802;26,50741;42,76365;28,31427
"447";"2018-03-01";10,04648;10,0985;54,84757;14,33819;13,28304;14,87742;10,45265;20,2612;19,20461;23,6278;17,95444;20,72797;35,42706;9,115149;67,51568;21,77202;16,76481;30,71999;12,33853;25,70778;21,9025;10,0139;6,247002;25,84877;22,94362;28,45209;32,18046;23,98355;26,68212;15,00651;9,591297;28,34663;16,92966;19,01947;9,420415;10,28914;13,93729;10,83142;20,49677;21,89361;28,22281;22,53418;22,53418;22,15928;19,57656;135,794;139,8688;83,13098;131,2014;81,10062;113,723;124,0301;77,5816;82,57768;86,87459;83,73602;86,2608;121,6347;96,78442;29,50689;114,2902;29,20687;95,45743;91,6729;91,68532;103,5846;101,0163;96,76117;107,9682;87,48495;29,50689;106,2119;15,44426;142,4987;88,24422;14,54817;91,18402;86,62301;17,95444;69,79137;113,723;60,7692;87,48495;29,20687;86,62782;114,2902;131,2014;86,62301;107,9682;16,97956;64,03922;19,57656;113,5796;92,97972;101,0163;74,92227;91,24602;14,54817;173,2832;26,28267;114,2902;96,78442;75,17876;44,02206;94,86331
"448";"2018-04-01";67,28926;54,18908;110,4333;82,25146;80,79386;71,19836;84,66937;57,45073;78,25532;64,96707;58,3303;103,7524;105,9505;78,49238;124,5206;107,9146;76,20472;74,88978;95,26585;133,9104;127,275;80,81372;84,69089;103,8819;128,9188;82,641;81,86491;80,78162;70,89584;71,32555;74,85285;122,5389;66,15549;93,71749;79,52761;94,16265;89,28529;115,3923;65,6892;67,17777;122,2064;69,07535;69,07535;71,20564;70,17976;111,9013;101,6581;173,015;132,3011;90,41467;167,5978;151,2802;167,5501;155,0479;111,2944;113,2221;158,6613;180,599;117,559;86,21621;117,982;92,11013;99,4352;147,8492;95,43011;80,08562;111,3614;126,5726;154,5191;115,9376;86,21621;111,4905;50,06191;127,7279;248,593;51,76896;141,6753;88,71793;58,3303;106,9826;167,5978;104,8442;115,9376;92,11013;108,2059;117,982;132,3011;88,71793;154,5191;77,611;125,223;70,17976;138,3724;128,1436;111,3614;112,0135;187,9861;51,76896;125,0877;109,5312;117,982;117,559;112,3504;132,3893;121,285
"449";"2018-05-01";56,631;46,0411;49,11953;70,66939;53,25705;52,3928;70,85221;22,27908;61,64344;28,92871;28,75337;56,72409;50,85454;61,3936;48,09106;58,37541;61,30149;32,75769;54,96545;59,61573;64,39721;72,36472;79,05717;40,04978;65,75038;36,88302;30,36407;36,95506;25,52614;53,42958;52,3022;57,00488;57,95954;54,78326;59,69822;59,54471;53,88108;70,50649;35,77686;37,55652;62,38348;30,95446;30,95446;43,86691;56,11947;28,96779;27,57117;52,8396;29,1942;44,26114;55,11776;81,43353;64,20322;51,11297;76,26244;50,87672;46,53364;48,57817;23,45905;20,80083;23,63113;57,12044;86,16666;81,71451;58,27382;19,85095;65,34922;54,5506;83,3904;58,651;20,80083;31,42263;16,70388;35,78877;61,46143;16,77059;39,17843;18,94771;28,75337;76,59874;55,11776;37,45159;58,651;57,12044;80,85973;23,63113;29,1942;18,94771;83,3904;56,91632;41,57336;56,11947;38,8037;79,55373;65,34922;39,88352;45,3415;16,77059;82,94415;66,98866;23,63113;23,45905;35,64979;61,99751;25,81649
"450";"2018-06-01";153,6132;126,08;341,2461;173,1427;156,2888;145,9743;160,4471;171,4535;229,9738;154,5245;133,0629;225,8221;284,4205;177,0621;312,0038;156,2059;182,0469;155,2789;160,9201;230,1847;165,7083;157,7747;119,7985;124,8773;219,8336;160,2079;170,945;271,02;189,3915;158,9333;170,8809;249,0386;186,6728;197,8045;161,4798;182,8768;171,4618;170,1786;194,6541;217,1024;166,2317;138,4852;138,4852;171,9954;214,7734;386,8631;359,0899;260,0392;401,7366;219,1468;356,442;318,933;319,6282;303,386;317,7668;222,1507;273,5043;286,1886;324,555;217,047;319,8827;266,6323;207,2206;349,4449;356,3124;247,0816;247,3002;279,1642;377,1201;278,5457;217,047;332,6387;124,9518;395,6992;325,7949;105,5368;303,2314;251,5256;133,0629;251,6255;356,442;320,4907;278,5457;266,6323;294,5499;319,8827;401,7366;251,5256;377,1201;212,5672;261,3194;214,7734;396,6315;344,5206;247,3002;314,2858;256,7075;105,5368;329,0419;204,7253;319,8827;324,555;323,0813;243,4279;321,5469
"451";"2018-07-01";38,86536;31,01713;95,23672;42,85999;38,2314;35,86563;41,91774;40,56042;62,04958;33,97879;29,4083;75,37728;76,18286;45,50301;91,39664;39,55244;48,70949;34,39272;37,7425;41,59484;42,73481;25,00885;27,78163;27,87114;36,96465;28,06087;34,34694;58,26064;44,06247;41,83293;44,6426;83,33769;47,99133;57,92729;38,1067;42,37519;43,80074;36,83087;33,77918;42,05433;44,0643;27,35545;27,35545;30,10705;60,32148;92,58367;78,04635;161,9106;65,13805;173,0811;175,9712;276,4966;156,919;141,6589;272,8586;165,0704;138,2738;168,0723;74,89313;66,7298;67,02244;84,828;207,4648;276,6127;218,4326;70,41928;210,6825;234,3823;278,1457;191,7597;66,7298;125,3461;33,21424;107,2989;155,8706;31,23957;117,5131;54,05623;29,4083;187,4566;175,9712;91,26237;191,7597;84,828;242,0492;67,02244;65,13805;54,05623;278,1457;56,2484;214,8579;60,32148;113,6933;238,3318;210,6825;87,28983;178,9262;31,23957;263,5692;108,9649;67,02244;74,89313;87,12844;96,39503;92,30242
"452";"2018-08-01";100,4976;88,6228;300,8578;106,0169;99,20049;92,25837;140,3898;133,4812;156,9491;102,6386;100,7102;200,1171;232,3461;121,9737;292,0573;108,79;123,582;85,64015;98,89285;116,9672;112,8009;90,80246;96,54181;92,99833;96,6689;94,09972;122,1704;132,7423;138,6299;103,2299;111,7071;203,3875;123,567;140,1679;100,0383;116,2224;111,7954;101,1009;81,26972;94,97408;122,6794;79,63224;79,63224;79,14899;138,5975;265,7825;276,0486;369,7318;313,7558;342,3356;398,0965;593,1206;340,892;343,6453;592,8059;331,576;333,977;376,7611;286,2285;256,2182;216,2648;212,3094;399,3071;577,4047;466,066;180,4036;413,5994;379,9627;541,5649;400,105;256,2182;298,1392;127,8369;347,5743;320,2069;111,2122;352,6214;178,8837;100,7102;398,8982;398,0965;280,3705;400,105;212,3094;471,0931;216,2648;313,7558;178,8837;541,5649;150,4569;342,5911;138,5975;376,7374;525,3522;413,5994;285,8327;382,6332;111,2122;495,0244;288,557;216,2648;286,2285;312,3588;239,4694;338,2548
"453";"2018-09-01";104,1045;96,60067;207,6341;87,18529;85,52675;76,86983;123,0286;82,35407;144,895;66,20825;62,99548;204,7297;160,4533;130,1894;203,1765;80,20505;103,8369;64,70142;89,71949;83,22562;84,76516;81,38517;77,88632;54,31096;75,61523;56,0612;76,80688;120,7578;94,92047;94,33994;122,4252;160,089;114,9925;119,3582;101,8703;117,8;97,34517;96,62695;65,60371;83,71786;76,33495;56,57689;56,57689;55,5447;161,5609;222,1473;206,0124;290,2772;236,2829;251,8532;255,4882;364,6575;264,4289;239,9082;320,1177;268,6586;253,5267;263,8816;197,2755;154,0014;162,3812;199,5898;289,6945;351,426;290,9332;163,4843;267,2008;235,9664;303,9761;301,1616;154,0014;251,1027;69,54336;251,8562;237,0004;61,62872;225,6488;155,1759;62,99548;308,5657;255,4882;204,0065;301,1616;199,5898;361,4231;162,3812;236,2829;155,1759;303,9761;140,5871;233,1732;161,5609;255,1181;277,0155;267,2008;195,2934;278,065;61,62872;347,3361;239,7347;162,3812;197,2755;206,2486;176,4095;232,1356
"454";"2018-10-01";147,1885;143,0293;210,1218;69,87819;109,8615;119,8467;116,2363;137,7705;249,4037;114,7867;102,5131;257,4773;207,033;120,6326;214,9362;77,51805;99,14506;92,80557;128,7755;98,12271;95,09161;97,97292;88,18902;77,57292;105,7624;105,3234;133,5435;101,7106;143,6195;139,5318;128,5218;297,1685;185,5878;221,2179;99,36418;109,0217;97,31561;103,0975;109,8556;113,4386;132,5623;107,1171;107,1171;94,08379;263,1716;260,5511;270,61;236,7777;284,7103;508,2185;404,6825;529,6082;431,2408;303,1212;532,5966;462,7232;243,3392;311,5815;211,3215;187,1379;190,3405;314,9704;581,2784;490,6637;626,3122;240,0395;500,0121;423,5602;524,2549;557,701;187,1379;209,6554;111,5762;248,0966;373,5878;86,85;223,8171;245,4211;102,5131;485,5435;404,6825;190,0193;557,701;314,9704;668,0072;190,3405;284,7103;245,4211;524,2549;254,4056;285,2138;263,1716;227,1361;462,4107;500,0121;178,9708;285,7266;86,85;592,645;403,9876;190,3405;211,3215;232,8567;335,4302;207,7928
"455";"2018-11-01";56,37523;45,09199;80,69035;19,06196;36,69511;42,6134;76,59039;35,7058;72,50095;39,09084;28,20021;157,6801;71,00338;84,41109;94,93446;44,76268;30,58996;35,55096;49,95153;103,0787;75,56545;78,81743;54,55793;27,95531;84,0965;31,71467;34,13007;84,89759;40,72087;43,9242;103,29;93,86037;56,10464;51,51518;75,58305;91,19408;46,03879;82,61737;39,12911;48,03414;67,81158;36,65098;36,65098;35,03586;98,76782;70,84499;66,07372;54,21988;73,91487;56,58376;93,65553;134,0374;127,2426;83,17355;101,0355;66,82294;73,45686;73,14499;68,40562;84,05846;54,72015;113,1737;106,708;146,0072;113,6667;47,16899;73,68166;90,05849;120,7786;88,53857;84,05846;75,68048;33,23571;88,48338;153,6576;36,12968;71,77549;59,36216;28,20021;138,5947;93,65553;95,61585;88,53857;113,1737;145,2094;54,72015;73,91487;59,36216;120,7786;70,29758;101,6451;98,76782;98,6517;97,68734;73,68166;93,85423;69,21307;36,12968;121,1531;132,2722;54,72015;68,40562;97,01427;103,7467;79,65809
"456";"2018-12-01";13,78997;12,27159;34,80616;2,547596;11,72728;11,07244;13,29391;18,96771;21,41898;17,0507;15,32119;40,06456;29,67622;14,90222;34,506;11,351;6,21633;16,63068;12,2544;15,94551;14,31606;10,05909;6,097723;9,858057;12,1616;14,87717;15,23426;14,98653;17,017;12,23917;20,27542;33,0547;16,2543;21,13304;11,75203;14,31999;10,8758;14,02904;7,458771;10,09145;15,20647;14,14108;14,14108;9,310452;31,76883;34,82389;38,08204;41,59228;44,44761;30,19806;37,43363;44,81536;46,69946;38,68406;52,72842;30,8334;38,25189;33,84723;37,57684;42,3348;34,0914;28,21119;59,60694;50,91287;39,80801;29,67267;34,38988;35,72282;49,58161;37,78856;42,3348;35,61518;15,383;38,95224;56,04755;14,54364;39,85207;33,04435;15,32119;47,96391;37,43363;37,39853;37,78856;28,21119;53,74401;34,0914;44,44761;33,04435;49,58161;18,66422;30,4252;31,76883;37,48977;39,96722;34,38988;35,2547;36,60797;14,54364;44,82399;45,5091;34,0914;37,57684;38,78147;41,14331;43,50322
"457";"2019-01-01";9,317765;10,39247;23,02875;0;6,426371;8,129208;13,95715;8,856016;15,56613;6,322864;5,456274;31,62327;15,21773;12,42182;27,93479;7,771513;7,555791;6,446843;8,228037;9,007978;9,151361;8,617244;9,564137;8,537605;7,665025;5,548098;8,246572;7,874381;9,235416;8,638432;17,2945;26,00629;12,35797;13,6307;12,04053;13,59121;7,749024;9,488854;0;5,167626;11,57091;6,135541;6,135541;3,386894;18,85241;27,08667;33,4625;33,76085;38,2146;30,44252;34,13028;46,8162;49,63595;33,25135;26,17762;32,50352;33,01606;35,55571;29,4553;22,05449;31,17928;24,09248;39,12983;32,58593;41,45459;26,7728;40,08316;29,0287;35,77766;33,5009;22,05449;32,29467;7,043225;27,44038;64,73366;6,798769;33,53964;32,27784;5,456274;26,53301;34,13028;26,83302;33,5009;24,09248;43,45954;31,17928;38,2146;32,27784;35,77766;14,58989;32,94432;18,85241;30,61321;32,10609;40,08316;26,82947;36,772;6,798769;40,4032;35,27335;31,17928;29,4553;29,22289;43,91428;31,6131
"458";"2019-02-01";6,564893;5,091224;21,03756;0;6,047447;5,573048;6,995881;7,098632;17,21539;8,750696;6,407573;20,48155;16,96928;7,37672;22,64721;10,55711;3,631088;12,24419;5,78327;13,12906;10,9617;6,304815;0;15,8482;9,88269;9,378401;10,86023;15,94785;10,43269;6,093462;9,205475;23,61773;10,25707;13,0497;7,602881;8,705808;6,55804;6,723348;8,700634;9,412366;13,87885;10,09417;10,09417;6,701766;15,88405;16,67667;21,41634;22,43662;29,5395;19,93596;31,59061;32,44393;39,31496;23,30077;19,59345;21,43526;21,03588;26,50846;19,47527;18,44402;19,76877;20,91229;24,60057;27,59335;31,38546;13,52026;21,9876;22,65125;26,46001;25,61872;18,44402;16,24181;7,365827;19,0536;88,67869;7,568866;19,56786;15,14016;6,407573;26,32559;31,59061;21,45684;25,61872;20,91229;30,85443;19,76877;29,5395;15,14016;26,46001;11,25421;16,54165;15,88405;17,30798;24,56263;21,9876;21,62609;21,24618;7,568866;36,88084;22,27813;19,76877;19,47527;21,16879;29,56749;21,36566
"459";"2019-03-01";6,978806;7,306219;32,79057;7,989504;8,000875;9,881864;7,50927;11,4845;13,82423;13,37416;10,96853;14,88565;20,61724;5,803748;42,23171;12,83212;10,39855;16,05045;8,020674;14,12084;12,4956;5,785365;1,875183;16,17712;12,55555;14,86222;17,35718;11,8638;15,16487;10,02222;6,910166;19,59715;11,34272;12,71279;5,873172;6,698617;8,84333;6,717813;10,25531;10,26016;17,16908;11,7296;11,7296;11,59856;13,91518;43,93563;42,18366;38,48581;53,94759;39,5813;53,57464;56,08533;37,49925;40,86788;51,6968;41,41641;45,69326;56,84553;41,10854;13,23317;48,99205;20,34756;46,80887;48,85585;55,47032;30,97212;52,97525;42,57851;48,37497;47,09185;13,23317;38,55457;9,71414;46,74102;50,34715;8,032331;44,31991;28,20401;10,96853;39,13513;53,57464;37,36127;47,09185;20,34756;48,95655;48,99205;53,94759;28,20401;48,37497;11,68494;31,66218;13,91518;43,53178;41,31522;52,97525;44,97254;42,89985;8,032331;80,86501;17,82935;48,99205;41,10854;34,19009;26,353;38,15486
"460";"2019-04-01";12,56384;7,30612;40,24709;18,05107;18,30044;13,62041;13,11203;19,30325;14,96994;17,63476;14,77036;14,88275;34,54467;14,9278;43,21476;25,60541;18,27069;19,37309;20,57995;25,64222;27,96609;12,48985;12,41534;26,48651;21,22497;19,92278;23,316;15,20282;23,44554;14,27838;13,44182;23,9509;12,82388;19,49585;14,57998;17,74588;20,27769;22,85019;14,23085;14,05219;28,44604;15,80031;15,80031;17,28145;10,93959;37,75383;38,8223;59,1609;56,0635;17,65623;51,44477;20,29485;34,97427;48,75087;19,10403;20,51032;54,88311;56,45153;49,29367;25,90483;49,04472;16,83662;13,74825;18,0915;16,13813;27,71519;17,06009;22,61438;23,27657;23,12315;25,90483;38,41297;13,41228;55,7314;70,3356;12,60929;47,49375;31,46717;14,77036;15,11375;51,44477;43,88406;23,12315;16,83662;16,84803;49,04472;56,0635;31,46717;23,27657;13,41391;24,02426;10,93959;58,22006;18,73008;17,06009;43,87917;58,04918;12,60929;18,51691;13,36422;49,04472;49,29367;45,89381;26,57568;46,85237
"461";"2019-05-01";43,47538;37,23151;61,51451;55,54922;43,1481;40,40616;47,91435;25,93617;48,12071;27,96377;25,80798;49,5679;55,0934;46,13462;67,86145;47,1491;48,87624;26,1685;44,37971;45,15217;52,03153;41,83271;48,2711;34,65376;44,0974;29,20623;31,58567;30,24885;28,81275;41,71675;39,97312;46,53732;45,16805;42,43095;43,66336;45,66488;43,88478;53,55967;27,91944;28,86784;50,9332;26,03996;26,03996;32,3727;46,51623;69,17717;70,8793;85,64126;80,00552;48,32449;71,71172;68,3655;55,9902;68,85661;70,19786;56,65091;68,18968;66,52883;64,97066;49,43924;62,47435;50,34504;77,7099;68,66202;63,08514;48,86684;63,80742;53,40165;66,99561;60,12196;49,43924;62,1925;23,12543;81,79073;65,43777;19,86014;67,8792;49,51986;25,80798;67,82003;71,71172;62,47482;60,12196;50,34504;82,53741;62,47435;80,00552;49,51986;66,99561;48,20264;49,40026;46,51623;79,7903;65,0688;63,80742;60,6537;70,09197;19,86014;73,80296;58,15885;62,47435;64,97066;76,67772;49,34677;69,12621
"462";"2019-06-01";120,0472;121,9032;245,2673;130,0962;120,7837;114,4682;174,771;123,8878;171,0473;115,286;101,6718;219,7619;196,8776;144,0099;238,9944;110,8867;136,4337;101,0846;123,6407;154,3428;119,8138;149,2443;130,9417;81,71589;146,0908;95,03245;111,6249;177,7427;133,3574;124,7808;152,4622;183,6879;141,2116;140,9171;128,9171;140,2072;126,8034;133,9048;118,4247;140,8659;112,8555;102,6592;102,6592;108,6283;190,1813;291,5555;302,2722;196,158;350,0355;174,8576;268,9371;307,9951;242,347;230,8005;349,7622;184,3223;203,529;216,0274;276,3637;206,4245;267,5497;218,0267;212,1061;325,5571;324,2377;195,8547;215,4658;206,5813;319,0485;234,2615;206,4245;238,1973;111,7943;299,5334;238,2429;96,10064;215,2283;200,8297;101,6718;265,326;268,9371;250,6711;234,2615;218,0267;295,9522;267,5497;350,0355;200,8297;319,0485;176,6936;186,8976;190,1813;291,6725;258,7754;215,4658;247,1028;194,7273;96,10064;243,3229;204,2112;267,5497;276,3637;263,8721;196,2624;286,8358
"463";"2019-07-01";100,755;77,47418;205,7495;118,8348;114,6919;107,6551;162,1932;95,13068;156,6633;88,05691;73,13111;156,49;176,3417;152,6497;189,7243;110,2998;132,8225;81,71931;127,342;155,6253;149,5355;180,8481;174,5759;80,63126;154,0254;77,57833;95,97995;102,536;104,3649;116,9576;124,4518;201,7787;131,0356;145,6785;148,7011;173,2348;131,7628;160,1726;85,1265;85,07592;128,4705;64,28128;64,28128;78,68767;139,7947;169,211;145,8761;277,6515;123,6952;237,4507;321,5954;332,2086;304,0323;240,6127;314,6963;237,6499;246,0434;281,2498;133,2108;135,0066;127,6943;202,2594;290,7055;324,305;355,1153;133,8311;265,1079;296,0372;327,3638;297,3708;135,0066;234,4292;75,71414;175,834;300,2063;67,55927;222,1785;131,8976;73,13111;249,923;321,5954;167,2464;297,3708;202,2594;331,8332;127,6943;123,6952;131,8976;327,3638;132,6848;330,4901;139,7947;217,2445;294,7728;265,1079;176,267;305,407;67,55927;330,1126;179,5662;127,6943;133,2108;165,8707;219,9351;150,9648
"464";"2019-08-01";98,19759;72,48473;159,2838;93,92088;101,7312;94,81732;110,4903;96,75283;133,1905;92,45383;84,01223;139,7657;144,1128;127,504;149,2929;108,7764;99,87054;84,43877;112,1712;144,8795;135,455;120,5762;89,98535;87,14053;135,6663;92,50778;97,55401;113,0858;104,5866;95,81378;107,8836;146,7804;109,6702;115,2194;117,5403;127,8121;107,2695;132,015;82,30615;85,3871;140,4992;76,18197;76,18197;92,19614;132,5947;142,1757;160,3846;170,321;187,138;148,0048;196,6553;232,138;199,574;170,8346;230,3354;161,9637;159,01;170,9293;158,8332;127,9073;130,1171;166,0664;191,84;235,1877;248,966;100,3706;182,5029;142,7997;218,2359;198,0616;127,9073;144,5009;85,38555;201,1642;192,1273;89,87364;153,1762;105,5427;84,01223;204,3156;196,6553;150,0075;198,0616;166,0664;254,3959;130,1171;187,138;105,5427;218,2359;122,858;142,8981;132,5947;181,9512;195,3732;182,5029;146,1938;180,4926;89,87364;189,076;160,1982;130,1171;158,8332;151,7536;157,5676;169,2303
"465";"2019-09-01";112,9585;109,7719;224,2746;111,0591;105,7283;102,4494;146,1048;108,9453;169,7073;84,72316;85,01006;241,1467;179,0491;147,2428;231,9882;100,808;133,1955;83,0482;105,6038;103,8495;105,0721;96,44172;90,03748;73,46775;95,20854;74,29256;97,19587;111,5081;110,9988;119,7401;157,2111;209,9605;142,0275;154,3405;116,668;142,8686;124,5501;123,7342;72,43034;79,97795;102,028;67,58957;67,58957;76,85826;193,5349;293,4932;281,638;399,8652;333,7045;321,7598;335,192;474,0839;389,7599;314,264;423,4662;327,397;326,5213;339,1064;299,2648;187,1363;249,3118;234,7202;356,8473;478,5898;377,5793;214,3201;330,7056;337,6138;443,0379;367,038;187,1363;322,2728;94,98555;326,5072;334,6117;78,39387;318,2922;230,0552;85,01006;387,761;335,192;252,1196;367,038;234,7202;458,0355;249,3118;333,7045;230,0552;443,0379;172,5795;337,8979;193,5349;364,3633;399,0364;330,7056;229,3977;368,6469;78,39387;466,5936;286,7699;249,3118;299,2648;306,8661;234,6082;339,0302
"466";"2019-10-01";131,5073;110,2682;188,273;62,33936;100,4429;108,5662;103,9111;125,9539;202,8622;115,8255;119,1594;198,327;151,2206;117,2389;180,3486;77,06961;92,25209;73,57959;120,0613;91,13197;88,83195;81,54893;85,14417;74,53485;93,23121;86,86076;108,8615;80,66722;119,8153;120,3792;104,633;240,4947;149,0831;187,4031;98,36512;102,975;85,57487;93,70025;74,91201;79,22119;114,9814;102,5875;102,5875;62,13053;214,6192;240,8239;236,8396;247,8063;222,2159;408,7575;320,2668;445,7659;320,3774;292,4424;334,4793;334,0826;246,6932;268,8746;177,4044;180,2206;140,3865;255,1115;434,748;384,8304;462,5209;221,8111;387,519;395,9829;438,9595;412,9111;180,2206;253,0717;121,1329;216,8049;269,7979;126,6206;221,5738;217,474;119,1594;349,7396;320,2668;166,8346;412,9111;255,1115;476,5013;140,3865;222,2159;217,474;438,9595;202,6934;322,4292;214,6192;218,6857;384,6609;387,519;162,6961;285,5754;126,6206;494,8089;281,9123;140,3865;177,4044;193,0136;235,4769;186,7469
"467";"2019-11-01";26,78709;25,12171;49,86059;6,768391;13,87633;15,73842;34,30956;20,36889;39,22859;23,0776;16,87272;140,7298;40,56794;27,58997;59,86466;19,90545;14,58146;21,63531;17,40665;34,62008;25,75405;13,49798;10,42277;14,74945;23,10714;17,39441;19,44855;45,99566;22,22795;17,80797;53,67849;51,46716;28,80094;28,20189;22,07707;25,38054;19,98652;20,51653;19,17002;26,58517;28,44151;19,19793;19,19793;15,82103;65,16924;38,12899;38,22756;33,91048;41,73116;41,11969;52,48411;138,9272;81,79616;48,36774;124,4173;53,50227;39,71572;45,37283;39,70455;46,29633;36,234;76,01094;104,0768;161,025;101,7439;35,62327;65,79802;62,49191;134,71;70,56962;46,29633;44,97465;19,91777;43,94148;98,60899;24,25048;39,0017;37,63998;16,87272;157,1845;52,48411;50,14944;70,56962;76,01094;138,0852;36,234;41,73116;37,63998;134,71;41,28192;75,98906;65,16924;51,00308;97,84337;65,79802;46,25869;38,05173;24,25048;107,1572;163,0895;36,234;39,70455;46,13209;63,08786;49,92209
"468";"2019-12-01";6,803285;6,138332;22,67717;1,648149;7,567507;6,91678;5,935475;13,45011;14,13642;11,38176;11,34146;22,59562;21,32985;8,135366;26,93129;7,138299;4,298037;11,64688;7,575656;11,91545;8,722285;5,660323;3,434418;6,10823;9,011975;9,923817;11,79484;12,92443;12,84015;7,591121;10,97462;21,36806;9,597135;12,47843;6,591434;8,010262;6,502248;8,078093;6,939035;9,065691;10,20987;11,66912;11,66912;7,030688;17,00957;19,60658;20,91367;25,11709;23,05711;18,02288;26,2648;27,92669;33,86522;22,85438;23,39421;22,52733;23,4816;22,94114;20,33408;21,3612;18,00954;17,7382;41,02287;25,53667;28,42104;17,57351;24,88713;22,14795;22,97919;26,07217;21,3612;17,96918;10,26043;24,64133;44,76445;10,52527;25,57041;17,28316;11,34146;25,20629;26,2648;25,86242;26,07217;17,7382;36,74342;18,00954;23,05711;17,28316;22,97919;11,19905;18,58643;17,00957;25,97695;25,50363;24,88713;23,07434;25,17428;10,52527;27,31117;23,3103;18,00954;20,33408;23,38904;25,58805;25,75129
"469";"2020-01-01";12,09324;13,16108;68,42387;6,271753;8,232715;9,998736;16,1348;22,93172;29,42436;21,89181;17,81558;50,31942;47,86138;15,34081;71,37777;14,59936;13,05152;21,26272;9,794836;21,26957;15,32461;11,3095;9,391171;23,60609;17,52746;17,48655;23,65606;28,4276;23,77896;10,74666;19,82389;49,15127;21,81753;28,27887;15,07519;16,91409;12,30729;13,50998;12,71086;18,32749;22,1858;19,83654;19,83654;10,8451;27,32182;58,26508;64,82737;58,21413;76,2197;44,21153;57,79382;63,04965;113,6943;53,11216;46,38159;49,79678;54,64537;48,29744;54,72123;63,49006;46,07107;41,14924;84,28323;45,77201;86,4198;63,61654;70,72077;47,96969;37,21566;63,91454;63,49006;61,00559;20,70735;83,88698;122,8786;20,87305;61,9297;63,06275;17,81558;73,76189;57,79382;67,09953;63,91454;41,14924;83,07589;46,07107;76,2197;63,06275;37,21566;24,58803;52,89271;27,32182;82,34741;41,29895;70,72077;64,7693;66,16332;20,87305;61,07436;67,67721;46,07107;54,72123;76,89531;83,87854;65,75105
"470";"2020-02-01";6,501244;6,272725;25,50332;1,288355;4,778657;4,465337;7,667924;9,187428;18,35588;9,27348;6,780004;26,20747;21,35763;5,889028;30,07241;6,963638;4,052074;10,27045;4,100712;8,518177;7,043274;4,126289;3,591262;10,88013;6,561687;6,821121;10,2964;12,55294;12,21679;5,471354;8,469062;25,16273;10,30921;13,40632;5,25905;5,692814;4,925585;4,545792;6,727435;7,335277;9,161364;9,428608;9,428608;4,542244;18,44783;27,64906;33,99475;35,42778;44,06075;33,87172;44,21786;54,86655;44,76244;33,22434;38,91418;35,89746;32,90546;37,50237;29,67885;28,61484;27,71847;25,46242;38,98658;51,02795;41,41653;22,67325;39,8295;41,02249;45,08289;37,10331;28,61484;24,57982;9,252796;32,91626;104,4493;8,887966;29,62691;23,03478;6,780004;36,33656;44,21786;31,93684;37,10331;25,46242;45,84423;27,71847;44,06075;23,03478;45,08289;13,55499;27,25674;18,44783;29,71487;42,29126;39,8295;28,92877;34,15276;8,887966;63,47481;37,10065;27,71847;29,67885;31,43166;34,75047;33,36653
"471";"2020-03-01";2,804753;3,502262;17,11707;3,861509;3,810912;4,174534;4,002746;6,911222;4,81855;7,22526;6,898462;5,779803;10,28031;2,807841;18,57036;6,090636;4,212603;7,950799;3,733025;9,182549;6,318614;4,202679;3,002306;7,945218;8,762615;8,751047;9,495645;10,06531;8,449709;3,982028;3,02745;6,717227;4,515075;4,528355;3,04175;3,254372;4,036216;3,967981;7,351975;8,315803;9,092505;8,384536;8,384536;6,372694;5,123803;18,61533;19,13097;13,89986;24,76918;13,85615;18,99706;18,00795;13,32131;16,00036;18,0001;15,49901;16,08773;18,47336;17,85744;8,528801;16,43937;7,234473;15,10375;17,17405;17,80749;14,45172;15,9478;13,06761;17,09156;15,54022;8,528801;15,48165;5,682047;26,34917;17,79572;6,523502;16,77541;14,17455;6,898462;12,9479;18,99706;17,54024;15,54022;7,234473;16,25105;16,43937;24,76918;14,17455;17,09156;4,208921;9,54645;5,123803;23,3169;13,29479;15,9478;19,91082;13,99265;6,523502;26,54806;6,104863;16,43937;17,85744;17,82469;9,170135;20,08219
"472";"2020-04-01";44,89147;40,66451;88,5824;40,65373;43,61603;37,00974;59,52758;40,51905;50,16002;40,33716;35,3095;84,43304;75,96212;40,26304;95,68056;54,13461;40,88031;41,56449;46,63055;48,64039;58,43111;31,88761;38,88663;49,96432;47,49773;41,66138;49,78768;46,61367;53,54334;41,19817;50,08295;76,60379;38,79691;56,1424;39,01845;44,05308;45,01842;51,22712;34,19525;36,3535;55,8877;42,30256;42,30256;35,30929;50,19897;119,4481;115,7822;151,3955;137,906;60,97745;137,5743;94,17584;126,5718;132,9996;76,19913;85,19301;134,32;143,0434;106,6811;74,03313;123,224;67,35747;61,08664;82,28456;73,63206;86,27688;68,71983;72,09885;78,1805;85,95705;74,03313;108,892;34,16833;131,6743;177,7985;35,95965;140,1592;84,75177;35,3095;87,31194;137,5743;98,06118;85,95705;67,35747;76,31168;123,224;137,906;84,75177;78,1805;53,09725;84,98759;50,19897;147,105;63,2485;68,71983;98,03326;147,7856;35,95965;63,05455;77,369;123,224;106,6811;108,9679;96,1257;115,2711
"473";"2020-05-01";61,21165;43,61645;97,06186;96,32693;66,81004;62,53318;54,48398;55,64564;71,74603;73,25992;67,94156;53,06903;99,42532;69,11336;94,42249;79,00706;78,34189;68,31978;68,99953;72,10741;81,15952;60,43583;56,77965;68,51126;72,41689;69,32523;68,20847;61,16362;62,42787;64,65487;56,69854;70,39453;67,8811;62,91569;64,97628;72,52607;71,28917;83,06664;60,96851;64,83659;86,16687;69,34332;69,34332;70,41908;58,94086;99,26079;99,83047;106,3012;109,6879;59,67416;91,43444;74,79019;84,05904;85,8047;70,02486;66,46608;89,40504;89,20548;94,95822;73,01706;101,5465;66,11562;89,68592;78,08512;70,0543;90,80527;72,35114;81,11684;79,5689;74,09539;73,01706;91,18571;47,4783;109,058;96,26605;49,69199;90,23596;89,15828;67,94156;67,02412;91,43444;94,98301;74,09539;66,11562;83,06526;101,5465;109,6879;89,15828;79,5689;62,90917;74,22015;58,94086;104,2579;83,25465;72,35114;91,56741;87,66582;49,69199;94,66394;55,08131;101,5465;94,95822;101,858;74,45094;97,73062
"474";"2020-06-01";91,12891;82,17228;224,9888;121,2182;87,15083;80,47618;96,30029;104,3856;176,3328;90,27767;74,20746;172,8233;184,9886;97,72253;207,533;99,23556;137,0991;88,53091;83,36349;108,8452;87,74927;63,36695;66,23595;89,30307;104,6174;88,33212;110,9299;112,5019;124,3998;100,4331;96,24534;209,9544;127,6232;158,8196;82,14178;87,59407;106,5508;79,92226;80,20581;89,86458;101,7484;72,73188;72,73188;83,1024;138,4027;246,3818;246,9491;206,7968;272,6057;204,8054;316,2182;365,1499;327,4294;237,3288;418,7883;208,1416;211,1121;242,8601;227,4808;130,6631;233,8429;214,861;215,7008;408,0665;368,7172;184,1916;230,6026;263,3565;395,864;282,1821;130,6631;238,8586;78,25462;241,1236;297,8701;65,42163;215,9037;187,9665;74,20746;296,2962;316,2182;204,3577;282,1821;214,861;315,5426;233,8429;272,6057;187,9665;395,864;145,3739;235,0869;138,4027;254,4621;312,8879;230,6026;205,8022;217,0704;65,42163;301,5255;207,6562;233,8429;227,4808;203,83;229,238;222,4158
"475";"2020-07-01";93,15854;70,63386;264,8159;100,7877;98,44402;94,56145;114,4432;118,4553;139,3953;91,04647;81,73441;145,8789;223,396;130,3862;266,41;96,2547;107,2083;80,31022;104,9246;122,9006;119,0841;130,3674;114,4589;65,90222;123,1986;68,88387;106,6243;117,5354;123,7108;104,604;117,0972;165,7;119,907;131,0024;118,2858;132,3472;110,6707;125,8172;83,02733;91,80472;105,8001;78,92738;78,92738;76,94673;139,3623;216,336;204,2278;247,9108;185,5488;218,0928;296,992;379,1644;256,0737;268,8597;348,1455;213,798;236,3107;254,2434;219,8777;202,3835;194,3527;180,9259;291,68;363,1549;306,9778;165,0456;260,4439;283,2268;355,0729;268,0788;202,3835;217,7044;94,9484;261,6742;303,5734;87,06185;220,8074;168,5658;81,73441;264,5045;296,992;246,9615;268,0788;180,9259;335,4751;194,3527;185,5488;168,5658;355,0729;131,752;277,495;139,3623;266,9699;316,6444;260,4439;247,5718;258,6766;87,06185;321,6418;179,873;194,3527;219,8777;234,1975;180,5214;251,5045
"476";"2020-08-01";87,56693;66,01814;174,9914;94,09047;89,57105;89,85274;91,18941;90,24812;141,5008;84,64251;72,77766;169,144;140,5563;113,6638;165,8773;100,8969;111,0243;79,84773;94,78548;116,9235;112,9272;90,65234;62,42719;69,57918;101,5154;74,55011;80,87309;87,50424;94,27731;94,02027;91,71725;161,5046;112,6864;131,4372;95,65778;110,223;104,7409;102,8182;63,02987;67,75928;124,723;59,57701;59,57701;62,86993;128,3778;260,6726;251,2939;264,8478;234,92;282,8262;273,2248;524,0215;266,975;233,236;554,3777;275,0459;229,8791;254,9098;216,609;122,4028;172,8348;172,1264;341,5427;578,8218;328,6802;202,6246;352,1494;350,5084;554,1066;326,8371;122,4028;256,721;68,85464;270,3066;237,0709;65,68178;246,9637;194,5641;72,77766;359,7237;273,2248;178,3333;326,8371;172,1264;389,7847;172,8348;234,92;194,5641;554,1066;127,7609;356,3376;128,3778;277,7185;491,3452;352,1494;171,9579;271,3768;65,68178;447,3864;223,3464;172,8348;216,609;186,6046;182,1491;245,9951
"477";"2020-09-01";163,2437;159,0863;339,8682;161,1906;152,8045;143,0892;200,6388;162,0511;230,0564;142,0213;138,5806;332,7519;285,4845;210,1009;333,0682;152,9738;191,7008;138,9064;160,1555;212,8876;176,0155;161,656;125,4305;110,1929;204,1446;131,8477;145,258;211,3786;168,9973;175,8175;200,7113;283,5797;199,8159;207,0584;175,1873;196,9908;169,9659;183,9077;122,0843;147,4659;173,2305;135,2618;135,2618;133,4914;252,8999;331,74;328,5059;412,4853;379,6475;318,1747;388,9453;535,7556;423,0345;373,8725;558,3138;338,111;363,9984;366,915;334,6201;300,0035;277,8796;327,8196;422,9579;553,7173;450,6823;244,3031;370,0193;343,1551;504,1628;393,5562;300,0035;373,8619;149,0904;419,8286;389,7129;137,2354;362,36;233,5798;138,5806;467,5585;388,9453;366,4827;393,5562;327,8196;554,371;277,8796;379,6475;233,5798;504,1628;224,56;342,5322;252,8999;429,6295;447,8703;370,0193;344,3325;399,9691;137,2354;514,1212;409,5891;277,8796;334,6201;374,2817;303,0625;409,6899
"478";"2020-10-01";28,5797;24,47916;45,4845;16,73332;22,1504;22,05524;19,76303;32,83534;43,63385;29,98189;31,26946;34,79589;37,39955;24,21708;39,77984;18,53453;22,55685;16,65119;27,82341;25,11475;24,48021;18,08375;15,71648;19,99088;27,71409;23,6238;24,51555;21,70494;27,22453;25,30871;23,2925;61,71888;32,24379;43,83912;21,79074;23,34222;21,58441;22,37011;21,2436;23,83413;32,02151;27,37456;27,37456;16,31307;43,40799;86,68426;78,66765;87,36073;73,37703;167,2561;103,5811;166,6639;91,16915;78,67906;96,5004;111,2701;75,10836;93,3456;51,88;68,1926;42,28978;57,81063;126,0993;147,7777;122,2077;85,75341;145,4924;204,9728;193,2397;127,5013;68,1926;78,49512;42,80626;60,79956;81,95267;34,85285;64,59783;80,15787;31,26946;93,55009;103,5811;44,25082;127,5013;57,81063;137,9979;42,28978;73,37703;80,15787;193,2397;42,68466;185,2612;43,40799;56,38368;188,852;145,4924;39,52078;100,6831;34,85285;235,922;57,89137;42,28978;51,88;51,57284;62,28053;52,44201
"479";"2020-11-01";9,256141;9,228014;25,6957;0;5,330863;5,728909;11,42135;11,42192;16,82204;11,37357;9,342623;53,56526;21,3775;10,01324;32,76373;7,59306;6,699256;8,543253;6,373842;11,15866;9,395851;5,427115;0;5,792455;7,692323;6,234684;8,965399;20,11659;11,92855;7,242662;15,3954;25,43667;11,26718;12,40316;7,870793;9,465806;7,827939;7,645576;7,713511;11,44237;9,891415;11,4143;11,4143;6,167664;26,01048;23,96033;25,28642;22,94119;26,44684;32,50393;38,9669;93,34416;53,65301;31,792;66,76217;41,60032;28,7298;36,68432;25,58245;31,50801;20,61567;32,19924;65,6002;106,8532;57,16943;20,99378;50,77869;53,69487;88,73747;46,75733;31,50801;28,28218;12,00338;29,52374;59,31353;14,06947;27,63253;21,8609;9,342623;77,92454;38,9669;34,9918;46,75733;32,19924;80,64012;20,61567;26,44684;21,8609;88,73747;17,06136;64,66971;26,01048;32,80644;70,07253;50,77869;29,89954;32,39836;14,06947;83,35194;60,33965;20,61567;25,58245;32,86866;33,77433;34,33198
"480";"2020-12-01";6,939282;6,189219;26,68908;0;5,985755;5,792678;5,438584;14,78725;12,87332;13,17604;11,95254;21,42709;23,24662;7,102117;30,19194;6,086541;0;11,76563;5,9857;8,586681;7,343894;5,096122;0;5,75425;7,001503;9,403535;12,32375;8,939301;14,06555;6,422731;10,48081;20,44234;8,797968;12,08957;5,743389;6,838486;5,604213;6,866285;5,124002;6,589128;8,374326;11,28551;11,28551;5,652431;17,10318;27,9437;31,18146;32,77264;36,71218;20,43916;30,28305;27,97518;39,02229;29,30988;19,6389;23,0099;28,2214;26,84228;36,1723;35,54975;31,10108;16,90658;38,98833;25,27133;29,95151;22,19835;24,36487;21,78975;25,22391;27,2933;35,54975;25,77385;13,0243;33,99982;49,98969;12,76635;31,95148;26,31927;11,95254;25,51893;30,28305;32,16673;27,2933;16,90658;37,35901;31,10108;36,71218;26,31927;25,22391;10,41329;19,50248;17,10318;33,08328;24,2741;24,36487;29,20349;28,07448;12,76635;27,33481;22,9495;31,10108;36,1723;36,54309;26,5642;41,63117
"481";"2021-01-01";15,53144;18,87704;111,572;6,246001;10,20493;13,6446;17,30117;38,06261;37,70278;24,99121;20,6009;56,24905;69,03603;19,40615;117,204;15,27652;14,38985;23,77236;12,03331;18,47267;16,62777;9,624693;10,32334;25,14959;17,51515;17,64536;27,34903;32,2396;37,93508;15,47454;25,46651;62,02318;25,73872;32,27487;17,10839;18,04634;13,64974;14,30579;15,87579;17,95758;20,20936;20,45404;20,45404;12,48886;42,90407;103,5422;97,92024;102,1487;155,716;74,21795;107,6321;96,88888;126,2817;97,91512;91,17616;63,89424;91,9976;109,9413;117,3965;108,7773;114,2312;53,13449;76,806;97,60796;80,46407;81,91509;94,25606;87,26142;99,6629;80,19771;108,7773;107,8557;27,68016;122,7708;190,8147;24,9603;102,6347;98,599;20,6009;71,53522;107,6321;133,1651;80,19771;53,13449;81,40633;114,2312;155,716;98,599;99,6629;29,66456;70,27434;42,90407;107,3335;109,2392;94,25606;118,2165;121,4909;24,9603;111,1403;68,08386;114,2312;117,3965;139,5225;105,1158;133,1328
"482";"2021-02-01";7,00978;5,474596;27,10131;0;5,751538;5,528747;7,482947;7,242039;18,8093;6,620582;5,021339;21,85489;18,96932;7,315513;32,32283;8,579102;0;8,81546;5,312446;9,782728;8,689589;6,343552;0;12,38347;7,617016;6,464257;9,211979;13,40384;10,26256;6,280814;9,781803;26,54677;10,94623;14,05982;7,320959;7,954708;5,705163;6,070963;6,778664;7,256642;10,45546;7,492965;7,492965;0;17,27805;36,5564;45,87431;43,9067;58,25015;28,70521;47,21737;46,30154;45,39073;41,74578;30,2918;29,5368;41,37665;41,83556;38,51888;26,45499;40,3326;23,52183;32,37099;43,00831;36,79461;28,94071;31,12168;35,62715;42,2323;31,72858;26,45499;31,88765;7,571823;39,86301;114,4506;6,514012;38,55186;32,16833;5,021339;32,31446;47,21737;32,8704;31,72858;23,52183;36,47085;40,3326;58,25015;32,16833;42,2323;12,11701;27,34677;17,27805;37,03942;40,13763;31,12168;31,38965;39,38128;6,514012;57,48085;27,38715;40,3326;38,51888;36,96065;34,65758;40,11037
"483";"2021-03-01";4,285929;4,781468;22,24247;4,826484;4,999904;5,75893;3,970705;9,320918;7,759666;10,27406;8,343102;8,686657;14,6546;3,745111;24,70778;7,331354;6,044974;11,74683;4,587646;8,354219;7,054906;4,403935;3,029715;9,940071;7,297284;10,32631;13,46222;10,09014;11,80421;5,758724;4,557182;11,66841;6,281208;7,608521;3,897918;4,181609;4,759333;4,435634;7,280545;8,016708;10,1359;10,00175;10,00175;7,183518;9,137959;26,22683;29,97209;20,68336;38,51671;24,3954;34,69283;32,43137;25,91008;24,68168;25,29267;27,74813;23,01066;33,09966;34,64907;12,29663;38,20379;12,01346;30,01833;24,207;33,82412;21,3407;30,16417;24,65489;27,90374;28,234;12,29663;17,58822;7,454054;33,37573;34,2405;7,811041;23,53076;23,80298;8,343102;21,51124;34,69283;22,49433;28,234;12,01346;28,8336;38,20379;38,51671;23,80298;27,90374;7,353976;14,49502;9,137959;28,17775;23,28111;30,16417;26,36493;21,72364;7,811041;46,72318;9,809296;38,20379;34,64907;27,72358;16,19915;33,62561
"484";"2021-04-01";32,31128;23,6726;47,70963;33,90144;39,25371;33,39563;41,12295;27,07494;31,66551;31,51888;28,53695;42,1608;44,41025;38,70674;50,01247;48,4757;30,60244;39,94362;45,92118;48,92501;53,61642;31,48548;41,6196;42,55831;49,37844;38,67573;33,64045;47,0623;31,45265;31,96201;37,70929;44,38433;26,96031;36,43383;41,48619;48,77842;41,26652;53,12217;36,05703;35,25381;52,53859;35,89597;35,89597;37,59223;31,17286;34,43586;36,14388;37,70229;48,31356;20,8416;40,40235;33,11246;50,46321;41,95691;24,89307;28,68982;40,58774;41,17588;40,62923;42,41938;43,0308;38,37824;23,22363;31,73322;29,65415;21,9085;25,93417;27,03764;30,69019;30,06595;42,41938;28,13131;27,8556;49,41817;69,96947;29,31372;41,77498;23,13294;28,53695;31,36982;40,40235;49,9707;30,06595;38,37824;28,80326;43,0308;48,31356;23,13294;30,69019;32,84282;21,1936;31,17286;49,12108;22,92238;25,93417;49,69738;38,44119;29,31372;23,10046;32,89241;43,0308;40,62923;49,55045;48,69488;46,28666
"485";"2021-05-01";117,1752;95,82215;164,4662;131,79;96,95573;97,71588;134,0011;89,66927;126,1379;111,6354;113,0556;112,0108;161,4117;109,0508;172,7846;111,7495;115,8043;92,04408;96,95592;106,9143;110,6595;100,7261;114,7693;89,88972;112,6454;90,4848;92,35706;99,34179;90,14606;104,0205;105,7977;117,0453;116,5256;104,0757;102,1034;106,3049;101,3752;117,4413;90,11359;105,4379;117,6006;117,4524;117,4524;106,7369;113,7979;178,2644;191,502;183,6708;223,3881;107,9585;144,6688;173,551;129,7958;151,1687;173,4364;120,9568;147,9976;135,0718;202,0819;156,4622;191,8489;119,7618;188,0549;179,5263;125,9566;138,8261;141,0933;134,2545;175,7536;134,673;156,4622;142,4194;89,41772;233,2745;145,7721;93,41644;163,9654;147,791;113,0556;150,1694;144,6688;175,4737;134,673;119,7618;174,4811;191,8489;223,3881;147,791;175,7536;116,6777;118,9944;113,7979;213,7785;162,9392;141,0933;169,2668;141,2664;93,41644;185,9072;118,4561;191,8489;202,0819;213,9392;129,3807;214,4702
"486";"2021-06-01";136,14;136,8236;317,0702;156,6108;137,7218;127,379;196,9521;169,4603;218,785;143,3777;128,7455;238,7841;269,1621;168,879;312,2123;140,3734;164,6614;131,2751;147,3774;189,6411;149,1403;145,9799;142,485;112,3941;184,8972;125,7473;154,08;181,5036;178,9268;144,6391;165,9908;251,8935;168,6203;187,0738;148,7073;163,5841;150,8409;155,0077;132,546;151,5249;149,1487;125,1263;125,1263;124,1078;201,1039;371,3878;379,275;306,607;387,037;311,4748;425,0715;421,202;386,804;321,1364;401,395;305,8941;297,5032;354,1434;317,427;207,1956;327,7598;251,3376;283,6363;444,4049;449,7115;272,5404;336,75;385,657;454,3824;383,7853;207,1956;340,6867;138,0564;371,763;330,8802;116,6049;299,4872;275,9691;128,7455;306,3559;425,0715;303,2802;383,7853;251,3376;391,6802;327,7598;387,037;275,9691;454,3824;185,9491;381,173;201,1039;371,3954;417,8958;336,75;310,8026;331,554;116,6049;424,5439;249,6007;327,7598;317,427;293,7825;271,984;317,4848
"487";"2021-07-01";78,68695;57,26516;225,1273;98,70834;88,4956;76,90557;80,60135;114,6385;130,8701;95,23158;81,51074;153,5063;186,8517;98,37619;203,7567;99,79916;106,7269;88,93978;91,32649;128,5301;113,3142;88,37773;67,21149;69,69377;106,5211;80,50892;102,1818;123,9891;116,6555;85,1402;87,2115;156,5512;100,7932;120,8414;87,84098;102,9222;103,5349;100,4077;85,13382;93,73795;110,1337;78,9066;78,9066;80,93383;120,8312;186,6405;166,9293;208,0175;156,0755;189,7928;286,9914;337,981;238,1123;233,4578;371,8587;215,0456;215,9426;243,1789;172,5083;163,7092;167,6561;168,9248;245,6163;356,735;291,3192;167,7151;215,8484;250,9908;345,7115;247,7739;163,7092;187,1862;92,12692;211,5553;256,7362;88,93343;185,5535;169,798;81,51074;258,2017;286,9914;204,9534;247,7739;168,9248;299,0518;167,6561;156,0755;169,798;345,7115;112,2925;282,7091;120,8312;214,9544;319,0794;215,8484;193,0143;234,4191;88,93343;302,2517;195,3105;167,6561;172,5083;210,3618;162,8845;188,7985
"488";"2021-08-01";141,9731;98,87272;288,6584;134,211;130,21;127,0291;143,0755;159,1316;203,9271;122,3089;113,3808;244,5274;229,9733;155,9315;279,2311;138,6327;158,4966;111,3795;141,9032;154,9387;146,2996;100,0272;91,84036;119,1871;133,0727;119,61;138,9418;165,0993;158,1265;140,8854;155,0202;228,5662;167,3316;175,4835;128,1579;139,9929;140,3637;134,5594;115,9492;129,703;152,576;103,7756;103,7756;108,1317;205,3278;341,3011;366,738;339,045;413,8389;282,2625;348,3898;543,3344;315,0016;302,4432;638,9514;276,5809;320,3565;318,5734;343,231;252,3032;276,9179;255,2325;339,9179;595,2665;387,657;227,9884;335,6552;354,4835;564,3342;321,3293;252,3032;311,7018;136,9276;420,1731;296,7376;120,4221;340,1108;227,6455;113,3808;387,5014;348,3898;311,3645;321,3293;255,2325;412,6227;276,9179;413,8389;227,6455;564,3342;193,1387;332,8433;205,3278;413,5034;520,3434;335,6552;318,4839;326,0479;120,4221;445,7453;304,3976;276,9179;343,231;364,0637;240,2456;369,0265
"489";"2021-09-01";145,235;134,9171;353,0379;151,3335;152,7158;136,5445;188,7862;174,6875;219,4975;170,6517;151,4331;281,455;301,1297;185,7766;346,0758;152,3626;179,5612;171,9498;158,7878;215,1048;171,9662;160,0192;139,5012;125,6766;199,1823;149,4572;178,6229;270,4346;190,9662;150,9633;192,7189;261,194;182,4043;199,4448;169,5131;198,2534;169,1166;190,3032;158,3857;195,8843;184,3706;149,9485;149,9485;143,3527;231,8622;303,9967;311,9944;418,1653;370,3207;290,39;385,1681;445,0889;402,8279;396,1455;431,4104;312,1916;393,3163;379,6535;334,395;266,4149;275,0802;287,1438;342,3153;455,448;373,1847;217,4666;324,6306;304,9363;387,1996;349,6798;266,4149;331,7115;144,3164;393,8369;383,5104;135,3259;388,3126;242,5663;151,4331;367,8747;385,1681;330,5258;349,6798;287,1438;432,4435;275,0802;370,3207;242,5663;387,1996;202,8966;270,3551;231,8622;397,576;345,8262;324,6306;328,0463;397,9492;135,3259;439,8653;311,8573;275,0802;334,395;338,5758;276,6847;384,8806
"490";"2021-10-01";67,44892;54,1503;135,9756;45,69224;66,89392;73,04438;73,28577;80,07567;100,2383;85,58076;74,32899;86,0655;118,2594;83,20483;132,0283;57,78209;61,94716;57,04668;90,57594;81,44479;70,49384;59,56698;57,28281;57,57903;74,7263;70,98186;80,80087;96,10116;86,11916;72,47765;68,82542;119,0845;87,30692;120,872;69,05099;77,1222;65,25187;74,12372;76,74267;87,30984;97,33376;83,00374;83,00374;60,8523;99,14209;123,1625;122,8411;148,1851;139,04;237,4431;201,5187;217,7928;180,5887;151,8038;158,9184;173,3634;135,5096;182,9013;119,3388;142,9985;97,4427;113,2668;215,169;182,8291;209,2555;115,1166;204,8982;253,3599;219,6298;211,5914;142,9985;121,0386;74,79844;130,1975;173,0774;80,7772;114,5352;135,1709;74,32899;175,1473;201,5187;123,1483;211,5914;113,2668;241,8126;97,4427;139,04;135,1709;219,6298;90,28062;179,9748;99,14209;118,2129;193,8336;204,8982;115,0391;168,1667;80,7772;310,6331;115,644;97,4427;119,3388;134,2587;134,0002;130,2956
"491";"2021-11-01";17,24903;14,29973;55,65775;6,050983;10,23049;11,00653;17,61443;18,64397;31,8343;17,60879;13,96253;73,07463;44,82193;19,17701;71,12346;14,17846;12,97823;13,84863;12,20947;20,12465;17,67216;11,37475;7,165425;10,58672;13,9676;10,7354;16,27556;32,65964;20,69668;13,75484;27,72728;46,98508;21,13727;24,38986;14,80458;17,91334;14,8905;14,73054;12,41401;18,18217;17,98039;17,06882;17,06882;10,42419;40,11593;50,32962;55,89122;37,07915;63,48157;42,94865;64,34102;105,0084;98,12449;58,89531;90,27223;57,36914;50,12896;54,89938;56,92178;52,7065;42,88771;55,70185;88,83451;120,9821;87,64786;35,21941;62,78092;54,13075;103,0629;73,74324;52,7065;51,64687;17,88496;68,93124;107,6332;20,02346;52,30702;39,51086;13,96253;100,4155;64,34102;71,69557;73,74324;55,70185;112,6728;42,88771;63,48157;39,51086;103,0629;28,23567;62,97256;40,11593;84,82689;78,878;62,78092;63,58061;50,02633;20,02346;82,71112;84,26868;42,88771;56,92178;75,04098;63,06376;74,09068
"492";"2021-12-01";8,677629;6,687571;25,24121;0;7,271234;7,130788;6,961322;12,72026;15,17112;11,09036;10,99855;24,16285;21,41335;8,580942;28,32808;6,7313;0;11,00207;7,154822;7,596107;7,671112;0;0;5,351107;5,891766;7,817417;11,46354;8,669178;13,10509;7,931875;12,24457;23,85188;10,76404;14,01594;6,509699;7,669668;6,566706;7,085612;0;6,5349;8,355371;11,51602;11,51602;2,831238;19,60158;25,58566;26,67599;26,70438;29,63051;17,8875;27,83189;28,52995;39,44442;25,0239;22,19348;21,95884;23,40862;23,73357;26,17977;25,82358;18,87435;19,53527;38,79121;23,56961;32,23831;16,19794;22,77865;21,24153;22,70097;27,29641;25,82358;21,80997;11,86039;25,73853;50,06585;12,19639;25,56906;17,48134;10,99855;27,02954;27,83189;24,91522;27,29641;19,53527;40,52596;18,87435;29,63051;17,48134;22,70097;12,29238;16,78218;19,60158;27,31326;22,10138;22,77865;27,26984;24,73784;12,19639;24,69812;25,10858;18,87435;26,17977;30,25467;29,88601;31,16745
