"";"date";"estac21020";"estac21023";"estac21025";"estac21026";"estac21027";"estac21031";"estac21033";"estac21038";"estac21039";"estac21040";"estac21052";"estac21053";"estac21056";"estac21060";"estac21067";"estac21072";"estac21073";"estac21077";"estac21079";"estac21080";"estac21081";"estac21082";"estac21093";"estac21095";"estac21100";"estac21105";"estac21117";"estac21119";"estac21145";"estac21154";"estac21157";"estac21158";"estac21159";"estac21161";"estac21170";"estac21171";"estac21173";"estac21182";"estac21184";"estac21200";"estac21221";"estac21226";"estac21244";"estac29007";"estac30004";"estac30010";"estac30015";"estac30017";"estac30026";"estac30030";"estac30032";"estac30036";"estac30042";"estac30052";"estac30053";"estac30061";"estac30066";"estac30072";"estac30075";"estac30085";"estac30087";"estac30100";"estac30115";"estac30119";"estac30120";"estac30140";"estac30151";"estac30155";"estac30156";"estac30164";"estac30175";"estac30177";"estac30178";"estac30179";"estac30181";"estac30186";"estac30187";"estac30195";"estac30198";"estac30200";"estac30206";"estac30209";"estac30210";"estac30212";"estac30227";"estac30228";"estac30238";"estac30241";"estac30259";"estac30274";"estac30296";"estac30299";"estac30311";"estac30316";"estac30330";"estac30336";"estac30342";"estac30366";"estac30387";"estac30391";"estac30395";"estac30452";"estac30453";"estac30486";"estac30487"
"1";"1950-01-01";11,03945;12,57852;8,69961;9,445704;9,445704;11,03945;12,57852;9,555079;10,42031;8,69961;9,410547;12,22109;8,69961;11,03945;8,69961;9,445704;8,285547;9,490625;9,445704;10,05508;9,445704;11,33242;12,98477;9,490625;10,05508;9,490625;8,69961;9,346094;8,69961;9,445704;11,03945;8,285547;11,03945;8,285547;11,03945;9,445704;9,445704;11,33242;9,346094;9,346094;9,445704;9,410547;9,410547;10,05508;10,42031;13,15859;18,48086;13,15859;12,91836;13,34023;13,34023;19,69766;8,285547;13,15859;18,78359;13,34023;13,15859;13,34023;12,91836;12,91836;12,91836;10,42031;13,42227;19,69766;13,42227;18,48086;13,42227;19,5375;19,69766;13,34023;12,91836;13,15859;9,555079;12,91836;8,285547;9,555079;13,15859;18,48086;9,410547;13,42227;13,34023;13,15859;13,34023;10,42031;13,42227;12,91836;12,91836;18,48086;19,69766;10,42031;19,5375;10,42031;13,15859;19,69766;13,34023;13,15859;13,15859;9,555079;19,5375;12,22109;18,48086;12,91836;12,91836;8,285547;12,91836
"2";"1950-02-01";11,86978;13,14321;9,541651;10,31314;10,31314;11,86978;13,14321;10,27017;11,00454;9,541651;10,36978;12,80337;9,541651;11,86978;9,541651;10,31314;8,842432;10,52993;10,31314;10,89126;10,31314;12,30142;13,94204;10,52993;10,89126;10,52993;9,541651;10,17837;9,541651;10,31314;11,86978;8,842432;11,86978;8,842432;11,86978;10,31314;10,31314;12,30142;10,17837;10,17837;10,31314;10,36978;10,36978;10,89126;11,00454;13,20767;18,05142;13,20767;12,67642;13,48501;13,48501;19,89126;8,842432;13,20767;18,84634;13,48501;13,20767;13,48501;12,67642;12,67642;12,67642;11,00454;13,66274;19,89126;13,66274;18,05142;13,66274;19,6022;19,89126;13,48501;12,67642;13,20767;10,27017;12,67642;8,842432;10,27017;13,20767;18,05142;10,36978;13,66274;13,48501;13,20767;13,48501;11,00454;13,66274;12,67642;12,67642;18,05142;19,89126;11,00454;19,6022;11,00454;13,20767;19,89126;13,48501;13,20767;13,20767;10,27017;19,6022;12,80337;18,05142;12,67642;12,67642;8,842432;12,67642
"3";"1950-03-01";14,13662;15,83389;11,7499;12,18545;12,18545;14,13662;15,83389;12,79678;13,60537;11,7499;12,82022;15,62881;11,7499;14,13662;11,7499;12,18545;11,05068;12,51943;12,18545;12,57217;12,18545;13,9667;15,87881;12,51943;12,57217;12,51943;11,7499;12,22842;11,7499;12,18545;14,13662;11,05068;14,13662;11,05068;14,13662;12,18545;12,18545;13,9667;12,22842;12,22842;12,18545;12,82022;12,82022;12,57217;13,60537;15,76553;21,1835;15,76553;15,38272;16,0292;16,0292;22,18936;11,05068;15,76553;21,20693;16,0292;15,76553;16,0292;15,38272;15,38272;15,38272;13,60537;16,23623;22,18936;16,23623;21,1835;16,23623;22,2499;22,18936;16,0292;15,38272;15,76553;12,79678;15,38272;11,05068;12,79678;15,76553;21,1835;12,82022;16,23623;16,0292;15,76553;16,0292;13,60537;16,23623;15,38272;15,38272;21,1835;22,18936;13,60537;22,2499;13,60537;15,76553;22,18936;16,0292;15,76553;15,76553;12,79678;22,2499;15,62881;21,1835;15,38272;15,38272;11,05068;15,38272
"4";"1950-04-01";14,74844;16,33438;12,31289;13,02383;13,02383;14,74844;16,33438;13,06484;13,9457;12,31289;13,10195;16,0043;12,31289;14,74844;12,31289;13,02383;11,55508;13,12539;13,02383;13,40859;13,02383;14,92422;16,67617;13,12539;13,40859;13,12539;12,31289;12,72891;12,31289;13,02383;14,74844;11,55508;14,74844;11,55508;14,74844;13,02383;13,02383;14,92422;12,72891;12,72891;13,02383;13,10195;13,10195;13,40859;13,9457;16,46719;21,78945;16,46719;15,83633;16,62148;16,62148;23,19961;11,55508;16,46719;22,11172;16,62148;16,46719;16,62148;15,83633;15,83633;15,83633;13,9457;16,76016;23,19961;16,76016;21,78945;16,76016;23,225;23,19961;16,62148;15,83633;16,46719;13,06484;15,83633;11,55508;13,06484;16,46719;21,78945;13,10195;16,76016;16,62148;16,46719;16,62148;13,9457;16,76016;15,83633;15,83633;21,78945;23,19961;13,9457;23,225;13,9457;16,46719;23,19961;16,62148;16,46719;16,46719;13,06484;23,225;16,0043;21,78945;15,83633;15,83633;11,55508;15,83633
"5";"1950-05-01";16,26138;18,00161;14,02505;14,53286;14,53286;16,26138;18,00161;14,82974;15,69888;14,02505;14,81802;17,82974;14,02505;16,26138;14,02505;14,53286;13,38247;14,83169;14,53286;15,03872;14,53286;16,10513;17,98013;14,83169;15,03872;14,83169;14,02505;14,50552;14,02505;14,53286;16,26138;13,38247;16,26138;13,38247;16,26138;14,53286;14,53286;16,10513;14,50552;14,50552;14,53286;14,81802;14,81802;15,03872;15,69888;18,54263;24,05435;18,54263;17,91177;18,88638;18,88638;26,07583;13,38247;18,54263;25,03481;18,88638;18,54263;18,88638;17,91177;17,91177;17,91177;15,69888;18,98794;26,07583;18,98794;24,05435;18,98794;25,99185;26,07583;18,88638;17,91177;18,54263;14,82974;17,91177;13,38247;14,82974;18,54263;24,05435;14,81802;18,98794;18,88638;18,54263;18,88638;15,69888;18,98794;17,91177;17,91177;24,05435;26,07583;15,69888;25,99185;15,69888;18,54263;26,07583;18,88638;18,54263;18,54263;14,82974;25,99185;17,82974;24,05435;17,91177;17,91177;13,38247;17,91177
"6";"1950-06-01";15,33389;16,73037;13,19912;13,67568;13,67568;15,33389;16,73037;13,70693;14,82803;13,19912;13,66397;16,61123;13,19912;15,33389;13,19912;13,67568;12,69131;13,82217;13,67568;14,44131;13,67568;15,65615;17,30654;13,82217;14,44131;13,82217;13,19912;13,64248;13,19912;13,67568;15,33389;12,69131;15,33389;12,69131;15,33389;13,67568;13,67568;15,65615;13,64248;13,64248;13,67568;13,66397;13,66397;14,44131;14,82803;17,75381;22,10537;17,75381;16,79873;18,02139;18,02139;24,28115;12,69131;17,75381;23,36514;18,02139;17,75381;18,02139;16,79873;16,79873;16,79873;14,82803;18,02529;24,28115;18,02529;22,10537;18,02529;24,07022;24,28115;18,02139;16,79873;17,75381;13,70693;16,79873;12,69131;13,70693;17,75381;22,10537;13,66397;18,02529;18,02139;17,75381;18,02139;14,82803;18,02529;16,79873;16,79873;22,10537;24,28115;14,82803;24,07022;14,82803;17,75381;24,28115;18,02139;17,75381;17,75381;13,70693;24,07022;16,61123;22,10537;16,79873;16,79873;12,69131;16,79873
"7";"1950-07-01";14,75332;16,17129;12,54434;13,10488;13,10488;14,75332;16,17129;13,10098;14,11856;12,54434;13,27871;15,94082;12,54434;14,75332;12,54434;13,10488;12,02285;13,54824;13,10488;14,08145;13,10488;15,07363;16,84512;13,54824;14,08145;13,54824;12,54434;13,26504;12,54434;13,10488;14,75332;12,02285;14,75332;12,02285;14,75332;13,10488;13,10488;15,07363;13,26504;13,26504;13,10488;13,27871;13,27871;14,08145;14,11856;17,03457;21,37832;17,03457;16,13809;17,40566;17,40566;23,74746;12,02285;17,03457;22,83145;17,40566;17,03457;17,40566;16,13809;16,13809;16,13809;14,11856;17,42129;23,74746;17,42129;21,37832;17,42129;23,5209;23,74746;17,40566;16,13809;17,03457;13,10098;16,13809;12,02285;13,10098;17,03457;21,37832;13,27871;17,42129;17,40566;17,03457;17,40566;14,11856;17,42129;16,13809;16,13809;21,37832;23,74746;14,11856;23,5209;14,11856;17,03457;23,74746;17,40566;17,03457;17,03457;13,10098;23,5209;15,94082;21,37832;16,13809;16,13809;12,02285;16,13809
"8";"1950-08-01";15,31411;16,78091;12,66177;13,64028;13,64028;15,31411;16,78091;13,45278;14,29849;12,66177;13,54263;16,28677;12,66177;15,31411;12,66177;13,64028;11,92349;13,91958;13,64028;14,72036;13,64028;16,27114;17,87466;13,91958;14,72036;13,91958;12,66177;13,50356;12,66177;13,64028;15,31411;11,92349;15,31411;11,92349;15,31411;13,64028;13,64028;16,27114;13,50356;13,50356;13,64028;13,54263;13,54263;14,72036;14,29849;17,25356;21,76333;17,25356;16,32583;17,53872;17,53872;24,42935;11,92349;17,25356;23,42349;17,53872;17,25356;17,53872;16,32583;16,32583;16,32583;14,29849;17,62075;24,42935;17,62075;21,76333;17,62075;23,79653;24,42935;17,53872;16,32583;17,25356;13,45278;16,32583;11,92349;13,45278;17,25356;21,76333;13,54263;17,62075;17,53872;17,25356;17,53872;14,29849;17,62075;16,32583;16,32583;21,76333;24,42935;14,29849;23,79653;14,29849;17,25356;24,42935;17,53872;17,25356;17,25356;13,45278;23,79653;16,28677;21,76333;16,32583;16,32583;11,92349;16,32583
"9";"1950-09-01";15,72891;17,41445;13,41445;14,03164;14,03164;15,72891;17,41445;14,12148;15,10195;13,41445;14,18398;16,99258;13,41445;15,72891;13,41445;14,03164;12,90078;14,22305;14,03164;14,93984;14,03164;16,27383;17,84219;14,22305;14,93984;14,22305;13,41445;14,1918;13,41445;14,03164;15,72891;12,90078;15,72891;12,90078;15,72891;14,03164;14,03164;16,27383;14,1918;14,1918;14,03164;14,18398;14,18398;14,93984;15,10195;18,12148;22,50625;18,12148;17,19961;18,55703;18,55703;25,41641;12,90078;18,12148;24,35977;18,55703;18,12148;18,55703;17,19961;17,19961;17,19961;15,10195;18,67031;25,41641;18,67031;22,50625;18,67031;24,61953;25,41641;18,55703;17,19961;18,12148;14,12148;17,19961;12,90078;14,12148;18,12148;22,50625;14,18398;18,67031;18,55703;18,12148;18,55703;15,10195;18,67031;17,19961;17,19961;22,50625;25,41641;15,10195;24,61953;15,10195;18,12148;25,41641;18,55703;18,12148;18,12148;14,12148;24,61953;16,99258;22,50625;17,19961;17,19961;12,90078;17,19961
"10";"1950-10-01";13,84023;14,93008;11,73477;12,3793;12,3793;13,84023;14,93008;11,94375;13,33047;11,73477;11,66445;14,82266;11,73477;13,84023;11,73477;12,3793;11,44766;12,01602;12,3793;12,60195;12,3793;14,23281;15,55508;12,01602;12,60195;12,01602;11,73477;11,62539;11,73477;12,3793;13,84023;11,44766;13,84023;11,44766;13,84023;12,3793;12,3793;14,23281;11,62539;11,62539;12,3793;11,66445;11,66445;12,60195;13,33047;16,18008;20,2875;16,18008;15,225;16,43984;16,43984;22,41836;11,44766;16,18008;21,51406;16,43984;16,18008;16,43984;15,225;15,225;15,225;13,33047;16,38711;22,41836;16,38711;20,2875;16,38711;22,21133;22,41836;16,43984;15,225;16,18008;11,94375;15,225;11,44766;11,94375;16,18008;20,2875;11,66445;16,38711;16,43984;16,18008;16,43984;13,33047;16,38711;15,225;15,225;20,2875;22,41836;13,33047;22,21133;13,33047;16,18008;22,41836;16,43984;16,18008;16,18008;11,94375;22,21133;14,82266;20,2875;15,225;15,225;11,44766;15,225
"11";"1950-11-01";11,51162;12,5292;9,06045;10,2792;10,2792;11,51162;12,5292;9,197168;10,48818;9,06045;9,115137;12,2167;9,06045;11,51162;9,06045;10,2792;8,638575;10,08779;10,2792;10,51553;10,2792;12,27725;13,66592;10,08779;10,51553;10,08779;9,06045;9,079981;9,06045;10,2792;11,51162;8,638575;11,51162;8,638575;11,51162;10,2792;10,2792;12,27725;9,079981;9,079981;10,2792;9,115137;9,115137;10,51553;10,48818;12,86514;17,13467;12,86514;12,05068;13,22061;13,22061;19,43154;8,638575;12,86514;18,66006;13,22061;12,86514;13,22061;12,05068;12,05068;12,05068;10,48818;13,3749;19,43154;13,3749;17,13467;13,3749;19,07803;19,43154;13,22061;12,05068;12,86514;9,197168;12,05068;8,638575;9,197168;12,86514;17,13467;9,115137;13,3749;13,22061;12,86514;13,22061;10,48818;13,3749;12,05068;12,05068;17,13467;19,43154;10,48818;19,07803;10,48818;12,86514;19,43154;13,22061;12,86514;12,86514;9,197168;19,07803;12,2167;17,13467;12,05068;12,05068;8,638575;12,05068
"12";"1950-12-01";11,21792;12,71206;9,464014;9,903467;9,903467;11,21792;12,71206;9,727686;10,43667;9,464014;9,702295;12,21011;9,464014;11,21792;9,464014;9,903467;8,663233;10,29995;9,903467;10,09683;9,903467;11,41128;13,08706;10,29995;10,09683;10,29995;9,464014;9,256983;9,464014;9,903467;11,21792;8,663233;11,21792;8,663233;11,21792;9,903467;9,903467;11,41128;9,256983;9,256983;9,903467;9,702295;9,702295;10,09683;10,43667;12,49526;16,98745;12,49526;11,91714;12,78237;12,78237;18,85269;8,663233;12,49526;18,04995;12,78237;12,49526;12,78237;11,91714;11,91714;11,91714;10,43667;13,00112;18,85269;13,00112;16,98745;13,00112;18,53433;18,85269;12,78237;11,91714;12,49526;9,727686;11,91714;8,663233;9,727686;12,49526;16,98745;9,702295;13,00112;12,78237;12,49526;12,78237;10,43667;13,00112;11,91714;11,91714;16,98745;18,85269;10,43667;18,53433;10,43667;12,49526;18,85269;12,78237;12,49526;12,49526;9,727686;18,53433;12,21011;16,98745;11,91714;11,91714;8,663233;11,91714
"13";"1951-01-01";12,19253;13,65933;9,897608;10,6769;10,6769;12,19253;13,65933;10,49331;11,32534;9,897608;10,63589;13,15542;9,897608;12,19253;9,897608;10,6769;9,245264;11,02651;10,6769;11,10855;10,6769;12,32144;14,04995;11,02651;11,10855;11,02651;9,897608;10,29019;9,897608;10,6769;12,19253;9,245264;12,19253;9,245264;12,19253;10,6769;10,6769;12,32144;10,29019;10,29019;10,6769;10,63589;10,63589;11,10855;11,32534;13,15542;17,81362;13,15542;12,72964;13,47378;13,47378;19,41909;9,245264;13,15542;18,41519;13,47378;13,15542;13,47378;12,72964;12,72964;12,72964;11,32534;13,66714;19,41909;13,66714;17,81362;13,66714;19,21011;19,41909;13,47378;12,72964;13,15542;10,49331;12,72964;9,245264;10,49331;13,15542;17,81362;10,63589;13,66714;13,47378;13,15542;13,47378;11,32534;13,66714;12,72964;12,72964;17,81362;19,41909;11,32534;19,21011;11,32534;13,15542;19,41909;13,47378;13,15542;13,15542;10,49331;19,21011;13,15542;17,81362;12,72964;12,72964;9,245264;12,72964
"14";"1951-02-01";11,81851;12,89272;9,326319;10,50601;10,50601;11,81851;12,89272;10,20132;10,64858;9,326319;10,58608;12,30679;9,326319;11,81851;9,326319;10,50601;8,757959;10,95132;10,50601;11,35366;10,50601;12,42593;13,87319;10,95132;11,35366;10,95132;9,326319;10,47476;9,326319;10,50601;11,81851;8,757959;11,81851;8,757959;11,81851;10,50601;10,50601;12,42593;10,47476;10,47476;10,50601;10,58608;10,58608;11,35366;10,64858;12,29312;17,0646;12,29312;12,12905;12,65054;12,65054;18,46108;8,757959;12,29312;17,45913;12,65054;12,29312;12,65054;12,12905;12,12905;12,12905;10,64858;12,77358;18,46108;12,77358;17,0646;12,77358;18,38882;18,46108;12,65054;12,12905;12,29312;10,20132;12,12905;8,757959;10,20132;12,29312;17,0646;10,58608;12,77358;12,65054;12,29312;12,65054;10,64858;12,77358;12,12905;12,12905;17,0646;18,46108;10,64858;18,38882;10,64858;12,29312;18,46108;12,65054;12,29312;12,29312;10,20132;18,38882;12,30679;17,0646;12,12905;12,12905;8,757959;12,12905
"15";"1951-03-01";14,42471;16,07314;12,13564;12,70596;12,70596;14,42471;16,07314;12,87979;13,61025;12,13564;13,10635;15,59072;12,13564;14,42471;12,13564;12,70596;11,46963;13,22354;12,70596;13,30361;12,70596;14,43643;16,31924;13,22354;13,30361;13,22354;12,13564;12,71377;12,13564;12,70596;14,42471;11,46963;14,42471;11,46963;14,42471;12,70596;12,70596;14,43643;12,71377;12,71377;12,70596;13,10635;13,10635;13,30361;13,61025;15,25088;20,35635;15,25088;14,90713;15,70205;15,70205;22,29189;11,46963;15,25088;21,30752;15,70205;15,25088;15,70205;14,90713;14,90713;14,90713;13,61025;16,12979;22,29189;16,12979;20,35635;16,12979;22,05361;22,29189;15,70205;14,90713;15,25088;12,87979;14,90713;11,46963;12,87979;15,25088;20,35635;13,10635;16,12979;15,70205;15,25088;15,70205;13,61025;16,12979;14,90713;14,90713;20,35635;22,29189;13,61025;22,05361;13,61025;15,25088;22,29189;15,70205;15,25088;15,25088;12,87979;22,05361;15,59072;20,35635;14,90713;14,90713;11,46963;14,90713
"16";"1951-04-01";16,78848;18,45254;14,11465;14,74551;14,74551;16,78848;18,45254;14,64395;15,88418;14,11465;15,0834;17,95059;14,11465;16,78848;14,11465;14,74551;13,42715;15,18691;14,74551;15,11856;14,74551;16,40957;18,56777;15,18691;15,11856;15,18691;14,11465;14,75723;14,11465;14,74551;16,78848;13,42715;16,78848;13,42715;16,78848;14,74551;14,74551;16,40957;14,75723;14,75723;14,74551;15,0834;15,0834;15,11856;15,88418;17,04043;22,70254;17,04043;16,56582;17,51309;17,51309;24,18887;13,42715;17,04043;23,10879;17,51309;17,04043;17,51309;16,56582;16,56582;16,56582;15,88418;17,88418;24,18887;17,88418;22,70254;17,88418;24,19473;24,18887;17,51309;16,56582;17,04043;14,64395;16,56582;13,42715;14,64395;17,04043;22,70254;15,0834;17,88418;17,51309;17,04043;17,51309;15,88418;17,88418;16,56582;16,56582;22,70254;24,18887;15,88418;24,19473;15,88418;17,04043;24,18887;17,51309;17,04043;17,04043;14,64395;24,19473;17,95059;22,70254;16,56582;16,56582;13,42715;16,56582
"17";"1951-05-01";16,32852;18,00039;13,84414;14,3793;14,3793;16,32852;18,00039;14,68203;15,88516;13,84414;14,89297;17,89102;13,84414;16,32852;13,84414;14,3793;13,38125;14,58828;14,3793;14,80508;14,3793;15,93398;17,78359;14,58828;14,80508;14,58828;13,84414;14,51602;13,84414;14,3793;16,32852;13,38125;16,32852;13,38125;16,32852;14,3793;14,3793;15,93398;14,51602;14,51602;14,3793;14,89297;14,89297;14,80508;15,88516;18,30117;23,73672;18,30117;17,63516;18,71523;18,71523;25,90273;13,38125;18,30117;24,71328;18,71523;18,30117;18,71523;17,63516;17,63516;17,63516;15,88516;18,85195;25,90273;18,85195;23,73672;18,85195;25,87539;25,90273;18,71523;17,63516;18,30117;14,68203;17,63516;13,38125;14,68203;18,30117;23,73672;14,89297;18,85195;18,71523;18,30117;18,71523;15,88516;18,85195;17,63516;17,63516;23,73672;25,90273;15,88516;25,87539;15,88516;18,30117;25,90273;18,71523;18,30117;18,30117;14,68203;25,87539;17,89102;23,73672;17,63516;17,63516;13,38125;17,63516
"18";"1951-06-01";16,0646;17,35952;14,12319;14,55679;14,55679;16,0646;17,35952;14,64077;15,61929;14,12319;14,63101;17,28921;14,12319;16,0646;14,12319;14,55679;13,6564;14,81069;14,55679;15,31069;14,55679;16,30874;17,87124;14,81069;15,31069;14,81069;14,12319;14,64663;14,12319;14,55679;16,0646;13,6564;16,0646;13,6564;16,0646;14,55679;14,55679;16,30874;14,64663;14,64663;14,55679;14,63101;14,63101;15,31069;15,61929;18,37905;22,73647;18,37905;17,6271;18,74819;18,74819;24,91226;13,6564;18,37905;24,07046;18,74819;18,37905;18,74819;17,6271;17,6271;17,6271;15,61929;18,80483;24,91226;18,80483;22,73647;18,80483;24,6896;24,91226;18,74819;17,6271;18,37905;14,64077;17,6271;13,6564;14,64077;18,37905;22,73647;14,63101;18,80483;18,74819;18,37905;18,74819;15,61929;18,80483;17,6271;17,6271;22,73647;24,91226;15,61929;24,6896;15,61929;18,37905;24,91226;18,74819;18,37905;18,37905;14,64077;24,6896;17,28921;22,73647;17,6271;17,6271;13,6564;17,6271
"19";"1951-07-01";15,42935;16,96255;13,32778;13,72036;13,72036;15,42935;16,96255;14,01333;14,97817;13,32778;14,13833;16,86099;13,32778;15,42935;13,32778;13,72036;12,80044;14,05435;13,72036;14,63833;13,72036;15,69302;17,42349;14,05435;14,63833;14,05435;13,32778;14,13638;13,32778;13,72036;15,42935;12,80044;15,42935;12,80044;15,42935;13,72036;13,72036;15,69302;14,13638;14,13638;13,72036;14,13833;14,13833;14,63833;14,97817;17,79653;22,04067;17,79653;16,98599;18,16372;18,16372;24,25552;12,80044;17,79653;23,40005;18,16372;17,79653;18,16372;16,98599;16,98599;16,98599;14,97817;18,08169;24,25552;18,08169;22,04067;18,08169;24,00161;24,25552;18,16372;16,98599;17,79653;14,01333;16,98599;12,80044;14,01333;17,79653;22,04067;14,13833;18,08169;18,16372;17,79653;18,16372;14,97817;18,08169;16,98599;16,98599;22,04067;24,25552;14,97817;24,00161;14,97817;17,79653;24,25552;18,16372;17,79653;17,79653;14,01333;24,00161;16,86099;22,04067;16,98599;16,98599;12,80044;16,98599
"20";"1951-08-01";16,12417;17,7648;13,7687;14,31558;14,31558;16,12417;17,7648;14,50698;15,49722;13,7687;14,61245;17,36636;13,7687;16,12417;13,7687;14,31558;13,22378;14,68667;14,31558;15,25308;14,31558;16,54409;18,31167;14,68667;15,25308;14,68667;13,7687;14,55776;13,7687;14,31558;16,12417;13,22378;16,12417;13,22378;16,12417;14,31558;14,31558;16,54409;14,55776;14,55776;14,31558;14,61245;14,61245;15,25308;15,49722;18,33511;22,59683;18,33511;17,55581;18,70034;18,70034;24,99136;13,22378;18,33511;24,15737;18,70034;18,33511;18,70034;17,55581;17,55581;17,55581;15,49722;18,6769;24,99136;18,6769;22,59683;18,6769;24,54019;24,99136;18,70034;17,55581;18,33511;14,50698;17,55581;13,22378;14,50698;18,33511;22,59683;14,61245;18,6769;18,70034;18,33511;18,70034;15,49722;18,6769;17,55581;17,55581;22,59683;24,99136;15,49722;24,54019;15,49722;18,33511;24,99136;18,70034;18,33511;18,33511;14,50698;24,54019;17,36636;22,59683;17,55581;17,55581;13,22378;17,55581
"21";"1951-09-01";15,65176;17,0502;13,31777;13,90176;13,90176;15,65176;17,0502;13,73184;14,96621;13,31777;13,70645;16,65762;13,31777;15,65176;13,31777;13,90176;12,85684;13,99746;13,90176;14,59316;13,90176;16,0541;17,82949;13,99746;14,59316;13,99746;13,31777;13,77871;13,31777;13,90176;15,65176;12,85684;15,65176;12,85684;15,65176;13,90176;13,90176;16,0541;13,77871;13,77871;13,90176;13,70645;13,70645;14,59316;14,96621;17,91543;22,09707;17,91543;16,97402;18,26113;18,26113;24,28066;12,85684;17,91543;23,43887;18,26113;17,91543;18,26113;16,97402;16,97402;16,97402;14,96621;18,16348;24,28066;18,16348;22,09707;18,16348;24,00527;24,28066;18,26113;16,97402;17,91543;13,73184;16,97402;12,85684;13,73184;17,91543;22,09707;13,70645;18,16348;18,26113;17,91543;18,26113;14,96621;18,16348;16,97402;16,97402;22,09707;24,28066;14,96621;24,00527;14,96621;17,91543;24,28066;18,26113;17,91543;17,91543;13,73184;24,00527;16,65762;22,09707;16,97402;16,97402;12,85684;16,97402
"22";"1951-10-01";15,25112;16,42495;12,26284;13,60073;13,60073;15,25112;16,42495;12,7648;13,90933;12,26284;12,85073;15,83315;12,26284;15,25112;12,26284;13,60073;11,83706;13,49331;13,60073;14,10659;13,60073;15,66323;17,46597;13,49331;14,10659;13,49331;12,26284;12,91128;12,26284;13,60073;15,25112;11,83706;15,25112;11,83706;15,25112;13,60073;13,60073;15,66323;12,91128;12,91128;13,60073;12,85073;12,85073;14,10659;13,90933;16,44058;20,76284;16,44058;15,65542;16,78628;16,78628;23,07144;11,83706;16,44058;22,29409;16,78628;16,44058;16,78628;15,65542;15,65542;15,65542;13,90933;16,85464;23,07144;16,85464;20,76284;16,85464;22,67495;23,07144;16,78628;15,65542;16,44058;12,7648;15,65542;11,83706;12,7648;16,44058;20,76284;12,85073;16,85464;16,78628;16,44058;16,78628;13,90933;16,85464;15,65542;15,65542;20,76284;23,07144;13,90933;22,67495;13,90933;16,44058;23,07144;16,78628;16,44058;16,44058;12,7648;22,67495;15,83315;20,76284;15,65542;15,65542;11,83706;15,65542
"23";"1951-11-01";13,72329;14,71939;11,10024;12,50064;12,50064;13,72329;14,71939;11,68423;12,46353;11,10024;12,02407;14,15103;11,10024;13,72329;11,10024;12,50064;10,70962;12,52603;12,50064;13,09048;12,50064;14,46743;15,87173;12,52603;13,09048;12,52603;11,10024;12,18814;11,10024;12,50064;13,72329;10,70962;13,72329;10,70962;13,72329;12,50064;12,50064;14,46743;12,18814;12,18814;12,50064;12,02407;12,02407;13,09048;12,46353;14,70376;18,69985;14,70376;14,07681;15,04165;15,04165;20,65298;10,70962;14,70376;19,82876;15,04165;14,70376;15,04165;14,07681;14,07681;14,07681;12,46353;15,08071;20,65298;15,08071;18,69985;15,08071;20,27798;20,65298;15,04165;14,07681;14,70376;11,68423;14,07681;10,70962;11,68423;14,70376;18,69985;12,02407;15,08071;15,04165;14,70376;15,04165;12,46353;15,08071;14,07681;14,07681;18,69985;20,65298;12,46353;20,27798;12,46353;14,70376;20,65298;15,04165;14,70376;14,70376;11,68423;20,27798;14,15103;18,69985;14,07681;14,07681;10,70962;14,07681
"24";"1951-12-01";12,86953;14,36563;10,79922;11,42227;11,42227;12,86953;14,36563;11,89883;12,16055;10,79922;11,93594;13,91055;10,79922;12,86953;10,79922;11,42227;10,19961;11,88906;11,42227;12,09805;11,42227;13,0668;14,69766;11,88906;12,09805;11,88906;10,79922;11,63516;10,79922;11,42227;12,86953;10,19961;12,86953;10,19961;12,86953;11,42227;11,42227;13,0668;11,63516;11,63516;11,42227;11,93594;11,93594;12,09805;12,16055;14,37734;19,04141;14,37734;14,29727;14,61953;14,61953;20,1293;10,19961;14,37734;19,39688;14,61953;14,37734;14,61953;14,29727;14,29727;14,29727;12,16055;14,7543;20,1293;14,7543;19,04141;14,7543;19,75234;20,1293;14,61953;14,29727;14,37734;11,89883;14,29727;10,19961;11,89883;14,37734;19,04141;11,93594;14,7543;14,61953;14,37734;14,61953;12,16055;14,7543;14,29727;14,29727;19,04141;20,1293;12,16055;19,75234;12,16055;14,37734;20,1293;14,61953;14,37734;14,37734;11,89883;19,75234;13,91055;19,04141;14,29727;14,29727;10,19961;14,29727
"25";"1952-01-01";12,51821;13,60415;10,17251;11,24087;11,24087;12,51821;13,60415;11,09829;11,4479;10,17251;11,25454;13,06509;10,17251;12,51821;10,17251;11,24087;9,73501;11,52212;11,24087;11,96548;11,24087;13,01626;14,50259;11,52212;11,96548;11,52212;10,17251;11,33853;10,17251;11,24087;12,51821;9,73501;12,51821;9,73501;12,51821;11,24087;11,24087;13,01626;11,33853;11,33853;11,24087;11,25454;11,25454;11,96548;11,4479;13,57485;18,7311;13,57485;13,68814;13,80142;13,80142;19,82876;9,73501;13,57485;18,95571;13,80142;13,57485;13,80142;13,68814;13,68814;13,68814;11,4479;13,85415;19,82876;13,85415;18,7311;13,85415;19,44595;19,82876;13,80142;13,68814;13,57485;11,09829;13,68814;9,73501;11,09829;13,57485;18,7311;11,25454;13,85415;13,80142;13,57485;13,80142;11,4479;13,85415;13,68814;13,68814;18,7311;19,82876;11,4479;19,44595;11,4479;13,57485;19,82876;13,80142;13,57485;13,57485;11,09829;19,44595;13,06509;18,7311;13,68814;13,68814;9,73501;13,68814
"26";"1952-02-01";13,64858;15,12905;11,5978;12,08218;12,08218;13,64858;15,12905;12,27358;12,63101;11,5978;12,50601;14,49233;11,5978;13,64858;11,5978;12,08218;10,72866;12,52554;12,08218;12,20913;12,08218;13,43179;15,34194;12,52554;12,20913;12,52554;11,5978;11,91616;11,5978;12,08218;13,64858;10,72866;13,64858;10,72866;13,64858;12,08218;12,08218;13,43179;11,91616;11,91616;12,08218;12,50601;12,50601;12,20913;12,63101;13,61343;18,91421;13,61343;13,75601;13,80679;13,80679;19,84585;10,72866;13,61343;18,82827;13,80679;13,61343;13,80679;13,75601;13,75601;13,75601;12,63101;14,19937;19,84585;14,19937;18,91421;14,19937;19,60562;19,84585;13,80679;13,75601;13,61343;12,27358;13,75601;10,72866;12,27358;13,61343;18,91421;12,50601;14,19937;13,80679;13,61343;13,80679;12,63101;14,19937;13,75601;13,75601;18,91421;19,84585;12,63101;19,60562;12,63101;13,61343;19,84585;13,80679;13,61343;13,61343;12,27358;19,60562;14,49233;18,91421;13,75601;13,75601;10,72866;13,75601
"27";"1952-03-01";16,65347;18,49331;14,66323;14,77847;14,77847;16,65347;18,49331;15,79995;15,97964;14,66323;15,86245;18,00503;14,66323;16,65347;14,66323;14,77847;13,93862;15,44058;14,77847;14,94448;14,77847;16,02261;18,19253;15,44058;14,94448;15,44058;14,66323;15,1144;14,66323;14,77847;16,65347;13,93862;16,65347;13,93862;16,65347;14,77847;14,77847;16,02261;15,1144;15,1144;14,77847;15,86245;15,86245;14,94448;15,97964;16,66323;22,25503;16,66323;17,10659;17,08511;17,08511;23,22769;13,93862;16,66323;22,18862;17,08511;16,66323;17,08511;17,10659;17,10659;17,10659;15,97964;17,66128;23,22769;17,66128;22,25503;17,66128;23,03433;23,22769;17,08511;17,10659;16,66323;15,79995;17,10659;13,93862;15,79995;16,66323;22,25503;15,86245;17,66128;17,08511;16,66323;17,08511;15,97964;17,66128;17,10659;17,10659;22,25503;23,22769;15,97964;23,03433;15,97964;16,66323;23,22769;17,08511;16,66323;16,66323;15,79995;23,03433;18,00503;22,25503;17,10659;17,10659;13,93862;17,10659
"28";"1952-04-01";16,3832;17,86367;13,24648;14,46914;14,46914;16,3832;17,86367;13,9125;15,11367;13,24648;14,45156;17,10195;13,24648;16,3832;13,24648;14,46914;12,84023;14,60391;14,46914;14,80313;14,46914;16,27773;18,35195;14,60391;14,80313;14,60391;13,24648;14,29336;13,24648;14,46914;16,3832;12,84023;16,3832;12,84023;16,3832;14,46914;14,46914;16,27773;14,29336;14,29336;14,46914;14,45156;14,45156;14,80313;15,11367;16,14297;20,65664;16,14297;15,72695;16,43398;16,43398;22,51602;12,84023;16,14297;21,61367;16,43398;16,14297;16,43398;15,72695;15,72695;15,72695;15,11367;16,73477;22,51602;16,73477;20,65664;16,73477;22,3207;22,51602;16,43398;15,72695;16,14297;13,9125;15,72695;12,84023;13,9125;16,14297;20,65664;14,45156;16,73477;16,43398;16,14297;16,43398;15,11367;16,73477;15,72695;15,72695;20,65664;22,51602;15,11367;22,3207;15,11367;16,14297;22,51602;16,43398;16,14297;16,14297;13,9125;22,3207;17,10195;20,65664;15,72695;15,72695;12,84023;15,72695
"29";"1952-05-01";16,14443;17,72842;13,31631;14,23037;14,23037;16,14443;17,72842;13,74209;15,25576;13,31631;13,86318;17,19131;13,31631;16,14443;13,31631;14,23037;12,91006;14,09951;14,23037;14,38272;14,23037;16,13857;18,0292;14,09951;14,38272;14,09951;13,31631;13,66982;13,31631;14,23037;16,14443;12,91006;16,14443;12,91006;16,14443;14,23037;14,23037;16,13857;13,66982;13,66982;14,23037;13,86318;13,86318;14,38272;15,25576;17,19717;21,65615;17,19717;16,51553;17,50967;17,50967;23,56826;12,91006;17,19717;22,58193;17,50967;17,19717;17,50967;16,51553;16,51553;16,51553;15,25576;17,60147;23,56826;17,60147;21,65615;17,60147;23,46084;23,56826;17,50967;16,51553;17,19717;13,74209;16,51553;12,91006;13,74209;17,19717;21,65615;13,86318;17,60147;17,50967;17,19717;17,50967;15,25576;17,60147;16,51553;16,51553;21,65615;23,56826;15,25576;23,46084;15,25576;17,19717;23,56826;17,50967;17,19717;17,19717;13,74209;23,46084;17,19131;21,65615;16,51553;16,51553;12,91006;16,51553
"30";"1952-06-01";15,47671;16,79507;13,17788;13,76968;13,76968;15,47671;16,79507;13,61733;14,79116;13,17788;13,60562;16,42397;13,17788;15,47671;13,17788;13,76968;12,76187;13,6564;13,76968;14,24624;13,76968;15,55288;17,26772;13,6564;14,24624;13,6564;13,17788;13,63882;13,17788;13,76968;15,47671;12,76187;15,47671;12,76187;15,47671;13,76968;13,76968;15,55288;13,63882;13,63882;13,76968;13,60562;13,60562;14,24624;14,79116;17,45913;21,50991;17,45913;16,58608;17,75015;17,75015;23,55288;12,76187;17,45913;22,62905;17,75015;17,45913;17,75015;16,58608;16,58608;16,58608;14,79116;17,70327;23,55288;17,70327;21,50991;17,70327;23,45132;23,55288;17,75015;16,58608;17,45913;13,61733;16,58608;12,76187;13,61733;17,45913;21,50991;13,60562;17,70327;17,75015;17,45913;17,75015;14,79116;17,70327;16,58608;16,58608;21,50991;23,55288;14,79116;23,45132;14,79116;17,45913;23,55288;17,75015;17,45913;17,45913;13,61733;23,45132;16,42397;21,50991;16,58608;16,58608;12,76187;16,58608
"31";"1952-07-01";14,97891;16,3168;12,2875;13,23672;13,23672;14,97891;16,3168;12,70938;13,91445;12,2875;12,70938;15,76602;12,2875;14,97891;12,2875;13,23672;11,76016;13,20156;13,23672;13,72891;13,23672;15,20547;17,33242;13,20156;13,72891;13,20156;12,2875;12,6918;12,2875;13,23672;14,97891;11,76016;14,97891;11,76016;14,97891;13,23672;13,23672;15,20547;12,6918;12,6918;13,23672;12,70938;12,70938;13,72891;13,91445;16,74648;20,96523;16,74648;15,81289;16,98477;16,98477;23,01406;11,76016;16,74648;22,06484;16,98477;16,74648;16,98477;15,81289;15,81289;15,81289;13,91445;16,89688;23,01406;16,89688;20,96523;16,89688;22,85195;23,01406;16,98477;15,81289;16,74648;12,70938;15,81289;11,76016;12,70938;16,74648;20,96523;12,70938;16,89688;16,98477;16,74648;16,98477;13,91445;16,89688;15,81289;15,81289;20,96523;23,01406;13,91445;22,85195;13,91445;16,74648;23,01406;16,98477;16,74648;16,74648;12,70938;22,85195;15,76602;20,96523;15,81289;15,81289;11,76016;15,81289
"32";"1952-08-01";15,72378;17,13394;13,11831;13,97769;13,97769;15,72378;17,13394;13,96401;14,5773;13,11831;14,07534;16,52065;13,11831;15,72378;13,11831;13,97769;12,29605;14,52847;13,97769;14,8644;13,97769;15,87612;18,10269;14,52847;14,8644;14,52847;13,11831;13,84487;13,11831;13,97769;15,72378;12,29605;15,72378;12,29605;15,72378;13,97769;13,97769;15,87612;13,84487;13,84487;13,97769;14,07534;14,07534;14,8644;14,5773;17,44839;21,42886;17,44839;16,68472;17,74526;17,74526;23,84683;12,29605;17,44839;23,02847;17,74526;17,44839;17,74526;16,68472;16,68472;16,68472;14,5773;17,76284;23,84683;17,76284;21,42886;17,76284;23,46206;23,84683;17,74526;16,68472;17,44839;13,96401;16,68472;12,29605;13,96401;17,44839;21,42886;14,07534;17,76284;17,74526;17,44839;17,74526;14,5773;17,76284;16,68472;16,68472;21,42886;23,84683;14,5773;23,46206;14,5773;17,44839;23,84683;17,74526;17,44839;17,44839;13,96401;23,46206;16,52065;21,42886;16,68472;16,68472;12,29605;16,68472
"33";"1952-09-01";15,10024;16,50845;12,81899;13,34243;13,34243;15,10024;16,50845;13,28579;14,47134;12,81899;12,96939;16,06118;12,81899;15,10024;12,81899;13,34243;12,44399;13,39321;13,34243;13,80728;13,34243;15,00259;16,73306;13,39321;13,80728;13,39321;12,81899;12,8561;12,81899;13,34243;15,10024;12,44399;15,10024;12,44399;15,10024;13,34243;13,34243;15,00259;12,8561;12,8561;13,34243;12,96939;12,96939;13,80728;14,47134;17,32681;21,50064;17,32681;16,69985;17,64712;17,64712;23,37564;12,44399;17,32681;22,49282;17,64712;17,32681;17,64712;16,69985;16,69985;16,69985;14,47134;17,57876;23,37564;17,57876;21,50064;17,57876;23,09243;23,37564;17,64712;16,69985;17,32681;13,28579;16,69985;12,44399;13,28579;17,32681;21,50064;12,96939;17,57876;17,64712;17,32681;17,64712;14,47134;17,57876;16,69985;16,69985;21,50064;23,37564;14,47134;23,09243;14,47134;17,32681;23,37564;17,64712;17,32681;17,32681;13,28579;23,09243;16,06118;21,50064;16,69985;16,69985;12,44399;16,69985
"34";"1952-10-01";12,09609;12,92422;9,570704;10,63516;10,63516;12,09609;12,92422;9,553125;11,15078;9,570704;9,057032;12,55703;9,570704;12,09609;9,570704;10,63516;9,330469;10,0082;10,63516;10,27383;10,63516;12,32461;14,10586;10,0082;10,27383;10,0082;9,570704;8,783594;9,570704;10,63516;12,09609;9,330469;12,09609;9,330469;12,09609;10,63516;10,63516;12,32461;8,783594;8,783594;10,63516;9,057032;9,057032;10,27383;11,15078;13,79727;18,24648;13,79727;12,96328;14,10586;14,10586;20,37734;9,330469;13,79727;19,38906;14,10586;13,79727;14,10586;12,96328;12,96328;12,96328;11,15078;14,09414;20,37734;14,09414;18,24648;14,09414;20,14883;20,37734;14,10586;12,96328;13,79727;9,553125;12,96328;9,330469;9,553125;13,79727;18,24648;9,057032;14,09414;14,10586;13,79727;14,10586;11,15078;14,09414;12,96328;12,96328;18,24648;20,37734;11,15078;20,14883;11,15078;13,79727;20,37734;14,10586;13,79727;13,79727;9,553125;20,14883;12,55703;18,24648;12,96328;12,96328;9,330469;12,96328
"35";"1952-11-01";12,93789;14,24258;10,64102;11,39492;11,39492;12,93789;14,24258;11,13711;12,13125;10,64102;11,3168;13,77383;10,64102;12,93789;10,64102;11,39492;10,13711;11,68203;11,39492;12,02773;11,39492;13,10391;14,74258;11,68203;12,02773;11,68203;10,64102;11,29922;10,64102;11,39492;12,93789;10,13711;12,93789;10,13711;12,93789;11,39492;11,39492;13,10391;11,29922;11,29922;11,39492;11,3168;11,3168;12,02773;12,13125;14,36367;18,39297;14,36367;13,75625;14,76211;14,76211;20,47891;10,13711;14,36367;19,68203;14,76211;14,36367;14,76211;13,75625;13,75625;13,75625;12,13125;14,90469;20,47891;14,90469;18,39297;14,90469;20,18398;20,47891;14,76211;13,75625;14,36367;11,13711;13,75625;10,13711;11,13711;14,36367;18,39297;11,3168;14,90469;14,76211;14,36367;14,76211;12,13125;14,90469;13,75625;13,75625;18,39297;20,47891;12,13125;20,18398;12,13125;14,36367;20,47891;14,76211;14,36367;14,36367;11,13711;20,18398;13,77383;18,39297;13,75625;13,75625;10,13711;13,75625
"36";"1952-12-01";11,43081;12,83511;9,22378;9,823389;9,823389;11,43081;12,83511;9,81753;10,63394;9,22378;9,909327;12,38003;9,22378;11,43081;9,22378;9,823389;8,678858;10,08315;9,823389;10,12026;9,823389;11,3937;13,34097;10,08315;10,12026;10,08315;9,22378;9,594873;9,22378;9,823389;11,43081;8,678858;11,43081;8,678858;11,43081;9,823389;9,823389;11,3937;9,594873;9,594873;9,823389;9,909327;9,909327;10,12026;10,63394;12,80581;16,68081;12,80581;12,21401;13,12612;13,12612;18,7355;8,678858;12,80581;17,87222;13,12612;12,80581;13,12612;12,21401;12,21401;12,21401;10,63394;13,23745;18,7355;13,23745;16,68081;13,23745;18,59292;18,7355;13,12612;12,21401;12,80581;9,81753;12,21401;8,678858;9,81753;12,80581;16,68081;9,909327;13,23745;13,12612;12,80581;13,12612;10,63394;13,23745;12,21401;12,21401;16,68081;18,7355;10,63394;18,59292;10,63394;12,80581;18,7355;13,12612;12,80581;12,80581;9,81753;18,59292;12,38003;16,68081;12,21401;12,21401;8,678858;12,21401
"37";"1953-01-01";11,13711;12,32656;9,062891;9,801172;9,801172;11,13711;12,32656;9,658594;10,09219;9,062891;9,705469;11,78945;9,062891;11,13711;9,062891;9,801172;8,279688;10,15664;9,801172;10,02969;9,801172;11,31094;13,02969;10,15664;10,02969;10,15664;9,062891;9,211329;9,062891;9,801172;11,13711;8,279688;11,13711;8,279688;11,13711;9,801172;9,801172;11,31094;9,211329;9,211329;9,801172;9,705469;9,705469;10,02969;10,09219;11,91055;16,03164;11,91055;11,5043;12,16055;12,16055;17,96523;8,279688;11,91055;17,10391;12,16055;11,91055;12,16055;11,5043;11,5043;11,5043;10,09219;12,35;17,96523;12,35;16,03164;12,35;17,84609;17,96523;12,16055;11,5043;11,91055;9,658594;11,5043;8,279688;9,658594;11,91055;16,03164;9,705469;12,35;12,16055;11,91055;12,16055;10,09219;12,35;11,5043;11,5043;16,03164;17,96523;10,09219;17,84609;10,09219;11,91055;17,96523;12,16055;11,91055;11,91055;9,658594;17,84609;11,78945;16,03164;11,5043;11,5043;8,279688;11,5043
"38";"1953-02-01";13,51772;14,74429;11,0939;11,97476;11,97476;13,51772;14,74429;11,67983;12,48452;11,0939;11,93179;14,29897;11,0939;13,51772;11,0939;11,97476;10,45718;12,37124;11,97476;12,38687;11,97476;13,56655;15,39468;12,37124;12,38687;12,37124;11,0939;11,60171;11,0939;11,97476;13,51772;10,45718;13,51772;10,45718;13,51772;11,97476;11,97476;13,56655;11,60171;11,60171;11,97476;11,93179;11,93179;12,38687;12,48452;14,0939;18,68374;14,0939;13,68179;14,44155;14,44155;20,08413;10,45718;14,0939;19,15444;14,44155;14,0939;14,44155;13,68179;13,68179;13,68179;12,48452;14,63687;20,08413;14,63687;18,68374;14,63687;20,05288;20,08413;14,44155;13,68179;14,0939;11,67983;13,68179;10,45718;11,67983;14,0939;18,68374;11,93179;14,63687;14,44155;14,0939;14,44155;12,48452;14,63687;13,68179;13,68179;18,68374;20,08413;12,48452;20,05288;12,48452;14,0939;20,08413;14,44155;14,0939;14,0939;11,67983;20,05288;14,29897;18,68374;13,68179;13,68179;10,45718;13,68179
"39";"1953-03-01";14,93301;16,3334;12,42715;13,09316;13,09316;14,93301;16,3334;13,49941;14,08145;12,42715;13,6459;16,07754;12,42715;14,93301;12,42715;13,09316;11,65762;13,5834;13,09316;13,71621;13,09316;14,87637;16,82363;13,5834;13,71621;13,5834;12,42715;13,2377;12,42715;13,09316;14,93301;11,65762;14,93301;11,65762;14,93301;13,09316;13,09316;14,87637;13,2377;13,2377;13,09316;13,6459;13,6459;13,71621;14,08145;16,26895;22,05996;16,26895;15,9916;16,66738;16,66738;23,76895;11,65762;16,26895;22,50332;16,66738;16,26895;16,66738;15,9916;15,9916;15,9916;14,08145;16,95645;23,76895;16,95645;22,05996;16,95645;23,72402;23,76895;16,66738;15,9916;16,26895;13,49941;15,9916;11,65762;13,49941;16,26895;22,05996;13,6459;16,95645;16,66738;16,26895;16,66738;14,08145;16,95645;15,9916;15,9916;22,05996;23,76895;14,08145;23,72402;14,08145;16,26895;23,76895;16,66738;16,26895;16,26895;13,49941;23,72402;16,07754;22,05996;15,9916;15,9916;11,65762;15,9916
"40";"1953-04-01";17,28994;18,92666;14,89932;15,10635;15,10635;17,28994;18,92666;15,95205;16,58682;14,89932;15,96572;18,75479;14,89932;17,28994;14,89932;15,10635;13,93643;15,59268;15,10635;15,32119;15,10635;16,73135;19,07314;15,59268;15,32119;15,59268;14,89932;15,10439;14,89932;15,10635;17,28994;13,93643;17,28994;13,93643;17,28994;15,10635;15,10635;16,73135;15,10439;15,10439;15,10635;15,96572;15,96572;15,32119;16,58682;18,18838;24,3876;18,18838;17,87979;18,62783;18,62783;25,47549;13,93643;18,18838;24,47158;18,62783;18,18838;18,62783;17,87979;17,87979;17,87979;16,58682;19,23525;25,47549;19,23525;24,3876;19,23525;25,2958;25,47549;18,62783;17,87979;18,18838;15,95205;17,87979;13,93643;15,95205;18,18838;24,3876;15,96572;19,23525;18,62783;18,18838;18,62783;16,58682;19,23525;17,87979;17,87979;24,3876;25,47549;16,58682;25,2958;16,58682;18,18838;25,47549;18,62783;18,18838;18,18838;15,95205;25,2958;18,75479;24,3876;17,87979;17,87979;13,93643;17,87979
"41";"1953-05-01";17,85293;19,37051;14,58731;15,64199;15,64199;17,85293;19,37051;16,12441;16,70645;14,58731;16,40762;19,00137;14,58731;17,85293;14,58731;15,64199;13,81973;15,91934;15,64199;16,21816;15,64199;17,80215;19,85488;15,91934;16,21816;15,91934;14,58731;15,83731;14,58731;15,64199;17,85293;13,81973;17,85293;13,81973;17,85293;15,64199;15,64199;17,80215;15,83731;15,83731;15,64199;16,40762;16,40762;16,21816;16,70645;18,87246;25,39981;18,87246;18,56191;19,24551;19,24551;27,19668;13,81973;18,87246;25,84121;19,24551;18,87246;19,24551;18,56191;18,56191;18,56191;16,70645;19,6752;27,19668;19,6752;25,39981;19,6752;27,14004;27,19668;19,24551;18,56191;18,87246;16,12441;18,56191;13,81973;16,12441;18,87246;25,39981;16,40762;19,6752;19,24551;18,87246;19,24551;16,70645;19,6752;18,56191;18,56191;25,39981;27,19668;16,70645;27,14004;16,70645;18,87246;27,19668;19,24551;18,87246;18,87246;16,12441;27,14004;19,00137;25,39981;18,56191;18,56191;13,81973;18,56191
"42";"1953-06-01";15,94058;17,25698;13,65347;14,20034;14,20034;15,94058;17,25698;14,31362;15,2023;13,65347;14,58706;16,97964;13,65347;15,94058;13,65347;14,20034;13,08511;14,43862;14,20034;15,03433;14,20034;16,06558;17,84487;14,43862;15,03433;14,43862;13,65347;14,64956;13,65347;14,20034;15,94058;13,08511;15,94058;13,08511;15,94058;14,20034;14,20034;16,06558;14,64956;14,64956;14,20034;14,58706;14,58706;15,03433;15,2023;18,02847;22,93862;18,02847;17,27261;18,28042;18,28042;24,69644;13,08511;18,02847;23,68862;18,28042;18,02847;18,28042;17,27261;17,27261;17,27261;15,2023;18,19058;24,69644;18,19058;22,93862;18,19058;24,5773;24,69644;18,28042;17,27261;18,02847;14,31362;17,27261;13,08511;14,31362;18,02847;22,93862;14,58706;18,19058;18,28042;18,02847;18,28042;15,2023;18,19058;17,27261;17,27261;22,93862;24,69644;15,2023;24,5773;15,2023;18,02847;24,69644;18,28042;18,02847;18,02847;14,31362;24,5773;16,97964;22,93862;17,27261;17,27261;13,08511;17,27261
"43";"1953-07-01";15,03921;16,50015;12,71694;13,20522;13,20522;15,03921;16,50015;13,51772;14,27554;12,71694;13,64663;16,17983;12,71694;15,03921;12,71694;13,20522;12,01577;13,75601;13,20522;14,32046;13,20522;15,23647;17,3478;13,75601;14,32046;13,75601;12,71694;13,62515;12,71694;13,20522;15,03921;12,01577;15,03921;12,01577;15,03921;13,20522;13,20522;15,23647;13,62515;13,62515;13,20522;13,64663;13,64663;14,32046;14,27554;17,21694;21,77554;17,21694;16,51772;17,48062;17,48062;23,79897;12,01577;17,21694;22,85562;17,48062;17,21694;17,48062;16,51772;16,51772;16,51772;14,27554;17,46108;23,79897;17,46108;21,77554;17,46108;23,53726;23,79897;17,48062;16,51772;17,21694;13,51772;16,51772;12,01577;13,51772;17,21694;21,77554;13,64663;17,46108;17,48062;17,21694;17,48062;14,27554;17,46108;16,51772;16,51772;21,77554;23,79897;14,27554;23,53726;14,27554;17,21694;23,79897;17,48062;17,21694;17,21694;13,51772;23,53726;16,17983;21,77554;16,51772;16,51772;12,01577;16,51772
"44";"1953-08-01";15,98525;17,40127;13,52041;14,12002;14,12002;15,98525;17,40127;14,61025;14,99307;13,52041;14,90322;16,83877;13,52041;15,98525;13,52041;14,12002;12,59072;14,91494;14,12002;15,6415;14,12002;16,52822;18,43643;14,91494;15,6415;14,91494;13,52041;14,87783;13,52041;14,12002;15,98525;12,59072;15,98525;12,59072;15,98525;14,12002;14,12002;16,52822;14,87783;14,87783;14,12002;14,90322;14,90322;15,6415;14,99307;17,99893;22,35049;17,99893;17,44814;18,17471;18,17471;24,94229;12,59072;17,99893;23,9208;18,17471;17,99893;18,17471;17,44814;17,44814;17,44814;14,99307;18,26846;24,94229;18,26846;22,35049;18,26846;24,19619;24,94229;18,17471;17,44814;17,99893;14,61025;17,44814;12,59072;14,61025;17,99893;22,35049;14,90322;18,26846;18,17471;17,99893;18,17471;14,99307;18,26846;17,44814;17,44814;22,35049;24,94229;14,99307;24,19619;14,99307;17,99893;24,94229;18,17471;17,99893;17,99893;14,61025;24,19619;16,83877;22,35049;17,44814;17,44814;12,59072;17,44814
"45";"1953-09-01";15,04409;16,59878;12,49526;12,94644;12,94644;15,04409;16,59878;12,87222;14,37612;12,49526;12,43081;16,01675;12,49526;15,04409;12,49526;12,94644;12,22183;12,54605;12,94644;12,85855;12,94644;14,5148;16,61831;12,54605;12,85855;12,54605;12,49526;12,16714;12,49526;12,94644;15,04409;12,22183;15,04409;12,22183;15,04409;12,94644;12,94644;14,5148;12,16714;12,16714;12,94644;12,43081;12,43081;12,85855;14,37612;17,29214;22,27847;17,29214;16,61245;17,62026;17,62026;23,94448;12,22183;17,29214;23,04605;17,62026;17,29214;17,62026;16,61245;16,61245;16,61245;14,37612;17,62417;23,94448;17,62417;22,27847;17,62417;23,34878;23,94448;17,62026;16,61245;17,29214;12,87222;16,61245;12,22183;12,87222;17,29214;22,27847;12,43081;17,62417;17,62026;17,29214;17,62026;14,37612;17,62417;16,61245;16,61245;22,27847;23,94448;14,37612;23,34878;14,37612;17,29214;23,94448;17,62026;17,29214;17,29214;12,87222;23,34878;16,01675;22,27847;16,61245;16,61245;12,22183;16,61245
"46";"1953-10-01";14,34634;15,41274;11,59048;12,6979;12,6979;14,34634;15,41274;11,77993;13,30142;11,59048;11,62564;14,95962;11,59048;14,34634;11,59048;12,6979;11,31899;12,27212;12,6979;12,77407;12,6979;14,61978;16,41079;12,27212;12,77407;12,27212;11,59048;11,64712;11,59048;12,6979;14,34634;11,31899;14,34634;11,31899;14,34634;12,6979;12,6979;14,61978;11,64712;11,64712;12,6979;11,62564;11,62564;12,77407;13,30142;15,85806;20,14907;15,85806;14,97524;16,20962;16,20962;22,2311;11,31899;15,85806;21,20376;16,20962;15,85806;16,20962;14,97524;14,97524;14,97524;13,30142;16,20181;22,2311;16,20181;20,14907;16,20181;21,90103;22,2311;16,20962;14,97524;15,85806;11,77993;14,97524;11,31899;11,77993;15,85806;20,14907;11,62564;16,20181;16,20962;15,85806;16,20962;13,30142;16,20181;14,97524;14,97524;20,14907;22,2311;13,30142;21,90103;13,30142;15,85806;22,2311;16,20962;15,85806;15,85806;11,77993;21,90103;14,95962;20,14907;14,97524;14,97524;11,31899;14,97524
"47";"1953-11-01";12,22402;13,27481;9,702539;10,66543;10,66543;12,22402;13,27481;9,995508;11,20645;9,702539;10,10293;12,96621;9,702539;12,22402;9,702539;10,66543;9,224024;10,63223;10,66543;10,71035;10,66543;12,39395;14,3002;10,63223;10,71035;10,63223;9,702539;9,815821;9,702539;10,66543;12,22402;9,224024;12,22402;9,224024;12,22402;10,66543;10,66543;12,39395;9,815821;9,815821;10,66543;10,10293;10,10293;10,71035;11,20645;13,45645;17,85293;13,45645;12,6752;13,80996;13,80996;19,72988;9,224024;13,45645;18,8041;13,80996;13,45645;13,80996;12,6752;12,6752;12,6752;11,20645;13,90566;19,72988;13,90566;17,85293;13,90566;19,42715;19,72988;13,80996;12,6752;13,45645;9,995508;12,6752;9,224024;9,995508;13,45645;17,85293;10,10293;13,90566;13,80996;13,45645;13,80996;11,20645;13,90566;12,6752;12,6752;17,85293;19,72988;11,20645;19,42715;11,20645;13,45645;19,72988;13,80996;13,45645;13,45645;9,995508;19,42715;12,96621;17,85293;12,6752;12,6752;9,224024;12,6752
"48";"1953-12-01";11,68374;12,85171;9,463037;10,24233;10,24233;11,68374;12,85171;9,925928;10,73647;9,463037;10,23257;12,42983;9,463037;11,68374;9,463037;10,24233;8,832178;10,50015;10,24233;10,51968;10,24233;11,96499;13,66616;10,50015;10,51968;10,50015;9,463037;9,882959;9,463037;10,24233;11,68374;8,832178;11,68374;8,832178;11,68374;10,24233;10,24233;11,96499;9,882959;9,882959;10,24233;10,23257;10,23257;10,51968;10,73647;12,55093;16,66812;12,55093;11,86343;12,92593;12,92593;18,3439;8,832178;12,55093;17,47866;12,92593;12,55093;12,92593;11,86343;11,86343;11,86343;10,73647;13,13687;18,3439;13,13687;16,66812;13,13687;17,93374;18,3439;12,92593;11,86343;12,55093;9,925928;11,86343;8,832178;9,925928;12,55093;16,66812;10,23257;13,13687;12,92593;12,55093;12,92593;10,73647;13,13687;11,86343;11,86343;16,66812;18,3439;10,73647;17,93374;10,73647;12,55093;18,3439;12,92593;12,55093;12,55093;9,925928;17,93374;12,42983;16,66812;11,86343;11,86343;8,832178;11,86343
"49";"1954-01-01";11,49966;12,65005;9,405909;10,13833;10,13833;11,49966;12,65005;10,00747;10,6481;9,405909;10,03286;12,3395;9,405909;11,49966;9,405909;10,13833;8,76919;10,44692;10,13833;10,82388;10,13833;12,07192;13,53481;10,44692;10,82388;10,44692;9,405909;9,98208;9,405909;10,13833;11,49966;8,76919;11,49966;8,76919;11,49966;10,13833;10,13833;12,07192;9,98208;9,98208;10,13833;10,03286;10,03286;10,82388;10,6481;12,86099;17,54067;12,86099;12,38052;13,17739;13,17739;19,23599;8,76919;12,86099;18,25942;13,17739;12,86099;13,17739;12,38052;12,38052;12,38052;10,6481;13,24966;19,23599;13,24966;17,54067;13,24966;19,09731;19,23599;13,17739;12,38052;12,86099;10,00747;12,38052;8,76919;10,00747;12,86099;17,54067;10,03286;13,24966;13,17739;12,86099;13,17739;10,6481;13,24966;12,38052;12,38052;17,54067;19,23599;10,6481;19,09731;10,6481;12,86099;19,23599;13,17739;12,86099;12,86099;10,00747;19,09731;12,3395;17,54067;12,38052;12,38052;8,76919;12,38052
"50";"1954-02-01";12,29946;13,4811;9,83462;10,73892;10,73892;12,29946;13,4811;10,31118;11,28189;9,83462;10,31314;13,06899;9,83462;12,29946;9,83462;10,73892;9,170557;10,79946;10,73892;11,06118;10,73892;12,66079;14,52798;10,79946;11,06118;10,79946;9,83462;10,11978;9,83462;10,73892;12,29946;9,170557;12,29946;9,170557;12,29946;10,73892;10,73892;12,66079;10,11978;10,11978;10,73892;10,31314;10,31314;11,06118;11,28189;13,46157;18,0436;13,46157;12,77798;13,69985;13,69985;19,85415;9,170557;13,46157;18,7897;13,69985;13,46157;13,69985;12,77798;12,77798;12,77798;11,28189;13,82876;19,85415;13,82876;18,0436;13,82876;19,89321;19,85415;13,69985;12,77798;13,46157;10,31118;12,77798;9,170557;10,31118;13,46157;18,0436;10,31314;13,82876;13,69985;13,46157;13,69985;11,28189;13,82876;12,77798;12,77798;18,0436;19,85415;11,28189;19,89321;11,28189;13,46157;19,85415;13,69985;13,46157;13,46157;10,31118;19,89321;13,06899;18,0436;12,77798;12,77798;9,170557;12,77798
"51";"1954-03-01";14,9938;16,41372;12,652;13,24966;13,24966;14,9938;16,41372;13,28481;14,1188;12,652;13,28481;15,97622;12,652;14,9938;12,652;13,24966;11,76919;13,74771;13,24966;13,69302;13,24966;14,98013;16,93911;13,74771;13,69302;13,74771;12,652;12,82778;12,652;13,24966;14,9938;11,76919;14,9938;11,76919;14,9938;13,24966;13,24966;14,98013;12,82778;12,82778;13,24966;13,28481;13,28481;13,69302;14,1188;15,69106;21,12856;15,69106;15,35122;16,15591;16,15591;22,48599;11,76919;15,69106;21,21841;16,15591;15,69106;16,15591;15,35122;15,35122;15,35122;14,1188;16,49771;22,48599;16,49771;21,12856;16,49771;22,63833;22,48599;16,15591;15,35122;15,69106;13,28481;15,35122;11,76919;13,28481;15,69106;21,12856;13,28481;16,49771;16,15591;15,69106;16,15591;14,1188;16,49771;15,35122;15,35122;21,12856;22,48599;14,1188;22,63833;14,1188;15,69106;22,48599;16,15591;15,69106;15,69106;13,28481;22,63833;15,97622;21,12856;15,35122;15,35122;11,76919;15,35122
"52";"1954-04-01";14,57363;16,06387;12,04824;12,84902;12,84902;14,57363;16,06387;13,08731;13,64981;12,04824;13,04824;15,66152;12,04824;14,57363;12,04824;12,84902;11,37051;13,1127;12,84902;13,57754;12,84902;14,89981;16,70645;13,1127;13,57754;13,1127;12,04824;12,84512;12,04824;12,84902;14,57363;11,37051;14,57363;11,37051;14,57363;12,84902;12,84902;14,89981;12,84512;12,84512;12,84902;13,04824;13,04824;13,57754;13,64981;16,38027;22,04629;16,38027;15,95254;16,68496;16,68496;24,14004;11,37051;16,38027;22,89199;16,68496;16,38027;16,68496;15,95254;15,95254;15,95254;13,64981;16,79043;24,14004;16,79043;22,04629;16,79043;24,09902;24,14004;16,68496;15,95254;16,38027;13,08731;15,95254;11,37051;13,08731;16,38027;22,04629;13,04824;16,79043;16,68496;16,38027;16,68496;13,64981;16,79043;15,95254;15,95254;22,04629;24,14004;13,64981;24,09902;13,64981;16,38027;24,14004;16,68496;16,38027;16,38027;13,08731;24,09902;15,66152;22,04629;15,95254;15,95254;11,37051;15,95254
"53";"1954-05-01";15,62026;17,04605;13,30972;14,00894;14,00894;15,62026;17,04605;13,99917;14,86831;13,30972;13,8312;16,90542;13,30972;15,62026;13,30972;14,00894;12,66714;14,14761;14,00894;14,44253;14,00894;15,72378;17,44644;14,14761;14,44253;14,14761;13,30972;13,59878;13,30972;14,00894;15,62026;12,66714;15,62026;12,66714;15,62026;14,00894;14,00894;15,72378;13,59878;13,59878;14,00894;13,8312;13,8312;14,44253;14,86831;17,67495;22,59683;17,67495;16,94448;17,96792;17,96792;24,673;12,66714;17,67495;23,56362;17,96792;17,67495;17,96792;16,94448;16,94448;16,94448;14,86831;18,06753;24,673;18,06753;22,59683;18,06753;24,62808;24,673;17,96792;16,94448;17,67495;13,99917;16,94448;12,66714;13,99917;17,67495;22,59683;13,8312;18,06753;17,96792;17,67495;17,96792;14,86831;18,06753;16,94448;16,94448;22,59683;24,673;14,86831;24,62808;14,86831;17,67495;24,673;17,96792;17,67495;17,67495;13,99917;24,62808;16,90542;22,59683;16,94448;16,94448;12,66714;16,94448
"54";"1954-06-01";15,63491;16,91226;13,35562;14,15835;14,15835;15,63491;16,91226;13,86147;14,74624;13,35562;13,79897;16,57827;13,35562;15,63491;13,35562;14,15835;12,74429;14,27554;14,15835;14,81851;14,15835;16,10171;17,70327;14,27554;14,81851;14,27554;13,35562;13,74038;13,35562;14,15835;15,63491;12,74429;15,63491;12,74429;15,63491;14,15835;14,15835;16,10171;13,74038;13,74038;14,15835;13,79897;13,79897;14,81851;14,74624;17,60366;21,83413;17,60366;16,66421;17,85952;17,85952;23,94937;12,74429;17,60366;22,92983;17,85952;17,60366;17,85952;16,66421;16,66421;16,66421;14,74624;17,76382;23,94937;17,76382;21,83413;17,76382;23,87905;23,94937;17,85952;16,66421;17,60366;13,86147;16,66421;12,74429;13,86147;17,60366;21,83413;13,79897;17,76382;17,85952;17,60366;17,85952;14,74624;17,76382;16,66421;16,66421;21,83413;23,94937;14,74624;23,87905;14,74624;17,60366;23,94937;17,85952;17,60366;17,60366;13,86147;23,87905;16,57827;21,83413;16,66421;16,66421;12,74429;16,66421
"55";"1954-07-01";14,30606;15,54824;12,15371;12,75723;12,75723;14,30606;15,54824;12,59316;13,60879;12,15371;12,56777;15,21816;12,15371;14,30606;12,15371;12,75723;11,57949;13,04238;12,75723;13,60098;12,75723;14,74551;16,55606;13,04238;13,60098;13,04238;12,15371;12,60684;12,15371;12,75723;14,30606;11,57949;14,30606;11,57949;14,30606;12,75723;12,75723;14,74551;12,60684;12,60684;12,75723;12,56777;12,56777;13,60098;13,60879;16,59902;20,87051;16,59902;15,70645;16,86856;16,86856;22,99551;11,57949;16,59902;22,06582;16,86856;16,59902;16,86856;15,70645;15,70645;15,70645;13,60879;16,82168;22,99551;16,82168;20,87051;16,82168;22,81777;22,99551;16,86856;15,70645;16,59902;12,59316;15,70645;11,57949;12,59316;16,59902;20,87051;12,56777;16,82168;16,86856;16,59902;16,86856;13,60879;16,82168;15,70645;15,70645;20,87051;22,99551;13,60879;22,81777;13,60879;16,59902;22,99551;16,86856;16,59902;16,59902;12,59316;22,81777;15,21816;20,87051;15,70645;15,70645;11,57949;15,70645
"56";"1954-08-01";14,85977;16,1918;12,67617;13,32266;13,32266;14,85977;16,1918;13,34805;14,10195;12,67617;13,34805;15,83047;12,67617;14,85977;12,67617;13,32266;11,96328;13,81289;13,32266;14,50625;13,32266;15,62539;17,28164;13,81289;14,50625;13,81289;12,67617;13,39688;12,67617;13,32266;14,85977;11,96328;14,85977;11,96328;14,85977;13,32266;13,32266;15,62539;13,39688;13,39688;13,32266;13,34805;13,34805;14,50625;14,10195;17,10195;21,41641;17,10195;16,31875;17,35977;17,35977;23,67031;11,96328;17,10195;22,82852;17,35977;17,10195;17,35977;16,31875;16,31875;16,31875;14,10195;17,36563;23,67031;17,36563;21,41641;17,36563;23,34414;23,67031;17,35977;16,31875;17,10195;13,34805;16,31875;11,96328;13,34805;17,10195;21,41641;13,34805;17,36563;17,35977;17,10195;17,35977;14,10195;17,36563;16,31875;16,31875;21,41641;23,67031;14,10195;23,34414;14,10195;17,10195;23,67031;17,35977;17,10195;17,10195;13,34805;23,34414;15,83047;21,41641;16,31875;16,31875;11,96328;16,31875
"57";"1954-09-01";14,66397;15,96475;12,46084;13,03897;13,03897;14,66397;15,96475;12,75576;14,16787;12,46084;12,45498;15,69522;12,46084;14,66397;12,46084;13,03897;12,15811;12,81436;13,03897;13,44717;13,03897;14,97451;16,58193;12,81436;13,44717;12,81436;12,46084;12,49014;12,46084;13,03897;14,66397;12,15811;14,66397;12,15811;14,66397;13,03897;13,03897;14,97451;12,49014;12,49014;13,03897;12,45498;12,45498;13,44717;14,16787;17,08193;21,23428;17,08193;16,16006;17,42373;17,42373;23,22256;12,15811;17,08193;22,371;17,42373;17,08193;17,42373;16,16006;16,16006;16,16006;14,16787;17,31436;23,22256;17,31436;21,23428;17,31436;23,03701;23,22256;17,42373;16,16006;17,08193;12,75576;16,16006;12,15811;12,75576;17,08193;21,23428;12,45498;17,31436;17,42373;17,08193;17,42373;14,16787;17,31436;16,16006;16,16006;21,23428;23,22256;14,16787;23,03701;14,16787;17,08193;23,22256;17,42373;17,08193;17,08193;12,75576;23,03701;15,69522;21,23428;16,16006;16,16006;12,15811;16,16006
"58";"1954-10-01";13,12539;14,13711;11,23867;11,76211;11,76211;13,12539;14,13711;11,48086;12,57852;11,23867;11,24453;13,95352;11,23867;13,12539;11,23867;11,76211;10,80703;11,73867;11,76211;12,29727;11,76211;13,54727;14,89297;11,73867;12,29727;11,73867;11,23867;11,21914;11,23867;11,76211;13,12539;10,80703;13,12539;10,80703;13,12539;11,76211;11,76211;13,54727;11,21914;11,21914;11,76211;11,24453;11,24453;12,29727;12,57852;15,56094;19,48477;15,56094;14,56484;15,81484;15,81484;21,77969;10,80703;15,56094;20,92227;15,81484;15,56094;15,81484;14,56484;14,56484;14,56484;12,57852;15,74063;21,77969;15,74063;19,48477;15,74063;21,63125;21,77969;15,81484;14,56484;15,56094;11,48086;14,56484;10,80703;11,48086;15,56094;19,48477;11,24453;15,74063;15,81484;15,56094;15,81484;12,57852;15,74063;14,56484;14,56484;19,48477;21,77969;12,57852;21,63125;12,57852;15,56094;21,77969;15,81484;15,56094;15,56094;11,48086;21,63125;13,95352;19,48477;14,56484;14,56484;10,80703;14,56484
"59";"1954-11-01";11,98501;13,28774;9,656885;10,63345;10,63345;11,98501;13,28774;9,684229;11,08462;9,656885;9,442041;12,80923;9,656885;11,98501;9,656885;10,63345;9,164698;10,58853;10,63345;10,86196;10,63345;12,33267;13,96939;10,58853;10,86196;10,58853;9,656885;9,363916;9,656885;10,63345;11,98501;9,164698;11,98501;9,164698;11,98501;10,63345;10,63345;12,33267;9,363916;9,363916;10,63345;9,442041;9,442041;10,86196;11,08462;13,27603;17,00845;13,27603;12,43814;13,54751;13,54751;19,30337;9,164698;13,27603;18,6022;13,54751;13,27603;13,54751;12,43814;12,43814;12,43814;11,08462;13,7311;19,30337;13,7311;17,00845;13,7311;18,97134;19,30337;13,54751;12,43814;13,27603;9,684229;12,43814;9,164698;9,684229;13,27603;17,00845;9,442041;13,7311;13,54751;13,27603;13,54751;11,08462;13,7311;12,43814;12,43814;17,00845;19,30337;11,08462;18,97134;11,08462;13,27603;19,30337;13,54751;13,27603;13,27603;9,684229;18,97134;12,80923;17,00845;12,43814;12,43814;9,164698;12,43814
"60";"1954-12-01";10,20571;11,35024;8,723291;9,213526;9,213526;10,20571;11,35024;8,920557;9,295557;8,723291;8,617823;10,82681;8,723291;10,20571;8,723291;9,213526;7,832666;9,57876;9,213526;9,483057;9,213526;10,80337;12,26626;9,57876;9,483057;9,57876;8,723291;8,197901;8,723291;9,213526;10,20571;7,832666;10,20571;7,832666;10,20571;9,213526;9,213526;10,80337;8,197901;8,197901;9,213526;8,617823;8,617823;9,483057;9,295557;11,41274;15,18423;11,41274;10,92446;11,62954;11,62954;17,1022;7,832666;11,41274;16,34634;11,62954;11,41274;11,62954;10,92446;10,92446;10,92446;9,295557;11,69595;17,1022;11,69595;15,18423;11,69595;16,99478;17,1022;11,62954;10,92446;11,41274;8,920557;10,92446;7,832666;8,920557;11,41274;15,18423;8,617823;11,69595;11,62954;11,41274;11,62954;9,295557;11,69595;10,92446;10,92446;15,18423;17,1022;9,295557;16,99478;9,295557;11,41274;17,1022;11,62954;11,41274;11,41274;8,920557;16,99478;10,82681;15,18423;10,92446;10,92446;7,832666;10,92446
"61";"1955-01-01";11,07363;12,34121;9,464258;9,837305;9,837305;11,07363;12,34121;9,950586;10,32949;9,464258;10,01699;11,97793;9,464258;11,07363;9,464258;9,837305;8,690821;10,42324;9,837305;10,36465;9,837305;11,31191;12,92715;10,42324;10,36465;10,42324;9,464258;9,677149;9,464258;9,837305;11,07363;8,690821;11,07363;8,690821;11,07363;9,837305;9,837305;11,31191;9,677149;9,677149;9,837305;10,01699;10,01699;10,36465;10,32949;12,00137;16,01113;12,00137;11,59707;12,37637;12,37637;18,13418;8,690821;12,00137;17,26113;12,37637;12,00137;12,37637;11,59707;11,59707;11,59707;10,32949;12,5834;18,13418;12,5834;16,01113;12,5834;17,97598;18,13418;12,37637;11,59707;12,00137;9,950586;11,59707;8,690821;9,950586;12,00137;16,01113;10,01699;12,5834;12,37637;12,00137;12,37637;10,32949;12,5834;11,59707;11,59707;16,01113;18,13418;10,32949;17,97598;10,32949;12,00137;18,13418;12,37637;12,00137;12,00137;9,950586;17,97598;11,97793;16,01113;11,59707;11,59707;8,690821;11,59707
"62";"1955-02-01";11,5751;12,83486;9,637598;10,18838;10,18838;11,5751;12,83486;10,08291;10,67861;9,637598;10,07119;12,43252;9,637598;11,5751;9,637598;10,18838;8,959864;10,58486;10,18838;10,62393;10,18838;11,78408;13,42861;10,58486;10,62393;10,58486;9,637598;9,791895;9,637598;10,18838;11,5751;8,959864;11,5751;8,959864;11,5751;10,18838;10,18838;11,78408;9,791895;9,791895;10,18838;10,07119;10,07119;10,62393;10,67861;12,33486;16,62588;12,33486;11,97158;12,67471;12,67471;18,46963;8,959864;12,33486;17,58682;12,67471;12,33486;12,67471;11,97158;11,97158;11,97158;10,67861;12,85635;18,46963;12,85635;16,62588;12,85635;18,29971;18,46963;12,67471;11,97158;12,33486;10,08291;11,97158;8,959864;10,08291;12,33486;16,62588;10,07119;12,85635;12,67471;12,33486;12,67471;10,67861;12,85635;11,97158;11,97158;16,62588;18,46963;10,67861;18,29971;10,67861;12,33486;18,46963;12,67471;12,33486;12,33486;10,08291;18,29971;12,43252;16,62588;11,97158;11,97158;8,959864;11,97158
"63";"1955-03-01";14,19253;15,60659;11,68667;12,72964;12,72964;14,19253;15,60659;12,74136;13,13003;11,68667;13,03042;15,09097;11,68667;14,19253;11,68667;12,72964;11,16714;13,34683;12,72964;13,84487;12,72964;14,72378;16,30776;13,34683;13,84487;13,34683;11,68667;13,07925;11,68667;12,72964;14,19253;11,16714;14,19253;11,16714;14,19253;12,72964;12,72964;14,72378;13,07925;13,07925;12,72964;13,03042;13,03042;13,84487;13,13003;14,84292;19,65933;14,84292;14,79214;15,3312;15,3312;21,89175;11,16714;14,84292;20,90737;15,3312;14,84292;15,3312;14,79214;14,79214;14,79214;13,13003;15,57925;21,89175;15,57925;19,65933;15,57925;21,72573;21,89175;15,3312;14,79214;14,84292;12,74136;14,79214;11,16714;12,74136;14,84292;19,65933;13,03042;15,57925;15,3312;14,84292;15,3312;13,13003;15,57925;14,79214;14,79214;19,65933;21,89175;13,13003;21,72573;13,13003;14,84292;21,89175;15,3312;14,84292;14,84292;12,74136;21,72573;15,09097;19,65933;14,79214;14,79214;11,16714;14,79214
"64";"1955-04-01";17,12588;18,829;14,63369;15,25674;15,25674;17,12588;18,829;15,77432;16,21768;14,63369;15,89736;18,46572;14,63369;17,12588;14,63369;15,25674;13,89346;15,93252;15,25674;16,02041;15,25674;17,10439;19,08682;15,93252;16,02041;15,93252;14,63369;15,42471;14,63369;15,25674;17,12588;13,89346;17,12588;13,89346;17,12588;15,25674;15,25674;17,10439;15,42471;15,42471;15,25674;15,89736;15,89736;16,02041;16,21768;17,87588;23,65908;17,87588;17,73721;18,42275;18,42275;25,7001;13,89346;17,87588;24,57705;18,42275;17,87588;18,42275;17,73721;17,73721;17,73721;16,21768;18,90713;25,7001;18,90713;23,65908;18,90713;25,69424;25,7001;18,42275;17,73721;17,87588;15,77432;17,73721;13,89346;15,77432;17,87588;23,65908;15,89736;18,90713;18,42275;17,87588;18,42275;16,21768;18,90713;17,73721;17,73721;23,65908;25,7001;16,21768;25,69424;16,21768;17,87588;25,7001;18,42275;17,87588;17,87588;15,77432;25,69424;18,46572;23,65908;17,73721;17,73721;13,89346;17,73721
"65";"1955-05-01";16,29189;18,22158;14,00088;14,43643;14,43643;16,29189;18,22158;15,20205;15,55361;14,00088;15,08877;17,9501;14,00088;16,29189;14,00088;14,43643;13,22744;14,93252;14,43643;15,11807;14,43643;16,24697;18,31143;14,93252;15,11807;14,93252;14,00088;14,63174;14,00088;14,43643;16,29189;13,22744;16,29189;13,22744;16,29189;14,43643;14,43643;16,24697;14,63174;14,63174;14,43643;15,08877;15,08877;15,11807;15,55361;18,47939;24,16494;18,47939;18,17275;18,89736;18,89736;26,86611;13,22744;18,47939;25,46963;18,89736;18,47939;18,89736;18,17275;18,17275;18,17275;15,55361;19,19424;26,86611;19,19424;24,16494;19,19424;26,85244;26,86611;18,89736;18,17275;18,47939;15,20205;18,17275;13,22744;15,20205;18,47939;24,16494;15,08877;19,19424;18,89736;18,47939;18,89736;15,55361;19,19424;18,17275;18,17275;24,16494;26,86611;15,55361;26,85244;15,55361;18,47939;26,86611;18,89736;18,47939;18,47939;15,20205;26,85244;17,9501;24,16494;18,17275;18,17275;13,22744;18,17275
"66";"1955-06-01";15,6061;17,21157;13,37759;13,87759;13,87759;15,6061;17,21157;14,41274;14,94009;13,37759;14,36392;16,95962;13,37759;15,6061;13,37759;13,87759;12,67446;14,40884;13,87759;14,87759;13,87759;15,86782;17,70767;14,40884;14,87759;14,40884;13,37759;14,11587;13,37759;13,87759;15,6061;12,67446;15,6061;12,67446;15,6061;13,87759;13,87759;15,86782;14,11587;14,11587;13,87759;14,36392;14,36392;14,87759;14,94009;17,94009;22,73892;17,94009;17,34243;18,2936;18,2936;25,29165;12,67446;17,94009;24,33657;18,2936;17,94009;18,2936;17,34243;17,34243;17,34243;14,94009;18,28579;25,29165;18,28579;22,73892;18,28579;25,1061;25,29165;18,2936;17,34243;17,94009;14,41274;17,34243;12,67446;14,41274;17,94009;22,73892;14,36392;18,28579;18,2936;17,94009;18,2936;14,94009;18,28579;17,34243;17,34243;22,73892;25,29165;14,94009;25,1061;14,94009;17,94009;25,29165;18,2936;17,94009;17,94009;14,41274;25,1061;16,95962;22,73892;17,34243;17,34243;12,67446;17,34243
"67";"1955-07-01";14,27847;15,45815;12,21206;12,71206;12,71206;14,27847;15,45815;12,64761;13,68081;12,21206;12,67495;15,17886;12,21206;14,27847;12,21206;12,71206;11,7355;12,79995;12,71206;13,40347;12,71206;14,5812;16,15933;12,79995;13,40347;12,79995;12,21206;12,73355;12,21206;12,71206;14,27847;11,7355;14,27847;11,7355;14,27847;12,71206;12,71206;14,5812;12,73355;12,73355;12,71206;12,67495;12,67495;13,40347;13,68081;16,68081;20,72573;16,68081;15,74526;16,93081;16,93081;22,87026;11,7355;16,68081;21,91128;16,93081;16,68081;16,93081;15,74526;15,74526;15,74526;13,68081;16,8019;22,87026;16,8019;20,72573;16,8019;22,72183;22,87026;16,93081;15,74526;16,68081;12,64761;15,74526;11,7355;12,64761;16,68081;20,72573;12,67495;16,8019;16,93081;16,68081;16,93081;13,68081;16,8019;15,74526;15,74526;20,72573;22,87026;13,68081;22,72183;13,68081;16,68081;22,87026;16,93081;16,68081;16,68081;12,64761;22,72183;15,17886;20,72573;15,74526;15,74526;11,7355;15,74526
"68";"1955-08-01";14,77139;16,31045;12,90029;13,1249;13,1249;14,77139;16,31045;13,55459;14,27529;12,90029;13,47061;15,99795;12,90029;14,77139;12,90029;13,1249;12,24014;13,82803;13,1249;14,29678;13,1249;14,85342;16,51553;13,82803;14,29678;13,82803;12,90029;13,32998;12,90029;13,1249;14,77139;12,24014;14,77139;12,24014;14,77139;13,1249;13,1249;14,85342;13,32998;13,32998;13,1249;13,47061;13,47061;14,29678;14,27529;17,26943;21,50576;17,26943;16,52139;17,53311;17,53311;23,64834;12,24014;17,26943;22,84951;17,53311;17,26943;17,53311;16,52139;16,52139;16,52139;14,27529;17,51162;23,64834;17,51162;21,50576;17,51162;23,43936;23,64834;17,53311;16,52139;17,26943;13,55459;16,52139;12,24014;13,55459;17,26943;21,50576;13,47061;17,51162;17,53311;17,26943;17,53311;14,27529;17,51162;16,52139;16,52139;21,50576;23,64834;14,27529;23,43936;14,27529;17,26943;23,64834;17,53311;17,26943;17,26943;13,55459;23,43936;15,99795;21,50576;16,52139;16,52139;12,24014;16,52139
"69";"1955-09-01";14,71743;16,43814;12,80923;12,98501;12,98501;14,71743;16,43814;13,14126;14,35415;12,80923;12,93228;16,07681;12,80923;14,71743;12,80923;12,98501;12,38735;13,09243;12,98501;13,54165;12,98501;14,55728;16,23892;13,09243;13,54165;13,09243;12,80923;12,90689;12,80923;12,98501;14,71743;12,38735;14,71743;12,38735;14,71743;12,98501;12,98501;14,55728;12,90689;12,90689;12,98501;12,93228;12,93228;13,54165;14,35415;17,26626;21,2936;17,26626;16,3854;17,56704;17,56704;23,28384;12,38735;17,26626;22,44595;17,56704;17,26626;17,56704;16,3854;16,3854;16,3854;14,35415;17,42251;23,28384;17,42251;21,2936;17,42251;23,17837;23,28384;17,56704;16,3854;17,26626;13,14126;16,3854;12,38735;13,14126;17,26626;21,2936;12,93228;17,42251;17,56704;17,26626;17,56704;14,35415;17,42251;16,3854;16,3854;21,2936;23,28384;14,35415;23,17837;14,35415;17,26626;23,28384;17,56704;17,26626;17,26626;13,14126;23,17837;16,07681;21,2936;16,3854;16,3854;12,38735;16,3854
"70";"1955-10-01";13,04507;14,4103;10,91812;11,36538;11,36538;13,04507;14,4103;11,00796;12,58218;10,91812;10,52554;14,0939;10,91812;13,04507;10,91812;11,36538;10,59585;11,0646;11,36538;11,4064;11,36538;12,89272;14,62905;11,0646;11,4064;11,0646;10,91812;10,32241;10,91812;11,36538;13,04507;10,59585;13,04507;10,59585;13,04507;11,36538;11,36538;12,89272;10,32241;10,32241;11,36538;10,52554;10,52554;11,4064;12,58218;15,33608;19,37905;15,33608;14,30483;15,62319;15,62319;21,52163;10,59585;15,33608;20,64468;15,62319;15,33608;15,62319;14,30483;14,30483;14,30483;12,58218;15,57241;21,52163;15,57241;19,37905;15,57241;21,3146;21,52163;15,62319;14,30483;15,33608;11,00796;14,30483;10,59585;11,00796;15,33608;19,37905;10,52554;15,57241;15,62319;15,33608;15,62319;12,58218;15,57241;14,30483;14,30483;19,37905;21,52163;12,58218;21,3146;12,58218;15,33608;21,52163;15,62319;15,33608;15,33608;11,00796;21,3146;14,0939;19,37905;14,30483;14,30483;10,59585;14,30483
"71";"1955-11-01";12,58291;14,38955;10,74111;10,92471;10,92471;12,58291;14,38955;11,11416;12,14346;10,74111;10,82119;13,96377;10,74111;12,58291;10,74111;10,92471;10,17275;11,2626;10,92471;11,37002;10,92471;12,32705;14,20986;11,2626;11,37002;11,2626;10,74111;10,53799;10,74111;10,92471;12,58291;10,17275;12,58291;10,17275;12,58291;10,92471;10,92471;12,32705;10,53799;10,53799;10,92471;10,82119;10,82119;11,37002;12,14346;14,61416;18,60439;14,61416;13,89346;14,85439;14,85439;20,60439;10,17275;14,61416;19,83877;14,85439;14,61416;14,85439;13,89346;13,89346;13,89346;12,14346;14,9501;20,60439;14,9501;18,60439;14,9501;20,39736;20,60439;14,85439;13,89346;14,61416;11,11416;13,89346;10,17275;11,11416;14,61416;18,60439;10,82119;14,9501;14,85439;14,61416;14,85439;12,14346;14,9501;13,89346;13,89346;18,60439;20,60439;12,14346;20,39736;12,14346;14,61416;20,60439;14,85439;14,61416;14,61416;11,11416;20,39736;13,96377;18,60439;13,89346;13,89346;10,17275;13,89346
"72";"1955-12-01";10,66592;12,17764;8,535059;9,001856;9,001856;10,66592;12,17764;8,882715;10,10147;8,535059;8,542871;11,80654;8,535059;10,66592;8,535059;9,001856;8,165918;8,759668;9,001856;8,831934;9,001856;10,41006;12,40811;8,759668;8,831934;8,759668;8,535059;8,206934;8,535059;9,001856;10,66592;8,165918;10,66592;8,165918;10,66592;9,001856;9,001856;10,41006;8,206934;8,206934;9,001856;8,542871;8,542871;8,831934;10,10147;12,57607;16,64639;12,57607;11,82217;12,84951;12,84951;18,73232;8,165918;12,57607;18,03311;12,84951;12,57607;12,84951;11,82217;11,82217;11,82217;10,10147;12,98232;18,73232;12,98232;16,64639;12,98232;18,44326;18,73232;12,84951;11,82217;12,57607;8,882715;11,82217;8,165918;8,882715;12,57607;16,64639;8,542871;12,98232;12,84951;12,57607;12,84951;10,10147;12,98232;11,82217;11,82217;16,64639;18,73232;10,10147;18,44326;10,10147;12,57607;18,73232;12,84951;12,57607;12,57607;8,882715;18,44326;11,80654;16,64639;11,82217;11,82217;8,165918;11,82217
"73";"1956-01-01";9,468409;10,97231;7,284814;7,718408;7,718408;9,468409;10,97231;7,755517;8,954737;7,284814;7,558252;10,63052;7,284814;9,468409;7,284814;7,718408;6,712549;7,890283;7,718408;8,001612;7,718408;9,409815;11,26528;7,890283;8,001612;7,890283;7,284814;7,257471;7,284814;7,718408;9,468409;6,712549;9,468409;6,712549;9,468409;7,718408;7,718408;9,409815;7,257471;7,257471;7,718408;7,558252;7,558252;8,001612;8,954737;11,29263;15,5856;11,29263;10,65591;11,63833;11,63833;17,47622;6,712549;11,29263;16,77505;11,63833;11,29263;11,63833;10,65591;10,65591;10,65591;8,954737;11,76528;17,47622;11,76528;15,5856;11,76528;17,28677;17,47622;11,63833;10,65591;11,29263;7,755517;10,65591;6,712549;7,755517;11,29263;15,5856;7,558252;11,76528;11,63833;11,29263;11,63833;8,954737;11,76528;10,65591;10,65591;15,5856;17,47622;8,954737;17,28677;8,954737;11,29263;17,47622;11,63833;11,29263;11,29263;7,755517;17,28677;10,63052;15,5856;10,65591;10,65591;6,712549;10,65591
"74";"1956-02-01";13,24795;15,20889;11,47451;11,44912;11,44912;13,24795;15,20889;12,28506;12,66592;11,47451;12,14639;14,69717;11,47451;13,24795;11,47451;11,44912;10,43545;12,0624;11,44912;11,71865;11,44912;12,85732;14,86709;12,0624;11,71865;12,0624;11,47451;11,33975;11,47451;11,44912;13,24795;10,43545;13,24795;10,43545;13,24795;11,44912;11,44912;12,85732;11,33975;11,33975;11,44912;12,14639;12,14639;11,71865;12,66592;14,22451;18,46084;14,22451;13,82217;14,53897;14,53897;20,17764;10,43545;14,22451;19,31826;14,53897;14,22451;14,53897;13,82217;13,82217;13,82217;12,66592;14,83389;20,17764;14,83389;18,46084;14,83389;20,11514;20,17764;14,53897;13,82217;14,22451;12,28506;13,82217;10,43545;12,28506;14,22451;18,46084;12,14639;14,83389;14,53897;14,22451;14,53897;12,66592;14,83389;13,82217;13,82217;18,46084;20,17764;12,66592;20,11514;12,66592;14,22451;20,17764;14,53897;14,22451;14,22451;12,28506;20,11514;14,69717;18,46084;13,82217;13,82217;10,43545;13,82217
"75";"1956-03-01";14,6542;16,17178;12,0292;12,94131;12,94131;14,6542;16,17178;12,69522;13,54092;12,0292;12,8124;15,50967;12,0292;14,6542;12,0292;12,94131;11,37686;13,10537;12,94131;13,31045;12,94131;14,72451;16,65615;13,10537;13,31045;13,10537;12,0292;12,54287;12,0292;12,94131;14,6542;11,37686;14,6542;11,37686;14,6542;12,94131;12,94131;14,72451;12,54287;12,54287;12,94131;12,8124;12,8124;13,31045;13,54092;15,28701;19,53701;15,28701;14,83193;15,56631;15,56631;21,44912;11,37686;15,28701;20,55654;15,56631;15,28701;15,56631;14,83193;14,83193;14,83193;13,54092;15,80654;21,44912;15,80654;19,53701;15,80654;21,34561;21,44912;15,56631;14,83193;15,28701;12,69522;14,83193;11,37686;12,69522;15,28701;19,53701;12,8124;15,80654;15,56631;15,28701;15,56631;13,54092;15,80654;14,83193;14,83193;19,53701;21,44912;13,54092;21,34561;13,54092;15,28701;21,44912;15,56631;15,28701;15,28701;12,69522;21,34561;15,50967;19,53701;14,83193;14,83193;11,37686;14,83193
"76";"1956-04-01";16,33145;18,03262;14,09512;14,44277;14,44277;16,33145;18,03262;15,07559;15,43106;14,09512;15,08535;17,61856;14,09512;16,33145;14,09512;14,44277;13,14004;15,06777;14,44277;15,04043;14,44277;16,13027;18,21621;15,06777;15,04043;15,06777;14,09512;14,59121;14,09512;14,44277;16,33145;13,14004;16,33145;13,14004;16,33145;14,44277;14,44277;16,13027;14,59121;14,59121;14,44277;15,08535;15,08535;15,04043;15,43106;17,3627;22,32949;17,3627;17,1166;17,73184;17,73184;24,09121;13,14004;17,3627;23,17715;17,73184;17,3627;17,73184;17,1166;17,1166;17,1166;15,43106;18,05606;24,09121;18,05606;22,32949;18,05606;24,12637;24,09121;17,73184;17,1166;17,3627;15,07559;17,1166;13,14004;15,07559;17,3627;22,32949;15,08535;18,05606;17,73184;17,3627;17,73184;15,43106;18,05606;17,1166;17,1166;22,32949;24,09121;15,43106;24,12637;15,43106;17,3627;24,09121;17,73184;17,3627;17,3627;15,07559;24,12637;17,61856;22,32949;17,1166;17,1166;13,14004;17,1166
"77";"1956-05-01";14,78018;16,01455;12,15713;13,17471;13,17471;14,78018;16,01455;12,98721;13,86807;12,15713;13,03604;15,84268;12,15713;14,78018;12,15713;13,17471;11,58682;13,22158;13,17471;13,85439;13,17471;15,22549;16,94619;13,22158;13,85439;13,22158;12,15713;13,04385;12,15713;13,17471;14,78018;11,58682;14,78018;11,58682;14,78018;13,17471;13,17471;15,22549;13,04385;13,04385;13,17471;13,03604;13,03604;13,85439;13,86807;16,48525;21,18838;16,48525;15,89541;16,8251;16,8251;23,44619;11,58682;16,48525;22,4208;16,8251;16,48525;16,8251;15,89541;15,89541;15,89541;13,86807;16,81729;23,44619;16,81729;21,18838;16,81729;23,40713;23,44619;16,8251;15,89541;16,48525;12,98721;15,89541;11,58682;12,98721;16,48525;21,18838;13,03604;16,81729;16,8251;16,48525;16,8251;13,86807;16,81729;15,89541;15,89541;21,18838;23,44619;13,86807;23,40713;13,86807;16,48525;23,44619;16,8251;16,48525;16,48525;12,98721;23,40713;15,84268;21,18838;15,89541;15,89541;11,58682;15,89541
"78";"1956-06-01";14,29653;15,48989;11,902;12,57583;12,57583;14,29653;15,48989;12,51333;13,50747;11,902;12,44497;15,20669;11,902;14,29653;11,902;12,57583;11,34927;12,527;12,57583;13,04263;12,57583;14,48599;16,28872;12,527;13,04263;12,527;11,902;12,36294;11,902;12,57583;14,29653;11,34927;14,29653;11,34927;14,29653;12,57583;12,57583;14,48599;12,36294;12,36294;12,57583;12,44497;12,44497;13,04263;13,50747;16,52114;20,9313;16,52114;15,70864;16,65786;16,65786;22,87075;11,34927;16,52114;21,8688;16,65786;16,52114;16,65786;15,70864;15,70864;15,70864;13,50747;16,54653;22,87075;16,54653;20,9313;16,54653;22,78481;22,87075;16,65786;15,70864;16,52114;12,51333;15,70864;11,34927;12,51333;16,52114;20,9313;12,44497;16,54653;16,65786;16,52114;16,65786;13,50747;16,54653;15,70864;15,70864;20,9313;22,87075;13,50747;22,78481;13,50747;16,52114;22,87075;16,65786;16,52114;16,52114;12,51333;22,78481;15,20669;20,9313;15,70864;15,70864;11,34927;15,70864
"79";"1956-07-01";14,55337;15,88931;11,79751;12,73306;12,73306;14,55337;15,88931;12,48501;13,51235;11,79751;12,49478;15,44009;11,79751;14,55337;11,79751;12,73306;11,1686;12,79751;12,73306;13,46548;12,73306;14,80532;16,88735;12,79751;13,46548;12,79751;11,79751;12,52603;11,79751;12,73306;14,55337;11,1686;14,55337;11,1686;14,55337;12,73306;12,73306;14,80532;12,52603;12,52603;12,73306;12,49478;12,49478;13,46548;13,51235;16,40884;20,66665;16,40884;15,60415;16,59829;16,59829;22,84439;11,1686;16,40884;21,92056;16,59829;16,40884;16,59829;15,60415;15,60415;15,60415;13,51235;16,58071;22,84439;16,58071;20,66665;16,58071;22,63735;22,84439;16,59829;15,60415;16,40884;12,48501;15,60415;11,1686;12,48501;16,40884;20,66665;12,49478;16,58071;16,59829;16,40884;16,59829;13,51235;16,58071;15,60415;15,60415;20,66665;22,84439;13,51235;22,63735;13,51235;16,40884;22,84439;16,59829;16,40884;16,40884;12,48501;22,63735;15,44009;20,66665;15,60415;15,60415;11,1686;15,60415
"80";"1956-08-01";15,20059;16,74356;12,70254;13,34121;13,34121;15,20059;16,74356;13,66738;14,33926;12,70254;13,56582;16,18301;12,70254;15,20059;12,70254;13,34121;11,97402;13,73184;13,34121;14,31582;13,34121;15,44668;17,37637;13,73184;14,31582;13,73184;12,70254;13,41543;12,70254;13,34121;15,20059;11,97402;15,20059;11,97402;15,20059;13,34121;13,34121;15,44668;13,41543;13,41543;13,34121;13,56582;13,56582;14,31582;14,33926;17,22598;21,30606;17,22598;16,54434;17,55996;17,55996;23,79434;11,97402;17,22598;23,10879;17,55996;17,22598;17,55996;16,54434;16,54434;16,54434;14,33926;17,58731;23,79434;17,58731;21,30606;17,58731;23,19277;23,79434;17,55996;16,54434;17,22598;13,66738;16,54434;11,97402;13,66738;17,22598;21,30606;13,56582;17,58731;17,55996;17,22598;17,55996;14,33926;17,58731;16,54434;16,54434;21,30606;23,79434;14,33926;23,19277;14,33926;17,22598;23,79434;17,55996;17,22598;17,22598;13,66738;23,19277;16,18301;21,30606;16,54434;16,54434;11,97402;16,54434
"81";"1956-09-01";14,20986;15,38174;11,79385;12,4501;12,4501;14,20986;15,38174;12,16689;13,44619;11,79385;11,81338;14,97939;11,79385;14,20986;11,79385;12,4501;11,38174;12,19424;12,4501;12,78799;12,4501;14,38955;16,18447;12,19424;12,78799;12,19424;11,79385;11,75283;11,79385;12,4501;14,20986;11,38174;14,20986;11,38174;14,20986;12,4501;12,4501;14,38955;11,75283;11,75283;12,4501;11,81338;11,81338;12,78799;13,44619;16,46768;20,70205;16,46768;15,55947;16,73135;16,73135;22,71963;11,38174;16,46768;21,84854;16,73135;16,46768;16,73135;15,55947;15,55947;15,55947;13,44619;16,59854;22,71963;16,59854;20,70205;16,59854;22,45596;22,71963;16,73135;15,55947;16,46768;12,16689;15,55947;11,38174;12,16689;16,46768;20,70205;11,81338;16,59854;16,73135;16,46768;16,73135;13,44619;16,59854;15,55947;15,55947;20,70205;22,71963;13,44619;22,45596;13,44619;16,46768;22,71963;16,73135;16,46768;16,46768;12,16689;22,45596;14,97939;20,70205;15,55947;15,55947;11,38174;15,55947
"82";"1956-10-01";13,99136;15,13198;11,12612;12,29019;12,29019;13,99136;15,13198;11,57925;12,91519;11,12612;11,20425;14,65737;11,12612;13,99136;11,12612;12,29019;10,77261;11,90933;12,29019;12,24331;12,29019;14,07144;16,00308;11,90933;12,24331;11,90933;11,12612;10,9894;11,12612;12,29019;13,99136;10,77261;13,99136;10,77261;13,99136;12,29019;12,29019;14,07144;10,9894;10,9894;12,29019;11,20425;11,20425;12,24331;12,91519;15,30581;19,74526;15,30581;14,72378;15,7394;15,7394;21,9894;10,77261;15,30581;21,21792;15,7394;15,30581;15,7394;14,72378;14,72378;14,72378;12,91519;15,88198;21,9894;15,88198;19,74526;15,88198;21,48355;21,9894;15,7394;14,72378;15,30581;11,57925;14,72378;10,77261;11,57925;15,30581;19,74526;11,20425;15,88198;15,7394;15,30581;15,7394;12,91519;15,88198;14,72378;14,72378;19,74526;21,9894;12,91519;21,48355;12,91519;15,30581;21,9894;15,7394;15,30581;15,30581;11,57925;21,48355;14,65737;19,74526;14,72378;14,72378;10,77261;14,72378
"83";"1956-11-01";12,13101;13,07632;9,613428;10,83218;10,83218;12,13101;13,07632;9,957178;10,97476;9,613428;9,867334;12,62124;9,613428;12,13101;9,613428;10,83218;9,140772;10,61538;10,83218;11,08413;10,83218;12,78726;14,2853;10,61538;11,08413;10,61538;9,613428;9,841944;9,613428;10,83218;12,13101;9,140772;12,13101;9,140772;12,13101;10,83218;10,83218;12,78726;9,841944;9,841944;10,83218;9,867334;9,867334;11,08413;10,97476;13,33804;17,33218;13,33804;12,70522;13,5353;13,5353;19,35562;9,140772;13,33804;18,56655;13,5353;13,33804;13,5353;12,70522;12,70522;12,70522;10,97476;13,54702;19,35562;13,54702;17,33218;13,54702;18,99233;19,35562;13,5353;12,70522;13,33804;9,957178;12,70522;9,140772;9,957178;13,33804;17,33218;9,867334;13,54702;13,5353;13,33804;13,5353;10,97476;13,54702;12,70522;12,70522;17,33218;19,35562;10,97476;18,99233;10,97476;13,33804;19,35562;13,5353;13,33804;13,33804;9,957178;18,99233;12,62124;17,33218;12,70522;12,70522;9,140772;12,70522
"84";"1956-12-01";11,16445;12,23867;8,719141;9,808985;9,808985;11,16445;12,23867;9,281641;10,23672;8,719141;9,338282;11,81875;8,719141;11,16445;8,719141;9,808985;8,31875;9,752344;9,808985;10,23672;9,808985;11,6918;13,12344;9,752344;10,23672;9,752344;8,719141;9,373438;8,719141;9,808985;11,16445;8,31875;11,16445;8,31875;11,16445;9,808985;9,808985;11,6918;9,373438;9,373438;9,808985;9,338282;9,338282;10,23672;10,23672;12,62734;17,07266;12,62734;12,14297;12,91641;12,91641;18,75039;8,31875;12,62734;17,89297;12,91641;12,62734;12,91641;12,14297;12,14297;12,14297;10,23672;12,9418;18,75039;12,9418;17,07266;12,9418;18,52383;18,75039;12,91641;12,14297;12,62734;9,281641;12,14297;8,31875;9,281641;12,62734;17,07266;9,338282;12,9418;12,91641;12,62734;12,91641;10,23672;12,9418;12,14297;12,14297;17,07266;18,75039;10,23672;18,52383;10,23672;12,62734;18,75039;12,91641;12,62734;12,62734;9,281641;18,52383;11,81875;17,07266;12,14297;12,14297;8,31875;12,14297
"85";"1957-01-01";11,36538;12,50015;8,873194;10,03921;10,03921;11,36538;12,50015;9,761866;10,36929;8,873194;9,8146;12,06069;8,873194;11,36538;8,873194;10,03921;8,539209;10,09194;10,03921;10,58413;10,03921;11,8771;13,35952;10,09194;10,58413;10,09194;8,873194;9,906397;8,873194;10,03921;11,36538;8,539209;11,36538;8,539209;11,36538;10,03921;10,03921;11,8771;9,906397;9,906397;10,03921;9,8146;9,8146;10,58413;10,36929;12,51772;17,27358;12,51772;12,35562;12,83218;12,83218;19,02749;8,539209;12,51772;18,22085;12,83218;12,51772;12,83218;12,35562;12,35562;12,35562;10,36929;12,97866;19,02749;12,97866;17,27358;12,97866;18,54116;19,02749;12,83218;12,35562;12,51772;9,761866;12,35562;8,539209;9,761866;12,51772;17,27358;9,8146;12,97866;12,83218;12,51772;12,83218;10,36929;12,97866;12,35562;12,35562;17,27358;19,02749;10,36929;18,54116;10,36929;12,51772;19,02749;12,83218;12,51772;12,51772;9,761866;18,54116;12,06069;17,27358;12,35562;12,35562;8,539209;12,35562
"86";"1957-02-01";12,54189;13,87783;10,09268;10,91689;10,91689;12,54189;13,87783;11,17275;11,69033;10,09268;11,37588;13,57314;10,09268;12,54189;10,09268;10,91689;9,467676;11,30752;10,91689;11,74307;10,91689;12,92471;14,51455;11,30752;11,74307;11,30752;10,09268;11,31338;10,09268;10,91689;12,54189;9,467676;12,54189;9,467676;12,54189;10,91689;10,91689;12,92471;11,31338;11,31338;10,91689;11,37588;11,37588;11,74307;11,69033;13,56729;18,83096;13,56729;13,60635;13,98135;13,98135;20,6415;9,467676;13,56729;19,69814;13,98135;13,56729;13,98135;13,60635;13,60635;13,60635;11,69033;14,31729;20,6415;14,31729;18,83096;14,31729;20,28213;20,6415;13,98135;13,60635;13,56729;11,17275;13,60635;9,467676;11,17275;13,56729;18,83096;11,37588;14,31729;13,98135;13,56729;13,98135;11,69033;14,31729;13,60635;13,60635;18,83096;20,6415;11,69033;20,28213;11,69033;13,56729;20,6415;13,98135;13,56729;13,56729;11,17275;20,28213;13,57314;18,83096;13,60635;13,60635;9,467676;13,60635
"87";"1957-03-01";14,90371;16,57559;12,87637;12,91934;12,91934;14,90371;16,57559;13,63809;14,27481;12,87637;13,78848;16,28066;12,87637;14,90371;12,87637;12,91934;11,94473;13,54434;12,91934;13,03066;12,91934;14,2377;16,47793;13,54434;13,03066;13,54434;12,87637;13,02676;12,87637;12,91934;14,90371;11,94473;14,90371;11,94473;14,90371;12,91934;12,91934;14,2377;13,02676;13,02676;12,91934;13,78848;13,78848;13,03066;14,27481;14,99551;20,09512;14,99551;14,86074;15,29824;15,29824;21,22402;11,94473;14,99551;20,38809;15,29824;14,99551;15,29824;14,86074;14,86074;14,86074;14,27481;15,8627;21,22402;15,8627;20,09512;15,8627;21,07168;21,22402;15,29824;14,86074;14,99551;13,63809;14,86074;11,94473;13,63809;14,99551;20,09512;13,78848;15,8627;15,29824;14,99551;15,29824;14,27481;15,8627;14,86074;14,86074;20,09512;21,22402;14,27481;21,07168;14,27481;14,99551;21,22402;15,29824;14,99551;14,99551;13,63809;21,07168;16,28066;20,09512;14,86074;14,86074;11,94473;14,86074
"88";"1957-04-01";15,92446;17,49282;13,50845;13,98892;13,98892;15,92446;17,49282;14,45767;15,20962;13,50845;14,49673;17,24673;13,50845;15,92446;13,50845;13,98892;12,90298;14,20181;13,98892;14,15493;13,98892;15,50064;17,62368;14,20181;14,15493;14,20181;13,50845;13,99478;13,50845;13,98892;15,92446;12,90298;15,92446;12,90298;15,92446;13,98892;13,98892;15,50064;13,99478;13,99478;13,98892;14,49673;14,49673;14,15493;15,20962;17,04556;22,38931;17,04556;16,7272;17,41665;17,41665;24,04165;12,90298;17,04556;23,0729;17,41665;17,04556;17,41665;16,7272;16,7272;16,7272;15,20962;17,7936;24,04165;17,7936;22,38931;17,7936;23,86392;24,04165;17,41665;16,7272;17,04556;14,45767;16,7272;12,90298;14,45767;17,04556;22,38931;14,49673;17,7936;17,41665;17,04556;17,41665;15,20962;17,7936;16,7272;16,7272;22,38931;24,04165;15,20962;23,86392;15,20962;17,04556;24,04165;17,41665;17,04556;17,04556;14,45767;23,86392;17,24673;22,38931;16,7272;16,7272;12,90298;16,7272
"89";"1957-05-01";17,39419;18,81216;14,44888;15,28872;15,28872;17,39419;18,81216;15,22427;16,277;14,44888;15,57192;18,48208;14,44888;17,39419;14,44888;15,28872;13,67153;15,60122;15,28872;15,51138;15,28872;17,02505;19,43521;15,60122;15,51138;15,60122;14,44888;15,03872;14,44888;15,28872;17,39419;13,67153;17,39419;13,67153;17,39419;15,28872;15,28872;17,02505;15,03872;15,03872;15,28872;15,57192;15,57192;15,51138;16,277;17,98013;23,20864;17,98013;17,48599;18,30825;18,30825;24,99966;13,67153;17,98013;24,01528;18,30825;17,98013;18,30825;17,48599;17,48599;17,48599;16,277;18,75161;24,99966;18,75161;23,20864;18,75161;24,88247;24,99966;18,30825;17,48599;17,98013;15,22427;17,48599;13,67153;15,22427;17,98013;23,20864;15,57192;18,75161;18,30825;17,98013;18,30825;16,277;18,75161;17,48599;17,48599;23,20864;24,99966;16,277;24,88247;16,277;17,98013;24,99966;18,30825;17,98013;17,98013;15,22427;24,88247;18,48208;23,20864;17,48599;17,48599;13,67153;17,48599
"90";"1957-06-01";16,26821;17,78579;14,1354;14,51235;14,51235;16,26821;17,78579;14,72134;15,71548;14,1354;14,69399;17,72524;14,1354;16,26821;14,1354;14,51235;13,52212;14,94009;14,51235;15,21157;14,51235;16,13735;17,98696;14,94009;15,21157;14,94009;14,1354;14,53579;14,1354;14,51235;16,26821;13,52212;16,26821;13,52212;16,26821;14,51235;14,51235;16,13735;14,53579;14,53579;14,51235;14,69399;14,69399;15,21157;15,71548;18,44399;23,32485;18,44399;17,71743;18,70571;18,70571;24,89321;13,52212;18,44399;23,90884;18,70571;18,44399;18,70571;17,71743;17,71743;17,71743;15,71548;18,76626;24,89321;18,76626;23,32485;18,76626;24,85024;24,89321;18,70571;17,71743;18,44399;14,72134;17,71743;13,52212;14,72134;18,44399;23,32485;14,69399;18,76626;18,70571;18,44399;18,70571;15,71548;18,76626;17,71743;17,71743;23,32485;24,89321;15,71548;24,85024;15,71548;18,44399;24,89321;18,70571;18,44399;18,44399;14,72134;24,85024;17,72524;23,32485;17,71743;17,71743;13,52212;17,71743
"91";"1957-07-01";15,54873;16,66397;12,95693;13,92568;13,92568;15,54873;16,66397;13,7792;14,42373;12,95693;14,08779;16,26357;12,95693;15,54873;12,95693;13,92568;12,07803;14,31631;13,92568;15,0585;13,92568;16,51162;18,02725;14,31631;15,0585;14,31631;12,95693;14,14443;12,95693;13,92568;15,54873;12,07803;15,54873;12,07803;15,54873;13,92568;13,92568;16,51162;14,14443;14,14443;13,92568;14,08779;14,08779;15,0585;14,42373;17,15029;21,85732;17,15029;16,43545;17,36904;17,36904;23,70693;12,07803;17,15029;22,80654;17,36904;17,15029;17,36904;16,43545;16,43545;16,43545;14,42373;17,41006;23,70693;17,41006;21,85732;17,41006;23,36123;23,70693;17,36904;16,43545;17,15029;13,7792;16,43545;12,07803;13,7792;17,15029;21,85732;14,08779;17,41006;17,36904;17,15029;17,36904;14,42373;17,41006;16,43545;16,43545;21,85732;23,70693;14,42373;23,36123;14,42373;17,15029;23,70693;17,36904;17,15029;17,15029;13,7792;23,36123;16,26357;21,85732;16,43545;16,43545;12,07803;16,43545
"92";"1957-08-01";15,7936;17,08267;12,99478;14,04165;14,04165;15,7936;17,08267;13,69985;14,74087;12,99478;13,91079;16,54165;12,99478;15,7936;12,99478;14,04165;12,28774;14,20181;14,04165;15,06314;14,04165;16,71548;18,26821;14,20181;15,06314;14,20181;12,99478;14,03384;12,99478;14,04165;15,7936;12,28774;15,7936;12,28774;15,7936;14,04165;14,04165;16,71548;14,03384;14,03384;14,04165;13,91079;13,91079;15,06314;14,74087;17,41274;21,8561;17,41274;16,62564;17,67056;17,67056;23,77798;12,28774;17,41274;23,03189;17,67056;17,41274;17,67056;16,62564;16,62564;16,62564;14,74087;17,61001;23,77798;17,61001;21,8561;17,61001;23,33267;23,77798;17,67056;16,62564;17,41274;13,69985;16,62564;12,28774;13,69985;17,41274;21,8561;13,91079;17,61001;17,67056;17,41274;17,67056;14,74087;17,61001;16,62564;16,62564;21,8561;23,77798;14,74087;23,33267;14,74087;17,41274;23,77798;17,67056;17,41274;17,41274;13,69985;23,33267;16,54165;21,8561;16,62564;16,62564;12,28774;16,62564
"93";"1957-09-01";15,39614;16,69106;12,74771;13,66177;13,66177;15,39614;16,69106;13,33364;14,60708;12,74771;13,31802;16,32583;12,74771;15,39614;12,74771;13,66177;12,38247;13,45864;13,66177;14,152;13,66177;15,67935;17,28872;13,45864;14,152;13,45864;12,74771;13,35708;12,74771;13,66177;15,39614;12,38247;15,39614;12,38247;15,39614;13,66177;13,66177;15,67935;13,35708;13,35708;13,66177;13,31802;13,31802;14,152;14,60708;17,32388;21,6188;17,32388;16,53872;17,69497;17,69497;23,70083;12,38247;17,32388;22,84536;17,69497;17,32388;17,69497;16,53872;16,53872;16,53872;14,60708;17,59536;23,70083;17,59536;21,6188;17,59536;23,42544;23,70083;17,69497;16,53872;17,32388;13,33364;16,53872;12,38247;13,33364;17,32388;21,6188;13,31802;17,59536;17,69497;17,32388;17,69497;14,60708;17,59536;16,53872;16,53872;21,6188;23,70083;14,60708;23,42544;14,60708;17,32388;23,70083;17,69497;17,32388;17,32388;13,33364;23,42544;16,32583;21,6188;16,53872;16,53872;12,38247;16,53872
"94";"1957-10-01";14,27432;15,15322;11,28408;12,79775;12,79775;14,27432;15,15322;11,69229;12,88174;11,28408;11,86221;14,63369;11,28408;14,27432;11,28408;12,79775;10,91104;12,46572;12,79775;13,12979;12,79775;14,99502;16,67471;12,46572;13,12979;12,46572;11,28408;11,95596;11,28408;12,79775;14,27432;10,91104;14,27432;10,91104;14,27432;12,79775;12,79775;14,99502;11,95596;11,95596;12,79775;11,86221;11,86221;13,12979;12,88174;15,22744;19,63369;15,22744;14,56533;15,57314;15,57314;21,75674;10,91104;15,22744;20,89932;15,57314;15,22744;15,57314;14,56533;14,56533;14,56533;12,88174;15,58877;21,75674;15,58877;19,63369;15,58877;21,28604;21,75674;15,57314;14,56533;15,22744;11,69229;14,56533;10,91104;11,69229;15,22744;19,63369;11,86221;15,58877;15,57314;15,22744;15,57314;12,88174;15,58877;14,56533;14,56533;19,63369;21,75674;12,88174;21,28604;12,88174;15,22744;21,75674;15,57314;15,22744;15,22744;11,69229;21,28604;14,63369;19,63369;14,56533;14,56533;10,91104;14,56533
"95";"1957-11-01";14,66812;15,71694;12,11733;13,16421;13,16421;14,66812;15,71694;12,80679;13,54507;12,11733;13,03921;15,2228;12,11733;14,66812;12,11733;13,16421;11,51772;13,41226;13,16421;13,74429;13,16421;14,91812;16,49038;13,41226;13,74429;13,41226;12,11733;12,92202;12,11733;13,16421;14,66812;11,51772;14,66812;11,51772;14,66812;13,16421;13,16421;14,91812;12,92202;12,92202;13,16421;13,03921;13,03921;13,74429;13,54507;15,33413;19,39468;15,33413;14,94741;15,59585;15,59585;20,98452;11,51772;15,33413;20,15249;15,59585;15,33413;15,59585;14,94741;14,94741;14,94741;13,54507;15,70913;20,98452;15,70913;19,39468;15,70913;20,62905;20,98452;15,59585;14,94741;15,33413;12,80679;14,94741;11,51772;12,80679;15,33413;19,39468;13,03921;15,70913;15,59585;15,33413;15,59585;13,54507;15,70913;14,94741;14,94741;19,39468;20,98452;13,54507;20,62905;13,54507;15,33413;20,98452;15,59585;15,33413;15,33413;12,80679;20,62905;15,2228;19,39468;14,94741;14,94741;11,51772;14,94741
"96";"1957-12-01";11,45938;12,07852;8,955469;10,36953;10,36953;11,45938;12,07852;9,267969;10,19766;8,955469;9,29336;11,6625;8,955469;11,45938;8,955469;10,36953;8,57461;10,15469;10,36953;10,48086;10,36953;12,16445;13,48281;10,15469;10,48086;10,15469;8,955469;9,191797;8,955469;10,36953;11,45938;8,57461;11,45938;8,57461;11,45938;10,36953;10,36953;12,16445;9,191797;9,191797;10,36953;9,29336;9,29336;10,48086;10,19766;12,28359;16,36172;12,28359;11,70352;12,5082;12,5082;18,15859;8,57461;12,28359;17,21914;12,5082;12,28359;12,5082;11,70352;11,70352;11,70352;10,19766;12,5043;18,15859;12,5043;16,36172;12,5043;17,89492;18,15859;12,5082;11,70352;12,28359;9,267969;11,70352;8,57461;9,267969;12,28359;16,36172;9,29336;12,5043;12,5082;12,28359;12,5082;10,19766;12,5043;11,70352;11,70352;16,36172;18,15859;10,19766;17,89492;10,19766;12,28359;18,15859;12,5082;12,28359;12,28359;9,267969;17,89492;11,6625;16,36172;11,70352;11,70352;8,57461;11,70352
"97";"1958-01-01";10,53018;11,63955;8,475489;9,118067;9,118067;10,53018;11,63955;8,623926;9,827051;8,475489;8,940332;11,25479;8,475489;10,53018;8,475489;9,118067;7,985254;9,260645;9,118067;9,215723;9,118067;10,56533;12,14736;9,260645;9,215723;9,260645;8,475489;8,639551;8,475489;9,118067;10,53018;7,985254;10,53018;7,985254;10,53018;9,118067;9,118067;10,56533;8,639551;8,639551;9,118067;8,940332;8,940332;9,215723;9,827051;11,329;14,71768;11,329;10,49697;11,70986;11,70986;16,74893;7,985254;11,329;15,9501;11,70986;11,329;11,70986;10,49697;10,49697;10,49697;9,827051;11,88955;16,74893;11,88955;14,71768;11,88955;16,4833;16,74893;11,70986;10,49697;11,329;8,623926;10,49697;7,985254;8,623926;11,329;14,71768;8,940332;11,88955;11,70986;11,329;11,70986;9,827051;11,88955;10,49697;10,49697;14,71768;16,74893;9,827051;16,4833;9,827051;11,329;16,74893;11,70986;11,329;11,329;8,623926;16,4833;11,25479;14,71768;10,49697;10,49697;7,985254;10,49697
"98";"1958-02-01";12,1022;13,27212;10,17251;10,49282;10,49282;12,1022;13,27212;10,68032;11,25259;10,17251;11,04946;12,93032;10,17251;12,1022;10,17251;10,49282;9,225245;11,14907;10,49282;10,96548;10,49282;12,07485;13,95962;11,14907;10,96548;11,14907;10,17251;10,5729;10,17251;10,49282;12,1022;9,225245;12,1022;9,225245;12,1022;10,49282;10,49282;12,07485;10,5729;10,5729;10,49282;11,04946;11,04946;10,96548;11,25259;12,55142;16,36587;12,55142;11,96548;12,84243;12,84243;18,47329;9,225245;12,55142;17,57681;12,84243;12,55142;12,84243;11,96548;11,96548;11,96548;11,25259;13,15689;18,47329;13,15689;16,36587;13,15689;18,32485;18,47329;12,84243;11,96548;12,55142;10,68032;11,96548;9,225245;10,68032;12,55142;16,36587;11,04946;13,15689;12,84243;12,55142;12,84243;11,25259;13,15689;11,96548;11,96548;16,36587;18,47329;11,25259;18,32485;11,25259;12,55142;18,47329;12,84243;12,55142;12,55142;10,68032;18,32485;12,93032;16,36587;11,96548;11,96548;9,225245;11,96548
"99";"1958-03-01";16,51748;17,88662;14,81045;14,69717;14,69717;16,51748;17,88662;15,35732;15,496;14,81045;15,91201;17,27334;14,81045;16,51748;14,81045;14,69717;13,50381;15,53897;14,69717;14,57803;14,69717;15,82607;18,02334;15,53897;14,57803;15,53897;14,81045;14,9374;14,81045;14,69717;16,51748;13,50381;16,51748;13,50381;16,51748;14,69717;14,69717;15,82607;14,9374;14,9374;14,69717;15,91201;15,91201;14,57803;15,496;15,16592;18,81826;15,16592;14,83389;15,41201;15,41201;20,24209;13,50381;15,16592;19,48037;15,41201;15,16592;15,41201;14,83389;14,83389;14,83389;15,496;15,88076;20,24209;15,88076;18,81826;15,88076;20,17959;20,24209;15,41201;14,83389;15,16592;15,35732;14,83389;13,50381;15,35732;15,16592;18,81826;15,91201;15,88076;15,41201;15,16592;15,41201;15,496;15,88076;14,83389;14,83389;18,81826;20,24209;15,496;20,17959;15,496;15,16592;20,24209;15,41201;15,16592;15,16592;15,35732;20,17959;17,27334;18,81826;14,83389;14,83389;13,50381;14,83389
"100";"1958-04-01";17,87271;19,43325;15,32583;16,06606;16,06606;17,87271;19,43325;16,22427;16,777;15,32583;16,71255;18,8981;15,32583;17,87271;15,32583;16,06606;14,69888;16,56802;16,06606;16,56802;16,06606;17,8356;19,96646;16,56802;16,56802;16,56802;15,32583;16,32192;15,32583;16,06606;17,87271;14,69888;17,87271;14,69888;17,87271;16,06606;16,06606;17,8356;16,32192;16,32192;16,06606;16,71255;16,71255;16,56802;16,777;17,59927;23,1813;17,59927;17,45864;17,94692;17,94692;24,03481;14,69888;17,59927;23,22427;17,94692;17,59927;17,94692;17,45864;17,45864;17,45864;16,777;18,37271;24,03481;18,37271;23,1813;18,37271;23,77896;24,03481;17,94692;17,45864;17,59927;16,22427;17,45864;14,69888;16,22427;17,59927;23,1813;16,71255;18,37271;17,94692;17,59927;17,94692;16,777;18,37271;17,45864;17,45864;23,1813;24,03481;16,777;23,77896;16,777;17,59927;24,03481;17,94692;17,59927;17,59927;16,22427;23,77896;18,8981;23,1813;17,45864;17,45864;14,69888;17,45864
"101";"1958-05-01";15,59609;17,01406;12,84219;13,82656;13,82656;15,59609;17,01406;13,71914;14,70156;12,84219;13,82266;16,80508;12,84219;15,59609;12,84219;13,82656;12,39492;13,79336;13,82656;14,18984;13,82656;15,70156;17,64883;13,79336;14,18984;13,79336;12,84219;13,57852;12,84219;13,82656;15,59609;12,39492;15,59609;12,39492;15,59609;13,82656;13,82656;15,70156;13,57852;13,57852;13,82656;13,82266;13,82266;14,18984;14,70156;17,01602;22,82461;17,01602;16,5668;17,38516;17,38516;24,74258;12,39492;17,01602;23,62344;17,38516;17,01602;17,38516;16,5668;16,5668;16,5668;14,70156;17,60781;24,74258;17,60781;22,82461;17,60781;24,47891;24,74258;17,38516;16,5668;17,01602;13,71914;16,5668;12,39492;13,71914;17,01602;22,82461;13,82266;17,60781;17,38516;17,01602;17,38516;14,70156;17,60781;16,5668;16,5668;22,82461;24,74258;14,70156;24,47891;14,70156;17,01602;24,74258;17,38516;17,01602;17,01602;13,71914;24,47891;16,80508;22,82461;16,5668;16,5668;12,39492;16,5668
"102";"1958-06-01";16,2001;17,34268;13,78799;14,52236;14,52236;16,2001;17,34268;14,48721;15,40908;13,78799;14,64346;17,18447;13,78799;16,2001;13,78799;14,52236;13,16689;14,67275;14,52236;15,26455;14,52236;16,5126;18,18643;14,67275;15,26455;14,67275;13,78799;14,64541;13,78799;14,52236;16,2001;13,16689;16,2001;13,16689;16,2001;14,52236;14,52236;16,5126;14,64541;14,64541;14,52236;14,64346;14,64346;15,26455;15,40908;18,09658;22,95205;18,09658;17,37979;18,29189;18,29189;24,7665;13,16689;18,09658;23,68252;18,29189;18,09658;18,29189;17,37979;17,37979;17,37979;15,40908;18,31533;24,7665;18,31533;22,95205;18,31533;24,6376;24,7665;18,29189;17,37979;18,09658;14,48721;17,37979;13,16689;14,48721;18,09658;22,95205;14,64346;18,31533;18,29189;18,09658;18,29189;15,40908;18,31533;17,37979;17,37979;22,95205;24,7665;15,40908;24,6376;15,40908;18,09658;24,7665;18,29189;18,09658;18,09658;14,48721;24,6376;17,18447;22,95205;17,37979;17,37979;13,16689;17,37979
"103";"1958-07-01";15,11685;16,45083;12,62075;13,35122;13,35122;15,11685;16,45083;13,152;14,28091;12,62075;13,21841;15,98403;12,62075;15,11685;12,62075;13,35122;12,12856;13,26724;13,35122;13,91372;13,35122;15,36099;17,24771;13,26724;13,91372;13,26724;12,62075;13,28677;12,62075;13,35122;15,11685;12,12856;15,11685;12,12856;15,11685;13,35122;13,35122;15,36099;13,28677;13,28677;13,35122;13,21841;13,21841;13,91372;14,28091;17,07388;21,402;17,07388;16,23599;17,28677;17,28677;23,31411;12,12856;17,07388;22,37661;17,28677;17,07388;17,28677;16,23599;16,23599;16,23599;14,28091;17,16177;23,31411;17,16177;21,402;17,16177;23,13052;23,31411;17,28677;16,23599;17,07388;13,152;16,23599;12,12856;13,152;17,07388;21,402;13,21841;17,16177;17,28677;17,07388;17,28677;14,28091;17,16177;16,23599;16,23599;21,402;23,31411;14,28091;23,13052;14,28091;17,07388;23,31411;17,28677;17,07388;17,07388;13,152;23,13052;15,98403;21,402;16,23599;16,23599;12,12856;16,23599
"104";"1958-08-01";16,0397;17,49478;13,52993;14,28189;14,28189;16,0397;17,49478;14,65884;14,97134;13,52993;14,77603;16,92056;13,52993;16,0397;13,52993;14,28189;12,6354;14,93032;14,28189;15,34829;14,28189;16,64126;18,49087;14,93032;15,34829;14,93032;13,52993;14,55923;13,52993;14,28189;16,0397;12,6354;16,0397;12,6354;16,0397;14,28189;14,28189;16,64126;14,55923;14,55923;14,28189;14,77603;14,77603;15,34829;14,97134;17,70571;22,42251;17,70571;17,2604;17,9811;17,9811;24,65689;12,6354;17,70571;23,75259;17,9811;17,70571;17,9811;17,2604;17,2604;17,2604;14,97134;18,16079;24,65689;18,16079;22,42251;18,16079;24,05532;24,65689;17,9811;17,2604;17,70571;14,65884;17,2604;12,6354;14,65884;17,70571;22,42251;14,77603;18,16079;17,9811;17,70571;17,9811;14,97134;18,16079;17,2604;17,2604;22,42251;24,65689;14,97134;24,05532;14,97134;17,70571;24,65689;17,9811;17,70571;17,70571;14,65884;24,05532;16,92056;22,42251;17,2604;17,2604;12,6354;17,2604
"105";"1958-09-01";15,38564;17,18252;13,25869;13,56338;13,56338;15,38564;17,18252;13,84463;14,8876;13,25869;13,91494;16,61807;13,25869;15,38564;13,25869;13,56338;12,80752;13,7333;13,56338;14,28994;13,56338;15,18057;16,829;13,7333;14,28994;13,7333;13,25869;13,94814;13,25869;13,56338;15,38564;12,80752;15,38564;12,80752;15,38564;13,56338;13,56338;15,18057;13,94814;13,94814;13,56338;13,91494;13,91494;14,28994;14,8876;17,67275;21,73135;17,67275;16,88369;18,02822;18,02822;23,94229;12,80752;17,67275;23,19229;18,02822;17,67275;18,02822;16,88369;16,88369;16,88369;14,8876;18,00088;23,94229;18,00088;21,73135;18,00088;23,60049;23,94229;18,02822;16,88369;17,67275;13,84463;16,88369;12,80752;13,84463;17,67275;21,73135;13,91494;18,00088;18,02822;17,67275;18,02822;14,8876;18,00088;16,88369;16,88369;21,73135;23,94229;14,8876;23,60049;14,8876;17,67275;23,94229;18,02822;17,67275;17,67275;13,84463;23,60049;16,61807;21,73135;16,88369;16,88369;12,80752;16,88369
"106";"1958-10-01";14,96865;16,24795;12,26553;13,16787;13,16787;14,96865;16,24795;12,56631;13,83779;12,26553;12,67959;15,48818;12,26553;14,96865;12,26553;13,16787;11,85928;13,02529;13,16787;13,55459;13,16787;14,9667;16,70889;13,02529;13,55459;13,02529;12,26553;12,74014;12,26553;13,16787;14,96865;11,85928;14,96865;11,85928;14,96865;13,16787;13,16787;14,9667;12,74014;12,74014;13,16787;12,67959;12,67959;13,55459;13,83779;16,23232;20,07998;16,23232;15,35537;16,51553;16,51553;22,23623;11,85928;16,23232;21,38076;16,51553;16,23232;16,51553;15,35537;15,35537;15,35537;13,83779;16,46084;22,23623;16,46084;20,07998;16,46084;22,03311;22,23623;16,51553;15,35537;16,23232;12,56631;15,35537;11,85928;12,56631;16,23232;20,07998;12,67959;16,46084;16,51553;16,23232;16,51553;13,83779;16,46084;15,35537;15,35537;20,07998;22,23623;13,83779;22,03311;13,83779;16,23232;22,23623;16,51553;16,23232;16,23232;12,56631;22,03311;15,48818;20,07998;15,35537;15,35537;11,85928;15,35537
"107";"1958-11-01";13,19717;14,46865;10,98428;11,49404;11,49404;13,19717;14,46865;11,36123;12,53897;10,98428;11,3085;14,08193;10,98428;13,19717;10,98428;11,49404;10,57412;11,47451;11,49404;11,80264;11,49404;12,98623;14,73818;11,47451;11,80264;11,47451;10,98428;11,21475;10,98428;11,49404;13,19717;10,57412;13,19717;10,57412;13,19717;11,49404;11,49404;12,98623;11,21475;11,21475;11,49404;11,3085;11,3085;11,80264;12,53897;15,02529;18,96865;15,02529;14,246;15,29092;15,29092;21,00381;10,57412;15,02529;20,19131;15,29092;15,02529;15,29092;14,246;14,246;14,246;12,53897;15,31436;21,00381;15,31436;18,96865;15,31436;20,72647;21,00381;15,29092;14,246;15,02529;11,36123;14,246;10,57412;11,36123;15,02529;18,96865;11,3085;15,31436;15,29092;15,02529;15,29092;12,53897;15,31436;14,246;14,246;18,96865;21,00381;12,53897;20,72647;12,53897;15,02529;21,00381;15,29092;15,02529;15,02529;11,36123;20,72647;14,08193;18,96865;14,246;14,246;10,57412;14,246
"108";"1958-12-01";11,6752;12,62246;9,200586;10,1752;10,1752;11,6752;12,62246;9,376368;10,67129;9,200586;9,575586;12,16152;9,200586;11,6752;9,200586;10,1752;8,792383;10,08145;10,1752;10,39981;10,1752;11,76699;13,49356;10,08145;10,39981;10,08145;9,200586;9,491602;9,200586;10,1752;11,6752;8,792383;11,6752;8,792383;11,6752;10,1752;10,1752;11,76699;9,491602;9,491602;10,1752;9,575586;9,575586;10,39981;10,67129;12,81777;16,38809;12,81777;11,90176;13,07559;13,07559;18,47598;8,792383;12,81777;17,64199;13,07559;12,81777;13,07559;11,90176;11,90176;11,90176;10,67129;13,10098;18,47598;13,10098;16,38809;13,10098;18,25527;18,47598;13,07559;11,90176;12,81777;9,376368;11,90176;8,792383;9,376368;12,81777;16,38809;9,575586;13,10098;13,07559;12,81777;13,07559;10,67129;13,10098;11,90176;11,90176;16,38809;18,47598;10,67129;18,25527;10,67129;12,81777;18,47598;13,07559;12,81777;12,81777;9,376368;18,25527;12,16152;16,38809;11,90176;11,90176;8,792383;11,90176
"109";"1959-01-01";11,38833;12,59536;9,32583;10,027;10,027;11,38833;12,59536;9,573877;10,62856;9,32583;10,02114;12,11685;9,32583;11,38833;9,32583;10,027;8,808252;10,42544;10,027;10,64224;10,027;11,5231;13,152;10,42544;10,64224;10,42544;9,32583;9,95083;9,32583;10,027;11,38833;8,808252;11,38833;8,808252;11,38833;10,027;10,027;11,5231;9,95083;9,95083;10,027;10,02114;10,02114;10,64224;10,62856;12,54653;15,92349;12,54653;11,75942;12,85708;12,85708;17,78677;8,808252;12,54653;17,12271;12,85708;12,54653;12,85708;11,75942;11,75942;11,75942;10,62856;12,9645;17,78677;12,9645;15,92349;12,9645;17,57974;17,78677;12,85708;11,75942;12,54653;9,573877;11,75942;8,808252;9,573877;12,54653;15,92349;10,02114;12,9645;12,85708;12,54653;12,85708;10,62856;12,9645;11,75942;11,75942;15,92349;17,78677;10,62856;17,57974;10,62856;12,54653;17,78677;12,85708;12,54653;12,54653;9,573877;17,57974;12,11685;15,92349;11,75942;11,75942;8,808252;11,75942
"110";"1959-02-01";13,84731;15,33169;11,40005;12,07388;12,07388;13,84731;15,33169;12,19888;12,98794;11,40005;12,59927;14,83169;11,40005;13,84731;11,40005;12,07388;10,75161;12,62661;12,07388;12,7106;12,07388;13,62466;15,58755;12,62661;12,7106;12,62661;11,40005;12,41177;11,40005;12,07388;13,84731;10,75161;13,84731;10,75161;13,84731;12,07388;12,07388;13,62466;12,41177;12,41177;12,07388;12,59927;12,59927;12,7106;12,98794;14,67739;18,61294;14,67739;14,17349;15,00747;15,00747;20,4938;10,75161;14,67739;19,76919;15,00747;14,67739;15,00747;14,17349;14,17349;14,17349;12,98794;15,19888;20,4938;15,19888;18,61294;15,19888;20,25552;20,4938;15,00747;14,17349;14,67739;12,19888;14,17349;10,75161;12,19888;14,67739;18,61294;12,59927;15,19888;15,00747;14,67739;15,00747;12,98794;15,19888;14,17349;14,17349;18,61294;20,4938;12,98794;20,25552;12,98794;14,67739;20,4938;15,00747;14,67739;14,67739;12,19888;20,25552;14,83169;18,61294;14,17349;14,17349;10,75161;14,17349
"111";"1959-03-01";15,46963;16,94229;13,09854;13,71963;13,71963;15,46963;16,94229;13,22744;14,44033;13,09854;13,9208;16,07705;13,09854;15,46963;13,09854;13,71963;12,36807;14,25479;13,71963;14,04775;13,71963;15,13564;17,16689;14,25479;14,04775;14,25479;13,09854;13,58096;13,09854;13,71963;15,46963;12,36807;15,46963;12,36807;15,46963;13,71963;13,71963;15,13564;13,58096;13,58096;13,71963;13,9208;13,9208;14,04775;14,44033;15,03994;18,46768;15,03994;14,25088;15,4208;15,4208;20,46377;12,36807;15,03994;19,74502;15,4208;15,03994;15,4208;14,25088;14,25088;14,25088;14,44033;15,73721;20,46377;15,73721;18,46768;15,73721;20,1415;20,46377;15,4208;14,25088;15,03994;13,22744;14,25088;12,36807;13,22744;15,03994;18,46768;13,9208;15,73721;15,4208;15,03994;15,4208;14,44033;15,73721;14,25088;14,25088;18,46768;20,46377;14,44033;20,1415;14,44033;15,03994;20,46377;15,4208;15,03994;15,03994;13,22744;20,1415;16,07705;18,46768;14,25088;14,25088;12,36807;14,25088
"112";"1959-04-01";15,49893;16,77236;12,7001;13,75479;13,75479;15,49893;16,77236;13,30557;14,43447;12,7001;13,69814;16,39346;12,7001;15,49893;12,7001;13,75479;12,12197;13,86807;13,75479;14,05947;13,75479;15,55166;17,46182;13,86807;14,05947;13,86807;12,7001;13,33291;12,7001;13,75479;15,49893;12,12197;15,49893;12,12197;15,49893;13,75479;13,75479;15,55166;13,33291;13,33291;13,75479;13,69814;13,69814;14,05947;14,43447;16,08486;20,49502;16,08486;15,43252;16,42275;16,42275;22,40127;12,12197;16,08486;21,38955;16,42275;16,08486;16,42275;15,43252;15,43252;15,43252;14,43447;16,69229;22,40127;16,69229;20,49502;16,69229;22,22549;22,40127;16,42275;15,43252;16,08486;13,30557;15,43252;12,12197;13,30557;16,08486;20,49502;13,69814;16,69229;16,42275;16,08486;16,42275;14,43447;16,69229;15,43252;15,43252;20,49502;22,40127;14,43447;22,22549;14,43447;16,08486;22,40127;16,42275;16,08486;16,08486;13,30557;22,22549;16,39346;20,49502;15,43252;15,43252;12,12197;15,43252
"113";"1959-05-01";15,96108;17,68569;13,46304;14,11147;14,11147;15,96108;17,68569;14,27944;15,20522;13,46304;14,42593;17,31655;13,46304;15,96108;13,46304;14,11147;12,74038;14,51772;14,11147;14,75796;14,11147;15,87515;17,6564;14,51772;14,75796;14,51772;13,46304;14,11147;13,46304;14,11147;15,96108;12,74038;15,96108;12,74038;15,96108;14,11147;14,11147;15,87515;14,11147;14,11147;14,11147;14,42593;14,42593;14,75796;15,20522;17,39858;22,1603;17,39858;16,77944;17,69546;17,69546;24,11147;12,74038;17,39858;23,26187;17,69546;17,39858;17,69546;16,77944;16,77944;16,77944;15,20522;17,9103;24,11147;17,9103;22,1603;17,9103;23,92202;24,11147;17,69546;16,77944;17,39858;14,27944;16,77944;12,74038;14,27944;17,39858;22,1603;14,42593;17,9103;17,69546;17,39858;17,69546;15,20522;17,9103;16,77944;16,77944;22,1603;24,11147;15,20522;23,92202;15,20522;17,39858;24,11147;17,69546;17,39858;17,39858;14,27944;23,92202;17,31655;22,1603;16,77944;16,77944;12,74038;16,77944
"114";"1959-06-01";15,25479;16,74697;13,67861;13,62197;13,62197;15,25479;16,74697;14,26455;15,03018;13,67861;14,10244;16,67471;13,67861;15,25479;13,67861;13,62197;13,09268;14,06143;13,62197;14,45205;13,62197;15,09854;16,70986;14,06143;14,45205;14,06143;13,67861;13,95596;13,67861;13,62197;15,25479;13,09268;15,25479;13,09268;15,25479;13,62197;13,62197;15,09854;13,95596;13,95596;13,62197;14,10244;14,10244;14,45205;15,03018;17,89932;21,91885;17,89932;17,13369;18,16494;18,16494;23,92666;13,09268;17,89932;23,14346;18,16494;17,89932;18,16494;17,13369;17,13369;17,13369;15,03018;18,12393;23,92666;18,12393;21,91885;18,12393;23,8251;23,92666;18,16494;17,13369;17,89932;14,26455;17,13369;13,09268;14,26455;17,89932;21,91885;14,10244;18,12393;18,16494;17,89932;18,16494;15,03018;18,12393;17,13369;17,13369;21,91885;23,92666;15,03018;23,8251;15,03018;17,89932;23,92666;18,16494;17,89932;17,89932;14,26455;23,8251;16,67471;21,91885;17,13369;17,13369;13,09268;17,13369
"115";"1959-07-01";14,22744;15,56533;12,31924;12,52236;12,52236;14,22744;15,56533;12,87393;13,8251;12,31924;12,83682;15,34463;12,31924;14,22744;12,31924;12,52236;11,74502;12,88369;12,52236;13,46963;12,52236;14,28994;16,079;12,88369;13,46963;12,88369;12,31924;12,8915;12,31924;12,52236;14,22744;11,74502;14,22744;11,74502;14,22744;12,52236;12,52236;14,28994;12,8915;12,8915;12,52236;12,83682;12,83682;13,46963;13,8251;16,83682;21,05557;16,83682;15,97354;17,12393;17,12393;23,19814;11,74502;16,83682;22,34072;17,12393;16,83682;17,12393;15,97354;15,97354;15,97354;13,8251;17,03213;23,19814;17,03213;21,05557;17,03213;22,98916;23,19814;17,12393;15,97354;16,83682;12,87393;15,97354;11,74502;12,87393;16,83682;21,05557;12,83682;17,03213;17,12393;16,83682;17,12393;13,8251;17,03213;15,97354;15,97354;21,05557;23,19814;13,8251;22,98916;13,8251;16,83682;23,19814;17,12393;16,83682;16,83682;12,87393;22,98916;15,34463;21,05557;15,97354;15,97354;11,74502;15,97354
"116";"1959-08-01";14,78555;16,40273;12,89883;12,93008;12,93008;14,78555;16,40273;13,52969;14,23086;12,89883;13,45352;15,93203;12,89883;14,78555;12,89883;12,93008;12,21523;13,67813;12,93008;14,10781;12,93008;14,61367;16,59609;13,67813;14,10781;13,67813;12,89883;13,33242;12,89883;12,93008;14,78555;12,21523;14,78555;12,21523;14,78555;12,93008;12,93008;14,61367;13,33242;13,33242;12,93008;13,45352;13,45352;14,10781;14,23086;17,29531;21,30703;17,29531;16,46328;17,58438;17,58438;23,43398;12,21523;17,29531;22,61953;17,58438;17,29531;17,58438;16,46328;16,46328;16,46328;14,23086;17,43594;23,43398;17,43594;21,30703;17,43594;23,21523;23,43398;17,58438;16,46328;17,29531;13,52969;16,46328;12,21523;13,52969;17,29531;21,30703;13,45352;17,43594;17,58438;17,29531;17,58438;14,23086;17,43594;16,46328;16,46328;21,30703;23,43398;14,23086;23,21523;14,23086;17,29531;23,43398;17,58438;17,29531;17,29531;13,52969;23,21523;15,93203;21,30703;16,46328;16,46328;12,21523;16,46328
"117";"1959-09-01";14,71353;16,26626;12,84048;12,96157;12,96157;14,71353;16,26626;13,4147;14,36196;12,84048;13,28189;16,03189;12,84048;14,71353;12,84048;12,96157;12,35415;13,31314;12,96157;13,78189;12,96157;14,62173;16,31704;13,31314;13,78189;13,31314;12,84048;13,15884;12,84048;12,96157;14,71353;12,35415;14,71353;12,35415;14,71353;12,96157;12,96157;14,62173;13,15884;13,15884;12,96157;13,28189;13,28189;13,78189;14,36196;17,33267;21,49478;17,33267;16,54751;17,64712;17,64712;23,60415;12,35415;17,33267;22,72329;17,64712;17,33267;17,64712;16,54751;16,54751;16,54751;14,36196;17,52407;23,60415;17,52407;21,49478;17,52407;23,4479;23,60415;17,64712;16,54751;17,33267;13,4147;16,54751;12,35415;13,4147;17,33267;21,49478;13,28189;17,52407;17,64712;17,33267;17,64712;14,36196;17,52407;16,54751;16,54751;21,49478;23,60415;14,36196;23,4479;14,36196;17,33267;23,60415;17,64712;17,33267;17,33267;13,4147;23,4479;16,03189;21,49478;16,54751;16,54751;12,35415;16,54751
"118";"1959-10-01";14,53164;15,88125;12,8168;12,8832;12,8832;14,53164;15,88125;13,20352;14,26016;12,8168;12,97891;15,7582;12,8168;14,53164;12,8168;12,8832;12,36563;13,08438;12,8832;13,50039;12,8832;14,35586;15,94961;13,08438;13,50039;13,08438;12,8168;12,86367;12,8168;12,8832;14,53164;12,36563;14,53164;12,36563;14,53164;12,8832;12,8832;14,35586;12,86367;12,86367;12,8832;12,97891;12,97891;13,50039;14,26016;16,97305;20,8793;16,97305;16,15273;17,21914;17,21914;22,81875;12,36563;16,97305;22,02969;17,21914;16,97305;17,21914;16,15273;16,15273;16,15273;14,26016;17,20547;22,81875;17,20547;20,8793;17,20547;22,62734;22,81875;17,21914;16,15273;16,97305;13,20352;16,15273;12,36563;13,20352;16,97305;20,8793;12,97891;17,20547;17,21914;16,97305;17,21914;14,26016;17,20547;16,15273;16,15273;20,8793;22,81875;14,26016;22,62734;14,26016;16,97305;22,81875;17,21914;16,97305;16,97305;13,20352;22,62734;15,7582;20,8793;16,15273;16,15273;12,36563;16,15273
"119";"1959-11-01";12,32144;13,48355;10,15542;10,89565;10,89565;12,32144;13,48355;10,07534;11,50698;10,15542;9,995264;13,07534;10,15542;12,32144;10,15542;10,89565;9,735498;10,84292;10,89565;11,1144;10,89565;12,45815;14,16909;10,84292;11,1144;10,84292;10,15542;9,893702;10,15542;10,89565;12,32144;9,735498;12,32144;9,735498;12,32144;10,89565;10,89565;12,45815;9,893702;9,893702;10,89565;9,995264;9,995264;11,1144;11,50698;13,80386;17,30386;13,80386;12,71792;14,02065;14,02065;19,51675;9,735498;13,80386;18,69448;14,02065;13,80386;14,02065;12,71792;12,71792;12,71792;11,50698;14,04214;19,51675;14,04214;17,30386;14,04214;19,27456;19,51675;14,02065;12,71792;13,80386;10,07534;12,71792;9,735498;10,07534;13,80386;17,30386;9,995264;14,04214;14,02065;13,80386;14,02065;11,50698;14,04214;12,71792;12,71792;17,30386;19,51675;11,50698;19,27456;11,50698;13,80386;19,51675;14,02065;13,80386;13,80386;10,07534;19,27456;13,07534;17,30386;12,71792;12,71792;9,735498;12,71792
"120";"1959-12-01";11,91958;13,17153;10,13833;10,61685;10,61685;11,91958;13,17153;10,35122;11,07778;10,13833;10,42153;12,652;10,13833;11,91958;10,13833;10,61685;9,435205;11,11294;10,61685;11,01333;10,61685;12,027;13,73013;11,11294;11,01333;11,11294;10,13833;10,0563;10,13833;10,61685;11,91958;9,435205;11,91958;9,435205;11,91958;10,61685;10,61685;12,027;10,0563;10,0563;10,61685;10,42153;10,42153;11,01333;11,07778;12,82974;16,17544;12,82974;12,18911;13,0895;13,0895;18,19888;9,435205;12,82974;17,41763;13,0895;12,82974;13,0895;12,18911;12,18911;12,18911;11,07778;13,22036;18,19888;13,22036;16,17544;13,22036;17,9606;18,19888;13,0895;12,18911;12,82974;10,35122;12,18911;9,435205;10,35122;12,82974;16,17544;10,42153;13,22036;13,0895;12,82974;13,0895;11,07778;13,22036;12,18911;12,18911;16,17544;18,19888;11,07778;17,9606;11,07778;12,82974;18,19888;13,0895;12,82974;12,82974;10,35122;17,9606;12,652;16,17544;12,18911;12,18911;9,435205;12,18911
"121";"1960-01-01";12,20156;13,54727;10,27383;10,73867;10,73867;12,20156;13,54727;10,74648;11,39688;10,27383;10,84219;13,10586;10,27383;12,20156;10,27383;10,73867;9,570704;11,24258;10,73867;11,32852;10,73867;12,28555;14,05313;11,24258;11,32852;11,24258;10,27383;10,48477;10,27383;10,73867;12,20156;9,570704;12,20156;9,570704;12,20156;10,73867;10,73867;12,28555;10,48477;10,48477;10,73867;10,84219;10,84219;11,32852;11,39688;13,24648;17,1918;13,24648;12,60195;13,54336;13,54336;19,01797;9,570704;13,24648;18,19961;13,54336;13,24648;13,54336;12,60195;12,60195;12,60195;11,39688;13,69766;19,01797;13,69766;17,1918;13,69766;18,84805;19,01797;13,54336;12,60195;13,24648;10,74648;12,60195;9,570704;10,74648;13,24648;17,1918;10,84219;13,69766;13,54336;13,24648;13,54336;11,39688;13,69766;12,60195;12,60195;17,1918;19,01797;11,39688;18,84805;11,39688;13,24648;19,01797;13,54336;13,24648;13,24648;10,74648;18,84805;13,10586;17,1918;12,60195;12,60195;9,570704;12,60195
"122";"1960-02-01";12,6979;14,34439;11,3522;11,02993;11,02993;12,6979;14,34439;11,87759;12,11587;11,3522;11,92837;13,76626;11,3522;12,6979;11,3522;11,02993;10,2936;11,84634;11,02993;11,03189;11,02993;12,11001;14,21743;11,84634;11,03189;11,84634;11,3522;10,93423;11,3522;11,02993;12,6979;10,2936;12,6979;10,2936;12,6979;11,02993;11,02993;12,11001;10,93423;10,93423;11,02993;11,92837;11,92837;11,03189;12,11587;12,42056;15,99868;12,42056;12,19985;12,87368;12,87368;17,58462;10,2936;12,42056;16,88345;12,87368;12,42056;12,87368;12,19985;12,19985;12,19985;12,11587;13,39712;17,58462;13,39712;15,99868;13,39712;17,44595;17,58462;12,87368;12,19985;12,42056;11,87759;12,19985;10,2936;11,87759;12,42056;15,99868;11,92837;13,39712;12,87368;12,42056;12,87368;12,11587;13,39712;12,19985;12,19985;15,99868;17,58462;12,11587;17,44595;12,11587;12,42056;17,58462;12,87368;12,42056;12,42056;11,87759;17,44595;13,76626;15,99868;12,19985;12,19985;10,2936;12,19985
"123";"1960-03-01";14,60488;15,7377;12,32559;13,19277;13,19277;14,60488;15,7377;12,77285;13,36465;12,32559;13,09902;15,30606;12,32559;14,60488;12,32559;13,19277;11,59902;13,58145;13,19277;13,52871;13,19277;14,78262;16,57559;13,58145;13,52871;13,58145;12,32559;12,73574;12,32559;13,19277;14,60488;11,59902;14,60488;11,59902;14,60488;13,19277;13,19277;14,78262;12,73574;12,73574;13,19277;13,09902;13,09902;13,52871;13,36465;14,47598;18,70059;14,47598;14,13613;14,77481;14,77481;20,39395;11,59902;14,47598;19,59121;14,77481;14,47598;14,77481;14,13613;14,13613;14,13613;13,36465;15,13027;20,39395;15,13027;18,70059;15,13027;20,18496;20,39395;14,77481;14,13613;14,47598;12,77285;14,13613;11,59902;12,77285;14,47598;18,70059;13,09902;15,13027;14,77481;14,47598;14,77481;13,36465;15,13027;14,13613;14,13613;18,70059;20,39395;13,36465;20,18496;13,36465;14,47598;20,39395;14,77481;14,47598;14,47598;12,77285;20,18496;15,30606;18,70059;14,13613;14,13613;11,59902;14,13613
"124";"1960-04-01";15,5436;17,26821;13,09048;13,71743;13,71743;15,5436;17,26821;13,77798;14,53774;13,09048;14,13735;16,84829;13,09048;15,5436;13,09048;13,71743;12,30532;14,3229;13,71743;14,40884;13,71743;15,49868;17,60415;14,3229;14,40884;14,3229;13,09048;13,82485;13,09048;13,71743;15,5436;12,30532;15,5436;12,30532;15,5436;13,71743;13,71743;15,49868;13,82485;13,82485;13,71743;14,13735;14,13735;14,40884;14,53774;16,25649;21,77212;16,25649;15,94204;16,61978;16,61978;23,63149;12,30532;16,25649;22,56704;16,61978;16,25649;16,61978;15,94204;15,94204;15,94204;14,53774;16,94595;23,63149;16,94595;21,77212;16,94595;23,67056;23,63149;16,61978;15,94204;16,25649;13,77798;15,94204;12,30532;13,77798;16,25649;21,77212;14,13735;16,94595;16,61978;16,25649;16,61978;14,53774;16,94595;15,94204;15,94204;21,77212;23,63149;14,53774;23,67056;14,53774;16,25649;23,63149;16,61978;16,25649;16,25649;13,77798;23,67056;16,84829;21,77212;15,94204;15,94204;12,30532;15,94204
"125";"1960-05-01";16,36831;18,08901;14,12026;14,50112;14,50112;16,36831;18,08901;15,21987;15,86636;14,12026;15,38198;18,19644;14,12026;16,36831;14,12026;14,50112;13,33511;15,20034;14,50112;15,37222;14,50112;16,19644;18,0519;15,20034;15,37222;15,20034;14,12026;14,94448;14,12026;14,50112;16,36831;13,33511;16,36831;13,33511;16,36831;14,50112;14,50112;16,19644;14,94448;14,94448;14,50112;15,38198;15,38198;15,37222;15,86636;18,37026;24,06167;18,37026;18,00308;18,68862;18,68862;25,96401;13,33511;18,37026;24,87808;18,68862;18,37026;18,68862;18,00308;18,00308;18,00308;15,86636;18,88784;25,96401;18,88784;24,06167;18,88784;25,90737;25,96401;18,68862;18,00308;18,37026;15,21987;18,00308;13,33511;15,21987;18,37026;24,06167;15,38198;18,88784;18,68862;18,37026;18,68862;15,86636;18,88784;18,00308;18,00308;24,06167;25,96401;15,86636;25,90737;15,86636;18,37026;25,96401;18,68862;18,37026;18,37026;15,21987;25,90737;18,19644;24,06167;18,00308;18,00308;13,33511;18,00308
"126";"1960-06-01";16,14419;17,56802;13,71841;14,47817;14,47817;16,14419;17,56802;14,44692;15,28286;13,71841;14,50942;17,23794;13,71841;16,14419;13,71841;14,47817;13,13052;14,75552;14,47817;15,29458;14,47817;16,36099;18,13638;14,75552;15,29458;14,75552;13,71841;14,39614;13,71841;14,47817;16,14419;13,13052;16,14419;13,13052;16,14419;14,47817;14,47817;16,36099;14,39614;14,39614;14,47817;14,50942;14,50942;15,29458;15,28286;17,97427;22,54263;17,97427;17,19497;18,37466;18,37466;25,06216;13,13052;17,97427;24,07583;18,37466;17,97427;18,37466;17,19497;17,19497;17,19497;15,28286;18,34536;25,06216;18,34536;22,54263;18,34536;24,902;25,06216;18,37466;17,19497;17,97427;14,44692;17,19497;13,13052;14,44692;17,97427;22,54263;14,50942;18,34536;18,37466;17,97427;18,37466;15,28286;18,34536;17,19497;17,19497;22,54263;25,06216;15,28286;24,902;15,28286;17,97427;25,06216;18,37466;17,97427;17,97427;14,44692;24,902;17,23794;22,54263;17,19497;17,19497;13,13052;17,19497
"127";"1960-07-01";15,22549;16,55947;12,79971;13,50283;13,50283;15,22549;16,55947;13,44814;14,30752;12,79971;13,579;16,05947;12,79971;15,22549;12,79971;13,50283;12,18447;13,98525;13,50283;14,63955;13,50283;15,50869;17,33486;13,98525;14,63955;13,98525;12,79971;13,62393;12,79971;13,50283;15,22549;12,18447;15,22549;12,18447;15,22549;13,50283;13,50283;15,50869;13,62393;13,62393;13,50283;13,579;13,579;14,63955;14,30752;17,27627;21,59072;17,27627;16,454;17,5458;17,5458;23,69033;12,18447;17,27627;22,83096;17,5458;17,27627;17,5458;16,454;16,454;16,454;14,30752;17,44814;23,69033;17,44814;21,59072;17,44814;23,44033;23,69033;17,5458;16,454;17,27627;13,44814;16,454;12,18447;13,44814;17,27627;21,59072;13,579;17,44814;17,5458;17,27627;17,5458;14,30752;17,44814;16,454;16,454;21,59072;23,69033;14,30752;23,44033;14,30752;17,27627;23,69033;17,5458;17,27627;17,27627;13,44814;23,44033;16,05947;21,59072;16,454;16,454;12,18447;16,454
"128";"1960-08-01";15,16519;16,63589;13,06558;13,54605;13,54605;15,16519;16,63589;13,79409;14,44253;13,06558;13,94253;16,30386;13,06558;15,16519;13,06558;13,54605;12,39956;13,99722;13,54605;14,55581;13,54605;15,45815;17,1398;13,99722;14,55581;13,99722;13,06558;13,90542;13,06558;13,54605;15,16519;12,39956;15,16519;12,39956;15,16519;13,54605;13,54605;15,45815;13,90542;13,90542;13,54605;13,94253;13,94253;14,55581;14,44253;17,44448;21,64761;17,44448;16,68081;17,69253;17,69253;23,78628;12,39956;17,44448;23,00112;17,69253;17,44448;17,69253;16,68081;16,68081;16,68081;14,44253;17,5773;23,78628;17,5773;21,64761;17,5773;23,5148;23,78628;17,69253;16,68081;17,44448;13,79409;16,68081;12,39956;13,79409;17,44448;21,64761;13,94253;17,5773;17,69253;17,44448;17,69253;14,44253;17,5773;16,68081;16,68081;21,64761;23,78628;14,44253;23,5148;14,44253;17,44448;23,78628;17,69253;17,44448;17,44448;13,79409;23,5148;16,30386;21,64761;16,68081;16,68081;12,39956;16,68081
"129";"1960-09-01";13,97158;15,2665;12,09268;12,44814;12,44814;13,97158;15,2665;12,31533;13,58096;12,09268;12,15127;15,07119;12,09268;13,97158;12,09268;12,44814;11,73721;12,46768;12,44814;12,99893;12,44814;14,1415;15,70791;12,46768;12,99893;12,46768;12,09268;12,15713;12,09268;12,44814;13,97158;11,73721;13,97158;11,73721;13,97158;12,44814;12,44814;14,1415;12,15713;12,15713;12,44814;12,15127;12,15127;12,99893;13,58096;16,58486;20,6415;16,58486;15,58877;16,87979;16,87979;22,83682;11,73721;16,58486;21,89736;16,87979;16,58486;16,87979;15,58877;15,58877;15,58877;13,58096;16,74697;22,83682;16,74697;20,6415;16,74697;22,78408;22,83682;16,87979;15,58877;16,58486;12,31533;15,58877;11,73721;12,31533;16,58486;20,6415;12,15127;16,74697;16,87979;16,58486;16,87979;13,58096;16,74697;15,58877;15,58877;20,6415;22,83682;13,58096;22,78408;13,58096;16,58486;22,83682;16,87979;16,58486;16,58486;12,31533;22,78408;15,07119;20,6415;15,58877;15,58877;11,73721;15,58877
"130";"1960-10-01";14,76162;16,40615;12,62881;13,13662;13,13662;14,76162;16,40615;13,27725;14,11904;12,62881;13,49404;15,98037;12,62881;14,76162;12,62881;13,13662;12,0917;13,76357;13,13662;14,26748;13,13662;14,86318;16,61318;13,76357;14,26748;13,76357;12,62881;13,55264;12,62881;13,13662;14,76162;12,0917;14,76162;12,0917;14,76162;13,13662;13,13662;14,86318;13,55264;13,55264;13,13662;13,49404;13,49404;14,26748;14,11904;16,83975;21,19522;16,83975;16,22647;17,16982;17,16982;23,27529;12,0917;16,83975;22,44326;17,16982;16,83975;17,16982;16,22647;16,22647;16,22647;14,11904;17,19912;23,27529;17,19912;21,19522;17,19912;22,99795;23,27529;17,16982;16,22647;16,83975;13,27725;16,22647;12,0917;13,27725;16,83975;21,19522;13,49404;17,19912;17,16982;16,83975;17,16982;14,11904;17,19912;16,22647;16,22647;21,19522;23,27529;14,11904;22,99795;14,11904;16,83975;23,27529;17,16982;16,83975;16,83975;13,27725;22,99795;15,98037;21,19522;16,22647;16,22647;12,0917;16,22647
"131";"1960-11-01";12,81753;14,13003;10,55386;11,34097;11,34097;12,81753;14,13003;11,22769;12,0148;10,55386;11,43862;13,77847;10,55386;12,81753;10,55386;11,34097;10,0187;11,68667;11,34097;12,16323;11,34097;13,12612;14,84292;11,68667;12,16323;11,68667;10,55386;11,41323;10,55386;11,34097;12,81753;10,0187;12,81753;10,0187;12,81753;11,34097;11,34097;13,12612;11,41323;11,41323;11,34097;11,43862;11,43862;12,16323;12,0148;14,62808;18,84292;14,62808;14,04409;14,92886;14,92886;20,88003;10,0187;14,62808;20,03628;14,92886;14,62808;14,92886;14,04409;14,04409;14,04409;12,0148;14,96011;20,88003;14,96011;18,84292;14,96011;20,57144;20,88003;14,92886;14,04409;14,62808;11,22769;14,04409;10,0187;11,22769;14,62808;18,84292;11,43862;14,96011;14,92886;14,62808;14,92886;12,0148;14,96011;14,04409;14,04409;18,84292;20,88003;12,0148;20,57144;12,0148;14,62808;20,88003;14,92886;14,62808;14,62808;11,22769;20,57144;13,77847;18,84292;14,04409;14,04409;10,0187;14,04409
"132";"1960-12-01";11,1061;12,07681;8,926416;9,83462;9,83462;11,1061;12,07681;9,449854;10,0729;8,926416;9,975245;11,62173;8,926416;11,1061;8,926416;9,83462;8,342432;10,27407;9,83462;10,47915;9,83462;11,47915;13,06704;10,27407;10,47915;10,27407;8,926416;9,824854;8,926416;9,83462;11,1061;8,342432;11,1061;8,342432;11,1061;9,83462;9,83462;11,47915;9,824854;9,824854;9,83462;9,975245;9,975245;10,47915;10,0729;12,17056;16,11978;12,17056;11,48501;12,5397;12,5397;18,19204;8,342432;12,17056;17,27603;12,5397;12,17056;12,5397;11,48501;11,48501;11,48501;10,0729;12,53774;18,19204;12,53774;16,11978;12,53774;18,00649;18,19204;12,5397;11,48501;12,17056;9,449854;11,48501;8,342432;9,449854;12,17056;16,11978;9,975245;12,53774;12,5397;12,17056;12,5397;10,0729;12,53774;11,48501;11,48501;16,11978;18,19204;10,0729;18,00649;10,0729;12,17056;18,19204;12,5397;12,17056;12,17056;9,449854;18,00649;11,62173;16,11978;11,48501;11,48501;8,342432;11,48501
"133";"1961-01-01";11,70352;12,56094;9,150782;10,49063;10,49063;11,70352;12,56094;9,586329;10,39102;9,150782;10,17422;11,89883;9,150782;11,70352;9,150782;10,49063;8,641016;10,65078;10,49063;10,93398;10,49063;12,27773;13,75625;10,65078;10,93398;10,65078;9,150782;9,976954;9,150782;10,49063;11,70352;8,641016;11,70352;8,641016;11,70352;10,49063;10,49063;12,27773;9,976954;9,976954;10,49063;10,17422;10,17422;10,93398;10,39102;12,05703;15,66641;12,05703;11,27578;12,41055;12,41055;17,69961;8,641016;12,05703;16,78555;12,41055;12,05703;12,41055;11,27578;11,27578;11,27578;10,39102;12,40078;17,69961;12,40078;15,66641;12,40078;17,52773;17,69961;12,41055;11,27578;12,05703;9,586329;11,27578;8,641016;9,586329;12,05703;15,66641;10,17422;12,40078;12,41055;12,05703;12,41055;10,39102;12,40078;11,27578;11,27578;15,66641;17,69961;10,39102;17,52773;10,39102;12,05703;17,69961;12,41055;12,05703;12,05703;9,586329;17,52773;11,89883;15,66641;11,27578;11,27578;8,641016;11,27578
"134";"1961-02-01";12,79263;14,31802;10,71646;11,15786;11,15786;12,79263;14,31802;11,40981;11,76138;10,71646;11,8688;13,58364;10,71646;12,79263;10,71646;11,15786;9,827784;11,63247;11,15786;11,2731;11,15786;12,52896;14,59341;11,63247;11,2731;11,63247;10,71646;11,20474;10,71646;11,15786;12,79263;9,827784;12,79263;9,827784;12,79263;11,15786;11,15786;12,52896;11,20474;11,20474;11,15786;11,8688;11,8688;11,2731;11,76138;12,80435;16,56997;12,80435;12,3688;13,06606;13,06606;18,35708;9,827784;12,80435;17,62661;13,06606;12,80435;13,06606;12,3688;12,3688;12,3688;11,76138;13,34731;18,35708;13,34731;16,56997;13,34731;18,07778;18,35708;13,06606;12,3688;12,80435;11,40981;12,3688;9,827784;11,40981;12,80435;16,56997;11,8688;13,34731;13,06606;12,80435;13,06606;11,76138;13,34731;12,3688;12,3688;16,56997;18,35708;11,76138;18,07778;11,76138;12,80435;18,35708;13,06606;12,80435;12,80435;11,40981;18,07778;13,58364;16,56997;12,3688;12,3688;9,827784;12,3688
"135";"1961-03-01";15,2709;17,04824;12,75918;13,19082;13,19082;15,2709;17,04824;13,64785;14,34121;12,75918;13,92715;16,5502;12,75918;15,2709;12,75918;13,19082;11,96621;13,73379;13,19082;13,60684;13,19082;14,73574;17,03262;13,73379;13,60684;13,73379;12,75918;13,31582;12,75918;13,19082;15,2709;11,96621;15,2709;11,96621;15,2709;13,19082;13,19082;14,73574;13,31582;13,31582;13,19082;13,92715;13,92715;13,60684;14,34121;15,64004;21,19668;15,64004;15,4584;15,90371;15,90371;21,90566;11,96621;15,64004;21,02871;15,90371;15,64004;15,90371;15,4584;15,4584;15,4584;14,34121;16,22793;21,90566;16,22793;21,19668;16,22793;21,88418;21,90566;15,90371;15,4584;15,64004;13,64785;15,4584;11,96621;13,64785;15,64004;21,19668;13,92715;16,22793;15,90371;15,64004;15,90371;14,34121;16,22793;15,4584;15,4584;21,19668;21,90566;14,34121;21,88418;14,34121;15,64004;21,90566;15,90371;15,64004;15,64004;13,64785;21,88418;16,5502;21,19668;15,4584;15,4584;11,96621;15,4584
"136";"1961-04-01";16,73818;18,22842;14,33389;15,0585;15,0585;16,73818;18,22842;15,17568;15,60928;14,33389;15,64834;17,5917;14,33389;16,73818;14,33389;15,0585;13,56631;15,61514;15,0585;15,66006;15,0585;16,83193;18,81436;15,61514;15,66006;15,61514;14,33389;15,18154;14,33389;15,0585;16,73818;13,56631;16,73818;13,56631;16,73818;15,0585;15,0585;16,83193;15,18154;15,18154;15,0585;15,64834;15,64834;15,66006;15,60928;16,72647;21,89834;16,72647;16,3749;17,14443;17,14443;23,20303;13,56631;16,72647;22,16592;17,14443;16,72647;17,14443;16,3749;16,3749;16,3749;15,60928;17,39248;23,20303;17,39248;21,89834;17,39248;23,28506;23,20303;17,14443;16,3749;16,72647;15,17568;16,3749;13,56631;15,17568;16,72647;21,89834;15,64834;17,39248;17,14443;16,72647;17,14443;15,60928;17,39248;16,3749;16,3749;21,89834;23,20303;15,60928;23,28506;15,60928;16,72647;23,20303;17,14443;16,72647;16,72647;15,17568;23,28506;17,5917;21,89834;16,3749;16,3749;13,56631;16,3749
"137";"1961-05-01";16,81289;18,31484;14,35391;15,10977;15,10977;16,81289;18,31484;15,45156;15,84805;14,35391;15,4125;18,0668;14,35391;16,81289;14,35391;15,10977;13,55313;15,40859;15,10977;15,68984;15,10977;17,13711;18,9457;15,40859;15,68984;15,40859;14,35391;15,0668;14,35391;15,10977;16,81289;13,55313;16,81289;13,55313;16,81289;15,10977;15,10977;17,13711;15,0668;15,0668;15,10977;15,4125;15,4125;15,68984;15,84805;18,51016;24,43398;18,51016;18,29336;18,74648;18,74648;26,24648;13,55313;18,51016;24,99648;18,74648;18,51016;18,74648;18,29336;18,29336;18,29336;15,84805;18,92031;26,24648;18,92031;24,43398;18,92031;26,15664;26,24648;18,74648;18,29336;18,51016;15,45156;18,29336;13,55313;15,45156;18,51016;24,43398;15,4125;18,92031;18,74648;18,51016;18,74648;15,84805;18,92031;18,29336;18,29336;24,43398;26,24648;15,84805;26,15664;15,84805;18,51016;26,24648;18,74648;18,51016;18,51016;15,45156;26,15664;18,0668;24,43398;18,29336;18,29336;13,55313;18,29336
"138";"1961-06-01";15,62271;16,94106;13,15591;13,93521;13,93521;15,62271;16,94106;13,78872;14,66372;13,15591;14,02505;16,60122;13,15591;15,62271;13,15591;13,93521;12,58755;14,22231;13,93521;14,84731;13,93521;16,01333;17,76919;14,22231;14,84731;14,22231;13,15591;14,08169;13,15591;13,93521;15,62271;12,58755;15,62271;12,58755;15,62271;13,93521;13,93521;16,01333;14,08169;14,08169;13,93521;14,02505;14,02505;14,84731;14,66372;17,32583;21,96255;17,32583;16,6188;17,65981;17,65981;23,98989;12,58755;17,32583;23,17153;17,65981;17,32583;17,65981;16,6188;16,6188;16,6188;14,66372;17,64224;23,98989;17,64224;21,96255;17,64224;23,68716;23,98989;17,65981;16,6188;17,32583;13,78872;16,6188;12,58755;13,78872;17,32583;21,96255;14,02505;17,64224;17,65981;17,32583;17,65981;14,66372;17,64224;16,6188;16,6188;21,96255;23,98989;14,66372;23,68716;14,66372;17,32583;23,98989;17,65981;17,32583;17,32583;13,78872;23,68716;16,60122;21,96255;16,6188;16,6188;12,58755;16,6188
"139";"1961-07-01";14,92788;16,26382;12,06265;13,13687;13,13687;14,92788;16,26382;12,68765;13,80288;12,06265;12,88882;15,64077;12,06265;14,92788;12,06265;13,13687;11,54116;13,23452;13,13687;13,87905;13,13687;15,36929;17,3771;13,23452;13,87905;13,23452;12,06265;12,93569;12,06265;13,13687;14,92788;11,54116;14,92788;11,54116;14,92788;13,13687;13,13687;15,36929;12,93569;12,93569;13,13687;12,88882;12,88882;13,87905;13,80288;16,52358;20,92983;16,52358;15,70327;16,81851;16,81851;22,89663;11,54116;16,52358;22,05093;16,81851;16,52358;16,81851;15,70327;15,70327;15,70327;13,80288;16,70913;22,89663;16,70913;20,92983;16,70913;22,6564;22,89663;16,81851;15,70327;16,52358;12,68765;15,70327;11,54116;12,68765;16,52358;20,92983;12,88882;16,70913;16,81851;16,52358;16,81851;13,80288;16,70913;15,70327;15,70327;20,92983;22,89663;13,80288;22,6564;13,80288;16,52358;22,89663;16,81851;16,52358;16,52358;12,68765;22,6564;15,64077;20,92983;15,70327;15,70327;11,54116;15,70327
"140";"1961-08-01";15,28555;16,47891;12,26992;13,5707;13,5707;15,28555;16,47891;12,80117;14,08047;12,26992;12,96328;15,87148;12,26992;15,28555;12,26992;13,5707;11,79141;13,53555;13,5707;14,21328;13,5707;16,0043;17,85391;13,53555;14,21328;13,53555;12,26992;12,99063;12,26992;13,5707;15,28555;11,79141;15,28555;11,79141;15,28555;13,5707;13,5707;16,0043;12,99063;12,99063;13,5707;12,96328;12,96328;14,21328;14,08047;16,68008;21,0082;16,68008;15,84219;17,04336;17,04336;23,25039;11,79141;16,68008;22,34219;17,04336;16,68008;17,04336;15,84219;15,84219;15,84219;14,08047;17,02383;23,25039;17,02383;21,0082;17,02383;22,93594;23,25039;17,04336;15,84219;16,68008;12,80117;15,84219;11,79141;12,80117;16,68008;21,0082;12,96328;17,02383;17,04336;16,68008;17,04336;14,08047;17,02383;15,84219;15,84219;21,0082;23,25039;14,08047;22,93594;14,08047;16,68008;23,25039;17,04336;16,68008;16,68008;12,80117;22,93594;15,87148;21,0082;15,84219;15,84219;11,79141;15,84219
"141";"1961-09-01";14,80728;16,30923;12,45181;13,00064;13,00064;14,80728;16,30923;13,21353;14,15298;12,45181;13,2272;16,01431;12,45181;14,80728;12,45181;13,00064;11,95962;13,13345;13,00064;13,72915;13,00064;14,94595;16,71939;13,13345;13,72915;13,13345;12,45181;13,17642;12,45181;13,00064;14,80728;11,95962;14,80728;11,95962;14,80728;13,00064;13,00064;14,94595;13,17642;13,17642;13,00064;13,2272;13,2272;13,72915;14,15298;16,96743;21,77798;16,96743;16,3561;17,35806;17,35806;23,58657;11,95962;16,96743;22,7897;17,35806;16,96743;17,35806;16,3561;16,3561;16,3561;14,15298;17,4186;23,58657;17,4186;21,77798;17,4186;23,1354;23,58657;17,35806;16,3561;16,96743;13,21353;16,3561;11,95962;13,21353;16,96743;21,77798;13,2272;17,4186;17,35806;16,96743;17,35806;14,15298;17,4186;16,3561;16,3561;21,77798;23,58657;14,15298;23,1354;14,15298;16,96743;23,58657;17,35806;16,96743;16,96743;13,21353;23,1354;16,01431;21,77798;16,3561;16,3561;11,95962;16,3561
"142";"1961-10-01";14,34072;15,28408;11,28408;12,71963;12,71963;14,34072;15,28408;11,61025;12,98525;11,28408;11,59658;14,74697;11,28408;14,34072;11,28408;12,71963;10,92861;12,37783;12,71963;12,99502;12,71963;14,81533;16,69619;12,37783;12,99502;12,37783;11,28408;11,65322;11,28408;12,71963;14,34072;10,92861;14,34072;10,92861;14,34072;12,71963;12,71963;14,81533;11,65322;11,65322;12,71963;11,59658;11,59658;12,99502;12,98525;15,33682;19,61416;15,33682;14,62979;15,59658;15,59658;21,48525;10,92861;15,33682;20,75479;15,59658;15,33682;15,59658;14,62979;14,62979;14,62979;12,98525;15,64541;21,48525;15,64541;19,61416;15,64541;21,09463;21,48525;15,59658;14,62979;15,33682;11,61025;14,62979;10,92861;11,61025;15,33682;19,61416;11,59658;15,64541;15,59658;15,33682;15,59658;12,98525;15,64541;14,62979;14,62979;19,61416;21,48525;12,98525;21,09463;12,98525;15,33682;21,48525;15,59658;15,33682;15,33682;11,61025;21,09463;14,74697;19,61416;14,62979;14,62979;10,92861;14,62979
"143";"1961-11-01";12,96377;14,15518;10,49307;11,32119;11,32119;12,96377;14,15518;10,81729;12,22744;10,49307;10,78604;13,81924;10,49307;12,96377;10,49307;11,32119;10,18057;11,23721;11,32119;11,77822;11,32119;13,15518;14,78799;11,23721;11,77822;11,23721;10,49307;10,86807;10,49307;11,32119;12,96377;10,18057;12,96377;10,18057;12,96377;11,32119;11,32119;13,15518;10,86807;10,86807;11,32119;10,78604;10,78604;11,77822;12,22744;14,60635;18,49502;14,60635;13,79385;14,93057;14,93057;20,58291;10,18057;14,60635;19,96963;14,93057;14,60635;14,93057;13,79385;13,79385;13,79385;12,22744;15,11025;20,58291;15,11025;18,49502;15,11025;20,16885;20,58291;14,93057;13,79385;14,60635;10,81729;13,79385;10,18057;10,81729;14,60635;18,49502;10,78604;15,11025;14,93057;14,60635;14,93057;12,22744;15,11025;13,79385;13,79385;18,49502;20,58291;12,22744;20,16885;12,22744;14,60635;20,58291;14,93057;14,60635;14,60635;10,81729;20,16885;13,81924;18,49502;13,79385;13,79385;10,18057;13,79385
"144";"1961-12-01";12,02896;13,34146;9,79458;10,53872;10,53872;12,02896;13,34146;10,42349;11,12075;9,79458;10,59536;12,87466;9,79458;12,02896;9,79458;10,53872;9,10708;10,9606;10,53872;11,35903;10,53872;12,35513;13,96255;10,9606;11,35903;10,9606;9,79458;10,53872;9,79458;10,53872;12,02896;9,10708;12,02896;9,10708;12,02896;10,53872;10,53872;12,35513;10,53872;10,53872;10,53872;10,59536;10,59536;11,35903;11,12075;13,34146;17,85708;13,34146;13,02896;13,5563;13,5563;19,39224;9,10708;13,34146;18,61685;13,5563;13,34146;13,5563;13,02896;13,02896;13,02896;11,12075;13,72427;19,39224;13,72427;17,85708;13,72427;19,10317;19,39224;13,5563;13,02896;13,34146;10,42349;13,02896;9,10708;10,42349;13,34146;17,85708;10,59536;13,72427;13,5563;13,34146;13,5563;11,12075;13,72427;13,02896;13,02896;17,85708;19,39224;11,12075;19,10317;11,12075;13,34146;19,39224;13,5563;13,34146;13,34146;10,42349;19,10317;12,87466;17,85708;13,02896;13,02896;9,10708;13,02896
"145";"1962-01-01";11,08462;12,09439;8,719385;9,74087;9,74087;11,08462;12,09439;9,254541;10,08267;8,719385;9,727198;11,62368;8,719385;11,08462;8,719385;9,74087;8,182276;10,13931;9,74087;10,52603;9,74087;11,45181;12,90103;10,13931;10,52603;10,13931;8,719385;9,746729;8,719385;9,74087;11,08462;8,182276;11,08462;8,182276;11,08462;9,74087;9,74087;11,45181;9,746729;9,746729;9,74087;9,727198;9,727198;10,52603;10,08267;11,51626;15,57681;11,51626;11,14907;11,92642;11,92642;17,30142;8,182276;11,51626;16,58071;11,92642;11,51626;11,92642;11,14907;11,14907;11,14907;10,08267;12,11782;17,30142;12,11782;15,57681;12,11782;16,96939;17,30142;11,92642;11,14907;11,51626;9,254541;11,14907;8,182276;9,254541;11,51626;15,57681;9,727198;12,11782;11,92642;11,51626;11,92642;10,08267;12,11782;11,14907;11,14907;15,57681;17,30142;10,08267;16,96939;10,08267;11,51626;17,30142;11,92642;11,51626;11,51626;9,254541;16,96939;11,62368;15,57681;11,14907;11,14907;8,182276;11,14907
"146";"1962-02-01";14,49356;15,92324;11,85293;12,79824;12,79824;14,49356;15,92324;13,21426;13,53652;11,85293;13,10684;15,51895;11,85293;14,49356;11,85293;12,79824;11,22012;13,21231;12,79824;13,45254;12,79824;14,59121;16,39199;13,21231;13,45254;13,21231;11,85293;12,81777;11,85293;12,79824;14,49356;11,22012;14,49356;11,22012;14,49356;12,79824;12,79824;14,59121;12,81777;12,81777;12,79824;13,10684;13,10684;13,45254;13,53652;15,14785;20,40566;15,14785;15,68691;15,4916;15,4916;21,47793;11,22012;15,14785;20,64395;15,4916;15,14785;15,4916;15,68691;15,68691;15,68691;13,53652;15,83145;21,47793;15,83145;20,40566;15,83145;21,28457;21,47793;15,4916;15,68691;15,14785;13,21426;15,68691;11,22012;13,21426;15,14785;20,40566;13,10684;15,83145;15,4916;15,14785;15,4916;13,53652;15,83145;15,68691;15,68691;20,40566;21,47793;13,53652;21,28457;13,53652;15,14785;21,47793;15,4916;15,14785;15,14785;13,21426;21,28457;15,51895;20,40566;15,68691;15,68691;11,22012;15,68691
"147";"1962-03-01";15,62759;16,83267;12,95962;13,82876;13,82876;15,62759;16,83267;14,13345;14,50845;12,95962;14,40884;16,36001;12,95962;15,62759;12,95962;13,82876;12,1686;14,28774;13,82876;14,47524;13,82876;15,69595;17,47134;14,28774;14,47524;14,28774;12,95962;14,00064;12,95962;13,82876;15,62759;12,1686;15,62759;12,1686;15,62759;13,82876;13,82876;15,69595;14,00064;14,00064;13,82876;14,40884;14,40884;14,47524;14,50845;15,41079;20,27603;15,41079;15,67446;15,80728;15,80728;21,5104;12,1686;15,41079;20,62759;15,80728;15,41079;15,80728;15,67446;15,67446;15,67446;14,50845;16,1686;21,5104;16,1686;20,27603;16,1686;21,4479;21,5104;15,80728;15,67446;15,41079;14,13345;15,67446;12,1686;14,13345;15,41079;20,27603;14,40884;16,1686;15,80728;15,41079;15,80728;14,50845;16,1686;15,67446;15,67446;20,27603;21,5104;14,50845;21,4479;14,50845;15,41079;21,5104;15,80728;15,41079;15,41079;14,13345;21,4479;16,36001;20,27603;15,67446;15,67446;12,1686;15,67446
"148";"1962-04-01";14,87319;16,31851;11,95327;13,04312;13,04312;14,87319;16,31851;12,52163;13,83413;11,95327;12,76187;15,86733;11,95327;14,87319;11,95327;13,04312;11,46304;13,03726;13,04312;13,49819;13,04312;15,0646;16,89468;13,03726;13,49819;13,03726;11,95327;12,67788;11,95327;13,04312;14,87319;11,46304;14,87319;11,46304;14,87319;13,04312;13,04312;15,0646;12,67788;12,67788;13,04312;12,76187;12,76187;13,49819;13,83413;15,81655;20,66616;15,81655;15,20327;16,19155;16,19155;22,57632;11,46304;15,81655;21,47866;16,19155;15,81655;16,19155;15,20327;15,20327;15,20327;13,83413;16,31851;22,57632;16,31851;20,66616;16,31851;22,63101;22,57632;16,19155;15,20327;15,81655;12,52163;15,20327;11,46304;12,52163;15,81655;20,66616;12,76187;16,31851;16,19155;15,81655;16,19155;13,83413;16,31851;15,20327;15,20327;20,66616;22,57632;13,83413;22,63101;13,83413;15,81655;22,57632;16,19155;15,81655;15,81655;12,52163;22,63101;15,86733;20,66616;15,20327;15,20327;11,46304;15,20327
"149";"1962-05-01";16,0563;17,40005;13,09536;14,28677;14,28677;16,0563;17,40005;13,84146;14,81606;13,09536;14,31411;16,80239;13,09536;16,0563;13,09536;14,28677;12,51528;14,44888;14,28677;14,92739;14,28677;16,27505;18,17739;14,44888;14,92739;14,44888;13,09536;14,28677;13,09536;14,28677;16,0563;12,51528;16,0563;12,51528;16,0563;14,28677;14,28677;16,27505;14,28677;14,28677;14,28677;14,31411;14,31411;14,92739;14,81606;17,25161;21,91567;17,25161;16,46841;17,72427;17,72427;24,6813;12,51528;17,25161;23,31021;17,72427;17,25161;17,72427;16,46841;16,46841;16,46841;14,81606;17,72231;24,6813;17,72231;21,91567;17,72231;24,80044;24,6813;17,72427;16,46841;17,25161;13,84146;16,46841;12,51528;13,84146;17,25161;21,91567;14,31411;17,72231;17,72427;17,25161;17,72427;14,81606;17,72231;16,46841;16,46841;21,91567;24,6813;14,81606;24,80044;14,81606;17,25161;24,6813;17,72427;17,25161;17,25161;13,84146;24,80044;16,80239;21,91567;16,46841;16,46841;12,51528;16,46841
"150";"1962-06-01";16,44839;17,99526;13,81558;14,67886;14,67886;16,44839;17,99526;15,01089;15,3644;13,81558;15,25503;17,46987;13,81558;16,44839;13,81558;14,67886;13,05581;14,96206;14,67886;15,41714;14,67886;16,6398;18,4855;14,96206;15,41714;14,96206;13,81558;15,11831;13,81558;14,67886;16,44839;13,05581;16,44839;13,05581;16,44839;14,67886;14,67886;16,6398;15,11831;15,11831;14,67886;15,25503;15,25503;15,41714;15,3644;18,23355;23,14956;18,23355;17,70815;18,58511;18,58511;25,72573;13,05581;18,23355;24,63003;18,58511;18,23355;18,58511;17,70815;17,70815;17,70815;15,3644;18,56558;25,72573;18,56558;23,14956;18,56558;25,59683;25,72573;18,58511;17,70815;18,23355;15,01089;17,70815;13,05581;15,01089;18,23355;23,14956;15,25503;18,56558;18,58511;18,23355;18,58511;15,3644;18,56558;17,70815;17,70815;23,14956;25,72573;15,3644;25,59683;15,3644;18,23355;25,72573;18,58511;18,23355;18,23355;15,01089;25,59683;17,46987;23,14956;17,70815;17,70815;13,05581;17,70815
"151";"1962-07-01";15,39102;16,77578;12,76211;13,6;13,6;15,39102;16,77578;13,77383;14,35391;12,76211;14,05898;16,20352;12,76211;15,39102;12,76211;13,6;11,96719;13,98086;13,6;14,58242;13,6;15,89297;17,79531;13,98086;14,58242;13,98086;12,76211;14,16836;12,76211;13,6;15,39102;11,96719;15,39102;11,96719;15,39102;13,6;13,6;15,89297;14,16836;14,16836;13,6;14,05898;14,05898;14,58242;14,35391;17,1918;21,64102;17,1918;16,58633;17,5043;17,5043;24,19766;11,96719;17,1918;23,18789;17,5043;17,1918;17,5043;16,58633;16,58633;16,58633;14,35391;17,52578;24,19766;17,52578;21,64102;17,52578;23,70156;24,19766;17,5043;16,58633;17,1918;13,77383;16,58633;11,96719;13,77383;17,1918;21,64102;14,05898;17,52578;17,5043;17,1918;17,5043;14,35391;17,52578;16,58633;16,58633;21,64102;24,19766;14,35391;23,70156;14,35391;17,1918;24,19766;17,5043;17,1918;17,1918;13,77383;23,70156;16,20352;21,64102;16,58633;16,58633;11,96719;16,58633
"152";"1962-08-01";15,96401;17,41909;13,27847;14,11245;14,11245;15,96401;17,41909;14,30386;15,10464;13,27847;14,39565;16,9855;13,27847;15,96401;13,27847;14,11245;12,64761;14,36245;14,11245;15,05972;14,11245;16,48355;18,25894;14,36245;15,05972;14,36245;13,27847;14,52651;13,27847;14,11245;15,96401;12,64761;15,96401;12,64761;15,96401;14,11245;14,11245;16,48355;14,52651;14,52651;14,11245;14,39565;14,39565;15,05972;15,10464;18,04019;22,42495;18,04019;17,44448;18,38394;18,38394;25,12222;12,64761;18,04019;24,28823;18,38394;18,04019;18,38394;17,44448;17,44448;17,44448;15,10464;18,4562;25,12222;18,4562;22,42495;18,4562;24,47573;25,12222;18,38394;17,44448;18,04019;14,30386;17,44448;12,64761;14,30386;18,04019;22,42495;14,39565;18,4562;18,38394;18,04019;18,38394;15,10464;18,4562;17,44448;17,44448;22,42495;25,12222;15,10464;24,47573;15,10464;18,04019;25,12222;18,38394;18,04019;18,04019;14,30386;24,47573;16,9855;22,42495;17,44448;17,44448;12,64761;17,44448
"153";"1962-09-01";15,72402;17,01309;13,06777;13,91543;13,91543;15,72402;17,01309;13,82559;14,7416;13,06777;13,87441;16,4877;13,06777;15,72402;13,06777;13,91543;12,53652;14,13223;13,91543;14,73574;13,91543;15,76309;17,6166;14,13223;14,73574;14,13223;13,06777;13,90371;13,06777;13,91543;15,72402;12,53652;15,72402;12,53652;15,72402;13,91543;13,91543;15,76309;13,90371;13,90371;13,91543;13,87441;13,87441;14,73574;14,7416;17,49551;21,65176;17,49551;16,84121;17,83145;17,83145;23,82754;12,53652;17,49551;23,02285;17,83145;17,49551;17,83145;16,84121;16,84121;16,84121;14,7416;17,79629;23,82754;17,79629;21,65176;17,79629;23,4252;23,82754;17,83145;16,84121;17,49551;13,82559;16,84121;12,53652;13,82559;17,49551;21,65176;13,87441;17,79629;17,83145;17,49551;17,83145;14,7416;17,79629;16,84121;16,84121;21,65176;23,82754;14,7416;23,4252;14,7416;17,49551;23,82754;17,83145;17,49551;17,49551;13,82559;23,4252;16,4877;21,65176;16,84121;16,84121;12,53652;16,84121
"154";"1962-10-01";14,97354;16,0165;12,44814;13,43447;13,43447;14,97354;16,0165;13,36025;13,94229;12,44814;13,37002;15,60635;12,44814;14,97354;12,44814;13,43447;11,87197;13,68447;13,43447;14,12393;13,43447;15,35049;17,0458;13,68447;14,12393;13,68447;12,44814;13,30557;12,44814;13,43447;14,97354;11,87197;14,97354;11,87197;14,97354;13,43447;13,43447;15,35049;13,30557;13,30557;13,43447;13,37002;13,37002;14,12393;13,94229;16,78799;21,21963;16,78799;16,43252;17,13564;17,13564;23,29385;11,87197;16,78799;22,57705;17,13564;16,78799;17,13564;16,43252;16,43252;16,43252;13,94229;17,09658;23,29385;17,09658;21,21963;17,09658;22,704;23,29385;17,13564;16,43252;16,78799;13,36025;16,43252;11,87197;13,36025;16,78799;21,21963;13,37002;17,09658;17,13564;16,78799;17,13564;13,94229;17,09658;16,43252;16,43252;21,21963;23,29385;13,94229;22,704;13,94229;16,78799;23,29385;17,13564;16,78799;16,78799;13,36025;22,704;15,60635;21,21963;16,43252;16,43252;11,87197;16,43252
"155";"1962-11-01";12,77139;13,81826;10,27529;11,31436;11,31436;12,77139;13,81826;11,06631;11,621;10,27529;10,94326;13,40029;10,27529;12,77139;10,27529;11,31436;9,564356;11,32022;11,31436;11,45303;11,31436;12,996;14,74404;11,32022;11,45303;11,32022;10,27529;10,64639;10,27529;11,31436;12,77139;9,564356;12,77139;9,564356;12,77139;11,31436;11,31436;12,996;10,64639;10,64639;11,31436;10,94326;10,94326;11,45303;11,621;13,57803;18,14443;13,57803;13,56436;13,80068;13,80068;19,95693;9,564356;13,57803;19,08975;13,80068;13,57803;13,80068;13,56436;13,56436;13,56436;11,621;14,03701;19,95693;14,03701;18,14443;14,03701;19,57607;19,95693;13,80068;13,56436;13,57803;11,06631;13,56436;9,564356;11,06631;13,57803;18,14443;10,94326;14,03701;13,80068;13,57803;13,80068;11,621;14,03701;13,56436;13,56436;18,14443;19,95693;11,621;19,57607;11,621;13,57803;19,95693;13,80068;13,57803;13,57803;11,06631;19,57607;13,40029;18,14443;13,56436;13,56436;9,564356;13,56436
"156";"1962-12-01";12,41152;13,41348;9,808008;10,93691;10,93691;12,41152;13,41348;10,2377;11,26504;9,808008;10,6752;12,77871;9,808008;12,41152;9,808008;10,93691;9,335352;11,11856;10,93691;11,34707;10,93691;12,70254;14,35293;11,11856;11,34707;11,11856;9,808008;10,56973;9,808008;10,93691;12,41152;9,335352;12,41152;9,335352;12,41152;10,93691;10,93691;12,70254;10,56973;10,56973;10,93691;10,6752;10,6752;11,34707;11,26504;13,08535;17,14395;13,08535;12,47793;13,44082;13,44082;19,18496;9,335352;13,08535;18,24356;13,44082;13,08535;13,44082;12,47793;12,47793;12,47793;11,26504;13,48379;19,18496;13,48379;17,14395;13,48379;18,92715;19,18496;13,44082;12,47793;13,08535;10,2377;12,47793;9,335352;10,2377;13,08535;17,14395;10,6752;13,48379;13,44082;13,08535;13,44082;11,26504;13,48379;12,47793;12,47793;17,14395;19,18496;11,26504;18,92715;11,26504;13,08535;19,18496;13,44082;13,08535;13,08535;10,2377;18,92715;12,77871;17,14395;12,47793;12,47793;9,335352;12,47793
"157";"1963-01-01";12,54946;13,59048;10,27603;11,23696;11,23696;12,54946;13,59048;11,10024;11,44595;10,27603;11,42837;12,9772;10,27603;12,54946;10,27603;11,23696;9,680323;11,69009;11,23696;11,92056;11,23696;12,81118;14,40689;11,69009;11,92056;11,69009;10,27603;11,25454;10,27603;11,23696;12,54946;9,680323;12,54946;9,680323;12,54946;11,23696;11,23696;12,81118;11,25454;11,25454;11,23696;11,42837;11,42837;11,92056;11,44595;12,71353;16,90493;12,71353;12,66665;12,99673;12,99673;18,22915;9,680323;12,71353;17,43032;12,99673;12,71353;12,99673;12,66665;12,66665;12,66665;11,44595;13,20181;18,22915;13,20181;16,90493;13,20181;17,95767;18,22915;12,99673;12,66665;12,71353;11,10024;12,66665;9,680323;11,10024;12,71353;16,90493;11,42837;13,20181;12,99673;12,71353;12,99673;11,44595;13,20181;12,66665;12,66665;16,90493;18,22915;11,44595;17,95767;11,44595;12,71353;18,22915;12,99673;12,71353;12,71353;11,10024;17,95767;12,9772;16,90493;12,66665;12,66665;9,680323;12,66665
"158";"1963-02-01";12,05313;13,36953;9,951563;10,53359;10,53359;12,05313;13,36953;10,62539;11,00625;9,951563;10,83242;12,6332;9,951563;12,05313;9,951563;10,53359;9,258204;11,0375;10,53359;10,71719;10,53359;11,91836;13,97305;11,0375;10,71719;11,0375;9,951563;10,32852;9,951563;10,53359;12,05313;9,258204;12,05313;9,258204;12,05313;10,53359;10,53359;11,91836;10,32852;10,32852;10,53359;10,83242;10,83242;10,71719;11,00625;12,06094;16,73477;12,06094;12,30313;12,41445;12,41445;18,25625;9,258204;12,06094;17,22891;12,41445;12,06094;12,41445;12,30313;12,30313;12,30313;11,00625;12,66445;18,25625;12,66445;16,73477;12,66445;18,14688;18,25625;12,41445;12,30313;12,06094;10,62539;12,30313;9,258204;10,62539;12,06094;16,73477;10,83242;12,66445;12,41445;12,06094;12,41445;11,00625;12,66445;12,30313;12,30313;16,73477;18,25625;11,00625;18,14688;11,00625;12,06094;18,25625;12,41445;12,06094;12,06094;10,62539;18,14688;12,6332;16,73477;12,30313;12,30313;9,258204;12,30313
"159";"1963-03-01";15,16958;16,44106;12,41763;13,54263;13,54263;15,16958;16,44106;13,81411;14,03091;12,41763;13,87856;15,9313;12,41763;15,16958;12,41763;13,54263;11,88833;13,81411;13,54263;14,20278;13,54263;15,55044;17,36099;13,81411;14,20278;13,81411;12,41763;13,67739;12,41763;13,54263;15,16958;11,88833;15,16958;11,88833;15,16958;13,54263;13,54263;15,55044;13,67739;13,67739;13,54263;13,87856;13,87856;14,20278;14,03091;15,84536;21,3981;15,84536;16,277;16,26333;16,26333;22,902;11,88833;15,84536;21,67739;16,26333;15,84536;16,26333;16,277;16,277;16,277;14,03091;16,51528;22,902;16,51528;21,3981;16,51528;22,82778;22,902;16,26333;16,277;15,84536;13,81411;16,277;11,88833;13,81411;15,84536;21,3981;13,87856;16,51528;16,26333;15,84536;16,26333;14,03091;16,51528;16,277;16,277;21,3981;22,902;14,03091;22,82778;14,03091;15,84536;22,902;16,26333;15,84536;15,84536;13,81411;22,82778;15,9313;21,3981;16,277;16,277;11,88833;16,277
"160";"1963-04-01";16,80923;18,36392;14,07095;15,0436;15,0436;16,80923;18,36392;15,75454;15,58267;14,07095;15,75259;17,79751;14,07095;16,80923;14,07095;15,0436;13,29165;15,67446;15,0436;15,9772;15,0436;17,09243;19,16079;15,67446;15,9772;15,67446;14,07095;15,46548;14,07095;15,0436;16,80923;13,29165;16,80923;13,29165;16,80923;15,0436;15,0436;17,09243;15,46548;15,46548;15,0436;15,75259;15,75259;15,9772;15,58267;17,98696;23,84048;17,98696;18,65493;18,30337;18,30337;26,17837;13,29165;17,98696;24,73696;18,30337;17,98696;18,30337;18,65493;18,65493;18,65493;15,58267;18,60806;26,17837;18,60806;23,84048;18,60806;25,97524;26,17837;18,30337;18,65493;17,98696;15,75454;18,65493;13,29165;15,75454;17,98696;23,84048;15,75259;18,60806;18,30337;17,98696;18,30337;15,58267;18,60806;18,65493;18,65493;23,84048;26,17837;15,58267;25,97524;15,58267;17,98696;26,17837;18,30337;17,98696;17,98696;15,75454;25,97524;17,79751;23,84048;18,65493;18,65493;13,29165;18,65493
"161";"1963-05-01";15,56826;16,99014;13,15029;13,91982;13,91982;15,56826;16,99014;13,99404;14,67764;13,15029;14,11904;16,75576;13,15029;15,56826;13,15029;13,91982;12,50967;14,20693;13,91982;14,67764;13,91982;15,86318;17,66201;14,20693;14,67764;14,20693;13,15029;13,98037;13,15029;13,91982;15,56826;12,50967;15,56826;12,50967;15,56826;13,91982;13,91982;15,86318;13,98037;13,98037;13,91982;14,11904;14,11904;14,67764;14,67764;17,38076;22,35147;17,38076;16,76162;17,83389;17,83389;25,43936;12,50967;17,38076;24,2167;17,83389;17,38076;17,83389;16,76162;16,76162;16,76162;14,67764;17,92178;25,43936;17,92178;22,35147;17,92178;25,21279;25,43936;17,83389;16,76162;17,38076;13,99404;16,76162;12,50967;13,99404;17,38076;22,35147;14,11904;17,92178;17,83389;17,38076;17,83389;14,67764;17,92178;16,76162;16,76162;22,35147;25,43936;14,67764;25,21279;14,67764;17,38076;25,43936;17,83389;17,38076;17,38076;13,99404;25,21279;16,75576;22,35147;16,76162;16,76162;12,50967;16,76162
"162";"1963-06-01";16,02725;17,63662;13,9374;14,21084;14,21084;16,02725;17,63662;14,89053;15,35732;13,9374;15,23818;17,21279;13,9374;16,02725;13,9374;14,21084;13,23818;15,06436;14,21084;15,41201;14,21084;15,90615;17,66982;15,06436;15,41201;15,06436;13,9374;15,17568;13,9374;14,21084;16,02725;13,23818;16,02725;13,23818;16,02725;14,21084;14,21084;15,90615;15,17568;15,17568;14,21084;15,23818;15,23818;15,41201;15,35732;18,25186;23,06826;18,25186;17,58389;18,72256;18,72256;25,8085;13,23818;18,25186;24,83584;18,72256;18,25186;18,72256;17,58389;17,58389;17,58389;15,35732;18,72842;25,8085;18,72842;23,06826;18,72842;25,57217;25,8085;18,72256;17,58389;18,25186;14,89053;17,58389;13,23818;14,89053;18,25186;23,06826;15,23818;18,72842;18,72256;18,25186;18,72256;15,35732;18,72842;17,58389;17,58389;23,06826;25,8085;15,35732;25,57217;15,35732;18,25186;25,8085;18,72256;18,25186;18,25186;14,89053;25,57217;17,21279;23,06826;17,58389;17,58389;13,23818;17,58389
"163";"1963-07-01";14,92202;16,18569;12,65444;13,13491;13,13491;14,92202;16,18569;13,33413;14,15444;12,65444;13,45132;15,79897;12,65444;14,92202;12,65444;13,13491;12,14663;13,36147;13,13491;13,89468;13,13491;14,84976;16,74233;13,36147;13,89468;13,36147;12,65444;13,48647;12,65444;13,13491;14,92202;12,14663;14,92202;12,14663;14,92202;13,13491;13,13491;14,84976;13,48647;13,48647;13,13491;13,45132;13,45132;13,89468;14,15444;17,13687;21,56265;17,13687;16,37124;17,44546;17,44546;23,80874;12,14663;17,13687;22,96694;17,44546;17,13687;17,44546;16,37124;16,37124;16,37124;14,15444;17,42593;23,80874;17,42593;21,56265;17,42593;23,50796;23,80874;17,44546;16,37124;17,13687;13,33413;16,37124;12,14663;13,33413;17,13687;21,56265;13,45132;17,42593;17,44546;17,13687;17,44546;14,15444;17,42593;16,37124;16,37124;21,56265;23,80874;14,15444;23,50796;14,15444;17,13687;23,80874;17,44546;17,13687;17,13687;13,33413;23,50796;15,79897;21,56265;16,37124;16,37124;12,14663;16,37124
"164";"1963-08-01";15,56606;16,94888;12,94888;13,7731;13,7731;15,56606;16,94888;13,78872;14,36685;12,94888;13,89028;16,37271;12,94888;15,56606;12,94888;13,7731;12,28677;14,01528;13,7731;14,54067;13,7731;15,60122;17,68325;14,01528;14,54067;14,01528;12,94888;13,902;12,94888;13,7731;15,56606;12,28677;15,56606;12,28677;15,56606;13,7731;13,7731;15,60122;13,902;13,902;13,7731;13,89028;13,89028;14,54067;14,36685;17,36294;21,88052;17,36294;16,75161;17,67544;17,67544;24,28677;12,28677;17,36294;23,56802;17,67544;17,36294;17,67544;16,75161;16,75161;16,75161;14,36685;17,76724;24,28677;17,76724;21,88052;17,76724;23,59341;24,28677;17,67544;16,75161;17,36294;13,78872;16,75161;12,28677;13,78872;17,36294;21,88052;13,89028;17,76724;17,67544;17,36294;17,67544;14,36685;17,76724;16,75161;16,75161;21,88052;24,28677;14,36685;23,59341;14,36685;17,36294;24,28677;17,67544;17,36294;17,36294;13,78872;23,59341;16,37271;21,88052;16,75161;16,75161;12,28677;16,75161
"165";"1963-09-01";15,19741;16,32437;12,60562;13,5939;13,5939;15,19741;16,32437;13,06265;14,21304;12,60562;13,04507;15,91421;12,60562;15,19741;12,60562;13,5939;12,17593;13,50991;13,5939;14,14468;13,5939;15,58999;17,30679;13,50991;14,14468;13,50991;12,60562;13,10952;12,60562;13,5939;15,19741;12,17593;15,19741;12,17593;15,19741;13,5939;13,5939;15,58999;13,10952;13,10952;13,5939;13,04507;13,04507;14,14468;14,21304;17,06851;21,52749;17,06851;16,2228;17,3771;17,3771;23,68569;12,17593;17,06851;22,91812;17,3771;17,06851;17,3771;16,2228;16,2228;16,2228;14,21304;17,30093;23,68569;17,30093;21,52749;17,30093;23,0939;23,68569;17,3771;16,2228;17,06851;13,06265;16,2228;12,17593;13,06265;17,06851;21,52749;13,04507;17,30093;17,3771;17,06851;17,3771;14,21304;17,30093;16,2228;16,2228;21,52749;23,68569;14,21304;23,0939;14,21304;17,06851;23,68569;17,3771;17,06851;17,06851;13,06265;23,0939;15,91421;21,52749;16,2228;16,2228;12,17593;16,2228
"166";"1963-10-01";13,51797;14,45156;10,93594;12,17227;12,17227;13,51797;14,45156;11,34023;12,52188;10,93594;11,25625;14,22695;10,93594;13,51797;10,93594;12,17227;10,6625;11,6625;12,17227;12,31094;12,17227;14,11367;15,53945;11,6625;12,31094;11,6625;10,93594;11,37148;10,93594;12,17227;13,51797;10,6625;13,51797;10,6625;13,51797;12,17227;12,17227;14,11367;11,37148;11,37148;12,17227;11,25625;11,25625;12,31094;12,52188;15,37344;20,61953;15,37344;14,85781;15,62539;15,62539;22,48867;10,6625;15,37344;21,34609;15,62539;15,37344;15,62539;14,85781;14,85781;14,85781;12,52188;15,68008;22,48867;15,68008;20,61953;15,68008;21,9457;22,48867;15,62539;14,85781;15,37344;11,34023;14,85781;10,6625;11,34023;15,37344;20,61953;11,25625;15,68008;15,62539;15,37344;15,62539;12,52188;15,68008;14,85781;14,85781;20,61953;22,48867;12,52188;21,9457;12,52188;15,37344;22,48867;15,62539;15,37344;15,37344;11,34023;21,9457;14,22695;20,61953;14,85781;14,85781;10,6625;14,85781
"167";"1963-11-01";12,76333;14,06802;10,37466;11,33364;11,33364;12,76333;14,06802;11,18325;11,79849;10,37466;11,10513;13,75552;10,37466;12,76333;10,37466;11,33364;9,913721;11,31606;11,33364;11,43521;11,33364;12,84927;14,57778;11,31606;11,43521;11,31606;10,37466;10,76333;10,37466;11,33364;12,76333;9,913721;12,76333;9,913721;12,76333;11,33364;11,33364;12,84927;10,76333;10,76333;11,33364;11,10513;11,10513;11,43521;11,79849;14,15786;19,10122;14,15786;13,92739;14,42739;14,42739;21,2106;9,913721;14,15786;20,14419;14,42739;14,15786;14,42739;13,92739;13,92739;13,92739;11,79849;14,74575;21,2106;14,74575;19,10122;14,74575;20,45278;21,2106;14,42739;13,92739;14,15786;11,18325;13,92739;9,913721;11,18325;14,15786;19,10122;11,10513;14,74575;14,42739;14,15786;14,42739;11,79849;14,74575;13,92739;13,92739;19,10122;21,2106;11,79849;20,45278;11,79849;14,15786;21,2106;14,42739;14,15786;14,15786;11,18325;20,45278;13,75552;19,10122;13,92739;13,92739;9,913721;13,92739
"168";"1963-12-01";11,28359;12,16641;8,832422;10,15859;10,15859;11,28359;12,16641;9,176172;9,98086;8,832422;9,594141;11,58633;8,832422;11,28359;8,832422;10,15859;8,320704;10,29727;10,15859;10,48281;10,15859;11,85195;13,33242;10,29727;10,48281;10,29727;8,832422;9,50625;8,832422;10,15859;11,28359;8,320704;11,28359;8,320704;11,28359;10,15859;10,15859;11,85195;9,50625;9,50625;10,15859;9,594141;9,594141;10,48281;9,98086;11,84805;15,59219;11,84805;11,13516;12,09805;12,09805;17,64297;8,320704;11,84805;16,6957;12,09805;11,84805;12,09805;11,13516;11,13516;11,13516;9,98086;12,18789;17,64297;12,18789;15,59219;12,18789;17,32852;17,64297;12,09805;11,13516;11,84805;9,176172;11,13516;8,320704;9,176172;11,84805;15,59219;9,594141;12,18789;12,09805;11,84805;12,09805;9,98086;12,18789;11,13516;11,13516;15,59219;17,64297;9,98086;17,32852;9,98086;11,84805;17,64297;12,09805;11,84805;11,84805;9,176172;17,32852;11,58633;15,59219;11,13516;11,13516;8,320704;11,13516
"169";"1964-01-01";11,5104;12,52603;9,281885;10,18228;10,18228;11,5104;12,52603;9,770166;10,53774;9,281885;10,39907;12,05532;9,281885;11,5104;9,281885;10,18228;8,774073;10,6022;10,18228;10,80142;10,18228;11,8561;13,36587;10,6022;10,80142;10,6022;9,281885;10,33462;9,281885;10,18228;11,5104;8,774073;11,5104;8,774073;11,5104;10,18228;10,18228;11,8561;10,33462;10,33462;10,18228;10,39907;10,39907;10,80142;10,53774;12,25649;16,2604;12,25649;11,63149;12,65689;12,65689;17,90103;8,774073;12,25649;16,84439;12,65689;12,25649;12,65689;11,63149;11,63149;11,63149;10,53774;12,72524;17,90103;12,72524;16,2604;12,72524;17,77603;17,90103;12,65689;11,63149;12,25649;9,770166;11,63149;8,774073;9,770166;12,25649;16,2604;10,39907;12,72524;12,65689;12,25649;12,65689;10,53774;12,72524;11,63149;11,63149;16,2604;17,90103;10,53774;17,77603;10,53774;12,25649;17,90103;12,65689;12,25649;12,25649;9,770166;17,77603;12,05532;16,2604;11,63149;11,63149;8,774073;11,63149
"170";"1964-02-01";14,42764;15,53115;12,11318;12,90615;12,90615;14,42764;15,53115;12,82217;13,22451;12,11318;13,49404;14,83193;12,11318;14,42764;12,11318;12,90615;11,29873;13,5292;12,90615;13,25576;12,90615;14,36709;16,20498;13,5292;13,25576;13,5292;12,11318;13,02529;12,11318;12,90615;14,42764;11,29873;14,42764;11,29873;14,42764;12,90615;12,90615;14,36709;13,02529;13,02529;12,90615;13,49404;13,49404;13,25576;13,22451;13,40615;16,98623;13,40615;13,10537;13,83779;13,83779;18,47451;11,29873;13,40615;17,62686;13,83779;13,40615;13,83779;13,10537;13,10537;13,10537;13,22451;14,121;18,47451;14,121;16,98623;14,121;18,44522;18,47451;13,83779;13,10537;13,40615;12,82217;13,10537;11,29873;12,82217;13,40615;16,98623;13,49404;14,121;13,83779;13,40615;13,83779;13,22451;14,121;13,10537;13,10537;16,98623;18,47451;13,22451;18,44522;13,22451;13,40615;18,47451;13,83779;13,40615;13,40615;12,82217;18,44522;14,83193;16,98623;13,10537;13,10537;11,29873;13,10537
"171";"1964-03-01";15,91299;17,5126;13,10635;13,97939;13,97939;15,91299;17,5126;14,16885;14,9208;13,10635;14,5126;16,93447;13,10635;15,91299;13,10635;13,97939;12,55752;14,11221;13,97939;14,10049;13,97939;15,71377;17,78604;14,11221;14,10049;14,11221;13,10635;13,98135;13,10635;13,97939;15,91299;12,55752;15,91299;12,55752;15,91299;13,97939;13,97939;15,71377;13,98135;13,98135;13,97939;14,5126;14,5126;14,10049;14,9208;16,04385;21,19619;16,04385;15,81338;16,45791;16,45791;22,27041;12,55752;16,04385;21,15322;16,45791;16,04385;16,45791;15,81338;15,81338;15,81338;14,9208;16,74893;22,27041;16,74893;21,19619;16,74893;22,28213;22,27041;16,45791;15,81338;16,04385;14,16885;15,81338;12,55752;14,16885;16,04385;21,19619;14,5126;16,74893;16,45791;16,04385;16,45791;14,9208;16,74893;15,81338;15,81338;21,19619;22,27041;14,9208;22,28213;14,9208;16,04385;22,27041;16,45791;16,04385;16,04385;14,16885;22,28213;16,93447;21,19619;15,81338;15,81338;12,55752;15,81338
"172";"1964-04-01";17,06729;18,76455;14,21182;15,09268;15,09268;17,06729;18,76455;15,42861;16,02041;14,21182;15,63369;18,29775;14,21182;17,06729;14,21182;15,09268;13,41104;15,44424;15,09268;15,64346;15,09268;17,26846;19,22744;15,44424;15,64346;15,44424;14,21182;15,24502;14,21182;15,09268;17,06729;13,41104;17,06729;13,41104;17,06729;15,09268;15,09268;17,26846;15,24502;15,24502;15,09268;15,63369;15,63369;15,64346;16,02041;18,25674;23,95986;18,25674;17,97549;18,58096;18,58096;25,50088;13,41104;18,25674;24,21182;18,58096;18,25674;18,58096;17,97549;17,97549;17,97549;16,02041;18,92275;25,50088;18,92275;23,95986;18,92275;25,34463;25,50088;18,58096;17,97549;18,25674;15,42861;17,97549;13,41104;15,42861;18,25674;23,95986;15,63369;18,92275;18,58096;18,25674;18,58096;16,02041;18,92275;17,97549;17,97549;23,95986;25,50088;16,02041;25,34463;16,02041;18,25674;25,50088;18,58096;18,25674;18,25674;15,42861;25,34463;18,29775;23,95986;17,97549;17,97549;13,41104;17,97549
"173";"1964-05-01";16,48062;18,21499;13,84585;14,67788;14,67788;16,48062;18,21499;14,71304;15,5314;13,84585;14,93569;17,68765;13,84585;16,48062;13,84585;14,67788;13,15249;14,93374;14,67788;15,28335;14,67788;16,71499;18,38687;14,93374;15,28335;14,93374;13,84585;14,68179;13,84585;14,67788;16,48062;13,15249;16,48062;13,15249;16,48062;14,67788;14,67788;16,71499;14,68179;14,68179;14,67788;14,93569;14,93569;15,28335;15,5314;18,30874;23,62905;18,30874;17,5939;18,70718;18,70718;25,89858;13,15249;18,30874;24,5978;18,70718;18,30874;18,70718;17,5939;17,5939;17,5939;15,5314;18,75796;25,89858;18,75796;23,62905;18,75796;25,78921;25,89858;18,70718;17,5939;18,30874;14,71304;17,5939;13,15249;14,71304;18,30874;23,62905;14,93569;18,75796;18,70718;18,30874;18,70718;15,5314;18,75796;17,5939;17,5939;23,62905;25,89858;15,5314;25,78921;15,5314;18,30874;25,89858;18,70718;18,30874;18,30874;14,71304;25,78921;17,68765;23,62905;17,5939;17,5939;13,15249;17,5939
"174";"1964-06-01";15,29653;16,80239;12,86099;13,5231;13,5231;15,29653;16,80239;13,40981;14,45083;12,86099;13,33755;16,31411;12,86099;15,29653;12,86099;13,5231;12,40591;13,42935;13,5231;14,03677;13,5231;15,40786;17,15981;13,42935;14,03677;13,42935;12,86099;13,34927;12,86099;13,5231;15,29653;12,40591;15,29653;12,40591;15,29653;13,5231;13,5231;15,40786;13,34927;13,34927;13,5231;13,33755;13,33755;14,03677;14,45083;17,27896;21,60122;17,27896;16,43325;17,60317;17,60317;23,57778;12,40591;17,27896;22,63638;17,60317;17,27896;17,60317;16,43325;16,43325;16,43325;14,45083;17,45278;23,57778;17,45278;21,60122;17,45278;23,4313;23,57778;17,60317;16,43325;17,27896;13,40981;16,43325;12,40591;13,40981;17,27896;21,60122;13,33755;17,45278;17,60317;17,27896;17,60317;14,45083;17,45278;16,43325;16,43325;21,60122;23,57778;14,45083;23,4313;14,45083;17,27896;23,57778;17,60317;17,27896;17,27896;13,40981;23,4313;16,31411;21,60122;16,43325;16,43325;12,40591;16,43325
"175";"1964-07-01";15,16128;16,548;12,4523;13,37808;13,37808;15,16128;16,548;13,0148;14,1437;12,4523;13,12808;15,98159;12,4523;15,16128;12,4523;13,37808;11,93472;13,43667;13,37808;14,13784;13,37808;15,65933;17,58511;13,43667;14,13784;13,43667;12,4523;13,22573;12,4523;13,37808;15,16128;11,93472;15,16128;11,93472;15,16128;13,37808;13,37808;15,65933;13,22573;13,22573;13,37808;13,12808;13,12808;14,13784;14,1437;16,97573;21,33706;16,97573;16,05972;17,37026;17,37026;23,4855;11,93472;16,97573;22,54019;17,37026;16,97573;17,37026;16,05972;16,05972;16,05972;14,1437;17,24526;23,4855;17,24526;21,33706;17,24526;23,12612;23,4855;17,37026;16,05972;16,97573;13,0148;16,05972;11,93472;13,0148;16,97573;21,33706;13,12808;17,24526;17,37026;16,97573;17,37026;14,1437;17,24526;16,05972;16,05972;21,33706;23,4855;14,1437;23,12612;14,1437;16,97573;23,4855;17,37026;16,97573;16,97573;13,0148;23,12612;15,98159;21,33706;16,05972;16,05972;11,93472;16,05972
"176";"1964-08-01";15,7106;17,2145;13,22817;13,87075;13,87075;15,7106;17,2145;14,19497;14,72036;13,22817;14,29263;16,652;13,22817;15,7106;13,22817;13,87075;12,43325;14,4313;13,87075;15,04849;13,87075;16,20083;18,01919;14,4313;15,04849;14,4313;13,22817;14,27505;13,22817;13,87075;15,7106;12,43325;15,7106;12,43325;15,7106;13,87075;13,87075;16,20083;14,27505;14,27505;13,87075;14,29263;14,29263;15,04849;14,72036;17,88833;22,36099;17,88833;17,12466;18,29849;18,29849;24,88638;12,43325;17,88833;24,01724;18,29849;17,88833;18,29849;17,12466;17,12466;17,12466;14,72036;18,26138;24,88638;18,26138;22,36099;18,26138;24,12075;24,88638;18,29849;17,12466;17,88833;14,19497;17,12466;12,43325;14,19497;17,88833;22,36099;14,29263;18,26138;18,29849;17,88833;18,29849;14,72036;18,26138;17,12466;17,12466;22,36099;24,88638;14,72036;24,12075;14,72036;17,88833;24,88638;18,29849;17,88833;17,88833;14,19497;24,12075;16,652;22,36099;17,12466;17,12466;12,43325;17,12466
"177";"1964-09-01";15,64639;17,02334;12,99014;13,71279;13,71279;15,64639;17,02334;13,58975;14,76357;12,99014;13,66201;16,48232;12,99014;15,64639;12,99014;13,71279;12,47256;13,87686;13,71279;14,5917;13,71279;15,91787;17,72451;13,87686;14,5917;13,87686;12,99014;13,83584;12,99014;13,71279;15,64639;12,47256;15,64639;12,47256;15,64639;13,71279;13,71279;15,91787;13,83584;13,83584;13,71279;13,66201;13,66201;14,5917;14,76357;17,6835;21,81826;17,6835;16,77725;18,05654;18,05654;24,18936;12,47256;17,6835;23,34365;18,05654;17,6835;18,05654;16,77725;16,77725;16,77725;14,76357;18,01162;24,18936;18,01162;21,81826;18,01162;23,47842;24,18936;18,05654;16,77725;17,6835;13,58975;16,77725;12,47256;13,58975;17,6835;21,81826;13,66201;18,01162;18,05654;17,6835;18,05654;14,76357;18,01162;16,77725;16,77725;21,81826;24,18936;14,76357;23,47842;14,76357;17,6835;24,18936;18,05654;17,6835;17,6835;13,58975;23,47842;16,48232;21,81826;16,77725;16,77725;12,47256;16,77725
"178";"1964-10-01";13,50796;14,41616;10,35562;11,88296;11,88296;13,50796;14,41616;10,70327;12,1896;10,35562;10,5314;13,78921;10,35562;13,50796;10,35562;11,88296;10,19937;11,34194;11,88296;12,03726;11,88296;14,02749;15,70327;11,34194;12,03726;11,34194;10,35562;10,6271;10,35562;11,88296;13,50796;10,19937;13,50796;10,19937;13,50796;11,88296;11,88296;14,02749;10,6271;10,6271;11,88296;10,5314;10,5314;12,03726;12,1896;14,65835;19,19741;14,65835;14,05874;15,06265;15,06265;21,22671;10,19937;14,65835;20,29116;15,06265;14,65835;15,06265;14,05874;14,05874;14,05874;12,1896;14,99233;21,22671;14,99233;19,19741;14,99233;20,82241;21,22671;15,06265;14,05874;14,65835;10,70327;14,05874;10,19937;10,70327;14,65835;19,19741;10,5314;14,99233;15,06265;14,65835;15,06265;12,1896;14,99233;14,05874;14,05874;19,19741;21,22671;12,1896;20,82241;12,1896;14,65835;21,22671;15,06265;14,65835;14,65835;10,70327;20,82241;13,78921;19,19741;14,05874;14,05874;10,19937;14,05874
"179";"1964-11-01";13,00991;14,46499;10,4689;11,27358;11,27358;13,00991;14,46499;11,15835;12,24233;10,4689;11,08804;14,01577;10,4689;13,00991;10,4689;11,27358;10,01968;11,28335;11,27358;11,85171;11,27358;13,34585;15,13296;11,28335;11,85171;11,28335;10,4689;11,14272;10,4689;11,27358;13,00991;10,01968;13,00991;10,01968;13,00991;11,27358;11,27358;13,34585;11,14272;11,14272;11,27358;11,08804;11,08804;11,85171;12,24233;14,83413;19,34585;14,83413;14,35171;15,15444;15,15444;21,07241;10,01968;14,83413;20,18374;15,15444;14,83413;15,15444;14,35171;14,35171;14,35171;12,24233;15,11538;21,07241;15,11538;19,34585;15,11538;20,72476;21,07241;15,15444;14,35171;14,83413;11,15835;14,35171;10,01968;11,15835;14,83413;19,34585;11,08804;15,11538;15,15444;14,83413;15,15444;12,24233;15,11538;14,35171;14,35171;19,34585;21,07241;12,24233;20,72476;12,24233;14,83413;21,07241;15,15444;14,83413;14,83413;11,15835;20,72476;14,01577;19,34585;14,35171;14,35171;10,01968;14,35171
"180";"1964-12-01";11,32217;12,71084;8,917871;9,650293;9,650293;11,32217;12,71084;9,363184;10,70693;8,917871;9,413965;12,38857;8,917871;11,32217;8,917871;9,650293;8,456934;9,802637;9,650293;10,2499;9,650293;11,57998;13,24014;9,802637;10,2499;9,802637;8,917871;9,517481;8,917871;9,650293;11,32217;8,456934;11,32217;8,456934;11,32217;9,650293;9,650293;11,57998;9,517481;9,517481;9,650293;9,413965;9,413965;10,2499;10,70693;13,22061;17,85342;13,22061;12,5585;13,54873;13,54873;19,31045;8,456934;13,22061;18,47647;13,54873;13,22061;13,54873;12,5585;12,5585;12,5585;10,70693;13,69522;19,31045;13,69522;17,85342;13,69522;19,00967;19,31045;13,54873;12,5585;13,22061;9,363184;12,5585;8,456934;9,363184;13,22061;17,85342;9,413965;13,69522;13,54873;13,22061;13,54873;10,70693;13,69522;12,5585;12,5585;17,85342;19,31045;10,70693;19,00967;10,70693;13,22061;19,31045;13,54873;13,22061;13,22061;9,363184;19,00967;12,38857;17,85342;12,5585;12,5585;8,456934;12,5585
"181";"1965-01-01";10,63027;11,81191;8,292383;9,19668;9,19668;10,63027;11,81191;8,85293;9,864649;8,292383;8,839258;11,43691;8,292383;10,63027;8,292383;9,19668;7,833398;9,294336;9,19668;9,722071;9,19668;11,05215;12,51699;9,294336;9,722071;9,294336;8,292383;8,847071;8,292383;9,19668;10,63027;7,833398;10,63027;7,833398;10,63027;9,19668;9,19668;11,05215;8,847071;8,847071;9,19668;8,839258;8,839258;9,722071;9,864649;12,16543;16,88027;12,16543;11,81582;12,49746;12,49746;18,38418;7,833398;12,16543;17,52676;12,49746;12,16543;12,49746;11,81582;11,81582;11,81582;9,864649;12,54629;18,38418;12,54629;16,88027;12,54629;18,05801;18,38418;12,49746;11,81582;12,16543;8,85293;11,81582;7,833398;8,85293;12,16543;16,88027;8,839258;12,54629;12,49746;12,16543;12,49746;9,864649;12,54629;11,81582;11,81582;16,88027;18,38418;9,864649;18,05801;9,864649;12,16543;18,38418;12,49746;12,16543;12,16543;8,85293;18,05801;11,43691;16,88027;11,81582;11,81582;7,833398;11,81582
"182";"1965-02-01";12,25186;13,71279;10,15811;10,56436;10,56436;12,25186;13,71279;10,99404;11,51748;10,15811;11,23037;13,2792;10,15811;12,25186;10,15811;10,56436;9,337793;11,03701;10,56436;10,95693;10,56436;12,19131;14,00186;11,03701;10,95693;11,03701;10,15811;10,66006;10,15811;10,56436;12,25186;9,337793;12,25186;9,337793;12,25186;10,56436;10,56436;12,19131;10,66006;10,66006;10,56436;11,23037;11,23037;10,95693;11,51748;12,99014;17,63467;12,99014;12,75186;13,32998;13,32998;18,96279;9,337793;12,99014;18,11514;13,32998;12,99014;13,32998;12,75186;12,75186;12,75186;11,51748;13,6835;18,96279;13,6835;17,63467;13,6835;18,79287;18,96279;13,32998;12,75186;12,99014;10,99404;12,75186;9,337793;10,99404;12,99014;17,63467;11,23037;13,6835;13,32998;12,99014;13,32998;11,51748;13,6835;12,75186;12,75186;17,63467;18,96279;11,51748;18,79287;11,51748;12,99014;18,96279;13,32998;12,99014;12,99014;10,99404;18,79287;13,2792;17,63467;12,75186;12,75186;9,337793;12,75186
"183";"1965-03-01";15,34341;16,41567;12,58169;13,7106;13,7106;15,34341;16,41567;13,40981;13,97036;12,58169;14,00161;15,60513;12,58169;15,34341;12,58169;13,7106;11,8981;14,17935;13,7106;14,27114;13,7106;15,46646;17,2731;14,17935;14,27114;14,17935;12,58169;13,69497;12,58169;13,7106;15,34341;11,8981;15,34341;11,8981;15,34341;13,7106;13,7106;15,46646;13,69497;13,69497;13,7106;14,00161;14,00161;14,27114;13,97036;14,67153;19,32778;14,67153;14,56802;15,09536;15,09536;20,45474;11,8981;14,67153;19,52114;15,09536;14,67153;15,09536;14,56802;14,56802;14,56802;13,97036;15,32192;20,45474;15,32192;19,32778;15,32192;20,44497;20,45474;15,09536;14,56802;14,67153;13,40981;14,56802;11,8981;13,40981;14,67153;19,32778;14,00161;15,32192;15,09536;14,67153;15,09536;13,97036;15,32192;14,56802;14,56802;19,32778;20,45474;13,97036;20,44497;13,97036;14,67153;20,45474;15,09536;14,67153;14,67153;13,40981;20,44497;15,60513;19,32778;14,56802;14,56802;11,8981;14,56802
"184";"1965-04-01";16,15054;17,88101;13,08413;13,98062;13,98062;16,15054;17,88101;14,19937;15,17397;13,08413;14,32632;17,36343;13,08413;16,15054;13,08413;13,98062;12,61538;14,16421;13,98062;14,40835;13,98062;15,7853;18,13296;14,16421;14,40835;14,16421;13,08413;14,04312;13,08413;13,98062;16,15054;12,61538;16,15054;12,61538;16,15054;13,98062;13,98062;15,7853;14,04312;14,04312;13,98062;14,32632;14,32632;14,40835;15,17397;17,06851;23,37319;17,06851;17,06069;17,70327;17,70327;25,07046;12,61538;17,06851;23,69351;17,70327;17,06851;17,70327;17,06069;17,06069;17,06069;15,17397;18,03726;25,07046;18,03726;23,37319;18,03726;25,0314;25,07046;17,70327;17,06069;17,06851;14,19937;17,06069;12,61538;14,19937;17,06851;23,37319;14,32632;18,03726;17,70327;17,06851;17,70327;15,17397;18,03726;17,06069;17,06069;23,37319;25,07046;15,17397;25,0314;15,17397;17,06851;25,07046;17,70327;17,06851;17,06851;14,19937;25,0314;17,36343;23,37319;17,06069;17,06069;12,61538;17,06069
"185";"1965-05-01";16,34805;17,78945;13,90078;14,63516;14,63516;16,34805;17,78945;14,83633;15,63711;13,90078;15,18203;17,70938;13,90078;16,34805;13,90078;14,63516;13,33047;15,0668;14,63516;15,40273;14,63516;16,30898;18,15664;15,0668;15,40273;15,0668;13,90078;14,97305;13,90078;14,63516;16,34805;13,33047;16,34805;13,33047;16,34805;14,63516;14,63516;16,30898;14,97305;14,97305;14,63516;15,18203;15,18203;15,40273;15,63711;17,89102;22,96914;17,89102;17,41055;18,53359;18,53359;26,02383;13,33047;17,89102;24,72109;18,53359;17,89102;18,53359;17,41055;17,41055;17,41055;15,63711;18,72891;26,02383;18,72891;22,96914;18,72891;25,83828;26,02383;18,53359;17,41055;17,89102;14,83633;17,41055;13,33047;14,83633;17,89102;22,96914;15,18203;18,72891;18,53359;17,89102;18,53359;15,63711;18,72891;17,41055;17,41055;22,96914;26,02383;15,63711;25,83828;15,63711;17,89102;26,02383;18,53359;17,89102;17,89102;14,83633;25,83828;17,70938;22,96914;17,41055;17,41055;13,33047;17,41055
"186";"1965-06-01";15,64175;16,90737;13,33511;14,11831;14,11831;15,64175;16,90737;14,24917;14,79019;13,33511;14,46206;16,65737;13,33511;15,64175;13,33511;14,11831;12,67886;14,51089;14,11831;15,2394;14,11831;16,19644;17,76089;14,51089;15,2394;14,51089;13,33511;14,5187;13,33511;14,11831;15,64175;12,67886;15,64175;12,67886;15,64175;14,11831;14,11831;16,19644;14,5187;14,5187;14,11831;14,46206;14,46206;15,2394;14,79019;17,57925;22,31948;17,57925;16,95425;18,0519;18,0519;25,11831;12,67886;17,57925;23,87612;18,0519;17,57925;18,0519;16,95425;16,95425;16,95425;14,79019;18,03823;25,11831;18,03823;22,31948;18,03823;24,98745;25,11831;18,0519;16,95425;17,57925;14,24917;16,95425;12,67886;14,24917;17,57925;22,31948;14,46206;18,03823;18,0519;17,57925;18,0519;14,79019;18,03823;16,95425;16,95425;22,31948;25,11831;14,79019;24,98745;14,79019;17,57925;25,11831;18,0519;17,57925;17,57925;14,24917;24,98745;16,65737;22,31948;16,95425;16,95425;12,67886;16,95425
"187";"1965-07-01";14,29043;15,63223;11,9252;12,70645;12,70645;14,29043;15,63223;12,62441;13,54629;11,9252;12,71231;15,29238;11,9252;14,29043;11,9252;12,70645;11,34902;12,95254;12,70645;13,71621;12,70645;14,96231;16,64981;12,95254;13,71621;12,95254;11,9252;12,86074;11,9252;12,70645;14,29043;11,34902;14,29043;11,34902;14,29043;12,70645;12,70645;14,96231;12,86074;12,86074;12,70645;12,71231;12,71231;13,71621;13,54629;16,59121;21,11465;16,59121;15,8002;16,84902;16,84902;23,29824;11,34902;16,59121;22,28066;16,84902;16,59121;16,84902;15,8002;15,8002;15,8002;13,54629;16,8002;23,29824;16,8002;21,11465;16,8002;23,1127;23,29824;16,84902;15,8002;16,59121;12,62441;15,8002;11,34902;12,62441;16,59121;21,11465;12,71231;16,8002;16,84902;16,59121;16,84902;13,54629;16,8002;15,8002;15,8002;21,11465;23,29824;13,54629;23,1127;13,54629;16,59121;23,29824;16,84902;16,59121;16,59121;12,62441;23,1127;15,29238;21,11465;15,8002;15,8002;11,34902;15,8002
"188";"1965-08-01";14,69961;16,19375;12,29922;12,99648;12,99648;14,69961;16,19375;13,26016;13,76211;12,29922;13,27969;15,65664;12,29922;14,69961;12,29922;12,99648;11,63711;13,18984;12,99648;13,84219;12,99648;15,18984;17,03164;13,18984;13,84219;13,18984;12,29922;13,22305;12,29922;12,99648;14,69961;11,63711;14,69961;11,63711;14,69961;12,99648;12,99648;15,18984;13,22305;13,22305;12,99648;13,27969;13,27969;13,84219;13,76211;16,67422;20,97695;16,67422;15,95352;16,93789;16,93789;23,36563;11,63711;16,67422;22,40273;16,93789;16,67422;16,93789;15,95352;15,95352;15,95352;13,76211;16,90078;23,36563;16,90078;20,97695;16,90078;22,9457;23,36563;16,93789;15,95352;16,67422;13,26016;15,95352;11,63711;13,26016;16,67422;20,97695;13,27969;16,90078;16,93789;16,67422;16,93789;13,76211;16,90078;15,95352;15,95352;20,97695;23,36563;13,76211;22,9457;13,76211;16,67422;23,36563;16,93789;16,67422;16,67422;13,26016;22,9457;15,65664;20,97695;15,95352;15,95352;11,63711;15,95352
"189";"1965-09-01";15,64565;17,08511;13,05972;14,00308;14,00308;15,64565;17,08511;13,97378;14,55776;13,05972;14,04409;16,42105;13,05972;15,64565;13,05972;14,00308;12,37808;14,27456;14,00308;14,88394;14,00308;16,21401;17,85073;14,27456;14,88394;14,27456;13,05972;13,95425;13,05972;14,00308;15,64565;12,37808;15,64565;12,37808;15,64565;14,00308;14,00308;16,21401;13,95425;13,95425;14,00308;14,04409;14,04409;14,88394;14,55776;17,37222;21,70815;17,37222;16,77847;17,73745;17,73745;24,16128;12,37808;17,37222;23,18472;17,73745;17,37222;17,73745;16,77847;16,77847;16,77847;14,55776;17,79409;24,16128;17,79409;21,70815;17,79409;23,42495;24,16128;17,73745;16,77847;17,37222;13,97378;16,77847;12,37808;13,97378;17,37222;21,70815;14,04409;17,79409;17,73745;17,37222;17,73745;14,55776;17,79409;16,77847;16,77847;21,70815;24,16128;14,55776;23,42495;14,55776;17,37222;24,16128;17,73745;17,37222;17,37222;13,97378;23,42495;16,42105;21,70815;16,77847;16,77847;12,37808;16,77847
"190";"1965-10-01";13,85415;14,81704;11,20962;12,36196;12,36196;13,85415;14,81704;11,46939;12,79946;11,20962;11,40884;14,30337;11,20962;13,85415;11,20962;12,36196;10,8561;12,02603;12,36196;12,61001;12,36196;14,42251;15,89907;12,02603;12,61001;12,02603;11,20962;11,43618;11,20962;12,36196;13,85415;10,8561;13,85415;10,8561;13,85415;12,36196;12,36196;14,42251;11,43618;11,43618;12,36196;11,40884;11,40884;12,61001;12,79946;15,65689;19,91665;15,65689;14,71548;15,96157;15,96157;22,08657;10,8561;15,65689;21,13345;15,96157;15,65689;15,96157;14,71548;14,71548;14,71548;12,79946;15,87173;22,08657;15,87173;19,91665;15,87173;21,76626;22,08657;15,96157;14,71548;15,65689;11,46939;14,71548;10,8561;11,46939;15,65689;19,91665;11,40884;15,87173;15,96157;15,65689;15,96157;12,79946;15,87173;14,71548;14,71548;19,91665;22,08657;12,79946;21,76626;12,79946;15,65689;22,08657;15,96157;15,65689;15,65689;11,46939;21,76626;14,30337;19,91665;14,71548;14,71548;10,8561;14,71548
"191";"1965-11-01";13,37417;14,40347;10,93862;12,18862;12,18862;13,37417;14,40347;11,64761;12,24917;10,93862;11,76089;13,98159;10,93862;13,37417;10,93862;12,18862;10,45425;12,1398;12,18862;12,59292;12,18862;14,32534;15,68667;12,1398;12,59292;12,1398;10,93862;11,75112;10,93862;12,18862;13,37417;10,45425;13,37417;10,45425;13,37417;12,18862;12,18862;14,32534;11,75112;11,75112;12,18862;11,76089;11,76089;12,59292;12,24917;14,83511;19,4523;14,83511;14,40151;14,9894;14,9894;21,14565;10,45425;14,83511;20,27847;14,9894;14,83511;14,9894;14,40151;14,40151;14,40151;12,24917;15,13198;21,14565;15,13198;19,4523;15,13198;20,56167;21,14565;14,9894;14,40151;14,83511;11,64761;14,40151;10,45425;11,64761;14,83511;19,4523;11,76089;15,13198;14,9894;14,83511;14,9894;12,24917;15,13198;14,40151;14,40151;19,4523;21,14565;12,24917;20,56167;12,24917;14,83511;21,14565;14,9894;14,83511;14,83511;11,64761;20,56167;13,98159;19,4523;14,40151;14,40151;10,45425;14,40151
"192";"1965-12-01";12,83608;13,83999;10,29312;11,42788;11,42788;12,83608;13,83999;10,82046;11,70913;10,29312;11,05483;13,27163;10,29312;12,83608;10,29312;11,42788;9,859522;11,38101;11,42788;11,51382;11,42788;13,14663;14,70913;11,38101;11,51382;11,38101;10,29312;10,80093;10,29312;11,42788;12,83608;9,859522;12,83608;9,859522;12,83608;11,42788;11,42788;13,14663;10,80093;10,80093;11,42788;11,05483;11,05483;11,51382;11,70913;13,44155;17,42202;13,44155;12,82241;13,77358;13,77358;19,2228;9,859522;13,44155;18,3771;13,77358;13,44155;13,77358;12,82241;12,82241;12,82241;11,70913;13,85366;19,2228;13,85366;17,42202;13,85366;18,8771;19,2228;13,77358;12,82241;13,44155;10,82046;12,82241;9,859522;10,82046;13,44155;17,42202;11,05483;13,85366;13,77358;13,44155;13,77358;11,70913;13,85366;12,82241;12,82241;17,42202;19,2228;11,70913;18,8771;11,70913;13,44155;19,2228;13,77358;13,44155;13,44155;10,82046;18,8771;13,27163;17,42202;12,82241;12,82241;9,859522;12,82241
"193";"1966-01-01";11,43081;12,46987;9,143702;10,06167;10,06167;11,43081;12,46987;9,714014;10,28823;9,143702;10,19253;11,8273;9,143702;11,43081;9,143702;10,06167;8,419092;10,46792;10,06167;10,42886;10,06167;11,7394;13,36245;10,46792;10,42886;10,46792;9,143702;9,846827;9,143702;10,06167;11,43081;8,419092;11,43081;8,419092;11,43081;10,06167;10,06167;11,7394;9,846827;9,846827;10,06167;10,19253;10,19253;10,42886;10,28823;11,51089;15,35659;11,51089;10,99136;11,8019;11,8019;17,16714;8,419092;11,51089;16,26675;11,8019;11,51089;11,8019;10,99136;10,99136;10,99136;10,28823;11,97769;17,16714;11,97769;15,35659;11,97769;17,04995;17,16714;11,8019;10,99136;11,51089;9,714014;10,99136;8,419092;9,714014;11,51089;15,35659;10,19253;11,97769;11,8019;11,51089;11,8019;10,28823;11,97769;10,99136;10,99136;15,35659;17,16714;10,28823;17,04995;10,28823;11,51089;17,16714;11,8019;11,51089;11,51089;9,714014;17,04995;11,8273;15,35659;10,99136;10,99136;8,419092;10,99136
"194";"1966-02-01";12,53164;13,74844;10,03164;10,76211;10,76211;12,53164;13,74844;10,54922;11,62734;10,03164;10,80898;13,19766;10,03164;12,53164;10,03164;10,76211;9,433985;10,92031;10,76211;10,86563;10,76211;12,45156;14,31875;10,92031;10,86563;10,92031;10,03164;10,31875;10,03164;10,76211;12,53164;9,433985;12,53164;9,433985;12,53164;10,76211;10,76211;12,45156;10,31875;10,31875;10,76211;10,80898;10,80898;10,86563;11,62734;12,81289;16,64297;12,81289;12,26016;13,18008;13,18008;18,54141;9,433985;12,81289;17,55508;13,18008;12,81289;13,18008;12,26016;12,26016;12,26016;11,62734;13,43984;18,54141;13,43984;16,64297;13,43984;18,41445;18,54141;13,18008;12,26016;12,81289;10,54922;12,26016;9,433985;10,54922;12,81289;16,64297;10,80898;13,43984;13,18008;12,81289;13,18008;11,62734;13,43984;12,26016;12,26016;16,64297;18,54141;11,62734;18,41445;11,62734;12,81289;18,54141;13,18008;12,81289;12,81289;10,54922;18,41445;13,19766;16,64297;12,26016;12,26016;9,433985;12,26016
"195";"1966-03-01";13,28799;14,23916;10,23916;11,76064;11,76064;13,28799;14,23916;10,65322;11,87393;10,23916;10,99111;13,55361;10,23916;13,28799;10,23916;11,76064;9,743067;11,57314;11,76064;11,90127;11,76064;13,74111;15,43838;11,57314;11,90127;11,57314;10,23916;10,8251;10,23916;11,76064;13,28799;9,743067;13,28799;9,743067;13,28799;11,76064;11,76064;13,74111;10,8251;10,8251;11,76064;10,99111;10,99111;11,90127;11,87393;13,37783;17,454;13,37783;12,70791;13,68643;13,68643;19,49307;9,743067;13,37783;18,4501;13,68643;13,37783;13,68643;12,70791;12,70791;12,70791;11,87393;13,78799;19,49307;13,78799;17,454;13,78799;19,35244;19,49307;13,68643;12,70791;13,37783;10,65322;12,70791;9,743067;10,65322;13,37783;17,454;10,99111;13,78799;13,68643;13,37783;13,68643;11,87393;13,78799;12,70791;12,70791;17,454;19,49307;11,87393;19,35244;11,87393;13,37783;19,49307;13,68643;13,37783;13,37783;10,65322;19,35244;13,55361;17,454;12,70791;12,70791;9,743067;12,70791
"196";"1966-04-01";16,28018;17,78018;13,11221;14,22744;14,22744;16,28018;17,78018;14,21182;15,36611;13,11221;14,33096;17,4208;13,11221;16,28018;13,11221;14,22744;12,57314;14,20986;14,22744;14,48135;14,22744;16,30752;18,25088;14,20986;14,48135;14,20986;13,11221;13,97354;13,11221;14,22744;16,28018;12,57314;16,28018;12,57314;16,28018;14,22744;14,22744;16,30752;13,97354;13,97354;14,22744;14,33096;14,33096;14,48135;15,36611;16,84268;21,94424;16,84268;16,46963;17,28018;17,28018;23,88955;12,57314;16,84268;22,88564;17,28018;16,84268;17,28018;16,46963;16,46963;16,46963;15,36611;17,64736;23,88955;17,64736;21,94424;17,64736;23,70791;23,88955;17,28018;16,46963;16,84268;14,21182;16,46963;12,57314;14,21182;16,84268;21,94424;14,33096;17,64736;17,28018;16,84268;17,28018;15,36611;17,64736;16,46963;16,46963;21,94424;23,88955;15,36611;23,70791;15,36611;16,84268;23,88955;17,28018;16,84268;16,84268;14,21182;23,70791;17,4208;21,94424;16,46963;16,46963;12,57314;16,46963
"197";"1966-05-01";16,69717;17,89834;13,7167;14,97061;14,97061;16,69717;17,89834;14,62686;15,49795;13,7167;14,73818;17,48037;13,7167;16,69717;13,7167;14,97061;13,07217;14,86318;14,97061;15,30654;14,97061;17,17764;18,9999;14,86318;15,30654;14,86318;13,7167;14,51748;13,7167;14,97061;16,69717;13,07217;16,69717;13,07217;16,69717;14,97061;14,97061;17,17764;14,51748;14,51748;14,97061;14,73818;14,73818;15,30654;15,49795;17,42764;22,2792;17,42764;16,89443;17,84756;17,84756;24,88272;13,07217;17,42764;23,78311;17,84756;17,42764;17,84756;16,89443;16,89443;16,89443;15,49795;18,14248;24,88272;18,14248;22,2792;18,14248;24,35928;24,88272;17,84756;16,89443;17,42764;14,62686;16,89443;13,07217;14,62686;17,42764;22,2792;14,73818;18,14248;17,84756;17,42764;17,84756;15,49795;18,14248;16,89443;16,89443;22,2792;24,88272;15,49795;24,35928;15,49795;17,42764;24,88272;17,84756;17,42764;17,42764;14,62686;24,35928;17,48037;22,2792;16,89443;16,89443;13,07217;16,89443
"198";"1966-06-01";16,17568;17,07022;13,46084;14,68154;14,68154;16,17568;17,07022;14,16201;15,07998;13,46084;14,5585;16,8085;13,46084;16,17568;13,46084;14,68154;12,86904;14,66397;14,68154;15,35928;14,68154;16,94717;18,3124;14,66397;15,35928;14,66397;13,46084;14,621;13,46084;14,68154;16,17568;12,86904;16,17568;12,86904;16,17568;14,68154;14,68154;16,94717;14,621;14,621;14,68154;14,5585;14,5585;15,35928;15,07998;17,4667;22,10342;17,4667;16,69717;17,78311;17,78311;24,17373;12,86904;17,4667;23,08975;17,78311;17,4667;17,78311;16,69717;16,69717;16,69717;15,07998;17,7499;24,17373;17,7499;22,10342;17,7499;23,89639;24,17373;17,78311;16,69717;17,4667;14,16201;16,69717;12,86904;14,16201;17,4667;22,10342;14,5585;17,7499;17,78311;17,4667;17,78311;15,07998;17,7499;16,69717;16,69717;22,10342;24,17373;15,07998;23,89639;15,07998;17,4667;24,17373;17,78311;17,4667;17,4667;14,16201;23,89639;16,8085;22,10342;16,69717;16,69717;12,86904;16,69717
"199";"1966-07-01";16,01406;17,26016;13,22109;14,30313;14,30313;16,01406;17,26016;13,95547;15,02773;13,22109;14,22109;16,82852;13,22109;16,01406;13,22109;14,30313;12,70547;14,36563;14,30313;14,98477;14,30313;16,29922;17,86563;14,36563;14,98477;14,36563;13,22109;14,225;13,22109;14,30313;16,01406;12,70547;16,01406;12,70547;16,01406;14,30313;14,30313;16,29922;14,225;14,225;14,30313;14,22109;14,22109;14,98477;15,02773;17,5043;21,8207;17,5043;16,67617;17,81094;17,81094;23,90273;12,70547;17,5043;23,01602;17,81094;17,5043;17,81094;16,67617;16,67617;16,67617;15,02773;17,80703;23,90273;17,80703;21,8207;17,80703;23,61563;23,90273;17,81094;16,67617;17,5043;13,95547;16,67617;12,70547;13,95547;17,5043;21,8207;14,22109;17,80703;17,81094;17,5043;17,81094;15,02773;17,80703;16,67617;16,67617;21,8207;23,90273;15,02773;23,61563;15,02773;17,5043;23,90273;17,81094;17,5043;17,5043;13,95547;23,61563;16,82852;21,8207;16,67617;16,67617;12,70547;16,67617
"200";"1966-08-01";16,1166;17,3666;13,27676;14,33731;14,33731;16,1166;17,3666;14,33926;14,95059;13,27676;14,79434;16,78652;13,27676;16,1166;13,27676;14,33731;12,59316;14,71035;14,33731;15,19277;14,33731;16,21816;18,16543;14,71035;15,19277;14,71035;13,27676;14,72793;13,27676;14,33731;16,1166;12,59316;16,1166;12,59316;16,1166;14,33731;14,33731;16,21816;14,72793;14,72793;14,33731;14,79434;14,79434;15,19277;14,95059;17,67324;22,12441;17,67324;17,00332;18,00723;18,00723;24,22598;12,59316;17,67324;23,40957;18,00723;17,67324;18,00723;17,00332;17,00332;17,00332;14,95059;17,95645;24,22598;17,95645;22,12441;17,95645;23,72793;24,22598;18,00723;17,00332;17,67324;14,33926;17,00332;12,59316;14,33926;17,67324;22,12441;14,79434;17,95645;18,00723;17,67324;18,00723;14,95059;17,95645;17,00332;17,00332;22,12441;24,22598;14,95059;23,72793;14,95059;17,67324;24,22598;18,00723;17,67324;17,67324;14,33926;23,72793;16,78652;22,12441;17,00332;17,00332;12,59316;17,00332
"201";"1966-09-01";15,5939;16,77944;12,75405;13,86147;13,86147;15,5939;16,77944;13,18569;14,69937;12,75405;13,2228;16,39272;12,75405;15,5939;12,75405;13,86147;12,44351;13,57046;13,86147;14,18179;13,86147;15,84585;17,66616;13,57046;14,18179;13,57046;12,75405;13,30288;12,75405;13,86147;15,5939;12,44351;15,5939;12,44351;15,5939;13,86147;13,86147;15,84585;13,30288;13,30288;13,86147;13,2228;13,2228;14,18179;14,69937;17,23257;21,27554;17,23257;16,24819;17,68374;17,68374;23,67007;12,44351;17,23257;22,80679;17,68374;17,23257;17,68374;16,24819;16,24819;16,24819;14,69937;17,66421;23,67007;17,66421;21,27554;17,66421;23,22085;23,67007;17,68374;16,24819;17,23257;13,18569;16,24819;12,44351;13,18569;17,23257;21,27554;13,2228;17,66421;17,68374;17,23257;17,68374;14,69937;17,66421;16,24819;16,24819;21,27554;23,67007;14,69937;23,22085;14,69937;17,23257;23,67007;17,68374;17,23257;17,23257;13,18569;23,22085;16,39272;21,27554;16,24819;16,24819;12,44351;16,24819
"202";"1966-10-01";14,24209;15,34561;11,76162;12,7499;12,7499;14,24209;15,34561;11,96084;13,38857;11,76162;11,98037;14,97647;11,76162;14,24209;11,76162;12,7499;11,45303;12,57803;12,7499;13,07803;12,7499;14,51553;16,16397;12,57803;13,07803;12,57803;11,76162;12,12686;11,76162;12,7499;14,24209;11,45303;14,24209;11,45303;14,24209;12,7499;12,7499;14,51553;12,12686;12,12686;12,7499;11,98037;11,98037;13,07803;13,38857;16,05654;20,27139;16,05654;15,19131;16,29873;16,29873;22,23037;11,45303;16,05654;21,32022;16,29873;16,05654;16,29873;15,19131;15,19131;15,19131;13,38857;16,25772;22,23037;16,25772;20,27139;16,25772;21,98623;22,23037;16,29873;15,19131;16,05654;11,96084;15,19131;11,45303;11,96084;16,05654;20,27139;11,98037;16,25772;16,29873;16,05654;16,29873;13,38857;16,25772;15,19131;15,19131;20,27139;22,23037;13,38857;21,98623;13,38857;16,05654;22,23037;16,29873;16,05654;16,05654;11,96084;21,98623;14,97647;20,27139;15,19131;15,19131;11,45303;15,19131
"203";"1966-11-01";11,57046;12,36929;8,847803;10,34585;10,34585;11,57046;12,36929;9,060694;10,36929;8,847803;9,232569;11,95718;8,847803;11,57046;8,847803;10,34585;8,519678;10,06655;10,34585;10,60952;10,34585;12,41616;13,83413;10,06655;10,60952;10,06655;8,847803;9,435694;8,847803;10,34585;11,57046;8,519678;11,57046;8,519678;11,57046;10,34585;10,34585;12,41616;9,435694;9,435694;10,34585;9,232569;9,232569;10,60952;10,36929;12,72671;17,08804;12,72671;11,98647;13,02554;13,02554;19,08022;8,519678;12,72671;18,20327;13,02554;12,72671;13,02554;11,98647;11,98647;11,98647;10,36929;13,06265;19,08022;13,06265;17,08804;13,06265;18,7189;19,08022;13,02554;11,98647;12,72671;9,060694;11,98647;8,519678;9,060694;12,72671;17,08804;9,232569;13,06265;13,02554;12,72671;13,02554;10,36929;13,06265;11,98647;11,98647;17,08804;19,08022;10,36929;18,7189;10,36929;12,72671;19,08022;13,02554;12,72671;12,72671;9,060694;18,7189;11,95718;17,08804;11,98647;11,98647;8,519678;11,98647
"204";"1966-12-01";11,27725;12,20303;8,792871;9,988184;9,988184;11,27725;12,20303;9,183496;10,11514;8,792871;9,505762;11,71279;8,792871;11,27725;8,792871;9,988184;8,214746;10,121;9,988184;10,24014;9,988184;11,68154;13,22451;10,121;10,24014;10,121;8,792871;9,376856;8,792871;9,988184;11,27725;8,214746;11,27725;8,214746;11,27725;9,988184;9,988184;11,68154;9,376856;9,376856;9,988184;9,505762;9,505762;10,24014;10,11514;11,91201;16,03115;11,91201;11,32022;12,26357;12,26357;18,06631;8,214746;11,91201;17,05068;12,26357;11,91201;12,26357;11,32022;11,32022;11,32022;10,11514;12,42373;18,06631;12,42373;16,03115;12,42373;17,73818;18,06631;12,26357;11,32022;11,91201;9,183496;11,32022;8,214746;9,183496;11,91201;16,03115;9,505762;12,42373;12,26357;11,91201;12,26357;10,11514;12,42373;11,32022;11,32022;16,03115;18,06631;10,11514;17,73818;10,11514;11,91201;18,06631;12,26357;11,91201;11,91201;9,183496;17,73818;11,71279;16,03115;11,32022;11,32022;8,214746;11,32022
"205";"1967-01-01";11,30874;12,23843;8,953272;9,894678;9,894678;11,30874;12,23843;9,607569;10,36343;8,953272;9,785303;11,89663;8,953272;11,30874;8,953272;9,894678;8,414209;10,02944;9,894678;10,24624;9,894678;11,57046;13,12905;10,02944;10,24624;10,02944;8,953272;9,519678;8,953272;9,894678;11,30874;8,414209;11,30874;8,414209;11,30874;9,894678;9,894678;11,57046;9,519678;9,519678;9,894678;9,785303;9,785303;10,24624;10,36343;12,27358;16,28335;12,27358;11,82437;12,57046;12,57046;18,10366;8,414209;12,27358;17,11733;12,57046;12,27358;12,57046;11,82437;11,82437;11,82437;10,36343;12,70522;18,10366;12,70522;16,28335;12,70522;17,90444;18,10366;12,57046;11,82437;12,27358;9,607569;11,82437;8,414209;9,607569;12,27358;16,28335;9,785303;12,70522;12,57046;12,27358;12,57046;10,36343;12,70522;11,82437;11,82437;16,28335;18,10366;10,36343;17,90444;10,36343;12,27358;18,10366;12,57046;12,27358;12,27358;9,607569;17,90444;11,89663;16,28335;11,82437;11,82437;8,414209;11,82437
"206";"1967-02-01";12,65078;13,59609;10,37148;11,46328;11,46328;12,65078;13,59609;10,91641;11,33828;10,37148;11,2582;12,86563;10,37148;12,65078;10,37148;11,46328;9,676172;11,75039;11,46328;11,77188;11,46328;13,20742;14,80117;11,75039;11,77188;11,75039;10,37148;11,00625;10,37148;11,46328;12,65078;9,676172;12,65078;9,676172;12,65078;11,46328;11,46328;13,20742;11,00625;11,00625;11,46328;11,2582;11,2582;11,77188;11,33828;12,83828;16,86172;12,83828;12,46523;13,12539;13,12539;18,48867;9,676172;12,83828;17,55508;13,12539;12,83828;13,12539;12,46523;12,46523;12,46523;11,33828;13,24258;18,48867;13,24258;16,86172;13,24258;18,37148;18,48867;13,12539;12,46523;12,83828;10,91641;12,46523;9,676172;10,91641;12,83828;16,86172;11,2582;13,24258;13,12539;12,83828;13,12539;11,33828;13,24258;12,46523;12,46523;16,86172;18,48867;11,33828;18,37148;11,33828;12,83828;18,48867;13,12539;12,83828;12,83828;10,91641;18,37148;12,86563;16,86172;12,46523;12,46523;9,676172;12,46523
"207";"1967-03-01";13,77065;14,88198;11,28237;12,3273;12,3273;13,77065;14,88198;12,32925;12,68081;11,28237;12,6437;14,45034;11,28237;13,77065;11,28237;12,3273;10,60855;12,60073;12,3273;13,04214;12,3273;14,29214;15,96011;12,60073;13,04214;12,60073;11,28237;12,58706;11,28237;12,3273;13,77065;10,60855;13,77065;10,60855;13,77065;12,3273;12,3273;14,29214;12,58706;12,58706;12,3273;12,6437;12,6437;13,04214;12,68081;14,69253;19,74917;14,69253;14,52261;15,02065;15,02065;21,52261;10,60855;14,69253;20,5519;15,02065;14,69253;15,02065;14,52261;14,52261;14,52261;12,68081;15,26284;21,52261;15,26284;19,74917;15,26284;21,24722;21,52261;15,02065;14,52261;14,69253;12,32925;14,52261;10,60855;12,32925;14,69253;19,74917;12,6437;15,26284;15,02065;14,69253;15,02065;12,68081;15,26284;14,52261;14,52261;19,74917;21,52261;12,68081;21,24722;12,68081;14,69253;21,52261;15,02065;14,69253;14,69253;12,32925;21,24722;14,45034;19,74917;14,52261;14,52261;10,60855;14,52261
"208";"1967-04-01";15,61758;16,85195;13,01992;13,99258;13,99258;15,61758;16,85195;14,04531;14,61172;13,01992;14,04141;16,55117;13,01992;15,61758;13,01992;13,99258;12,33242;14,27773;13,99258;14,60977;13,99258;15,90469;17,77383;14,27773;14,60977;14,27773;13,01992;13,75039;13,01992;13,99258;15,61758;12,33242;15,61758;12,33242;15,61758;13,99258;13,99258;15,90469;13,75039;13,75039;13,99258;14,04141;14,04141;14,60977;14,61172;16,90273;22,18984;16,90273;16,56094;17,34609;17,34609;24,35195;12,33242;16,90273;23,29531;17,34609;16,90273;17,34609;16,56094;16,56094;16,56094;14,61172;17,66055;24,35195;17,66055;22,18984;17,66055;24,03555;24,35195;17,34609;16,56094;16,90273;14,04531;16,56094;12,33242;14,04531;16,90273;22,18984;14,04141;17,66055;17,34609;16,90273;17,34609;14,61172;17,66055;16,56094;16,56094;22,18984;24,35195;14,61172;24,03555;14,61172;16,90273;24,35195;17,34609;16,90273;16,90273;14,04531;24,03555;16,55117;22,18984;16,56094;16,56094;12,33242;16,56094
"209";"1967-05-01";16,53408;17,99502;14,10439;14,79971;14,79971;16,53408;17,99502;14,88564;15,66689;14,10439;14,78213;17,55752;14,10439;16,53408;14,10439;14,79971;13,3876;14,954;14,79971;15,15518;14,79971;16,48916;18,51064;14,954;15,15518;14,954;14,10439;14,47744;14,10439;14,79971;16,53408;13,3876;16,53408;13,3876;16,53408;14,79971;14,79971;16,48916;14,47744;14,47744;14,79971;14,78213;14,78213;15,15518;15,66689;18,29385;23,55557;18,29385;17,84268;18,53604;18,53604;25,67666;13,3876;18,29385;24,41299;18,53604;18,29385;18,53604;17,84268;17,84268;17,84268;15,66689;18,74893;25,67666;18,74893;23,55557;18,74893;25,39932;25,67666;18,53604;17,84268;18,29385;14,88564;17,84268;13,3876;14,88564;18,29385;23,55557;14,78213;18,74893;18,53604;18,29385;18,53604;15,66689;18,74893;17,84268;17,84268;23,55557;25,67666;15,66689;25,39932;15,66689;18,29385;25,67666;18,53604;18,29385;18,29385;14,88564;25,39932;17,55752;23,55557;17,84268;17,84268;13,3876;17,84268
"210";"1967-06-01";16,05044;17,33755;13,95669;14,44497;14,44497;16,05044;17,33755;14,46255;15,4645;13,95669;14,48599;17,12466;13,95669;16,05044;13,95669;14,44497;13,40005;14,84146;14,44497;15,33169;14,44497;16,13247;17,82583;14,84146;15,33169;14,84146;13,95669;14,48208;13,95669;14,44497;16,05044;13,40005;16,05044;13,40005;16,05044;14,44497;14,44497;16,13247;14,48208;14,48208;14,44497;14,48599;14,48599;15,33169;15,4645;18,24771;22,78677;18,24771;17,47622;18,59927;18,59927;25,08755;13,40005;18,24771;23,98989;18,59927;18,24771;18,59927;17,47622;17,47622;17,47622;15,4645;18,652;25,08755;18,652;22,78677;18,652;24,79263;25,08755;18,59927;17,47622;18,24771;14,46255;17,47622;13,40005;14,46255;18,24771;22,78677;14,48599;18,652;18,59927;18,24771;18,59927;15,4645;18,652;17,47622;17,47622;22,78677;25,08755;15,4645;24,79263;15,4645;18,24771;25,08755;18,59927;18,24771;18,24771;14,46255;24,79263;17,12466;22,78677;17,47622;17,47622;13,40005;17,47622
"211";"1967-07-01";15,14297;16,39102;12,74258;13,50234;13,50234;15,14297;16,39102;13,7543;14,34609;12,74258;13,90469;16,06289;12,74258;15,14297;12,74258;13,50234;11,97695;14,09219;13,50234;14,74844;13,50234;15,71523;17,49844;14,09219;14,74844;14,09219;12,74258;13,92422;12,74258;13,50234;15,14297;11,97695;15,14297;11,97695;15,14297;13,50234;13,50234;15,71523;13,92422;13,92422;13,50234;13,90469;13,90469;14,74844;14,34609;17,26016;22,16836;17,26016;16,74453;17,52383;17,52383;24,36758;11,97695;17,26016;23,39688;17,52383;17,26016;17,52383;16,74453;16,74453;16,74453;14,34609;17,63125;24,36758;17,63125;22,16836;17,63125;23,79922;24,36758;17,52383;16,74453;17,26016;13,7543;16,74453;11,97695;13,7543;17,26016;22,16836;13,90469;17,63125;17,52383;17,26016;17,52383;14,34609;17,63125;16,74453;16,74453;22,16836;24,36758;14,34609;23,79922;14,34609;17,26016;24,36758;17,52383;17,26016;17,26016;13,7543;23,79922;16,06289;22,16836;16,74453;16,74453;11,97695;16,74453
"212";"1967-08-01";15,58413;17,0021;13,1564;13,74233;13,74233;15,58413;17,0021;14,04702;14,80679;13,1564;13,98843;16,60757;13,1564;15,58413;13,1564;13,74233;12,50015;13,92983;13,74233;14,53921;13,74233;15,89272;17,83804;13,92983;14,53921;13,92983;13,1564;13,93569;13,1564;13,74233;15,58413;12,50015;15,58413;12,50015;15,58413;13,74233;13,74233;15,89272;13,93569;13,93569;13,74233;13,98843;13,98843;14,53921;14,80679;17,77358;22,47866;17,77358;17,19351;17,98452;17,98452;24,47476;12,50015;17,77358;23,51187;17,98452;17,77358;17,98452;17,19351;17,19351;17,19351;14,80679;17,97671;24,47476;17,97671;22,47866;17,97671;23,90835;24,47476;17,98452;17,19351;17,77358;14,04702;17,19351;12,50015;14,04702;17,77358;22,47866;13,98843;17,97671;17,98452;17,77358;17,98452;14,80679;17,97671;17,19351;17,19351;22,47866;24,47476;14,80679;23,90835;14,80679;17,77358;24,47476;17,98452;17,77358;17,77358;14,04702;23,90835;16,60757;22,47866;17,19351;17,19351;12,50015;17,19351
"213";"1967-09-01";15,05068;16,43154;12,88662;13,25967;13,25967;15,05068;16,43154;13,31826;14,54873;12,88662;13,25186;16,34951;12,88662;15,05068;12,88662;13,25967;12,4042;13,39053;13,25967;13,91787;13,25967;15,18545;16,996;13,39053;13,91787;13,39053;12,88662;13,23037;12,88662;13,25967;15,05068;12,4042;15,05068;12,4042;15,05068;13,25967;13,25967;15,18545;13,23037;13,23037;13,25967;13,25186;13,25186;13,91787;14,54873;17,22647;21,6249;17,22647;16,47451;17,48818;17,48818;23,33584;12,4042;17,22647;22,58389;17,48818;17,22647;17,48818;16,47451;16,47451;16,47451;14,54873;17,51162;23,33584;17,51162;21,6249;17,51162;23,01162;23,33584;17,48818;16,47451;17,22647;13,31826;16,47451;12,4042;13,31826;17,22647;21,6249;13,25186;17,51162;17,48818;17,22647;17,48818;14,54873;17,51162;16,47451;16,47451;21,6249;23,33584;14,54873;23,01162;14,54873;17,22647;23,33584;17,48818;17,22647;17,22647;13,31826;23,01162;16,34951;21,6249;16,47451;16,47451;12,4042;16,47451
"214";"1967-10-01";13,84414;14,69375;11,49844;12,33828;12,33828;13,84414;14,69375;11,71328;13,03359;11,49844;11,61758;14,44375;11,49844;13,84414;11,49844;12,33828;11,15469;12,1918;12,33828;12,72305;12,33828;14,2582;16,01406;12,1918;12,72305;12,1918;11,49844;11,60391;11,49844;12,33828;13,84414;11,15469;13,84414;11,15469;13,84414;12,33828;12,33828;14,2582;11,60391;11,60391;12,33828;11,61758;11,61758;12,72305;13,03359;15,61953;19,6332;15,61953;14,78359;15,93789;15,93789;21,87344;11,15469;15,61953;20,93984;15,93789;15,61953;15,93789;14,78359;14,78359;14,78359;13,03359;15,93984;21,87344;15,93984;19,6332;15,93984;21,57461;21,87344;15,93789;14,78359;15,61953;11,71328;14,78359;11,15469;11,71328;15,61953;19,6332;11,61758;15,93984;15,93789;15,61953;15,93789;13,03359;15,93984;14,78359;14,78359;19,6332;21,87344;13,03359;21,57461;13,03359;15,61953;21,87344;15,93789;15,61953;15,61953;11,71328;21,57461;14,44375;19,6332;14,78359;14,78359;11,15469;14,78359
"215";"1967-11-01";12,84609;13,85195;10,55898;11,5043;11,5043;12,84609;13,85195;11,13516;11,92617;10,55898;11,20938;13,52969;10,55898;12,84609;10,55898;11,5043;10,1332;11,61172;11,5043;12,15664;11,5043;13,47305;14,93789;11,61172;12,15664;11,61172;10,55898;11,18008;10,55898;11,5043;12,84609;10,1332;12,84609;10,1332;12,84609;11,5043;11,5043;13,47305;11,18008;11,18008;11,5043;11,20938;11,20938;12,15664;11,92617;14,33633;18,29727;14,33633;13,67422;14,57656;14,57656;20,39102;10,1332;14,33633;19,60781;14,57656;14,33633;14,57656;13,67422;13,67422;13,67422;11,92617;14,6625;20,39102;14,6625;18,29727;14,6625;20,09023;20,39102;14,57656;13,67422;14,33633;11,13516;13,67422;10,1332;11,13516;14,33633;18,29727;11,20938;14,6625;14,57656;14,33633;14,57656;11,92617;14,6625;13,67422;13,67422;18,29727;20,39102;11,92617;20,09023;11,92617;14,33633;20,39102;14,57656;14,33633;14,33633;11,13516;20,09023;13,52969;18,29727;13,67422;13,67422;10,1332;13,67422
"216";"1967-12-01";12,85684;14,33731;10,85488;11,14395;11,14395;12,85684;14,33731;11,5502;12,26895;10,85488;11,44082;14,01113;10,85488;12,85684;10,85488;11,14395;10,16934;11,47598;11,14395;11,44082;11,14395;12,72793;14,64785;11,47598;11,44082;11,47598;10,85488;10,91348;10,85488;11,14395;12,85684;10,16934;12,85684;10,16934;12,85684;11,14395;11,14395;12,72793;10,91348;10,91348;11,14395;11,44082;11,44082;11,44082;12,26895;14,18887;18,3041;14,18887;13,71035;14,52676;14,52676;20,1166;10,16934;14,18887;19,36856;14,52676;14,18887;14,52676;13,71035;13,71035;13,71035;12,26895;14,74356;20,1166;14,74356;18,3041;14,74356;19,91348;20,1166;14,52676;13,71035;14,18887;11,5502;13,71035;10,16934;11,5502;14,18887;18,3041;11,44082;14,74356;14,52676;14,18887;14,52676;12,26895;14,74356;13,71035;13,71035;18,3041;20,1166;12,26895;19,91348;12,26895;14,18887;20,1166;14,52676;14,18887;14,18887;11,5502;19,91348;14,01113;18,3041;13,71035;13,71035;10,16934;13,71035
"217";"1968-01-01";11,39932;12,39541;8,93252;9,971582;9,971582;11,39932;12,39541;9,514551;10,45205;8,93252;9,77627;12,07705;8,93252;11,39932;8,93252;9,971582;8,553614;10,09854;9,971582;10,48721;9,971582;11,7333;13,50479;10,09854;10,48721;10,09854;8,93252;9,721582;8,93252;9,971582;11,39932;8,553614;11,39932;8,553614;11,39932;9,971582;9,971582;11,7333;9,721582;9,721582;9,971582;9,77627;9,77627;10,48721;10,45205;12,58291;16,68643;12,58291;11,92275;12,89736;12,89736;18,80557;8,553614;12,58291;17,97549;12,89736;12,58291;12,89736;11,92275;11,92275;11,92275;10,45205;12,94033;18,80557;12,94033;16,68643;12,94033;18,57119;18,80557;12,89736;11,92275;12,58291;9,514551;11,92275;8,553614;9,514551;12,58291;16,68643;9,77627;12,94033;12,89736;12,58291;12,89736;10,45205;12,94033;11,92275;11,92275;16,68643;18,80557;10,45205;18,57119;10,45205;12,58291;18,80557;12,89736;12,58291;12,58291;9,514551;18,57119;12,07705;16,68643;11,92275;11,92275;8,553614;11,92275
"218";"1968-02-01";11,09829;12,0729;8,861963;9,680323;9,680323;11,09829;12,0729;9,227198;10,2604;8,861963;9,408838;11,84243;8,861963;11,09829;8,861963;9,680323;8,402979;9,754541;9,680323;9,936182;9,680323;11,29556;13,0397;9,754541;9,936182;9,754541;8,861963;9,192041;8,861963;9,680323;11,09829;8,402979;11,09829;8,402979;11,09829;9,680323;9,680323;11,29556;9,192041;9,192041;9,680323;9,408838;9,408838;9,936182;10,2604;12,17056;15,95962;12,17056;11,46743;12,49868;12,49868;17,99478;8,402979;12,17056;17,19204;12,49868;12,17056;12,49868;11,46743;11,46743;11,46743;10,2604;12,65884;17,99478;12,65884;15,95962;12,65884;17,78189;17,99478;12,49868;11,46743;12,17056;9,227198;11,46743;8,402979;9,227198;12,17056;15,95962;9,408838;12,65884;12,49868;12,17056;12,49868;10,2604;12,65884;11,46743;11,46743;15,95962;17,99478;10,2604;17,78189;10,2604;12,17056;17,99478;12,49868;12,17056;12,17056;9,227198;17,78189;11,84243;15,95962;11,46743;11,46743;8,402979;11,46743
"219";"1968-03-01";13,27163;14,01968;10,9689;11,98452;11,98452;13,27163;14,01968;11,50405;12,00796;10,9689;11,95132;13,49624;10,9689;13,27163;10,9689;11,98452;10,19741;12,41812;11,98452;12,61343;11,98452;13,93374;15,50991;12,41812;12,61343;12,41812;10,9689;11,71499;10,9689;11,98452;13,27163;10,19741;13,27163;10,19741;13,27163;11,98452;11,98452;13,93374;11,71499;11,71499;11,98452;11,95132;11,95132;12,61343;12,00796;13,35171;17,20132;13,35171;12,77554;13,69937;13,69937;19,15249;10,19741;13,35171;18,28335;13,69937;13,35171;13,69937;12,77554;12,77554;12,77554;12,00796;13,9396;19,15249;13,9396;17,20132;13,9396;18,99233;19,15249;13,69937;12,77554;13,35171;11,50405;12,77554;10,19741;11,50405;13,35171;17,20132;11,95132;13,9396;13,69937;13,35171;13,69937;12,00796;13,9396;12,77554;12,77554;17,20132;19,15249;12,00796;18,99233;12,00796;13,35171;19,15249;13,69937;13,35171;13,35171;11,50405;18,99233;13,49624;17,20132;12,77554;12,77554;10,19741;12,77554
"220";"1968-04-01";15,8417;17,39834;13,26162;14,01162;14,01162;15,8417;17,39834;14,10732;14,91592;13,26162;14,03506;16,89443;13,26162;15,8417;13,26162;14,01162;12,60147;14,14248;14,01162;14,3124;14,01162;15,95889;18,10732;14,14248;14,3124;14,14248;13,26162;13,59756;13,26162;14,01162;15,8417;12,60147;15,8417;12,60147;15,8417;14,01162;14,01162;15,95889;13,59756;13,59756;14,01162;14,03506;14,03506;14,3124;14,91592;17,26162;22,496;17,26162;16,83193;17,6542;17,6542;24,18154;12,60147;17,26162;23,13272;17,6542;17,26162;17,6542;16,83193;16,83193;16,83193;14,91592;17,88857;24,18154;17,88857;22,496;17,88857;23,97842;24,18154;17,6542;16,83193;17,26162;14,10732;16,83193;12,60147;14,10732;17,26162;22,496;14,03506;17,88857;17,6542;17,26162;17,6542;14,91592;17,88857;16,83193;16,83193;22,496;24,18154;14,91592;23,97842;14,91592;17,26162;24,18154;17,6542;17,26162;17,26162;14,10732;23,97842;16,89443;22,496;16,83193;16,83193;12,60147;16,83193
"221";"1968-05-01";15,89736;17,39346;13,89932;14,18838;14,18838;15,89736;17,39346;14,74502;15,40322;13,89932;14,55557;17,24697;13,89932;15,89736;13,89932;14,18838;13,26846;14,58291;14,18838;14,77627;14,18838;15,7626;17,69424;14,58291;14,77627;14,58291;13,89932;14,19424;13,89932;14,18838;15,89736;13,26846;15,89736;13,26846;15,89736;14,18838;14,18838;15,7626;14,19424;14,19424;14,18838;14,55557;14,55557;14,77627;15,40322;18,17275;23,05166;18,17275;17,58486;18,52236;18,52236;25,16885;13,26846;18,17275;24,204;18,52236;18,17275;18,52236;17,58486;17,58486;17,58486;15,40322;18,6083;25,16885;18,6083;23,05166;18,6083;24,954;25,16885;18,52236;17,58486;18,17275;14,74502;17,58486;13,26846;14,74502;18,17275;23,05166;14,55557;18,6083;18,52236;18,17275;18,52236;15,40322;18,6083;17,58486;17,58486;23,05166;25,16885;15,40322;24,954;15,40322;18,17275;25,16885;18,52236;18,17275;18,17275;14,74502;24,954;17,24697;23,05166;17,58486;17,58486;13,26846;17,58486
"222";"1968-06-01";15,62173;17,04946;13,82095;13,98306;13,98306;15,62173;17,04946;14,50454;15,2936;13,82095;14,44009;17,09634;13,82095;15,62173;13,82095;13,98306;13,18618;14,5397;13,98306;14,93423;13,98306;15,64712;17,27212;14,5397;14,93423;14,5397;13,82095;14,28579;13,82095;13,98306;15,62173;13,18618;15,62173;13,18618;15,62173;13,98306;13,98306;15,64712;14,28579;14,28579;13,98306;14,44009;14,44009;14,93423;15,2936;18,18032;22,7604;18,18032;17,37759;18,45767;18,45767;25,04751;13,18618;18,18032;24,11978;18,45767;18,18032;18,45767;17,37759;17,37759;17,37759;15,2936;18,49868;25,04751;18,49868;22,7604;18,49868;24,73892;25,04751;18,45767;17,37759;18,18032;14,50454;17,37759;13,18618;14,50454;18,18032;22,7604;14,44009;18,49868;18,45767;18,18032;18,45767;15,2936;18,49868;17,37759;17,37759;22,7604;25,04751;15,2936;24,73892;15,2936;18,18032;25,04751;18,45767;18,18032;18,18032;14,50454;24,73892;17,09634;22,7604;17,37759;17,37759;13,18618;17,37759
"223";"1968-07-01";15,00698;16,38198;12,82534;13,34683;13,34683;15,00698;16,38198;13,5812;14,37612;12,82534;13,78237;16,21987;12,82534;15,00698;12,82534;13,34683;12,12612;14,0812;13,34683;14,74526;13,34683;15,53628;17,29605;14,0812;14,74526;14,0812;12,82534;13,83511;12,82534;13,34683;15,00698;12,12612;15,00698;12,12612;15,00698;13,34683;13,34683;15,53628;13,83511;13,83511;13,34683;13,78237;13,78237;14,74526;14,37612;17,18667;21,75112;17,18667;16,47769;17,46011;17,46011;23,78628;12,12612;17,18667;22,87612;17,46011;17,18667;17,46011;16,47769;16,47769;16,47769;14,37612;17,47573;23,78628;17,47573;21,75112;17,47573;23,43081;23,78628;17,46011;16,47769;17,18667;13,5812;16,47769;12,12612;13,5812;17,18667;21,75112;13,78237;17,47573;17,46011;17,18667;17,46011;14,37612;17,47573;16,47769;16,47769;21,75112;23,78628;14,37612;23,43081;14,37612;17,18667;23,78628;17,46011;17,18667;17,18667;13,5812;23,43081;16,21987;21,75112;16,47769;16,47769;12,12612;16,47769
"224";"1968-08-01";15,59121;16,90566;13,17129;13,99356;13,99356;15,59121;16,90566;14,06387;14,62441;13,17129;14,16543;16,47207;13,17129;15,59121;13,17129;13,99356;12,30996;14,48379;13,99356;15,31387;13,99356;16,55606;18,11856;14,48379;15,31387;14,48379;13,17129;14,23184;13,17129;13,99356;15,59121;12,30996;15,59121;12,30996;15,59121;13,99356;13,99356;16,55606;14,23184;14,23184;13,99356;14,16543;14,16543;15,31387;14,62441;17,40762;21,84512;17,40762;16,76504;17,58926;17,58926;24,12637;12,30996;17,40762;23,27285;17,58926;17,40762;17,58926;16,76504;16,76504;16,76504;14,62441;17,73379;24,12637;17,73379;21,84512;17,73379;23,41543;24,12637;17,58926;16,76504;17,40762;14,06387;16,76504;12,30996;14,06387;17,40762;21,84512;14,16543;17,73379;17,58926;17,40762;17,58926;14,62441;17,73379;16,76504;16,76504;21,84512;24,12637;14,62441;23,41543;14,62441;17,40762;24,12637;17,58926;17,40762;17,40762;14,06387;23,41543;16,47207;21,84512;16,76504;16,76504;12,30996;16,76504
"225";"1968-09-01";15,92275;17,28799;13,35439;14,23525;14,23525;15,92275;17,28799;14,08486;14,97354;13,35439;14,07119;16,64736;13,35439;15,92275;13,35439;14,23525;12,8583;14,28604;14,23525;15,03213;14,23525;16,48135;18,13955;14,28604;15,03213;14,28604;13,35439;14,18057;13,35439;14,23525;15,92275;12,8583;15,92275;12,8583;15,92275;14,23525;14,23525;16,48135;14,18057;14,18057;14,23525;14,07119;14,07119;15,03213;14,97354;17,92861;22,75869;17,92861;17,3876;18,12588;18,12588;24,15127;12,8583;17,92861;23,24697;18,12588;17,92861;18,12588;17,3876;17,3876;17,3876;14,97354;17,98525;24,15127;17,98525;22,75869;17,98525;23,83486;24,15127;18,12588;17,3876;17,92861;14,08486;17,3876;12,8583;14,08486;17,92861;22,75869;14,07119;17,98525;18,12588;17,92861;18,12588;14,97354;17,98525;17,3876;17,3876;22,75869;24,15127;14,97354;23,83486;14,97354;17,92861;24,15127;18,12588;17,92861;17,92861;14,08486;23,83486;16,64736;22,75869;17,3876;17,3876;12,8583;17,3876
"226";"1968-10-01";14,94741;15,95718;12,15444;13,39272;13,39272;14,94741;15,95718;12,99038;13,92397;12,15444;12,74624;15,50796;12,15444;14,94741;12,15444;13,39272;11,85757;13,0353;13,39272;13,74233;13,39272;15,64858;17,27163;13,0353;13,74233;13,0353;12,15444;12,76772;12,15444;13,39272;14,94741;11,85757;14,94741;11,85757;14,94741;13,39272;13,39272;15,64858;12,76772;12,76772;13,39272;12,74624;12,74624;13,74233;13,92397;16,65054;21,98843;16,65054;16,5646;16,93765;16,93765;22,85952;11,85757;16,65054;22,01968;16,93765;16,65054;16,93765;16,5646;16,5646;16,5646;13,92397;16,83608;22,85952;16,83608;21,98843;16,83608;22,43765;22,85952;16,93765;16,5646;16,65054;12,99038;16,5646;11,85757;12,99038;16,65054;21,98843;12,74624;16,83608;16,93765;16,65054;16,93765;13,92397;16,83608;16,5646;16,5646;21,98843;22,85952;13,92397;22,43765;13,92397;16,65054;22,85952;16,93765;16,65054;16,65054;12,99038;22,43765;15,50796;21,98843;16,5646;16,5646;11,85757;16,5646
"227";"1968-11-01";13,82192;15,04067;11,40591;12,4606;12,4606;13,82192;15,04067;12,32778;12,75942;11,40591;12,32192;14,54458;11,40591;13,82192;11,40591;12,4606;10,82778;12,52114;12,4606;12,7438;12,4606;14,19497;15,89419;12,52114;12,7438;12,52114;11,40591;12,06606;11,40591;12,4606;13,82192;10,82778;13,82192;10,82778;13,82192;12,4606;12,4606;14,19497;12,06606;12,06606;12,4606;12,32192;12,32192;12,7438;12,75942;14,83364;19,12661;14,83364;14,76919;14,9938;14,9938;20,5856;10,82778;14,83364;19,87271;14,9938;14,83364;14,9938;14,76919;14,76919;14,76919;12,75942;15,12856;20,5856;15,12856;19,12661;15,12856;20,21255;20,5856;14,9938;14,76919;14,83364;12,32778;14,76919;10,82778;12,32778;14,83364;19,12661;12,32192;15,12856;14,9938;14,83364;14,9938;12,75942;15,12856;14,76919;14,76919;19,12661;20,5856;12,75942;20,21255;12,75942;14,83364;20,5856;14,9938;14,83364;14,83364;12,32778;20,21255;14,54458;19,12661;14,76919;14,76919;10,82778;14,76919
"228";"1968-12-01";12,71157;14,06704;10,33267;11,22915;11,22915;12,71157;14,06704;10,92642;11,80532;10,33267;10,99868;13,49478;10,33267;12,71157;10,33267;11,22915;9,854151;11,36196;11,22915;11,55142;11,22915;12,9811;14,65103;11,36196;11,55142;11,36196;10,33267;10,74282;10,33267;11,22915;12,71157;9,854151;12,71157;9,854151;12,71157;11,22915;11,22915;12,9811;10,74282;10,74282;11,22915;10,99868;10,99868;11,55142;11,80532;13,79946;17,94204;13,79946;13,35415;14,03774;14,03774;19,38149;9,854151;13,79946;18,56118;14,03774;13,79946;14,03774;13,35415;13,35415;13,35415;11,80532;14,17446;19,38149;14,17446;17,94204;14,17446;19,06704;19,38149;14,03774;13,35415;13,79946;10,92642;13,35415;9,854151;10,92642;13,79946;17,94204;10,99868;14,17446;14,03774;13,79946;14,03774;11,80532;14,17446;13,35415;13,35415;17,94204;19,38149;11,80532;19,06704;11,80532;13,79946;19,38149;14,03774;13,79946;13,79946;10,92642;19,06704;13,49478;17,94204;13,35415;13,35415;9,854151;13,35415
"229";"1969-01-01";12,61465;13,79629;10,24356;11,1127;11,1127;12,61465;13,79629;10,76504;11,71426;10,24356;10,96035;13,41152;10,24356;12,61465;10,24356;11,1127;9,688868;11,38809;11,1127;11,62441;11,1127;12,78848;14,48574;11,38809;11,62441;11,38809;10,24356;10,76113;10,24356;11,1127;12,61465;9,688868;12,61465;9,688868;12,61465;11,1127;11,1127;12,78848;10,76113;10,76113;11,1127;10,96035;10,96035;11,62441;11,71426;13,54629;17,44863;13,54629;12,96816;13,80215;13,80215;19,14785;9,688868;13,54629;18,4252;13,80215;13,54629;13,80215;12,96816;12,96816;12,96816;11,71426;13,96816;19,14785;13,96816;17,44863;13,96816;18,88809;19,14785;13,80215;12,96816;13,54629;10,76504;12,96816;9,688868;10,76504;13,54629;17,44863;10,96035;13,96816;13,80215;13,54629;13,80215;11,71426;13,96816;12,96816;12,96816;17,44863;19,14785;11,71426;18,88809;11,71426;13,54629;19,14785;13,80215;13,54629;13,54629;10,76504;18,88809;13,41152;17,44863;12,96816;12,96816;9,688868;12,96816
"230";"1969-02-01";14,71157;16,15103;12,2311;13,00845;13,00845;14,71157;16,15103;12,94204;13,67056;12,2311;13,11782;15,45181;12,2311;14,71157;12,2311;13,00845;11,53579;13,26431;13,00845;13,21743;13,00845;14,61782;16,55142;13,26431;13,21743;13,26431;12,2311;12,67837;12,2311;13,00845;14,71157;11,53579;14,71157;11,53579;14,71157;13,00845;13,00845;14,61782;12,67837;12,67837;13,00845;13,11782;13,11782;13,21743;13,67056;14,65493;18,70571;14,65493;14,36587;14,89321;14,89321;20,1022;11,53579;14,65493;19,34439;14,89321;14,65493;14,89321;14,36587;14,36587;14,36587;13,67056;15,15689;20,1022;15,15689;18,70571;15,15689;19,8854;20,1022;14,89321;14,36587;14,65493;12,94204;14,36587;11,53579;12,94204;14,65493;18,70571;13,11782;15,15689;14,89321;14,65493;14,89321;13,67056;15,15689;14,36587;14,36587;18,70571;20,1022;13,67056;19,8854;13,67056;14,65493;20,1022;14,89321;14,65493;14,65493;12,94204;19,8854;15,45181;18,70571;14,36587;14,36587;11,53579;14,36587
"231";"1969-03-01";15,23037;16,51748;12,96084;13,61123;13,61123;15,23037;16,51748;13,39639;14,26553;12,96084;13,98623;15,8085;12,96084;15,23037;12,96084;13,61123;12,2792;13,97451;13,61123;13,8085;13,61123;15,06436;17,13272;13,97451;13,8085;13,97451;12,96084;13,56631;12,96084;13,61123;15,23037;12,2792;15,23037;12,2792;15,23037;13,61123;13,61123;15,06436;13,56631;13,56631;13,61123;13,98623;13,98623;13,8085;14,26553;14,53506;17,76748;14,53506;14,00381;15,00186;15,00186;19,67178;12,2792;14,53506;18,94326;15,00186;14,53506;15,00186;14,00381;14,00381;14,00381;14,26553;15,4042;19,67178;15,4042;17,76748;15,4042;19,47842;19,67178;15,00186;14,00381;14,53506;13,39639;14,00381;12,2792;13,39639;14,53506;17,76748;13,98623;15,4042;15,00186;14,53506;15,00186;14,26553;15,4042;14,00381;14,00381;17,76748;19,67178;14,26553;19,47842;14,26553;14,53506;19,67178;15,00186;14,53506;14,53506;13,39639;19,47842;15,8085;17,76748;14,00381;14,00381;12,2792;14,00381
"232";"1969-04-01";17,43862;18,91714;14,78823;15,42105;15,42105;17,43862;18,91714;15,62026;16,4894;14,78823;15,88198;18,50698;14,78823;17,43862;14,78823;15,42105;14,048;15,78628;15,42105;15,48745;15,42105;16,90933;19,34878;15,78628;15,48745;15,78628;14,78823;15,19448;14,78823;15,42105;17,43862;14,048;17,43862;14,048;17,43862;15,42105;15,42105;16,90933;15,19448;15,19448;15,42105;15,88198;15,88198;15,48745;16,4894;17,58315;22,18667;17,58315;17,18276;17,91519;17,91519;23,94253;14,048;17,58315;23,04995;17,91519;17,58315;17,91519;17,18276;17,18276;17,18276;16,4894;18,31362;23,94253;18,31362;22,18667;18,31362;23,8019;23,94253;17,91519;17,18276;17,58315;15,62026;17,18276;14,048;15,62026;17,58315;22,18667;15,88198;18,31362;17,91519;17,58315;17,91519;16,4894;18,31362;17,18276;17,18276;22,18667;23,94253;16,4894;23,8019;16,4894;17,58315;23,94253;17,91519;17,58315;17,58315;15,62026;23,8019;18,50698;22,18667;17,18276;17,18276;14,048;17,18276
"233";"1969-05-01";17,95645;19,13418;15,0502;16,14004;16,14004;17,95645;19,13418;15,74746;16,72793;15,0502;15,85488;18,7416;15,0502;17,95645;15,0502;16,14004;14,30215;16,10293;16,14004;16,14785;16,14004;18,26113;20,25137;16,10293;16,14785;16,10293;15,0502;15,36465;15,0502;16,14004;17,95645;14,30215;17,95645;14,30215;17,95645;16,14004;16,14004;18,26113;15,36465;15,36465;16,14004;15,85488;15,85488;16,14785;16,72793;18,1127;22,93301;18,1127;17,6127;18,37832;18,37832;24,79824;14,30215;18,1127;23,92715;18,37832;18,1127;18,37832;17,6127;17,6127;17,6127;16,72793;18,72207;24,79824;18,72207;22,93301;18,72207;24,51699;24,79824;18,37832;17,6127;18,1127;15,74746;17,6127;14,30215;15,74746;18,1127;22,93301;15,85488;18,72207;18,37832;18,1127;18,37832;16,72793;18,72207;17,6127;17,6127;22,93301;24,79824;16,72793;24,51699;16,72793;18,1127;24,79824;18,37832;18,1127;18,1127;15,74746;24,51699;18,7416;22,93301;17,6127;17,6127;14,30215;17,6127
"234";"1969-06-01";18,2272;19,31899;15,95962;16,7897;16,7897;18,2272;19,31899;16,68032;17,11782;15,95962;16,8561;18,99868;15,95962;18,2272;15,95962;16,7897;15,06509;17,18814;16,7897;17,37173;16,7897;18,62173;20,2604;17,18814;17,37173;17,18814;15,95962;16,66079;15,95962;16,7897;18,2272;15,06509;18,2272;15,06509;18,2272;16,7897;16,7897;18,62173;16,66079;16,66079;16,7897;16,8561;16,8561;17,37173;17,11782;19,09048;23,66665;19,09048;18,67642;19,36978;19,36978;25,61392;15,06509;19,09048;24,7272;19,36978;19,09048;19,36978;18,67642;18,67642;18,67642;17,11782;19,57485;25,61392;19,57485;23,66665;19,57485;25,26626;25,61392;19,36978;18,67642;19,09048;16,68032;18,67642;15,06509;16,68032;19,09048;23,66665;16,8561;19,57485;19,36978;19,09048;19,36978;17,11782;19,57485;18,67642;18,67642;23,66665;25,61392;17,11782;25,26626;17,11782;19,09048;25,61392;19,36978;19,09048;19,09048;16,68032;25,26626;18,99868;23,66665;18,67642;18,67642;15,06509;18,67642
"235";"1969-07-01";16,52725;17,65811;14,01357;14,85147;14,85147;16,52725;17,65811;14,85537;15,55459;14,01357;15,02139;17,26553;14,01357;16,52725;14,01357;14,85147;13,26553;15,26943;14,85147;15,95107;14,85147;17,24404;18,94131;15,26943;15,95107;15,26943;14,01357;15,08779;14,01357;14,85147;16,52725;13,26553;16,52725;13,26553;16,52725;14,85147;14,85147;17,24404;15,08779;15,08779;14,85147;15,02139;15,02139;15,95107;15,55459;18,23037;22,8417;18,23037;17,61709;18,4999;18,4999;24,8124;13,26553;18,23037;23,92568;18,4999;18,23037;18,4999;17,61709;17,61709;17,61709;15,55459;18,63272;24,8124;18,63272;22,8417;18,63272;24,46084;24,8124;18,4999;17,61709;18,23037;14,85537;17,61709;13,26553;14,85537;18,23037;22,8417;15,02139;18,63272;18,4999;18,23037;18,4999;15,55459;18,63272;17,61709;17,61709;22,8417;24,8124;15,55459;24,46084;15,55459;18,23037;24,8124;18,4999;18,23037;18,23037;14,85537;24,46084;17,26553;22,8417;17,61709;17,61709;13,26553;17,61709
"236";"1969-08-01";15,97964;17,13589;13,64175;14,37026;14,37026;15,97964;17,13589;14,10659;15,13394;13,64175;14,16323;16,69253;13,64175;15,97964;13,64175;14,37026;13,09487;14,27651;14,37026;14,84292;14,37026;16,28628;17,96401;14,27651;14,84292;14,27651;13,64175;14,173;13,64175;14,37026;15,97964;13,09487;15,97964;13,09487;15,97964;14,37026;14,37026;16,28628;14,173;14,173;14,37026;14,16323;14,16323;14,84292;15,13394;18,0519;22,07534;18,0519;17,07925;18,21011;18,21011;24,0773;13,09487;18,0519;23,10464;18,21011;18,0519;18,21011;17,07925;17,07925;17,07925;15,13394;18,09683;24,0773;18,09683;22,07534;18,09683;23,87026;24,0773;18,21011;17,07925;18,0519;14,10659;17,07925;13,09487;14,10659;18,0519;22,07534;14,16323;18,09683;18,21011;18,0519;18,21011;15,13394;18,09683;17,07925;17,07925;22,07534;24,0773;15,13394;23,87026;15,13394;18,0519;24,0773;18,21011;18,0519;18,0519;14,10659;23,87026;16,69253;22,07534;17,07925;17,07925;13,09487;17,07925
"237";"1969-09-01";15,55581;16,44644;13,18862;13,97183;13,97183;15,55581;16,44644;13,37612;14,81753;13,18862;13,16714;16,21987;13,18862;15,55581;13,18862;13,97183;12,84097;13,6105;13,97183;14,24331;13,97183;15,85659;17,55776;13,6105;14,24331;13,6105;13,18862;13,24136;13,18862;13,97183;15,55581;12,84097;15,55581;12,84097;15,55581;13,97183;13,97183;15,85659;13,24136;13,24136;13,97183;13,16714;13,16714;14,24331;14,81753;17,67495;21,62222;17,67495;16,61831;17,93081;17,93081;23,65933;12,84097;17,67495;22,77651;17,93081;17,67495;17,93081;16,61831;16,61831;16,61831;14,81753;17,82925;23,65933;17,82925;21,62222;17,82925;23,50503;23,65933;17,93081;16,61831;17,67495;13,37612;16,61831;12,84097;13,37612;17,67495;21,62222;13,16714;17,82925;17,93081;17,67495;17,93081;14,81753;17,82925;16,61831;16,61831;21,62222;23,65933;14,81753;23,50503;14,81753;17,67495;23,65933;17,93081;17,67495;17,67495;13,37612;23,50503;16,21987;21,62222;16,61831;16,61831;12,84097;16,61831
"238";"1969-10-01";15,64199;17,02481;12,94863;13,93887;13,93887;15,64199;17,02481;13,32754;14,68106;12,94863;13,17324;16,60684;12,94863;15,64199;12,94863;13,93887;12,52676;13,77481;13,93887;14,22402;13,93887;15,8959;17,80996;13,77481;14,22402;13,77481;12,94863;13,14785;12,94863;13,93887;15,64199;12,52676;15,64199;12,52676;15,64199;13,93887;13,93887;15,8959;13,14785;13,14785;13,93887;13,17324;13,17324;14,22402;14,68106;17,17129;21,84316;17,17129;16,6127;17,48379;17,48379;23,51699;12,52676;17,17129;22,71816;17,48379;17,17129;17,48379;16,6127;16,6127;16,6127;14,68106;17,52285;23,51699;17,52285;21,84316;17,52285;23,29434;23,51699;17,48379;16,6127;17,17129;13,32754;16,6127;12,52676;13,32754;17,17129;21,84316;13,17324;17,52285;17,48379;17,17129;17,48379;14,68106;17,52285;16,6127;16,6127;21,84316;23,51699;14,68106;23,29434;14,68106;17,17129;23,51699;17,48379;17,17129;17,17129;13,32754;23,29434;16,60684;21,84316;16,6127;16,6127;12,52676;16,6127
"239";"1969-11-01";13,21133;14,12734;10,7582;11,98086;11,98086;13,21133;14,12734;10,98672;11,9125;10,7582;11,20156;13,58438;10,7582;13,21133;10,7582;11,98086;10,24844;12,01016;11,98086;12,4418;11,98086;13,84805;15,51602;12,01016;12,4418;12,01016;10,7582;11,26992;10,7582;11,98086;13,21133;10,24844;13,21133;10,24844;13,21133;11,98086;11,98086;13,84805;11,26992;11,26992;11,98086;11,20156;11,20156;12,4418;11,9125;14,29531;18,33633;14,29531;13,60195;14,51211;14,51211;20,39297;10,24844;14,29531;19,46719;14,51211;14,29531;14,51211;13,60195;13,60195;13,60195;11,9125;14,51211;20,39297;14,51211;18,33633;14,51211;20,16836;20,39297;14,51211;13,60195;14,29531;10,98672;13,60195;10,24844;10,98672;14,29531;18,33633;11,20156;14,51211;14,51211;14,29531;14,51211;11,9125;14,51211;13,60195;13,60195;18,33633;20,39297;11,9125;20,16836;11,9125;14,29531;20,39297;14,51211;14,29531;14,29531;10,98672;20,16836;13,58438;18,33633;13,60195;13,60195;10,24844;13,60195
"240";"1969-12-01";12,61587;13,78384;10,69595;11,29751;11,29751;12,61587;13,78384;11,26235;11,78189;10,69595;11,29751;13,34243;10,69595;12,61587;10,69595;11,29751;9,998682;11,58462;11,29751;11,70571;11,29751;12,92056;14,52603;11,58462;11,70571;11,58462;10,69595;10,9772;10,69595;11,29751;12,61587;9,998682;12,61587;9,998682;12,61587;11,29751;11,29751;12,92056;10,9772;10,9772;11,29751;11,29751;11,29751;11,70571;11,78189;13,68032;17,4479;13,68032;13,21548;13,95962;13,95962;19,35415;9,998682;13,68032;18,62954;13,95962;13,68032;13,95962;13,21548;13,21548;13,21548;11,78189;14,16274;19,35415;14,16274;17,4479;14,16274;19,09048;19,35415;13,95962;13,21548;13,68032;11,26235;13,21548;9,998682;11,26235;13,68032;17,4479;11,29751;14,16274;13,95962;13,68032;13,95962;11,78189;14,16274;13,21548;13,21548;17,4479;19,35415;11,78189;19,09048;11,78189;13,68032;19,35415;13,95962;13,68032;13,68032;11,26235;19,09048;13,34243;17,4479;13,21548;13,21548;9,998682;13,21548
"241";"1970-01-01";12,0148;13,3312;10,04605;10,54409;10,54409;12,0148;13,3312;10,34097;11,13589;10,04605;10,7394;12,798;10,04605;12,0148;10,04605;10,54409;9,272608;11,04019;10,54409;10,84292;10,54409;11,97964;13,74917;11,04019;10,84292;11,04019;10,04605;10,35855;10,04605;10,54409;12,0148;9,272608;12,0148;9,272608;12,0148;10,54409;10,54409;11,97964;10,35855;10,35855;10,54409;10,7394;10,7394;10,84292;11,13589;12,45034;16,27651;12,45034;11,75698;12,80776;12,80776;18,25308;9,272608;12,45034;17,39761;12,80776;12,45034;12,80776;11,75698;11,75698;11,75698;11,13589;12,99331;18,25308;12,99331;16,27651;12,99331;18,21792;18,25308;12,80776;11,75698;12,45034;10,34097;11,75698;9,272608;10,34097;12,45034;16,27651;10,7394;12,99331;12,80776;12,45034;12,80776;11,13589;12,99331;11,75698;11,75698;16,27651;18,25308;11,13589;18,21792;11,13589;12,45034;18,25308;12,80776;12,45034;12,45034;10,34097;18,21792;12,798;16,27651;11,75698;11,75698;9,272608;11,75698
"242";"1970-02-01";12,28262;13,0541;9,520899;11,02871;11,02871;12,28262;13,0541;9,626368;10,86856;9,520899;10,06191;12,37637;9,520899;12,28262;9,520899;11,02871;9,147852;10,75723;11,02871;11,10684;11,02871;12,87832;14,55606;10,75723;11,10684;10,75723;9,520899;10,09902;9,520899;11,02871;12,28262;9,147852;12,28262;9,147852;12,28262;11,02871;11,02871;12,87832;10,09902;10,09902;11,02871;10,06191;10,06191;11,10684;10,86856;12,50527;16,22598;12,50527;11,64785;12,81973;12,81973;18,16738;9,147852;12,50527;17,22207;12,81973;12,50527;12,81973;11,64785;11,64785;11,64785;10,86856;12,8041;18,16738;12,8041;16,22598;12,8041;18,16348;18,16738;12,81973;11,64785;12,50527;9,626368;11,64785;9,147852;9,626368;12,50527;16,22598;10,06191;12,8041;12,81973;12,50527;12,81973;10,86856;12,8041;11,64785;11,64785;16,22598;18,16738;10,86856;18,16348;10,86856;12,50527;18,16738;12,81973;12,50527;12,50527;9,626368;18,16348;12,37637;16,22598;11,64785;11,64785;9,147852;11,64785
"243";"1970-03-01";15,73525;17,16689;13,69229;13,99111;13,99111;15,73525;17,16689;14,35244;14,829;13,69229;14,85439;16,55752;13,69229;15,73525;13,69229;13,99111;12,64346;14,78408;13,99111;14,40127;13,99111;15,46572;17,42666;14,78408;14,40127;14,78408;13,69229;14,2001;13,69229;13,99111;15,73525;12,64346;15,73525;12,64346;15,73525;13,99111;13,99111;15,46572;14,2001;14,2001;13,99111;14,85439;14,85439;14,40127;14,829;15,08682;19,01846;15,08682;14,84463;15,37979;15,37979;20,454;12,64346;15,08682;19,76455;15,37979;15,08682;15,37979;14,84463;14,84463;14,84463;14,829;15,9501;20,454;15,9501;19,01846;15,9501;20,2626;20,454;15,37979;14,84463;15,08682;14,35244;14,84463;12,64346;14,35244;15,08682;19,01846;14,85439;15,9501;15,37979;15,08682;15,37979;14,829;15,9501;14,84463;14,84463;19,01846;20,454;14,829;20,2626;14,829;15,08682;20,454;15,37979;15,08682;15,08682;14,35244;20,2626;16,55752;19,01846;14,84463;14,84463;12,64346;14,84463
"244";"1970-04-01";18,1293;19,55898;15,75625;16,39883;16,39883;18,1293;19,55898;16,90859;17,0668;15,75625;17,36172;19,05117;15,75625;18,1293;15,75625;16,39883;14,87148;17,34414;16,39883;17,51797;16,39883;18,27969;20,225;17,34414;17,51797;17,34414;15,75625;17,05898;15,75625;16,39883;18,1293;14,87148;18,1293;14,87148;18,1293;16,39883;16,39883;18,27969;17,05898;17,05898;16,39883;17,36172;17,36172;17,51797;17,0668;18,26992;23,10586;18,26992;18,17813;18,67617;18,67617;24,73281;14,87148;18,26992;23,87734;18,67617;18,26992;18,67617;18,17813;18,17813;18,17813;17,0668;19,14688;24,73281;19,14688;23,10586;19,14688;24,47695;24,73281;18,67617;18,17813;18,26992;16,90859;18,17813;14,87148;16,90859;18,26992;23,10586;17,36172;19,14688;18,67617;18,26992;18,67617;17,0668;19,14688;18,17813;18,17813;23,10586;24,73281;17,0668;24,47695;17,0668;18,26992;24,73281;18,67617;18,26992;18,26992;16,90859;24,47695;19,05117;23,10586;18,17813;18,17813;14,87148;18,17813
"245";"1970-05-01";16,25381;17,44131;13,64248;14,60732;14,60732;16,25381;17,44131;14,26357;15,20303;13,64248;14,19717;17,05654;13,64248;16,25381;13,64248;14,60732;13,04092;14,77725;14,60732;15,06826;14,60732;16,35928;18,36904;14,77725;15,06826;14,77725;13,64248;13,90029;13,64248;14,60732;16,25381;13,04092;16,25381;13,04092;16,25381;14,60732;14,60732;16,35928;13,90029;13,90029;14,60732;14,19717;14,19717;15,06826;15,20303;17,15811;21,85537;17,15811;16,72451;17,52529;17,52529;24,16592;13,04092;17,15811;23,11904;17,52529;17,15811;17,52529;16,72451;16,72451;16,72451;15,20303;17,78115;24,16592;17,78115;21,85537;17,78115;24,00186;24,16592;17,52529;16,72451;17,15811;14,26357;16,72451;13,04092;14,26357;17,15811;21,85537;14,19717;17,78115;17,52529;17,15811;17,52529;15,20303;17,78115;16,72451;16,72451;21,85537;24,16592;15,20303;24,00186;15,20303;17,15811;24,16592;17,52529;17,15811;17,15811;14,26357;24,00186;17,05654;21,85537;16,72451;16,72451;13,04092;16,72451
"246";"1970-06-01";16,19888;17,46255;13,73403;14,5563;14,5563;16,19888;17,46255;14,37466;15,28286;13,73403;14,39028;17,09731;13,73403;16,19888;13,73403;14,5563;13,16763;14,60317;14,5563;15,06997;14,5563;16,3981;18,40005;14,60317;15,06997;14,60317;13,73403;14,29653;13,73403;14,5563;16,19888;13,16763;16,19888;13,16763;16,19888;14,5563;14,5563;16,3981;14,29653;14,29653;14,5563;14,39028;14,39028;15,06997;15,28286;17,9645;22,68911;17,9645;17,31606;18,33169;18,33169;24,80044;13,16763;17,9645;23,82974;18,33169;17,9645;18,33169;17,31606;17,31606;17,31606;15,28286;18,33755;24,80044;18,33755;22,68911;18,33755;24,64614;24,80044;18,33169;17,31606;17,9645;14,37466;17,31606;13,16763;14,37466;17,9645;22,68911;14,39028;18,33755;18,33169;17,9645;18,33169;15,28286;18,33755;17,31606;17,31606;22,68911;24,80044;15,28286;24,64614;15,28286;17,9645;24,80044;18,33169;17,9645;17,9645;14,37466;24,64614;17,09731;22,68911;17,31606;17,31606;13,16763;17,31606
"247";"1970-07-01";15,65322;17,02041;13,01846;13,86025;13,86025;15,65322;17,02041;13,57119;14,58291;13,01846;13,49697;16,47939;13,01846;15,65322;13,01846;13,86025;12,44033;13,704;13,86025;14,32119;13,86025;15,80557;17,87197;13,704;14,32119;13,704;13,01846;13,48916;13,01846;13,86025;15,65322;12,44033;15,65322;12,44033;15,65322;13,86025;13,86025;15,80557;13,48916;13,48916;13,86025;13,49697;13,49697;14,32119;14,58291;17,42471;21,72158;17,42471;16,52432;17,68057;17,68057;23,92666;12,44033;17,42471;23,03408;17,68057;17,42471;17,68057;16,52432;16,52432;16,52432;14,58291;17,63174;23,92666;17,63174;21,72158;17,63174;23,60049;23,92666;17,68057;16,52432;17,42471;13,57119;16,52432;12,44033;13,57119;17,42471;21,72158;13,49697;17,63174;17,68057;17,42471;17,68057;14,58291;17,63174;16,52432;16,52432;21,72158;23,92666;14,58291;23,60049;14,58291;17,42471;23,92666;17,68057;17,42471;17,42471;13,57119;23,60049;16,47939;21,72158;16,52432;16,52432;12,44033;16,52432
"248";"1970-08-01";16,3019;17,67495;13,9562;14,52847;14,52847;16,3019;17,67495;14,51675;15,33511;13,9562;14,41909;17,09487;13,9562;16,3019;13,9562;14,52847;13,35855;14,90542;14,52847;15,39175;14,52847;16,35659;18,4562;14,90542;15,39175;14,90542;13,9562;14,39956;13,9562;14,52847;16,3019;13,35855;16,3019;13,35855;16,3019;14,52847;14,52847;16,35659;14,39956;14,39956;14,52847;14,41909;14,41909;15,39175;15,33511;18,29995;22,5148;18,29995;17,50698;18,64761;18,64761;24,64761;13,35855;18,29995;23,84487;18,64761;18,29995;18,64761;17,50698;17,50698;17,50698;15,33511;18,5519;24,64761;18,5519;22,5148;18,5519;24,18472;24,64761;18,64761;17,50698;18,29995;14,51675;17,50698;13,35855;14,51675;18,29995;22,5148;14,41909;18,5519;18,64761;18,29995;18,64761;15,33511;18,5519;17,50698;17,50698;22,5148;24,64761;15,33511;24,18472;15,33511;18,29995;24,64761;18,64761;18,29995;18,29995;14,51675;24,18472;17,09487;22,5148;17,50698;17,50698;13,35855;17,50698
"249";"1970-09-01";15,89688;17,26406;13,37734;14,10977;14,10977;15,89688;17,26406;13,87539;14,91445;13,37734;13,74258;16,65273;13,37734;15,89688;13,37734;14,10977;12,91641;14,00234;14,10977;14,50039;14,10977;16,07852;18,06484;14,00234;14,50039;14,00234;13,37734;13,68594;13,37734;14,10977;15,89688;12,91641;15,89688;12,91641;15,89688;14,10977;14,10977;16,07852;13,68594;13,68594;14,10977;13,74258;13,74258;14,50039;14,91445;17,96719;22,1918;17,96719;17,2582;18,22891;18,22891;24,09414;12,91641;17,96719;23,17031;18,22891;17,96719;18,22891;17,2582;17,2582;17,2582;14,91445;18,07852;24,09414;18,07852;22,1918;18,07852;23,84805;24,09414;18,22891;17,2582;17,96719;13,87539;17,2582;12,91641;13,87539;17,96719;22,1918;13,74258;18,07852;18,22891;17,96719;18,22891;14,91445;18,07852;17,2582;17,2582;22,1918;24,09414;14,91445;23,84805;14,91445;17,96719;24,09414;18,22891;17,96719;17,96719;13,87539;23,84805;16,65273;22,1918;17,2582;17,2582;12,91641;17,2582
"250";"1970-10-01";16,14688;17,21719;12,99258;14,52188;14,52188;16,14688;17,21719;13,62734;14,75234;12,99258;13,49258;16,51602;12,99258;16,14688;12,99258;14,52188;12,61563;14,24063;14,52188;14,80508;14,52188;16,72109;18,50625;14,24063;14,80508;14,24063;12,99258;13,52383;12,99258;14,52188;16,14688;12,61563;16,14688;12,61563;16,14688;14,52188;14,52188;16,72109;13,52383;13,52383;14,52188;13,49258;13,49258;14,80508;14,75234;17,26406;21,9418;17,26406;17,08633;17,63516;17,63516;23,48477;12,61563;17,26406;22,55508;17,63516;17,26406;17,63516;17,08633;17,08633;17,08633;14,75234;17,65078;23,48477;17,65078;21,9418;17,65078;23,16445;23,48477;17,63516;17,08633;17,26406;13,62734;17,08633;12,61563;13,62734;17,26406;21,9418;13,49258;17,65078;17,63516;17,26406;17,63516;14,75234;17,65078;17,08633;17,08633;21,9418;23,48477;14,75234;23,16445;14,75234;17,26406;23,48477;17,63516;17,26406;17,26406;13,62734;23,16445;16,51602;21,9418;17,08633;17,08633;12,61563;17,08633
"251";"1970-11-01";12,52749;13,43765;9,713037;11,23062;11,23062;12,52749;13,43765;10,35562;11,11343;9,713037;10,26772;12,70132;9,713037;12,52749;9,713037;11,23062;9,310694;10,91812;11,23062;11,35562;11,23062;13,2521;14,8146;10,91812;11,35562;10,91812;9,713037;10,18374;9,713037;11,23062;12,52749;9,310694;12,52749;9,310694;12,52749;11,23062;11,23062;13,2521;10,18374;10,18374;11,23062;10,26772;10,26772;11,35562;11,11343;13,10366;17,76187;13,10366;13,14272;13,31069;13,31069;19,11733;9,310694;13,10366;18,28726;13,31069;13,10366;13,31069;13,14272;13,14272;13,14272;11,11343;13,50405;19,11733;13,50405;17,76187;13,50405;18,63296;19,11733;13,31069;13,14272;13,10366;10,35562;13,14272;9,310694;10,35562;13,10366;17,76187;10,26772;13,50405;13,31069;13,10366;13,31069;11,11343;13,50405;13,14272;13,14272;17,76187;19,11733;11,11343;18,63296;11,11343;13,10366;19,11733;13,31069;13,10366;13,10366;10,35562;18,63296;12,70132;17,76187;13,14272;13,14272;9,310694;13,14272
"252";"1970-12-01";12,21206;13,32534;9,97378;10,95034;10,95034;12,21206;13,32534;11,16714;11,33511;9,97378;11,02456;12,87222;9,97378;12,21206;9,97378;10,95034;9,587061;11,19644;10,95034;11,66519;10,95034;12,75698;14,20815;11,19644;11,66519;11,19644;9,97378;10,9269;9,97378;10,95034;12,21206;9,587061;12,21206;9,587061;12,21206;10,95034;10,95034;12,75698;10,9269;10,9269;10,95034;11,02456;11,02456;11,66519;11,33511;13,61245;19,03628;13,61245;14,08706;13,91519;13,91519;20,0519;9,587061;13,61245;19,2023;13,91519;13,61245;13,91519;14,08706;14,08706;14,08706;11,33511;13,99917;20,0519;13,99917;19,03628;13,99917;19,54019;20,0519;13,91519;14,08706;13,61245;11,16714;14,08706;9,587061;11,16714;13,61245;19,03628;11,02456;13,99917;13,91519;13,61245;13,91519;11,33511;13,99917;14,08706;14,08706;19,03628;20,0519;11,33511;19,54019;11,33511;13,61245;20,0519;13,91519;13,61245;13,61245;11,16714;19,54019;12,87222;19,03628;14,08706;14,08706;9,587061;14,08706
"253";"1971-01-01";13,11416;14,39932;10,74502;11,55166;11,55166;13,11416;14,39932;11,62588;12,17861;10,74502;11,65908;13,83877;10,74502;13,11416;10,74502;11,55166;10,10635;11,8251;11,55166;11,97158;11,55166;13,22939;14,99502;11,8251;11,97158;11,8251;10,74502;11,329;10,74502;11,55166;13,11416;10,10635;13,11416;10,10635;13,11416;11,55166;11,55166;13,22939;11,329;11,329;11,55166;11,65908;11,65908;11,97158;12,17861;13,88955;18,39736;13,88955;13,93057;14,23916;14,23916;19,87002;10,10635;13,88955;19,06143;14,23916;13,88955;14,23916;13,93057;13,93057;13,93057;12,17861;14,42861;19,87002;14,42861;18,39736;14,42861;19,53799;19,87002;14,23916;13,93057;13,88955;11,62588;13,93057;10,10635;11,62588;13,88955;18,39736;11,65908;14,42861;14,23916;13,88955;14,23916;12,17861;14,42861;13,93057;13,93057;18,39736;19,87002;12,17861;19,53799;12,17861;13,88955;19,87002;14,23916;13,88955;13,88955;11,62588;19,53799;13,83877;18,39736;13,93057;13,93057;10,10635;13,93057
"254";"1971-02-01";13,02139;14,57412;10,9999;11,32412;11,32412;13,02139;14,57412;12,25186;12,22451;10,9999;12,05459;14,121;10,9999;13,02139;10,9999;11,32412;9,988184;11,95693;11,32412;11,80264;11,32412;13,09951;14,92568;11,95693;11,80264;11,95693;10,9999;11,45889;10,9999;11,32412;13,02139;9,988184;13,02139;9,988184;13,02139;11,32412;11,32412;13,09951;11,45889;11,45889;11,32412;12,05459;12,05459;11,80264;12,22451;13,87881;19,32803;13,87881;14,27334;14,19131;14,19131;20,00772;9,988184;13,87881;19,10342;14,19131;13,87881;14,19131;14,27334;14,27334;14,27334;12,22451;14,53897;20,00772;14,53897;19,32803;14,53897;19,96084;20,00772;14,19131;14,27334;13,87881;12,25186;14,27334;9,988184;12,25186;13,87881;19,32803;12,05459;14,53897;14,19131;13,87881;14,19131;12,22451;14,53897;14,27334;14,27334;19,32803;20,00772;12,22451;19,96084;12,22451;13,87881;20,00772;14,19131;13,87881;13,87881;12,25186;19,96084;14,121;19,32803;14,27334;14,27334;9,988184;14,27334
"255";"1971-03-01";14,96865;16,33193;12,11709;13,21084;13,21084;14,96865;16,33193;12,9335;13,79092;12,11709;12,91201;15,69131;12,11709;14,96865;12,11709;13,21084;11,44912;13,26553;13,21084;13,54873;13,21084;15,21279;17,07217;13,26553;13,54873;13,26553;12,11709;12,71084;12,11709;13,21084;14,96865;11,44912;14,96865;11,44912;14,96865;13,21084;13,21084;15,21279;12,71084;12,71084;13,21084;12,91201;12,91201;13,54873;13,79092;15,79873;21,11514;15,79873;15,67373;15,9999;15,9999;22,13272;11,44912;15,79873;20,91982;15,9999;15,79873;15,9999;15,67373;15,67373;15,67373;13,79092;16,15811;22,13272;16,15811;21,11514;16,15811;22,16201;22,13272;15,9999;15,67373;15,79873;12,9335;15,67373;11,44912;12,9335;15,79873;21,11514;12,91201;16,15811;15,9999;15,79873;15,9999;13,79092;16,15811;15,67373;15,67373;21,11514;22,13272;13,79092;22,16201;13,79092;15,79873;22,13272;15,9999;15,79873;15,79873;12,9335;22,16201;15,69131;21,11514;15,67373;15,67373;11,44912;15,67373
"256";"1971-04-01";15,43716;16,65396;12,73794;13,62661;13,62661;15,43716;16,65396;13,73403;14,4313;12,73794;13,73794;16,48989;12,73794;15,43716;12,73794;13,62661;11,91177;13,73403;13,62661;13,89224;13,62661;15,67739;17,47427;13,73403;13,89224;13,73403;12,73794;13,3356;12,73794;13,62661;15,43716;11,91177;15,43716;11,91177;15,43716;13,62661;13,62661;15,67739;13,3356;13,3356;13,62661;13,73794;13,73794;13,89224;14,4313;16,4606;21,9313;16,4606;16,26724;16,70669;16,70669;22,95278;11,91177;16,4606;21,88442;16,70669;16,4606;16,70669;16,26724;16,26724;16,26724;14,4313;17,01138;22,95278;17,01138;21,9313;17,01138;23,05239;22,95278;16,70669;16,26724;16,4606;13,73403;16,26724;11,91177;13,73403;16,4606;21,9313;13,73794;17,01138;16,70669;16,4606;16,70669;14,4313;17,01138;16,26724;16,26724;21,9313;22,95278;14,4313;23,05239;14,4313;16,4606;22,95278;16,70669;16,4606;16,4606;13,73403;23,05239;16,48989;21,9313;16,26724;16,26724;11,91177;16,26724
"257";"1971-05-01";17,2604;18,77798;14,50064;15,42446;15,42446;17,2604;18,77798;15,53384;16,17642;14,50064;15,54751;18,34243;14,50064;17,2604;14,50064;15,42446;13,62954;15,73696;15,42446;16,18423;15,42446;17,71939;19,62954;15,73696;16,18423;15,73696;14,50064;15,40689;14,50064;15,42446;17,2604;13,62954;17,2604;13,62954;17,2604;15,42446;15,42446;17,71939;15,40689;15,40689;15,42446;15,54751;15,54751;16,18423;16,17642;18,34243;23,76235;18,34243;18,19009;18,59243;18,59243;25,36001;13,62954;18,34243;24,35024;18,59243;18,34243;18,59243;18,19009;18,19009;18,19009;16,17642;18,84243;25,36001;18,84243;23,76235;18,84243;25,32681;25,36001;18,59243;18,19009;18,34243;15,53384;18,19009;13,62954;15,53384;18,34243;23,76235;15,54751;18,84243;18,59243;18,34243;18,59243;16,17642;18,84243;18,19009;18,19009;23,76235;25,36001;16,17642;25,32681;16,17642;18,34243;25,36001;18,59243;18,34243;18,34243;15,53384;25,32681;18,34243;23,76235;18,19009;18,19009;13,62954;18,19009
"258";"1971-06-01";15,7145;17,08169;13,30044;13,92153;13,92153;15,7145;17,08169;14,17935;14,91763;13,30044;14,35317;16,85513;13,30044;15,7145;13,30044;13,92153;12,5856;14,35317;13,92153;14,95278;13,92153;15,9313;17,66177;14,35317;14,95278;14,35317;13,30044;14,35317;13,30044;13,92153;15,7145;12,5856;15,7145;12,5856;15,7145;13,92153;13,92153;15,9313;14,35317;14,35317;13,92153;14,35317;14,35317;14,95278;14,91763;17,652;22,49575;17,652;17,0563;18,00161;18,00161;24,77896;12,5856;17,652;23,83755;18,00161;17,652;18,00161;17,0563;17,0563;17,0563;14,91763;18,01919;24,77896;18,01919;22,49575;18,01919;24,52505;24,77896;18,00161;17,0563;17,652;14,17935;17,0563;12,5856;14,17935;17,652;22,49575;14,35317;18,01919;18,00161;17,652;18,00161;14,91763;18,01919;17,0563;17,0563;22,49575;24,77896;14,91763;24,52505;14,91763;17,652;24,77896;18,00161;17,652;17,652;14,17935;24,52505;16,85513;22,49575;17,0563;17,0563;12,5856;17,0563
"259";"1971-07-01";15,11807;16,55166;12,40713;13,31924;13,31924;15,11807;16,55166;13,18252;14,11221;12,40713;13,22549;16,12979;12,40713;15,11807;12,40713;13,31924;11,72549;13,50283;13,31924;14,29189;13,31924;15,72158;17,59658;13,50283;14,29189;13,50283;12,40713;13,35439;12,40713;13,31924;15,11807;11,72549;15,11807;11,72549;15,11807;13,31924;13,31924;15,72158;13,35439;13,35439;13,31924;13,22549;13,22549;14,29189;14,11221;17,08096;21,65713;17,08096;16,30752;17,25869;17,25869;23,99893;11,72549;17,08096;23,15908;17,25869;17,08096;17,25869;16,30752;16,30752;16,30752;14,11221;17,31533;23,99893;17,31533;21,65713;17,31533;23,50869;23,99893;17,25869;16,30752;17,08096;13,18252;16,30752;11,72549;13,18252;17,08096;21,65713;13,22549;17,31533;17,25869;17,08096;17,25869;14,11221;17,31533;16,30752;16,30752;21,65713;23,99893;14,11221;23,50869;14,11221;17,08096;23,99893;17,25869;17,08096;17,08096;13,18252;23,50869;16,12979;21,65713;16,30752;16,30752;11,72549;16,30752
"260";"1971-08-01";15,49673;16,95767;12,81704;13,57876;13,57876;15,49673;16,95767;13,62954;14,47915;12,81704;13,59829;16,34439;12,81704;15,49673;12,81704;13,57876;12,1022;13,7936;13,57876;14,37368;13,57876;15,88345;17,89321;13,7936;14,37368;13,7936;12,81704;13,51821;12,81704;13,57876;15,49673;12,1022;15,49673;12,1022;15,49673;13,57876;13,57876;15,88345;13,51821;13,51821;13,57876;13,59829;13,59829;14,37368;14,47915;17,48892;21,67056;17,48892;16,6354;17,77212;17,77212;24,42446;12,1022;17,48892;23,58462;17,77212;17,48892;17,77212;16,6354;16,6354;16,6354;14,47915;17,81704;24,42446;17,81704;21,67056;17,81704;23,70767;24,42446;17,77212;16,6354;17,48892;13,62954;16,6354;12,1022;13,62954;17,48892;21,67056;13,59829;17,81704;17,77212;17,48892;17,77212;14,47915;17,81704;16,6354;16,6354;21,67056;24,42446;14,47915;23,70767;14,47915;17,48892;24,42446;17,77212;17,48892;17,48892;13,62954;23,70767;16,34439;21,67056;16,6354;16,6354;12,1022;16,6354
"261";"1971-09-01";15,92764;17,53311;13,4999;14,10928;14,10928;15,92764;17,53311;14,23818;15,23818;13,4999;14,30068;17,05068;13,4999;15,92764;13,4999;14,10928;13,00186;14,43154;14,10928;15,00576;14,10928;16,03311;17,67178;14,43154;15,00576;14,43154;13,4999;14,28701;13,4999;14,10928;15,92764;13,00186;15,92764;13,00186;15,92764;14,10928;14,10928;16,03311;14,28701;14,28701;14,10928;14,30068;14,30068;15,00576;15,23818;18,01553;22,36709;18,01553;17,28506;18,44717;18,44717;24,5624;13,00186;18,01553;23,74404;18,44717;18,01553;18,44717;17,28506;17,28506;17,28506;15,23818;18,43936;24,5624;18,43936;22,36709;18,43936;24,21279;24,5624;18,44717;17,28506;18,01553;14,23818;17,28506;13,00186;14,23818;18,01553;22,36709;14,30068;18,43936;18,44717;18,01553;18,44717;15,23818;18,43936;17,28506;17,28506;22,36709;24,5624;15,23818;24,21279;15,23818;18,01553;24,5624;18,44717;18,01553;18,01553;14,23818;24,21279;17,05068;22,36709;17,28506;17,28506;13,00186;17,28506
"262";"1971-10-01";15,49209;16,88076;12,84561;13,82022;13,82022;15,49209;16,88076;13,23818;14,4667;12,84561;13,23232;16,1835;12,84561;15,49209;12,84561;13,82022;12,50772;13,78115;13,82022;14,32022;13,82022;15,59756;17,33975;13,78115;14,32022;13,78115;12,84561;13,30068;12,84561;13,82022;15,49209;12,50772;15,49209;12,50772;15,49209;13,82022;13,82022;15,59756;13,30068;13,30068;13,82022;13,23232;13,23232;14,32022;14,4667;16,86123;21,10732;16,86123;16,15811;17,31826;17,31826;23,14053;12,50772;16,86123;22,28897;17,31826;16,86123;17,31826;16,15811;16,15811;16,15811;14,4667;17,28897;23,14053;17,28897;21,10732;17,28897;22,79287;23,14053;17,31826;16,15811;16,86123;13,23818;16,15811;12,50772;13,23818;16,86123;21,10732;13,23232;17,28897;17,31826;16,86123;17,31826;14,4667;17,28897;16,15811;16,15811;21,10732;23,14053;14,4667;22,79287;14,4667;16,86123;23,14053;17,31826;16,86123;16,86123;13,23818;22,79287;16,1835;21,10732;16,15811;16,15811;12,50772;16,15811
"263";"1971-11-01";13,99087;15,09048;11,25259;12,43423;12,43423;13,99087;15,09048;11,71157;12,84829;11,25259;11,44985;14,45571;11,25259;13,99087;11,25259;12,43423;10,8561;12,1647;12,43423;12,56509;12,43423;14,38149;16,1686;12,1647;12,56509;12,1647;11,25259;11,37759;11,25259;12,43423;13,99087;10,8561;13,99087;10,8561;13,99087;12,43423;12,43423;14,38149;11,37759;11,37759;12,43423;11,44985;11,44985;12,56509;12,84829;15,49868;20,21353;15,49868;14,93814;15,78384;15,78384;21,52407;10,8561;15,49868;20,63931;15,78384;15,49868;15,78384;14,93814;14,93814;14,93814;12,84829;15,71157;21,52407;15,71157;20,21353;15,71157;21,33071;21,52407;15,78384;14,93814;15,49868;11,71157;14,93814;10,8561;11,71157;15,49868;20,21353;11,44985;15,71157;15,78384;15,49868;15,78384;12,84829;15,71157;14,93814;14,93814;20,21353;21,52407;12,84829;21,33071;12,84829;15,49868;21,52407;15,78384;15,49868;15,49868;11,71157;21,33071;14,45571;20,21353;14,93814;14,93814;10,8561;14,93814
"264";"1971-12-01";12,42471;13,95986;10,204;10,76064;10,76064;12,42471;13,95986;11,09854;11,86807;10,204;10,91689;13,62979;10,204;12,42471;10,204;10,76064;9,709864;11,02627;10,76064;11,37002;10,76064;12,62979;14,38564;11,02627;11,37002;11,02627;10,204;10,704;10,204;10,76064;12,42471;9,709864;12,42471;9,709864;12,42471;10,76064;10,76064;12,62979;10,704;10,704;10,76064;10,91689;10,91689;11,37002;11,86807;14,57705;19,72549;14,57705;14,32314;14,93447;14,93447;20,84268;9,709864;14,57705;20,12979;14,93447;14,57705;14,93447;14,32314;14,32314;14,32314;11,86807;15,02236;20,84268;15,02236;19,72549;15,02236;20,50088;20,84268;14,93447;14,32314;14,57705;11,09854;14,32314;9,709864;11,09854;14,57705;19,72549;10,91689;15,02236;14,93447;14,57705;14,93447;11,86807;15,02236;14,32314;14,32314;19,72549;20,84268;11,86807;20,50088;11,86807;14,57705;20,84268;14,93447;14,57705;14,57705;11,09854;20,50088;13,62979;19,72549;14,32314;14,32314;9,709864;14,32314
"265";"1972-01-01";12,55801;14,06777;10,00918;10,90957;10,90957;12,55801;14,06777;10,85293;11,68106;10,00918;10,88027;13,5209;10,00918;12,55801;10,00918;10,90957;9,47793;11,11465;10,90957;11,54434;10,90957;12,78066;14,48379;11,11465;11,54434;11,11465;10,00918;10,77481;10,00918;10,90957;12,55801;9,47793;12,55801;9,47793;12,55801;10,90957;10,90957;12,78066;10,77481;10,77481;10,90957;10,88027;10,88027;11,54434;11,68106;13,97012;19,05801;13,97012;13,64395;14,23965;14,23965;20,12441;9,47793;13,97012;19,30996;14,23965;13,97012;14,23965;13,64395;13,64395;13,64395;11,68106;14,33731;20,12441;14,33731;19,05801;14,33731;19,81582;20,12441;14,23965;13,64395;13,97012;10,85293;13,64395;9,47793;10,85293;13,97012;19,05801;10,88027;14,33731;14,23965;13,97012;14,23965;11,68106;14,33731;13,64395;13,64395;19,05801;20,12441;11,68106;19,81582;11,68106;13,97012;20,12441;14,23965;13,97012;13,97012;10,85293;19,81582;13,5209;19,05801;13,64395;13,64395;9,47793;13,64395
"266";"1972-02-01";12,26382;13,56069;9,957178;10,75601;10,75601;12,26382;13,56069;10,60952;11,21694;9,957178;10,82827;13,09194;9,957178;12,26382;9,957178;10,75601;9,113428;11,1271;10,75601;11,31851;10,75601;12,54312;14,17983;11,1271;11,31851;11,1271;9,957178;10,58218;9,957178;10,75601;12,26382;9,113428;12,26382;9,113428;12,26382;10,75601;10,75601;12,54312;10,58218;10,58218;10,75601;10,82827;10,82827;11,31851;11,21694;12,93569;17,49624;12,93569;12,40249;13,10952;13,10952;19,0314;9,113428;12,93569;18,21694;13,10952;12,93569;13,10952;12,40249;12,40249;12,40249;11,21694;13,33999;19,0314;13,33999;17,49624;13,33999;18,86733;19,0314;13,10952;12,40249;12,93569;10,60952;12,40249;9,113428;10,60952;12,93569;17,49624;10,82827;13,33999;13,10952;12,93569;13,10952;11,21694;13,33999;12,40249;12,40249;17,49624;19,0314;11,21694;18,86733;11,21694;12,93569;19,0314;13,10952;12,93569;12,93569;10,60952;18,86733;13,09194;17,49624;12,40249;12,40249;9,113428;12,40249
"267";"1972-03-01";15,00918;16,48379;12,24356;13,02285;13,02285;15,00918;16,48379;13,20254;13,91152;12,24356;13,27676;16,12832;12,24356;15,00918;12,24356;13,02285;11,31777;13,35684;13,02285;13,39785;13,02285;14,88418;17,0541;13,35684;13,39785;13,35684;12,24356;12,79043;12,24356;13,02285;15,00918;11,31777;15,00918;11,31777;15,00918;13,02285;13,02285;14,88418;12,79043;12,79043;13,02285;13,27676;13,27676;13,39785;13,91152;15,8334;21,83145;15,8334;15,62051;16,00723;16,00723;22,91934;11,31777;15,8334;21,88613;16,00723;15,8334;16,00723;15,62051;15,62051;15,62051;13,91152;16,37051;22,91934;16,37051;21,83145;16,37051;22,75918;22,91934;16,00723;15,62051;15,8334;13,20254;15,62051;11,31777;13,20254;15,8334;21,83145;13,27676;16,37051;16,00723;15,8334;16,00723;13,91152;16,37051;15,62051;15,62051;21,83145;22,91934;13,91152;22,75918;13,91152;15,8334;22,91934;16,00723;15,8334;15,8334;13,20254;22,75918;16,12832;21,83145;15,62051;15,62051;11,31777;15,62051
"268";"1972-04-01";16,63931;18,0436;14,13735;14,99478;14,99478;16,63931;18,0436;15,06314;15,5436;14,13735;15,30728;17,61001;14,13735;16,63931;14,13735;14,99478;13,2897;15,44399;14,99478;15,71743;14,99478;16,90689;18,70376;15,44399;15,71743;15,44399;14,13735;15,13735;14,13735;14,99478;16,63931;13,2897;16,63931;13,2897;16,63931;14,99478;14,99478;16,90689;15,13735;15,13735;14,99478;15,30728;15,30728;15,71743;15,5436;17,84439;23,3561;17,84439;17,49868;18,15689;18,15689;24,84439;13,2897;17,84439;23,67642;18,15689;17,84439;18,15689;17,49868;17,49868;17,49868;15,5436;18,32681;24,84439;18,32681;23,3561;18,32681;24,86196;24,84439;18,15689;17,49868;17,84439;15,06314;17,49868;13,2897;15,06314;17,84439;23,3561;15,30728;18,32681;18,15689;17,84439;18,15689;15,5436;18,32681;17,49868;17,49868;23,3561;24,84439;15,5436;24,86196;15,5436;17,84439;24,84439;18,15689;17,84439;17,84439;15,06314;24,86196;17,61001;23,3561;17,49868;17,49868;13,2897;17,49868
"269";"1972-05-01";16,63516;18,04922;14,5707;15,24258;15,24258;16,63516;18,04922;15,45547;15,85977;14,5707;15,62539;17,91055;14,5707;16,63516;14,5707;15,24258;13,84023;15,6625;15,24258;15,76211;15,24258;16,80117;18,51992;15,6625;15,76211;15,6625;14,5707;15,25234;14,5707;15,24258;16,63516;13,84023;16,63516;13,84023;16,63516;15,24258;15,24258;16,80117;15,25234;15,25234;15,24258;15,62539;15,62539;15,76211;15,85977;18,25234;22,98867;18,25234;17,85391;18,63516;18,63516;25,21328;13,84023;18,25234;24,10391;18,63516;18,25234;18,63516;17,85391;17,85391;17,85391;15,85977;18,9125;25,21328;18,9125;22,98867;18,9125;24,82656;25,21328;18,63516;17,85391;18,25234;15,45547;17,85391;13,84023;15,45547;18,25234;22,98867;15,62539;18,9125;18,63516;18,25234;18,63516;15,85977;18,9125;17,85391;17,85391;22,98867;25,21328;15,85977;24,82656;15,85977;18,25234;25,21328;18,63516;18,25234;18,25234;15,45547;24,82656;17,91055;22,98867;17,85391;17,85391;13,84023;17,85391
"270";"1972-06-01";16,12271;17,37856;14,01333;14,52505;14,52505;16,12271;17,37856;14,46255;15,58169;14,01333;14,36685;17,17544;14,01333;16,12271;14,01333;14,52505;13,58169;14,61489;14,52505;15,1813;14,52505;16,23013;17,79849;14,61489;15,1813;14,61489;14,01333;14,42153;14,01333;14,52505;16,12271;13,58169;16,12271;13,58169;16,12271;14,52505;14,52505;16,23013;14,42153;14,42153;14,52505;14,36685;14,36685;15,1813;15,58169;18,31216;22,7438;18,31216;17,57974;18,64614;18,64614;24,66958;13,58169;18,31216;23,70864;18,64614;18,31216;18,64614;17,57974;17,57974;17,57974;15,58169;18,66177;24,66958;18,66177;22,7438;18,66177;24,42935;24,66958;18,64614;17,57974;18,31216;14,46255;17,57974;13,58169;14,46255;18,31216;22,7438;14,36685;18,66177;18,64614;18,31216;18,64614;15,58169;18,66177;17,57974;17,57974;22,7438;24,66958;15,58169;24,42935;15,58169;18,31216;24,66958;18,64614;18,31216;18,31216;14,46255;24,42935;17,17544;22,7438;17,57974;17,57974;13,58169;17,57974
"271";"1972-07-01";15,09854;16,66689;12,78994;13,41885;13,41885;15,09854;16,66689;13,20986;14,31338;12,78994;13,18057;16,18057;12,78994;15,09854;12,78994;13,41885;12,24697;13,5126;13,41885;14,05947;13,41885;15,35049;17,25869;13,5126;14,05947;13,5126;12,78994;13,19229;12,78994;13,41885;15,09854;12,24697;15,09854;12,24697;15,09854;13,41885;13,41885;15,35049;13,19229;13,19229;13,41885;13,18057;13,18057;14,05947;14,31338;17,22549;21,75674;17,22549;16,37783;17,46963;17,46963;23,50674;12,24697;17,22549;22,64736;17,46963;17,22549;17,46963;16,37783;16,37783;16,37783;14,31338;17,36221;23,50674;17,36221;21,75674;17,36221;23,30947;23,50674;17,46963;16,37783;17,22549;13,20986;16,37783;12,24697;13,20986;17,22549;21,75674;13,18057;17,36221;17,46963;17,22549;17,46963;14,31338;17,36221;16,37783;16,37783;21,75674;23,50674;14,31338;23,30947;14,31338;17,22549;23,50674;17,46963;17,22549;17,22549;13,20986;23,30947;16,18057;21,75674;16,37783;16,37783;12,24697;16,37783
"272";"1972-08-01";15,121;16,72451;12,70889;13,37295;13,37295;15,121;16,72451;13,13272;14,27139;12,70889;13,12295;16,12881;12,70889;15,121;12,70889;13,37295;12,14443;13,44912;13,37295;14,05459;13,37295;15,41982;17,32803;13,44912;14,05459;13,44912;12,70889;13,12295;12,70889;13,37295;15,121;12,14443;15,121;12,14443;15,121;13,37295;13,37295;15,41982;13,12295;13,12295;13,37295;13,12295;13,12295;14,05459;14,27139;17,15811;21,45107;17,15811;16,26162;17,39639;17,39639;23,41982;12,14443;17,15811;22,52529;17,39639;17,15811;17,39639;16,26162;16,26162;16,26162;14,27139;17,2792;23,41982;17,2792;21,45107;17,2792;23,20498;23,41982;17,39639;16,26162;17,15811;13,13272;16,26162;12,14443;13,13272;17,15811;21,45107;13,12295;17,2792;17,39639;17,15811;17,39639;14,27139;17,2792;16,26162;16,26162;21,45107;23,41982;14,27139;23,20498;14,27139;17,15811;23,41982;17,39639;17,15811;17,15811;13,13272;23,20498;16,12881;21,45107;16,26162;16,26162;12,14443;16,26162
"273";"1972-09-01";15,63882;17,27163;13,04702;13,72671;13,72671;15,63882;17,27163;13,39468;14,72476;13,04702;13,40054;16,63687;13,04702;15,63882;13,04702;13,72671;12,58608;13,77944;13,72671;14,38882;13,72671;15,70718;17,68374;13,77944;14,38882;13,77944;13,04702;13,39468;13,04702;13,72671;15,63882;12,58608;15,63882;12,58608;15,63882;13,72671;13,72671;15,70718;13,39468;13,39468;13,72671;13,40054;13,40054;14,38882;14,72476;17,54897;21,60952;17,54897;16,50015;17,88101;17,88101;23,84585;12,58608;17,54897;22,97085;17,88101;17,54897;17,88101;16,50015;16,50015;16,50015;14,72476;17,73257;23,84585;17,73257;21,60952;17,73257;23,63296;23,84585;17,88101;16,50015;17,54897;13,39468;16,50015;12,58608;13,39468;17,54897;21,60952;13,40054;17,73257;17,88101;17,54897;17,88101;14,72476;17,73257;16,50015;16,50015;21,60952;23,84585;14,72476;23,63296;14,72476;17,54897;23,84585;17,88101;17,54897;17,54897;13,39468;23,63296;16,63687;21,60952;16,50015;16,50015;12,58608;16,50015
"274";"1972-10-01";15,53726;16,78726;12,76187;13,80093;13,80093;15,53726;16,78726;13,22671;14,4103;12,76187;13,18569;16,25015;12,76187;15,53726;12,76187;13,80093;12,34194;13,79702;13,80093;14,37905;13,80093;15,9103;17,98062;13,79702;14,37905;13,79702;12,76187;13,21108;12,76187;13,80093;15,53726;12,34194;15,53726;12,34194;15,53726;13,80093;13,80093;15,9103;13,21108;13,21108;13,80093;13,18569;13,18569;14,37905;14,4103;17,07632;21,41226;17,07632;16,3771;17,46694;17,46694;23,18765;12,34194;17,07632;22,43179;17,46694;17,07632;17,46694;16,3771;16,3771;16,3771;14,4103;17,34585;23,18765;17,34585;21,41226;17,34585;22,99233;23,18765;17,46694;16,3771;17,07632;13,22671;16,3771;12,34194;13,22671;17,07632;21,41226;13,18569;17,34585;17,46694;17,07632;17,46694;14,4103;17,34585;16,3771;16,3771;21,41226;23,18765;14,4103;22,99233;14,4103;17,07632;23,18765;17,46694;17,07632;17,07632;13,22671;22,99233;16,25015;21,41226;16,3771;16,3771;12,34194;16,3771
"275";"1972-11-01";15,43667;16,74331;12,99722;13,78433;13,78433;15,43667;16,74331;13,36636;14,52651;12,99722;13,44253;16,26089;12,99722;15,43667;12,99722;13,78433;12,49722;13,90542;13,78433;14,17495;13,78433;15,51284;17,32144;13,90542;14,17495;13,90542;12,99722;13,29019;12,99722;13,78433;15,43667;12,49722;15,43667;12,49722;15,43667;13,78433;13,78433;15,51284;13,29019;13,29019;13,78433;13,44253;13,44253;14,17495;14,52651;16,59683;20,40933;16,59683;15,90933;17,02065;17,02065;22,15933;12,49722;16,59683;21,47573;17,02065;16,59683;17,02065;15,90933;15,90933;15,90933;14,52651;17,05581;22,15933;17,05581;20,40933;17,05581;21,83315;22,15933;17,02065;15,90933;16,59683;13,36636;15,90933;12,49722;13,36636;16,59683;20,40933;13,44253;17,05581;17,02065;16,59683;17,02065;14,52651;17,05581;15,90933;15,90933;20,40933;22,15933;14,52651;21,83315;14,52651;16,59683;22,15933;17,02065;16,59683;16,59683;13,36636;21,83315;16,26089;20,40933;15,90933;15,90933;12,49722;15,90933
"276";"1972-12-01";12,56558;13,57925;10,0148;11,08706;11,08706;12,56558;13,57925;10,54214;11,5812;10,0148;10,62612;13,2062;10,0148;12,56558;10,0148;11,08706;9,663233;11,00503;11,08706;11,18667;11,08706;12,81558;14,57144;11,00503;11,18667;11,00503;10,0148;10,41519;10,0148;11,08706;12,56558;9,663233;12,56558;9,663233;12,56558;11,08706;11,08706;12,81558;10,41519;10,41519;11,08706;10,62612;10,62612;11,18667;11,5812;13,68081;18,02456;13,68081;13,16714;14,0148;14,0148;19,44058;9,663233;13,68081;18,68276;14,0148;13,68081;14,0148;13,16714;13,16714;13,16714;11,5812;14,09292;19,44058;14,09292;18,02456;14,09292;19,20815;19,44058;14,0148;13,16714;13,68081;10,54214;13,16714;9,663233;10,54214;13,68081;18,02456;10,62612;14,09292;14,0148;13,68081;14,0148;11,5812;14,09292;13,16714;13,16714;18,02456;19,44058;11,5812;19,20815;11,5812;13,68081;19,44058;14,0148;13,68081;13,68081;10,54214;19,20815;13,2062;18,02456;13,16714;13,16714;9,663233;13,16714
"277";"1973-01-01";12,77969;13,63906;10,59805;11,54922;11,54922;12,77969;13,63906;11,07461;11,51602;10,59805;11,60977;12,99063;10,59805;12,77969;10,59805;11,54922;9,838282;11,89492;11,54922;11,70547;11,54922;13,1332;14,64688;11,89492;11,70547;11,89492;10,59805;11,15078;10,59805;11,54922;12,77969;9,838282;12,77969;9,838282;12,77969;11,54922;11,54922;13,1332;11,15078;11,15078;11,54922;11,60977;11,60977;11,70547;11,51602;12,73477;16,26797;12,73477;12,24258;13,03164;13,03164;18,05117;9,838282;12,73477;17,34609;13,03164;12,73477;13,03164;12,24258;12,24258;12,24258;11,51602;13,15859;18,05117;13,15859;16,26797;13,15859;17,81484;18,05117;13,03164;12,24258;12,73477;11,07461;12,24258;9,838282;11,07461;12,73477;16,26797;11,60977;13,15859;13,03164;12,73477;13,03164;11,51602;13,15859;12,24258;12,24258;16,26797;18,05117;11,51602;17,81484;11,51602;12,73477;18,05117;13,03164;12,73477;12,73477;11,07461;17,81484;12,99063;16,26797;12,24258;12,24258;9,838282;12,24258
"278";"1973-02-01";13,8937;14,63198;11,47378;12,61831;12,61831;13,8937;14,63198;11,93472;12,39175;11,47378;12,67886;13,82925;11,47378;13,8937;11,47378;12,61831;10,68862;13,10659;12,61831;13,16714;12,61831;14,38394;15,96597;13,10659;13,16714;13,10659;11,47378;12,5148;11,47378;12,61831;13,8937;10,68862;13,8937;10,68862;13,8937;12,61831;12,61831;14,38394;12,5148;12,5148;12,61831;12,67886;12,67886;13,16714;12,39175;13,19839;16,77847;13,19839;12,87026;13,39565;13,39565;18,4855;10,68862;13,19839;17,56753;13,39565;13,19839;13,39565;12,87026;12,87026;12,87026;12,39175;13,56362;18,4855;13,56362;16,77847;13,56362;18,31362;18,4855;13,39565;12,87026;13,19839;11,93472;12,87026;10,68862;11,93472;13,19839;16,77847;12,67886;13,56362;13,39565;13,19839;13,39565;12,39175;13,56362;12,87026;12,87026;16,77847;18,4855;12,39175;18,31362;12,39175;13,19839;18,4855;13,39565;13,19839;13,19839;11,93472;18,31362;13,82925;16,77847;12,87026;12,87026;10,68862;12,87026
"279";"1973-03-01";17,9457;19,48086;15,96914;15,81875;15,81875;17,9457;19,48086;16,92227;17,0668;15,96914;17,1;19,18984;15,96914;17,9457;15,96914;15,81875;14,61172;16,58828;15,81875;15,67227;15,81875;17,10977;19,43594;16,58828;15,67227;16,58828;15,96914;16,03164;15,96914;15,81875;17,9457;14,61172;17,9457;14,61172;17,9457;15,81875;15,81875;17,10977;16,03164;16,03164;15,81875;17,1;17,1;15,67227;17,0668;17,41836;21,6;17,41836;17,34023;17,67617;17,67617;23,01211;14,61172;17,41836;22,39297;17,67617;17,41836;17,67617;17,34023;17,34023;17,34023;17,0668;18,26992;23,01211;18,26992;21,6;18,26992;22,91641;23,01211;17,67617;17,34023;17,41836;16,92227;17,34023;14,61172;16,92227;17,41836;21,6;17,1;18,26992;17,67617;17,41836;17,67617;17,0668;18,26992;17,34023;17,34023;21,6;23,01211;17,0668;22,91641;17,0668;17,41836;23,01211;17,67617;17,41836;17,41836;16,92227;22,91641;19,18984;21,6;17,34023;17,34023;14,61172;17,34023
"280";"1973-04-01";16,75479;18,09072;14,70986;15,07705;15,07705;16,75479;18,09072;15,44033;15,84463;14,70986;15,86221;17,89541;14,70986;16,75479;14,70986;15,07705;13,72744;15,71768;15,07705;15,53213;15,07705;16,70205;18,76846;15,71768;15,53213;15,71768;14,70986;15,329;14,70986;15,07705;16,75479;13,72744;16,75479;13,72744;16,75479;15,07705;15,07705;16,70205;15,329;15,329;15,07705;15,86221;15,86221;15,53213;15,84463;17,10244;21,65713;17,10244;16,67471;17,579;17,579;23,71182;13,72744;17,10244;22,68252;17,579;17,10244;17,579;16,67471;16,67471;16,67471;15,84463;17,99307;23,71182;17,99307;21,65713;17,99307;23,64736;23,71182;17,579;16,67471;17,10244;15,44033;16,67471;13,72744;15,44033;17,10244;21,65713;15,86221;17,99307;17,579;17,10244;17,579;15,84463;17,99307;16,67471;16,67471;21,65713;23,71182;15,84463;23,64736;15,84463;17,10244;23,71182;17,579;17,10244;17,10244;15,44033;23,64736;17,89541;21,65713;16,67471;16,67471;13,72744;16,67471
"281";"1973-05-01";17,02139;18,47647;14,57022;15,37881;15,37881;17,02139;18,47647;15,08193;16,27529;14,57022;15,15029;18,30264;14,57022;17,02139;14,57022;15,37881;13,98623;15,53506;15,37881;15,66982;15,37881;17,15225;19,04287;15,53506;15,66982;15,53506;14,57022;14,82022;14,57022;15,37881;17,02139;13,98623;17,02139;13,98623;17,02139;15,37881;15,37881;17,15225;14,82022;14,82022;15,37881;15,15029;15,15029;15,66982;16,27529;18,60537;23,39443;18,60537;17,95107;18,96084;18,96084;25,05654;13,98623;18,60537;24,05068;18,96084;18,60537;18,96084;17,95107;17,95107;17,95107;16,27529;19,10928;25,05654;19,10928;23,39443;19,10928;24,96084;25,05654;18,96084;17,95107;18,60537;15,08193;17,95107;13,98623;15,08193;18,60537;23,39443;15,15029;19,10928;18,96084;18,60537;18,96084;16,27529;19,10928;17,95107;17,95107;23,39443;25,05654;16,27529;24,96084;16,27529;18,60537;25,05654;18,96084;18,60537;18,60537;15,08193;24,96084;18,30264;23,39443;17,95107;17,95107;13,98623;17,95107
"282";"1973-06-01";15,83047;17,50625;13,88516;14,12734;14,12734;15,83047;17,50625;14,3207;15,46133;13,88516;14,19375;17,30508;13,88516;15,83047;13,88516;14,12734;13,38516;14,32266;14,12734;14,6918;14,12734;15,76797;17,51992;14,32266;14,6918;14,32266;13,88516;14,0668;13,88516;14,12734;15,83047;13,38516;15,83047;13,38516;15,83047;14,12734;14,12734;15,76797;14,0668;14,0668;14,12734;14,19375;14,19375;14,6918;15,46133;18,13711;22,23867;18,13711;17,27383;18,45938;18,45938;24,34609;13,38516;18,13711;23,47891;18,45938;18,13711;18,45938;17,27383;17,27383;17,27383;15,46133;18,40469;24,34609;18,40469;22,23867;18,40469;24,23477;24,34609;18,45938;17,27383;18,13711;14,3207;17,27383;13,38516;14,3207;18,13711;22,23867;14,19375;18,40469;18,45938;18,13711;18,45938;15,46133;18,40469;17,27383;17,27383;22,23867;24,34609;15,46133;24,23477;15,46133;18,13711;24,34609;18,45938;18,13711;18,13711;14,3207;24,23477;17,30508;22,23867;17,27383;17,27383;13,38516;17,27383
"283";"1973-07-01";15,14663;16,59585;13,33804;13,46499;13,46499;15,14663;16,59585;13,83804;14,80483;13,33804;13,69546;16,46694;13,33804;15,14663;13,33804;13,46499;12,79116;13,82046;13,46499;14,32241;13,46499;15,15054;16,83218;13,82046;14,32241;13,82046;13,33804;13,69351;13,33804;13,46499;15,14663;12,79116;15,14663;12,79116;15,14663;13,46499;13,46499;15,15054;13,69351;13,69351;13,46499;13,69546;13,69546;14,32241;14,80483;17,74233;21,94741;17,74233;16,91226;18,04312;18,04312;24,12515;12,79116;17,74233;23,2814;18,04312;17,74233;18,04312;16,91226;16,91226;16,91226;14,80483;17,99624;24,12515;17,99624;21,94741;17,99624;23,92397;24,12515;18,04312;16,91226;17,74233;13,83804;16,91226;12,79116;13,83804;17,74233;21,94741;13,69546;17,99624;18,04312;17,74233;18,04312;14,80483;17,99624;16,91226;16,91226;21,94741;24,12515;14,80483;23,92397;14,80483;17,74233;24,12515;18,04312;17,74233;17,74233;13,83804;23,92397;16,46694;21,94741;16,91226;16,91226;12,79116;16,91226
"284";"1973-08-01";15,25137;16,82168;13,23574;13,55215;13,55215;15,25137;16,82168;13,4584;14,81973;13,23574;13,24551;16,57363;13,23574;15,25137;13,23574;13,55215;12,84902;13,56973;13,55215;14,09316;13,55215;15,20254;16,85488;13,56973;14,09316;13,56973;13,23574;13,24941;13,23574;13,55215;15,25137;12,84902;15,25137;12,84902;15,25137;13,55215;13,55215;15,20254;13,24941;13,24941;13,55215;13,24551;13,24551;14,09316;14,81973;17,74356;21,76113;17,74356;16,69277;17,99941;17,99941;23,82363;12,84902;17,74356;22,93887;17,99941;17,74356;17,99941;16,69277;16,69277;16,69277;14,81973;17,8666;23,82363;17,8666;21,76113;17,8666;23,6791;23,82363;17,99941;16,69277;17,74356;13,4584;16,69277;12,84902;13,4584;17,74356;21,76113;13,24551;17,8666;17,99941;17,74356;17,99941;14,81973;17,8666;16,69277;16,69277;21,76113;23,82363;14,81973;23,6791;14,81973;17,74356;23,82363;17,99941;17,74356;17,74356;13,4584;23,6791;16,57363;21,76113;16,69277;16,69277;12,84902;16,69277
"285";"1973-09-01";15,24331;16,69839;13,74136;13,71792;13,71792;15,24331;16,69839;14,15542;15,10464;13,74136;13,95425;16,71987;13,74136;15,24331;13,74136;13,71792;13,17105;14,13784;13,71792;14,66323;13,71792;15,32925;16,7355;14,13784;14,66323;14,13784;13,74136;13,95425;13,74136;13,71792;15,24331;13,17105;15,24331;13,17105;15,24331;13,71792;13,71792;15,32925;13,95425;13,95425;13,71792;13,95425;13,95425;14,66323;15,10464;18,08511;22,21011;18,08511;17,24331;18,31948;18,31948;24,27847;13,17105;18,08511;23,54995;18,31948;18,08511;18,31948;17,24331;17,24331;17,24331;15,10464;18,3605;24,27847;18,3605;22,21011;18,3605;24,12222;24,27847;18,31948;17,24331;18,08511;14,15542;17,24331;13,17105;14,15542;18,08511;22,21011;13,95425;18,3605;18,31948;18,08511;18,31948;15,10464;18,3605;17,24331;17,24331;22,21011;24,27847;15,10464;24,12222;15,10464;18,08511;24,27847;18,31948;18,08511;18,08511;14,15542;24,12222;16,71987;22,21011;17,24331;17,24331;13,17105;17,24331
"286";"1973-10-01";14,48135;15,91299;12,29775;12,80947;12,80947;14,48135;15,91299;12,43447;13,95205;12,29775;12,20596;15,58877;12,29775;14,48135;12,29775;12,80947;11,96377;12,96572;12,80947;13,44619;12,80947;14,55947;16,34463;12,96572;13,44619;12,96572;12,29775;12,20205;12,29775;12,80947;14,48135;11,96377;14,48135;11,96377;14,48135;12,80947;12,80947;14,55947;12,20205;12,20205;12,80947;12,20596;12,20596;13,44619;13,95205;16,73916;20,93643;16,73916;15,8251;17,08682;17,08682;22,90713;11,96377;16,73916;21,97744;17,08682;16,73916;17,08682;15,8251;15,8251;15,8251;13,95205;16,92861;22,90713;16,92861;20,93643;16,92861;22,75479;22,90713;17,08682;15,8251;16,73916;12,43447;15,8251;11,96377;12,43447;16,73916;20,93643;12,20596;16,92861;17,08682;16,73916;17,08682;13,95205;16,92861;15,8251;15,8251;20,93643;22,90713;13,95205;22,75479;13,95205;16,73916;22,90713;17,08682;16,73916;16,73916;12,43447;22,75479;15,58877;20,93643;15,8251;15,8251;11,96377;15,8251
"287";"1973-11-01";13,4313;15,152;11,40396;11,68325;11,68325;13,4313;15,152;11,81216;12,90786;11,40396;11,47622;14,91763;11,40396;13,4313;11,40396;11,68325;10,86489;12,09341;11,68325;12,37856;11,68325;13,38442;15,38247;12,09341;12,37856;12,09341;11,40396;11,27896;11,40396;11,68325;13,4313;10,86489;13,4313;10,86489;13,4313;11,68325;11,68325;13,38442;11,27896;11,27896;11,68325;11,47622;11,47622;12,37856;12,90786;15,71841;20,28872;15,71841;15,01919;15,97231;15,97231;22,09146;10,86489;15,71841;21,45474;15,97231;15,71841;15,97231;15,01919;15,01919;15,01919;12,90786;16,06606;22,09146;16,06606;20,28872;16,06606;21,75161;22,09146;15,97231;15,01919;15,71841;11,81216;15,01919;10,86489;11,81216;15,71841;20,28872;11,47622;16,06606;15,97231;15,71841;15,97231;12,90786;16,06606;15,01919;15,01919;20,28872;22,09146;12,90786;21,75161;12,90786;15,71841;22,09146;15,97231;15,71841;15,71841;11,81216;21,75161;14,91763;20,28872;15,01919;15,01919;10,86489;15,01919
"288";"1973-12-01";10,98721;12,42861;9,094629;9,541895;9,541895;10,98721;12,42861;9,274317;10,36025;9,094629;9,137598;12,06924;9,094629;10,98721;9,094629;9,541895;8,442286;9,868067;9,541895;9,989161;9,541895;11,2333;12,87393;9,868067;9,989161;9,868067;9,094629;8,848536;9,094629;9,541895;10,98721;8,442286;10,98721;8,442286;10,98721;9,541895;9,541895;11,2333;8,848536;8,848536;9,541895;9,137598;9,137598;9,989161;10,36025;12,829;16,49893;12,829;12,01846;12,98525;12,98525;18,35635;8,442286;12,829;17,64346;12,98525;12,829;12,98525;12,01846;12,01846;12,01846;10,36025;13,17666;18,35635;13,17666;16,49893;13,17666;18,04385;18,35635;12,98525;12,01846;12,829;9,274317;12,01846;8,442286;9,274317;12,829;16,49893;9,137598;13,17666;12,98525;12,829;12,98525;10,36025;13,17666;12,01846;12,01846;16,49893;18,35635;10,36025;18,04385;10,36025;12,829;18,35635;12,98525;12,829;12,829;9,274317;18,04385;12,06924;16,49893;12,01846;12,01846;8,442286;12,01846
"289";"1974-01-01";12,35952;14,06851;10,07437;10,60952;10,60952;12,35952;14,06851;10,80093;11,67593;10,07437;10,91226;13,70132;10,07437;12,35952;10,07437;10,60952;9,482569;11,17007;10,60952;11,50796;10,60952;12,36929;14,2189;11,17007;11,50796;11,17007;10,07437;10,77944;10,07437;10,60952;12,35952;9,482569;12,35952;9,482569;12,35952;10,60952;10,60952;12,36929;10,77944;10,77944;10,60952;10,91226;10,91226;11,50796;11,67593;14,14468;18,54116;14,14468;13,65054;14,4728;14,4728;20,36733;9,482569;14,14468;19,67202;14,4728;14,14468;14,4728;13,65054;13,65054;13,65054;11,67593;14,64663;20,36733;14,64663;18,54116;14,64663;20,02749;20,36733;14,4728;13,65054;14,14468;10,80093;13,65054;9,482569;10,80093;14,14468;18,54116;10,91226;14,64663;14,4728;14,14468;14,4728;11,67593;14,64663;13,65054;13,65054;18,54116;20,36733;11,67593;20,02749;11,67593;14,14468;20,36733;14,4728;14,14468;14,14468;10,80093;20,02749;13,70132;18,54116;13,65054;13,65054;9,482569;13,65054
"290";"1974-02-01";13,07339;14,33315;10,35659;11,47573;11,47573;13,07339;14,33315;10,69058;11,89565;10,35659;10,85464;13,7394;10,35659;13,07339;10,35659;11,47573;9,719873;11,67495;11,47573;12,06167;11,47573;13,43081;15,11245;11,67495;12,06167;11,67495;10,35659;10,7062;10,35659;11,47573;13,07339;9,719873;13,07339;9,719873;13,07339;11,47573;11,47573;13,43081;10,7062;10,7062;11,47573;10,85464;10,85464;12,06167;11,89565;13,65151;17,33315;13,65151;12,88589;13,89175;13,89175;19,27065;9,719873;13,65151;18,52065;13,89175;13,65151;13,89175;12,88589;12,88589;12,88589;11,89565;14,08511;19,27065;14,08511;17,33315;14,08511;18,99722;19,27065;13,89175;12,88589;13,65151;10,69058;12,88589;9,719873;10,69058;13,65151;17,33315;10,85464;14,08511;13,89175;13,65151;13,89175;11,89565;14,08511;12,88589;12,88589;17,33315;19,27065;11,89565;18,99722;11,89565;13,65151;19,27065;13,89175;13,65151;13,65151;10,69058;18,99722;13,7394;17,33315;12,88589;12,88589;9,719873;12,88589
"291";"1974-03-01";14,49771;16,10903;12,07388;12,51919;12,51919;14,49771;16,10903;13,23208;13,73599;12,07388;13,45083;15,85903;12,07388;14,49771;12,07388;12,51919;11,25747;13,22427;12,51919;13,37856;12,51919;14,30239;16,32974;13,22427;13,37856;13,22427;12,07388;12,96646;12,07388;12,51919;14,49771;11,25747;14,49771;11,25747;14,49771;12,51919;12,51919;14,30239;12,96646;12,96646;12,51919;13,45083;13,45083;13,37856;13,73599;15,57974;20,28286;15,57974;15,28677;15,94497;15,94497;22,15786;11,25747;15,57974;21,33364;15,94497;15,57974;15,94497;15,28677;15,28677;15,28677;13,73599;16,20474;22,15786;16,20474;20,28286;16,20474;21,99575;22,15786;15,94497;15,28677;15,57974;13,23208;15,28677;11,25747;13,23208;15,57974;20,28286;13,45083;16,20474;15,94497;15,57974;15,94497;13,73599;16,20474;15,28677;15,28677;20,28286;22,15786;13,73599;21,99575;13,73599;15,57974;22,15786;15,94497;15,57974;15,57974;13,23208;21,99575;15,85903;20,28286;15,28677;15,28677;11,25747;15,28677
"292";"1974-04-01";15,16299;16,61025;12,66104;13,43057;13,43057;15,16299;16,61025;13,39736;14,28994;12,66104;13,30166;16,30752;12,66104;15,16299;12,66104;13,43057;12,04189;13,50869;13,43057;13,81338;13,43057;15,27041;17,30166;13,50869;13,81338;13,50869;12,66104;12,98721;12,66104;13,43057;15,16299;12,04189;15,16299;12,04189;15,16299;13,43057;13,43057;15,27041;12,98721;12,98721;13,43057;13,30166;13,30166;13,81338;14,28994;16,80557;21,829;16,80557;16,13564;17,18057;17,18057;23,83096;12,04189;16,80557;22,79385;17,18057;16,80557;17,18057;16,13564;16,13564;16,13564;14,28994;17,27627;23,83096;17,27627;21,829;17,27627;23,72354;23,83096;17,18057;16,13564;16,80557;13,39736;16,13564;12,04189;13,39736;16,80557;21,829;13,30166;17,27627;17,18057;16,80557;17,18057;14,28994;17,27627;16,13564;16,13564;21,829;23,83096;14,28994;23,72354;14,28994;16,80557;23,83096;17,18057;16,80557;16,80557;13,39736;23,72354;16,30752;21,829;16,13564;16,13564;12,04189;16,13564
"293";"1974-05-01";16,57754;17,99746;14,30215;14,70059;14,70059;16,57754;17,99746;15,05215;15,76309;14,30215;14,87246;17,90566;14,30215;16,57754;14,30215;14,70059;13,48965;15,10098;14,70059;15,10684;14,70059;16,35684;18,63418;15,10098;15,10684;15,10098;14,30215;14,3959;14,30215;14,70059;16,57754;13,48965;16,57754;13,48965;16,57754;14,70059;14,70059;16,35684;14,3959;14,3959;14,70059;14,87246;14,87246;15,10684;15,76309;18,14395;22,87051;18,14395;17,58535;18,57363;18,57363;25,29824;13,48965;18,14395;24,32168;18,57363;18,14395;18,57363;17,58535;17,58535;17,58535;15,76309;18,88223;25,29824;18,88223;22,87051;18,88223;25,08145;25,29824;18,57363;17,58535;18,14395;15,05215;17,58535;13,48965;15,05215;18,14395;22,87051;14,87246;18,88223;18,57363;18,14395;18,57363;15,76309;18,88223;17,58535;17,58535;22,87051;25,29824;15,76309;25,08145;15,76309;18,14395;25,29824;18,57363;18,14395;18,14395;15,05215;25,08145;17,90566;22,87051;17,58535;17,58535;13,48965;17,58535
"294";"1974-06-01";15,49111;16,69229;13,47158;13,95596;13,95596;15,49111;16,69229;13,8251;14,84658;13,47158;13,75869;16,52041;13,47158;15,49111;13,47158;13,95596;12,88955;14,16494;13,95596;14,66494;13,95596;15,82119;17,31729;14,16494;14,66494;14,16494;13,47158;13,74893;13,47158;13,95596;15,49111;12,88955;15,49111;12,88955;15,49111;13,95596;13,95596;15,82119;13,74893;13,74893;13,95596;13,75869;13,75869;14,66494;14,84658;17,79971;22,10244;17,79971;16,94424;18,0751;18,0751;24,16885;12,88955;17,79971;23,22354;18,0751;17,79971;18,0751;16,94424;16,94424;16,94424;14,84658;18,09072;24,16885;18,09072;22,10244;18,09072;23,94229;24,16885;18,0751;16,94424;17,79971;13,8251;16,94424;12,88955;13,8251;17,79971;22,10244;13,75869;18,09072;18,0751;17,79971;18,0751;14,84658;18,09072;16,94424;16,94424;22,10244;24,16885;14,84658;23,94229;14,84658;17,79971;24,16885;18,0751;17,79971;17,79971;13,8251;23,94229;16,52041;22,10244;16,94424;16,94424;12,88955;16,94424
"295";"1974-07-01";14,51455;15,85244;12,63564;12,91299;12,91299;14,51455;15,85244;13,05361;14,08877;12,63564;12,9833;15,75088;12,63564;14,51455;12,63564;12,91299;12,10439;13,29971;12,91299;13,80557;12,91299;14,64541;16,38564;13,29971;13,80557;13,29971;12,63564;13,01846;12,63564;12,91299;14,51455;12,10439;14,51455;12,10439;14,51455;12,91299;12,91299;14,64541;13,01846;13,01846;12,91299;12,9833;12,9833;13,80557;14,08877;17,01064;21,28213;17,01064;16,15713;17,33486;17,33486;23,60439;12,10439;17,01064;22,74111;17,33486;17,01064;17,33486;16,15713;16,15713;16,15713;14,08877;17,36611;23,60439;17,36611;21,28213;17,36611;23,41104;23,60439;17,33486;16,15713;17,01064;13,05361;16,15713;12,10439;13,05361;17,01064;21,28213;12,9833;17,36611;17,33486;17,01064;17,33486;14,08877;17,36611;16,15713;16,15713;21,28213;23,60439;14,08877;23,41104;14,08877;17,01064;23,60439;17,33486;17,01064;17,01064;13,05361;23,41104;15,75088;21,28213;16,15713;16,15713;12,10439;16,15713
"296";"1974-08-01";15,65469;17,37344;13,51406;13,80703;13,80703;15,65469;17,37344;14,40859;14,93789;13,51406;14,4457;16,90664;13,51406;15,65469;13,51406;13,80703;12,64492;14,79336;13,80703;15,39297;13,80703;15,87539;17,93984;14,79336;15,39297;14,79336;13,51406;14,35195;13,51406;13,80703;15,65469;12,64492;15,65469;12,64492;15,65469;13,80703;13,80703;15,87539;14,35195;14,35195;13,80703;14,4457;14,4457;15,39297;14,93789;17,95938;22,39102;17,95938;17,24063;18,40664;18,40664;25,02578;12,64492;17,95938;24,15273;18,40664;17,95938;18,40664;17,24063;17,24063;17,24063;14,93789;18,33438;25,02578;18,33438;22,39102;18,33438;24,69766;25,02578;18,40664;17,24063;17,95938;14,40859;17,24063;12,64492;14,40859;17,95938;22,39102;14,4457;18,33438;18,40664;17,95938;18,40664;14,93789;18,33438;17,24063;17,24063;22,39102;25,02578;14,93789;24,69766;14,93789;17,95938;25,02578;18,40664;17,95938;17,95938;14,40859;24,69766;16,90664;22,39102;17,24063;17,24063;12,64492;17,24063
"297";"1974-09-01";15,10024;16,38735;13,18032;13,59829;13,59829;15,10024;16,38735;13,72329;14,57681;13,18032;13,56704;16,13149;13,18032;15,10024;13,18032;13,59829;12,71743;13,82485;13,59829;14,30728;13,59829;15,29165;16,84243;13,82485;14,30728;13,82485;13,18032;13,51235;13,18032;13,59829;15,10024;12,71743;15,10024;12,71743;15,10024;13,59829;13,59829;15,29165;13,51235;13,51235;13,59829;13,56704;13,56704;14,30728;14,57681;17,61392;22,13149;17,61392;16,96939;17,97329;17,97329;23,89126;12,71743;17,61392;23,11196;17,97329;17,61392;17,97329;16,96939;16,96939;16,96939;14,57681;17,85806;23,89126;17,85806;22,13149;17,85806;23,68814;23,89126;17,97329;16,96939;17,61392;13,72329;16,96939;12,71743;13,72329;17,61392;22,13149;13,56704;17,85806;17,97329;17,61392;17,97329;14,57681;17,85806;16,96939;16,96939;22,13149;23,89126;14,57681;23,68814;14,57681;17,61392;23,89126;17,97329;17,61392;17,61392;13,72329;23,68814;16,13149;22,13149;16,96939;16,96939;12,71743;16,96939
"298";"1974-10-01";13,90518;14,704;11,40713;12,50674;12,50674;13,90518;14,704;11,5126;12,81338;11,40713;11,33682;14,34658;11,40713;13,90518;11,40713;12,50674;10,93838;12,15518;12,50674;12,83096;12,50674;14,71572;16,26455;12,15518;12,83096;12,15518;11,40713;11,41104;11,40713;12,50674;13,90518;10,93838;13,90518;10,93838;13,90518;12,50674;12,50674;14,71572;11,41104;11,41104;12,50674;11,33682;11,33682;12,83096;12,81338;15,79385;19,94424;15,79385;14,79385;15,93643;15,93643;21,89541;10,93838;15,79385;20,93252;15,93643;15,79385;15,93643;14,79385;14,79385;14,79385;12,81338;15,78408;21,89541;15,78408;19,94424;15,78408;21,73525;21,89541;15,93643;14,79385;15,79385;11,5126;14,79385;10,93838;11,5126;15,79385;19,94424;11,33682;15,78408;15,93643;15,79385;15,93643;12,81338;15,78408;14,79385;14,79385;19,94424;21,89541;12,81338;21,73525;12,81338;15,79385;21,89541;15,93643;15,79385;15,79385;11,5126;21,73525;14,34658;19,94424;14,79385;14,79385;10,93838;14,79385
"299";"1974-11-01";12,9418;14,08047;10,35781;11,48477;11,48477;12,9418;14,08047;10,64688;11,79922;10,35781;10,61953;13,59414;10,35781;12,9418;10,35781;11,48477;9,924219;11,35977;11,48477;11,85586;11,48477;13,43008;15,08047;11,35977;11,85586;11,35977;10,35781;10,61953;10,35781;11,48477;12,9418;9,924219;12,9418;9,924219;12,9418;11,48477;11,48477;13,43008;10,61953;10,61953;11,48477;10,61953;10,61953;11,85586;11,79922;14,34609;18,45742;14,34609;13,55703;14,68398;14,68398;20,71523;9,924219;14,34609;19,9125;14,68398;14,34609;14,68398;13,55703;13,55703;13,55703;11,79922;14,70742;20,71523;14,70742;18,45742;14,70742;20,36172;20,71523;14,68398;13,55703;14,34609;10,64688;13,55703;9,924219;10,64688;14,34609;18,45742;10,61953;14,70742;14,68398;14,34609;14,68398;11,79922;14,70742;13,55703;13,55703;18,45742;20,71523;11,79922;20,36172;11,79922;14,34609;20,71523;14,68398;14,34609;14,34609;10,64688;20,36172;13,59414;18,45742;13,55703;13,55703;9,924219;13,55703
"300";"1974-12-01";13,15396;14,37466;10,56411;11,76724;11,76724;13,15396;14,37466;10,92544;11,92153;10,56411;11,47036;13,73599;10,56411;13,15396;10,56411;11,76724;10,07388;12,0895;11,76724;12,45474;11,76724;13,55239;15,23013;12,0895;12,45474;12,0895;10,56411;11,49575;10,56411;11,76724;13,15396;10,07388;13,15396;10,07388;13,15396;11,76724;11,76724;13,55239;11,49575;11,49575;11,76724;11,47036;11,47036;12,45474;11,92153;13,84146;17,54263;13,84146;13,14028;14,18911;14,18911;19,60708;10,07388;13,84146;18,85708;14,18911;13,84146;14,18911;13,14028;13,14028;13,14028;11,92153;14,28286;19,60708;14,28286;17,54263;14,28286;19,24966;19,60708;14,18911;13,14028;13,84146;10,92544;13,14028;10,07388;10,92544;13,84146;17,54263;11,47036;14,28286;14,18911;13,84146;14,18911;11,92153;14,28286;13,14028;13,14028;17,54263;19,60708;11,92153;19,24966;11,92153;13,84146;19,60708;14,18911;13,84146;13,84146;10,92544;19,24966;13,73599;17,54263;13,14028;13,14028;10,07388;13,14028
"301";"1975-01-01";11,52383;12,77773;9,16836;10,01211;10,01211;11,52383;12,77773;9,7875;10,71133;9,16836;10,06094;12,42617;9,16836;11,52383;9,16836;10,01211;8,713282;10,30313;10,01211;10,80508;10,01211;11,83242;13,46328;10,30313;10,80508;10,30313;9,16836;10,01797;9,16836;10,01211;11,52383;8,713282;11,52383;8,713282;11,52383;10,01211;10,01211;11,83242;10,01797;10,01797;10,01211;10,06094;10,06094;10,80508;10,71133;12,80313;17,02188;12,80313;12,22305;13,19375;13,19375;19,07656;8,713282;12,80313;18,26406;13,19375;12,80313;13,19375;12,22305;12,22305;12,22305;10,71133;13,35;19,07656;13,35;17,02188;13,35;18,7582;19,07656;13,19375;12,22305;12,80313;9,7875;12,22305;8,713282;9,7875;12,80313;17,02188;10,06094;13,35;13,19375;12,80313;13,19375;10,71133;13,35;12,22305;12,22305;17,02188;19,07656;10,71133;18,7582;10,71133;12,80313;19,07656;13,19375;12,80313;12,80313;9,7875;18,7582;12,42617;17,02188;12,22305;12,22305;8,713282;12,22305
"302";"1975-02-01";14,08364;15,55239;11,60317;12,32974;12,32974;14,08364;15,55239;12,13052;13,02896;11,60317;12,41763;14,98794;11,60317;14,08364;11,60317;12,32974;10,78481;12,8063;12,32974;12,77896;12,32974;14,06411;15,95278;12,8063;12,77896;12,8063;11,60317;11,93521;11,60317;12,32974;14,08364;10,78481;14,08364;10,78481;14,08364;12,32974;12,32974;14,06411;11,93521;11,93521;12,32974;12,41763;12,41763;12,77896;13,02896;14,47231;18,78872;14,47231;13,97231;14,73208;14,73208;20,4645;10,78481;14,47231;19,72622;14,73208;14,47231;14,73208;13,97231;13,97231;13,97231;13,02896;15,09341;20,4645;15,09341;18,78872;15,09341;20,19106;20,4645;14,73208;13,97231;14,47231;12,13052;13,97231;10,78481;12,13052;14,47231;18,78872;12,41763;15,09341;14,73208;14,47231;14,73208;13,02896;15,09341;13,97231;13,97231;18,78872;20,4645;13,02896;20,19106;13,02896;14,47231;20,4645;14,73208;14,47231;14,47231;12,13052;20,19106;14,98794;18,78872;13,97231;13,97231;10,78481;13,97231
"303";"1975-03-01";16,67544;18,1188;14,20864;14,77114;14,77114;16,67544;18,1188;15,10708;15,65005;14,20864;15,38247;17,72036;14,20864;16,67544;14,20864;14,77114;13,22622;15,36099;14,77114;15,20278;14,77114;16,57388;18,67739;15,36099;15,20278;15,36099;14,20864;14,76919;14,20864;14,77114;16,67544;13,22622;16,67544;13,22622;16,67544;14,77114;14,77114;16,57388;14,76919;14,76919;14,77114;15,38247;15,38247;15,20278;15,65005;17,01919;21,78677;17,01919;16,69106;17,41763;17,41763;23,17935;13,22622;17,01919;22,40786;17,41763;17,01919;17,41763;16,69106;16,69106;16,69106;15,65005;17,78286;23,17935;17,78286;21,78677;17,78286;23,04653;23,17935;17,41763;16,69106;17,01919;15,10708;16,69106;13,22622;15,10708;17,01919;21,78677;15,38247;17,78286;17,41763;17,01919;17,41763;15,65005;17,78286;16,69106;16,69106;21,78677;23,17935;15,65005;23,04653;15,65005;17,01919;23,17935;17,41763;17,01919;17,01919;15,10708;23,04653;17,72036;21,78677;16,69106;16,69106;13,22622;16,69106
"304";"1975-04-01";17,69009;19,16079;14,96548;15,79751;15,79751;17,69009;19,16079;16,24673;16,69595;14,96548;16,38931;18,83657;14,96548;17,69009;14,96548;15,79751;14,2604;16,26821;15,79751;16,69204;15,79751;17,92642;19,83071;16,26821;16,69204;16,26821;14,96548;16,05923;14,96548;15,79751;17,69009;14,2604;17,69009;14,2604;17,69009;15,79751;15,79751;17,92642;16,05923;16,05923;15,79751;16,38931;16,38931;16,69204;16,69595;18,5104;23,80532;18,5104;18,41079;18,92251;18,92251;25,37368;14,2604;18,5104;24,38345;18,92251;18,5104;18,92251;18,41079;18,41079;18,41079;16,69595;19,27212;25,37368;19,27212;23,80532;19,27212;25,18228;25,37368;18,92251;18,41079;18,5104;16,24673;18,41079;14,2604;16,24673;18,5104;23,80532;16,38931;19,27212;18,92251;18,5104;18,92251;16,69595;19,27212;18,41079;18,41079;23,80532;25,37368;16,69595;25,18228;16,69595;18,5104;25,37368;18,92251;18,5104;18,5104;16,24673;25,18228;18,83657;23,80532;18,41079;18,41079;14,2604;18,41079
"305";"1975-05-01";16,21792;17,98355;14,39761;14,36831;14,36831;16,21792;17,98355;15,30581;15,98355;14,39761;15,13003;18,13784;14,39761;16,21792;14,39761;14,36831;13,67105;14,85269;14,36831;15,02065;14,36831;15,99722;17,923;14,85269;15,02065;14,85269;14,39761;14,66519;14,39761;14,36831;16,21792;13,67105;16,21792;13,67105;16,21792;14,36831;14,36831;15,99722;14,66519;14,66519;14,36831;15,13003;15,13003;15,02065;15,98355;19,21792;24,48159;19,21792;18,4894;19,57534;19,57534;27,05776;13,67105;19,21792;25,87417;19,57534;19,21792;19,57534;18,4894;18,4894;18,4894;15,98355;19,69448;27,05776;19,69448;24,48159;19,69448;26,71206;27,05776;19,57534;18,4894;19,21792;15,30581;18,4894;13,67105;15,30581;19,21792;24,48159;15,13003;19,69448;19,57534;19,21792;19,57534;15,98355;19,69448;18,4894;18,4894;24,48159;27,05776;15,98355;26,71206;15,98355;19,21792;27,05776;19,57534;19,21792;19,21792;15,30581;26,71206;18,13784;24,48159;18,4894;18,4894;13,67105;18,4894
"306";"1975-06-01";15,56021;16,99771;13,91372;13,87661;13,87661;15,56021;16,99771;14,45864;15,35708;13,91372;14,26919;17,00552;13,91372;15,56021;13,91372;13,87661;13,34146;14,26333;13,87661;14,70864;13,87661;15,52114;17,19106;14,26333;14,70864;14,26333;13,91372;14,16567;13,91372;13,87661;15,56021;13,34146;15,56021;13,34146;15,56021;13,87661;13,87661;15,52114;14,16567;14,16567;13,87661;14,26919;14,26919;14,70864;15,35708;18,41372;23,08364;18,41372;17,66763;18,72036;18,72036;24,99185;13,34146;18,41372;24,12271;18,72036;18,41372;18,72036;17,66763;17,66763;17,66763;15,35708;18,70083;24,99185;18,70083;23,08364;18,70083;24,79458;24,99185;18,72036;17,66763;18,41372;14,45864;17,66763;13,34146;14,45864;18,41372;23,08364;14,26919;18,70083;18,72036;18,41372;18,72036;15,35708;18,70083;17,66763;17,66763;23,08364;24,99185;15,35708;24,79458;15,35708;18,41372;24,99185;18,72036;18,41372;18,41372;14,45864;24,79458;17,00552;23,08364;17,66763;17,66763;13,34146;17,66763
"307";"1975-07-01";14,89761;16,45815;12,94448;13,0148;13,0148;14,89761;16,45815;13,71401;14,44058;12,94448;13,57534;16,4269;12,94448;14,89761;12,94448;13,0148;12,22378;13,67105;13,0148;14,18472;13,0148;14,89175;16,92886;13,67105;14,18472;13,67105;12,94448;13,47964;12,94448;13,0148;14,89761;12,22378;14,89761;12,22378;14,89761;13,0148;13,0148;14,89175;13,47964;13,47964;13,0148;13,57534;13,57534;14,18472;14,44058;17,57925;22,29214;17,57925;16,84487;17,83511;17,83511;24,63198;12,22378;17,57925;23,70034;17,83511;17,57925;17,83511;16,84487;16,84487;16,84487;14,44058;17,90347;24,63198;17,90347;22,29214;17,90347;24,00503;24,63198;17,83511;16,84487;17,57925;13,71401;16,84487;12,22378;13,71401;17,57925;22,29214;13,57534;17,90347;17,83511;17,57925;17,83511;14,44058;17,90347;16,84487;16,84487;22,29214;24,63198;14,44058;24,00503;14,44058;17,57925;24,63198;17,83511;17,57925;17,57925;13,71401;24,00503;16,4269;22,29214;16,84487;16,84487;12,22378;16,84487
"308";"1975-08-01";15,81729;17,31924;13,67861;13,89932;13,89932;15,81729;17,31924;14,61221;14,99697;13,67861;14,54189;16,87393;13,67861;15,81729;13,67861;13,89932;12,78018;14,86416;13,89932;15,34268;13,89932;16,00869;18,04189;14,86416;15,34268;14,86416;13,67861;14,28213;13,67861;13,89932;15,81729;12,78018;15,81729;12,78018;15,81729;13,89932;13,89932;16,00869;14,28213;14,28213;13,89932;14,54189;14,54189;15,34268;14,99697;18,04385;22,63564;18,04385;17,42666;18,37002;18,37002;25,19424;12,78018;18,04385;24,30166;18,37002;18,04385;18,37002;17,42666;17,42666;17,42666;14,99697;18,50674;25,19424;18,50674;22,63564;18,50674;24,16689;25,19424;18,37002;17,42666;18,04385;14,61221;17,42666;12,78018;14,61221;18,04385;22,63564;14,54189;18,50674;18,37002;18,04385;18,37002;14,99697;18,50674;17,42666;17,42666;22,63564;25,19424;14,99697;24,16689;14,99697;18,04385;25,19424;18,37002;18,04385;18,04385;14,61221;24,16689;16,87393;22,63564;17,42666;17,42666;12,78018;17,42666
"309";"1975-09-01";15,15347;16,298;12,81362;13,40933;13,40933;15,15347;16,298;13,07534;14,45815;12,81362;12,77456;16,10659;12,81362;15,15347;12,81362;13,40933;12,46792;13,29214;13,40933;13,72183;13,40933;15,31753;17,04409;13,29214;13,72183;13,29214;12,81362;12,63394;12,81362;13,40933;15,15347;12,46792;15,15347;12,46792;15,15347;13,40933;13,40933;15,31753;12,63394;12,63394;13,40933;12,77456;12,77456;13,72183;14,45815;17,25112;21,40737;17,25112;16,33901;17,5812;17,5812;23,58706;12,46792;17,25112;22,7023;17,5812;17,25112;17,5812;16,33901;16,33901;16,33901;14,45815;17,53042;23,58706;17,53042;21,40737;17,53042;23,37417;23,58706;17,5812;16,33901;17,25112;13,07534;16,33901;12,46792;13,07534;17,25112;21,40737;12,77456;17,53042;17,5812;17,25112;17,5812;14,45815;17,53042;16,33901;16,33901;21,40737;23,58706;14,45815;23,37417;14,45815;17,25112;23,58706;17,5812;17,25112;17,25112;13,07534;23,37417;16,10659;21,40737;16,33901;16,33901;12,46792;16,33901
"310";"1975-10-01";14,95376;16,17837;12,30532;13,27407;13,27407;14,95376;16,17837;12,44009;13,81509;12,30532;12,26235;15,64907;12,30532;14,95376;12,30532;13,27407;11,88345;13,14517;13,27407;13,50259;13,27407;15,24282;17,12368;13,14517;13,50259;13,14517;12,30532;12,15493;12,30532;13,27407;14,95376;11,88345;14,95376;11,88345;14,95376;13,27407;13,27407;15,24282;12,15493;12,15493;13,27407;12,26235;12,26235;13,50259;13,81509;16,5104;20,62368;16,5104;15,55728;16,79556;16,79556;22,71353;11,88345;16,5104;21,79751;16,79556;16,5104;16,79556;15,55728;15,55728;15,55728;13,81509;16,71939;22,71353;16,71939;20,62368;16,71939;22,49868;22,71353;16,79556;15,55728;16,5104;12,44009;15,55728;11,88345;12,44009;16,5104;20,62368;12,26235;16,71939;16,79556;16,5104;16,79556;13,81509;16,71939;15,55728;15,55728;20,62368;22,71353;13,81509;22,49868;13,81509;16,5104;22,71353;16,79556;16,5104;16,5104;12,44009;22,49868;15,64907;20,62368;15,55728;15,55728;11,88345;15,55728
"311";"1975-11-01";13,81314;14,97524;11,09634;12,31118;12,31118;13,81314;14,97524;11,35024;12,55923;11,09634;11,30532;14,43423;11,09634;13,81314;11,09634;12,31118;10,66274;12,33267;12,31118;12,76626;12,31118;14,30142;16,07681;12,33267;12,76626;12,33267;11,09634;11,18618;11,09634;12,31118;13,81314;10,66274;13,81314;10,66274;13,81314;12,31118;12,31118;14,30142;11,18618;11,18618;12,31118;11,30532;11,30532;12,76626;12,55923;14,99868;19,45767;14,99868;14,28579;15,44985;15,44985;21,68814;10,66274;14,99868;20,76626;15,44985;14,99868;15,44985;14,28579;14,28579;14,28579;12,55923;15,47524;21,68814;15,47524;19,45767;15,47524;21,36001;21,68814;15,44985;14,28579;14,99868;11,35024;14,28579;10,66274;11,35024;14,99868;19,45767;11,30532;15,47524;15,44985;14,99868;15,44985;12,55923;15,47524;14,28579;14,28579;19,45767;21,68814;12,55923;21,36001;12,55923;14,99868;21,68814;15,44985;14,99868;14,99868;11,35024;21,36001;14,43423;19,45767;14,28579;14,28579;10,66274;14,28579
"312";"1975-12-01";11,51504;12,81191;9,474024;10,07363;10,07363;11,51504;12,81191;9,913477;10,73184;9,474024;9,997461;12,4877;9,474024;11,51504;9,474024;10,07363;8,860743;10,3959;10,07363;10,52285;10,07363;11,82949;13,45449;10,3959;10,52285;10,3959;9,474024;9,684961;9,474024;10,07363;11,51504;8,860743;11,51504;8,860743;11,51504;10,07363;10,07363;11,82949;9,684961;9,684961;10,07363;9,997461;9,997461;10,52285;10,73184;12,96231;17,34707;12,96231;12,32559;13,31973;13,31973;19,26699;8,860743;12,96231;18,37441;13,31973;12,96231;13,31973;12,32559;12,32559;12,32559;10,73184;13,39004;19,26699;13,39004;17,34707;13,39004;19,06973;19,26699;13,31973;12,32559;12,96231;9,913477;12,32559;8,860743;9,913477;12,96231;17,34707;9,997461;13,39004;13,31973;12,96231;13,31973;10,73184;13,39004;12,32559;12,32559;17,34707;19,26699;10,73184;19,06973;10,73184;12,96231;19,26699;13,31973;12,96231;12,96231;9,913477;19,06973;12,4877;17,34707;12,32559;12,32559;8,860743;12,32559
"313";"1976-01-01";10,89272;11,93569;8,629053;9,578272;9,578272;10,89272;11,93569;8,779444;9,740381;8,629053;9,043116;11,44155;8,629053;10,89272;8,629053;9,578272;8,025537;9,769678;9,578272;10,07632;9,578272;11,46108;13,01187;9,769678;10,07632;9,769678;8,629053;8,906397;8,629053;9,578272;10,89272;8,025537;10,89272;8,025537;10,89272;9,578272;9,578272;11,46108;8,906397;8,906397;9,578272;9,043116;9,043116;10,07632;9,740381;11,8478;15,82437;11,8478;11,00405;12,14663;12,14663;17,85366;8,025537;11,8478;16,95327;12,14663;11,8478;12,14663;11,00405;11,00405;11,00405;9,740381;12,15249;17,85366;12,15249;15,82437;12,15249;17,72476;17,85366;12,14663;11,00405;11,8478;8,779444;11,00405;8,025537;8,779444;11,8478;15,82437;9,043116;12,15249;12,14663;11,8478;12,14663;9,740381;12,15249;11,00405;11,00405;15,82437;17,85366;9,740381;17,72476;9,740381;11,8478;17,85366;12,14663;11,8478;11,8478;8,779444;17,72476;11,44155;15,82437;11,00405;11,00405;8,025537;11,00405
"314";"1976-02-01";11,75137;12,88418;9,016993;10,31777;10,31777;11,75137;12,88418;9,497461;10,53066;9,016993;9,669336;12,39785;9,016993;11,75137;9,016993;10,31777;8,653711;10,16543;10,31777;10,60684;10,31777;12,27481;13,90371;10,16543;10,60684;10,16543;9,016993;9,569727;9,016993;10,31777;11,75137;8,653711;11,75137;8,653711;11,75137;10,31777;10,31777;12,27481;9,569727;9,569727;10,31777;9,669336;9,669336;10,60684;10,53066;12,47402;17,26504;12,47402;12,07168;12,87637;12,87637;19,14981;8,653711;12,47402;18,25723;12,87637;12,47402;12,87637;12,07168;12,07168;12,07168;10,53066;13,06191;19,14981;13,06191;17,26504;13,06191;18,83731;19,14981;12,87637;12,07168;12,47402;9,497461;12,07168;8,653711;9,497461;12,47402;17,26504;9,669336;13,06191;12,87637;12,47402;12,87637;10,53066;13,06191;12,07168;12,07168;17,26504;19,14981;10,53066;18,83731;10,53066;12,47402;19,14981;12,87637;12,47402;12,47402;9,497461;18,83731;12,39785;17,26504;12,07168;12,07168;8,653711;12,07168
"315";"1976-03-01";15,89419;17,44888;13,01138;14,14419;14,14419;15,89419;17,44888;14,24966;14,59341;13,01138;14,46841;16,84146;13,01138;15,89419;13,01138;14,14419;12,25356;14,7106;14,14419;14,92935;14,14419;16,13442;18,12271;14,7106;14,92935;14,7106;13,01138;14,07583;13,01138;14,14419;15,89419;12,25356;15,89419;12,25356;15,89419;14,14419;14,14419;16,13442;14,07583;14,07583;14,14419;14,46841;14,46841;14,92935;14,59341;16,6813;22,50161;16,6813;16,75356;16,99771;16,99771;23,73208;12,25356;16,6813;22,62661;16,99771;16,6813;16,99771;16,75356;16,75356;16,75356;14,59341;17,31997;23,73208;17,31997;22,50161;17,31997;23,70474;23,73208;16,99771;16,75356;16,6813;14,24966;16,75356;12,25356;14,24966;16,6813;22,50161;14,46841;17,31997;16,99771;16,6813;16,99771;14,59341;17,31997;16,75356;16,75356;22,50161;23,73208;14,59341;23,70474;14,59341;16,6813;23,73208;16,99771;16,6813;16,6813;14,24966;23,70474;16,84146;22,50161;16,75356;16,75356;12,25356;16,75356
"316";"1976-04-01";16,11904;17,75381;13,121;14,17764;14,17764;16,11904;17,75381;14,04482;15,03115;13,121;14,4335;17,16592;13,121;16,11904;13,121;14,17764;12,53115;14,42764;14,17764;14,56436;14,17764;16,02139;18,13272;14,42764;14,56436;14,42764;13,121;13,996;13,121;14,17764;16,11904;12,53115;16,11904;12,53115;16,11904;14,17764;14,17764;16,02139;13,996;13,996;14,17764;14,4335;14,4335;14,56436;15,03115;17,07022;22,35537;17,07022;16,61709;17,53115;17,53115;24,54678;12,53115;17,07022;23,38662;17,53115;17,07022;17,53115;16,61709;16,61709;16,61709;15,03115;17,69717;24,54678;17,69717;22,35537;17,69717;24,50381;24,54678;17,53115;16,61709;17,07022;14,04482;16,61709;12,53115;14,04482;17,07022;22,35537;14,4335;17,69717;17,53115;17,07022;17,53115;15,03115;17,69717;16,61709;16,61709;22,35537;24,54678;15,03115;24,50381;15,03115;17,07022;24,54678;17,53115;17,07022;17,07022;14,04482;24,50381;17,16592;22,35537;16,61709;16,61709;12,53115;16,61709
"317";"1976-05-01";15,92007;17,57632;13,48062;14,11733;14,11733;15,92007;17,57632;14,09585;15,27749;13,48062;14,07632;17,57632;13,48062;15,92007;13,48062;14,11733;12,93569;14,1896;14,11733;14,43569;14,11733;15,78335;17,77749;14,1896;14,43569;14,1896;13,48062;13,83022;13,48062;14,11733;15,92007;12,93569;15,92007;12,93569;15,92007;14,11733;14,11733;15,78335;13,83022;13,83022;14,11733;14,07632;14,07632;14,43569;15,27749;17,88882;22,96694;17,88882;17,21694;18,19546;18,19546;24,89663;12,93569;17,88882;23,79897;18,19546;17,88882;18,19546;17,21694;17,21694;17,21694;15,27749;18,29897;24,89663;18,29897;22,96694;18,29897;24,88491;24,89663;18,19546;17,21694;17,88882;14,09585;17,21694;12,93569;14,09585;17,88882;22,96694;14,07632;18,29897;18,19546;17,88882;18,19546;15,27749;18,29897;17,21694;17,21694;22,96694;24,89663;15,27749;24,88491;15,27749;17,88882;24,89663;18,19546;17,88882;17,88882;14,09585;24,88491;17,57632;22,96694;17,21694;17,21694;12,93569;17,21694
"318";"1976-06-01";16,01626;17,38931;13,67446;14,44009;14,44009;16,01626;17,38931;14,08071;15,26431;13,67446;13,99087;17,22915;13,67446;16,01626;13,67446;14,44009;13,24673;14,44399;14,44009;14,95767;14,44009;16,34048;18,16079;14,44399;14,95767;14,44399;13,67446;13,93228;13,67446;14,44009;16,01626;13,24673;16,01626;13,24673;16,01626;14,44009;14,44009;16,34048;13,93228;13,93228;14,44009;13,99087;13,99087;14,95767;15,26431;18,12759;22,58657;18,12759;17,24282;18,50649;18,50649;24,67251;13,24673;18,12759;23,71743;18,50649;18,12759;18,50649;17,24282;17,24282;17,24282;15,26431;18,39126;24,67251;18,39126;22,58657;18,39126;24,55923;24,67251;18,50649;17,24282;18,12759;14,08071;17,24282;13,24673;14,08071;18,12759;22,58657;13,99087;18,39126;18,50649;18,12759;18,50649;15,26431;18,39126;17,24282;17,24282;22,58657;24,67251;15,26431;24,55923;15,26431;18,12759;24,67251;18,50649;18,12759;18,12759;14,08071;24,55923;17,22915;22,58657;17,24282;17,24282;13,24673;17,24282
"319";"1976-07-01";15,42446;16,9479;13,36782;13,69204;13,69204;15,42446;16,9479;13,80923;14,94009;13,36782;13,76235;16,7311;13,36782;15,42446;13,36782;13,69204;12,88735;13,9479;13,69204;14,5436;13,69204;15,50649;17,33462;13,9479;14,5436;13,9479;13,36782;13,82681;13,36782;13,69204;15,42446;12,88735;15,42446;12,88735;15,42446;13,69204;13,69204;15,50649;13,82681;13,82681;13,69204;13,76235;13,76235;14,5436;14,94009;17,83071;22,11001;17,83071;16,94985;18,1647;18,1647;24,37759;12,88735;17,83071;23,53189;18,1647;17,83071;18,1647;16,94985;16,94985;16,94985;14,94009;18,08853;24,37759;18,08853;22,11001;18,08853;24,18423;24,37759;18,1647;16,94985;17,83071;13,80923;16,94985;12,88735;13,80923;17,83071;22,11001;13,76235;18,08853;18,1647;17,83071;18,1647;14,94009;18,08853;16,94985;16,94985;22,11001;24,37759;14,94009;24,18423;14,94009;17,83071;24,37759;18,1647;17,83071;17,83071;13,80923;24,18423;16,7311;22,11001;16,94985;16,94985;12,88735;16,94985
"320";"1976-08-01";15,37612;17,08315;12,95425;13,46792;13,46792;15,37612;17,08315;13,46792;14,58315;12,95425;13,37222;16,55972;12,95425;15,37612;12,95425;13,46792;12,37222;13,78433;13,46792;14,40542;13,46792;15,61831;17,72769;13,78433;14,40542;13,78433;12,95425;13,35073;12,95425;13,46792;15,37612;12,37222;15,37612;12,37222;15,37612;13,46792;13,46792;15,61831;13,35073;13,35073;13,46792;13,37222;13,37222;14,40542;14,58315;17,49331;22,00698;17,49331;16,54409;17,91323;17,91323;24,26675;12,37222;17,49331;23,4269;17,91323;17,49331;17,91323;16,54409;16,54409;16,54409;14,58315;17,85464;24,26675;17,85464;22,00698;17,85464;23,84097;24,26675;17,91323;16,54409;17,49331;13,46792;16,54409;12,37222;13,46792;17,49331;22,00698;13,37222;17,85464;17,91323;17,49331;17,91323;14,58315;17,85464;16,54409;16,54409;22,00698;24,26675;14,58315;23,84097;14,58315;17,49331;24,26675;17,91323;17,49331;17,49331;13,46792;23,84097;16,55972;22,00698;16,54409;16,54409;12,37222;16,54409
"321";"1976-09-01";16,29141;17,87148;13,73281;14,39297;14,39297;16,29141;17,87148;14,15859;15,41836;13,73281;14,06875;17,31484;13,73281;16,29141;13,73281;14,39297;13,2875;14,6;14,39297;15,16836;14,39297;16,43398;18,56289;14,6;15,16836;14,6;13,73281;14,09023;13,73281;14,39297;16,29141;13,2875;16,29141;13,2875;16,29141;14,39297;14,39297;16,43398;14,09023;14,09023;14,39297;14,06875;14,06875;15,16836;15,41836;18,18594;22,42031;18,18594;17,27188;18,6957;18,6957;24,61172;13,2875;18,18594;23,79336;18,6957;18,18594;18,6957;17,27188;17,27188;17,27188;15,41836;18,54336;24,61172;18,54336;22,42031;18,54336;24,29922;24,61172;18,6957;17,27188;18,18594;14,15859;17,27188;13,2875;14,15859;18,18594;22,42031;14,06875;18,54336;18,6957;18,18594;18,6957;15,41836;18,54336;17,27188;17,27188;22,42031;24,61172;15,41836;24,29922;15,41836;18,18594;24,61172;18,6957;18,18594;18,18594;14,15859;24,29922;17,31484;22,42031;17,27188;17,27188;13,2875;17,27188
"322";"1976-10-01";15,27749;16,2521;12,88491;13,71304;13,71304;15,27749;16,2521;12,95913;14,26577;12,88491;13,02163;15,7814;12,88491;15,27749;12,88491;13,71304;12,52358;13,70522;13,71304;14,12905;13,71304;15,41616;17,19937;13,70522;14,12905;13,70522;12,88491;13,01382;12,88491;13,71304;15,27749;12,52358;15,27749;12,52358;15,27749;13,71304;13,71304;15,41616;13,01382;13,01382;13,71304;13,02163;13,02163;14,12905;14,26577;16,63882;20,17788;16,63882;15,60952;17,00405;17,00405;22,5939;12,52358;16,63882;21,73647;17,00405;16,63882;17,00405;15,60952;15,60952;15,60952;14,26577;16,95132;22,5939;16,95132;20,17788;16,95132;22,32827;22,5939;17,00405;15,60952;16,63882;12,95913;15,60952;12,52358;12,95913;16,63882;20,17788;13,02163;16,95132;17,00405;16,63882;17,00405;14,26577;16,95132;15,60952;15,60952;20,17788;22,5939;14,26577;22,32827;14,26577;16,63882;22,5939;17,00405;16,63882;16,63882;12,95913;22,32827;15,7814;20,17788;15,60952;15,60952;12,52358;15,60952
"323";"1976-11-01";13,15981;14,21646;10,41958;11,54067;11,54067;13,15981;14,21646;10,48013;11,87856;10,41958;10,777;13,59146;10,41958;13,15981;10,41958;11,54067;9,952784;11,37271;11,54067;11,66177;11,54067;13,54263;15,44888;11,37271;11,66177;11,37271;10,41958;10,64614;10,41958;11,54067;13,15981;9,952784;13,15981;9,952784;13,15981;11,54067;11,54067;13,54263;10,64614;10,64614;11,54067;10,777;10,777;11,66177;11,87856;13,90396;17,50161;13,90396;12,902;14,17935;14,17935;19,58755;9,952784;13,90396;18,7145;14,17935;13,90396;14,17935;12,902;12,902;12,902;11,87856;14,2438;19,58755;14,2438;17,50161;14,2438;19,27505;19,58755;14,17935;12,902;13,90396;10,48013;12,902;9,952784;10,48013;13,90396;17,50161;10,777;14,2438;14,17935;13,90396;14,17935;11,87856;14,2438;12,902;12,902;17,50161;19,58755;11,87856;19,27505;11,87856;13,90396;19,58755;14,17935;13,90396;13,90396;10,48013;19,27505;13,59146;17,50161;12,902;12,902;9,952784;12,902
"324";"1976-12-01";12,48989;13,37661;9,974268;11,23013;11,23013;12,48989;13,37661;10,05044;11,24575;9,974268;10,64028;12,78872;9,974268;12,48989;9,974268;11,23013;9,532862;11,4645;11,23013;11,81606;11,23013;13,15396;14,74575;11,4645;11,81606;11,4645;9,974268;10,6481;9,974268;11,23013;12,48989;9,532862;12,48989;9,532862;12,48989;11,23013;11,23013;13,15396;10,6481;10,6481;11,23013;10,64028;10,64028;11,81606;11,24575;13,03481;16,40591;13,03481;12,10708;13,48989;13,48989;18,41958;9,532862;13,03481;17,64614;13,48989;13,03481;13,48989;12,10708;12,10708;12,10708;11,24575;13,50942;18,41958;13,50942;16,40591;13,50942;18,11489;18,41958;13,48989;12,10708;13,03481;10,05044;12,10708;9,532862;10,05044;13,03481;16,40591;10,64028;13,50942;13,48989;13,03481;13,48989;11,24575;13,50942;12,10708;12,10708;16,40591;18,41958;11,24575;18,11489;11,24575;13,03481;18,41958;13,48989;13,03481;13,03481;10,05044;18,11489;12,78872;16,40591;12,10708;12,10708;9,532862;12,10708
"325";"1977-01-01";12,78872;13,97231;10,36685;11,32583;11,32583;12,78872;13,97231;10,5856;11,64224;10,36685;11,32778;13,31021;10,36685;12,78872;10,36685;11,32583;9,847315;11,64419;11,32583;11,72427;11,32583;12,97036;14,80435;11,64419;11,72427;11,64419;10,36685;11,11685;10,36685;11,32583;12,78872;9,847315;12,78872;9,847315;12,78872;11,32583;11,32583;12,97036;11,11685;11,11685;11,32583;11,32778;11,32778;11,72427;11,64224;12,91763;16,3688;12,91763;12,13833;13,37075;13,37075;18,41763;9,847315;12,91763;17,67349;13,37075;12,91763;13,37075;12,13833;12,13833;12,13833;11,64224;13,51138;18,41763;13,51138;16,3688;13,51138;18,13442;18,41763;13,37075;12,13833;12,91763;10,5856;12,13833;9,847315;10,5856;12,91763;16,3688;11,32778;13,51138;13,37075;12,91763;13,37075;11,64224;13,51138;12,13833;12,13833;16,3688;18,41763;11,64224;18,13442;11,64224;12,91763;18,41763;13,37075;12,91763;12,91763;10,5856;18,13442;13,31021;16,3688;12,13833;12,13833;9,847315;12,13833
"326";"1977-02-01";12,8959;13,97598;10,32754;11,38809;11,38809;12,8959;13,97598;10,53848;11,66152;10,32754;11,15957;13,31777;10,32754;12,8959;10,32754;11,38809;9,854883;11,48184;11,38809;11,63613;11,38809;13,19473;15,13223;11,48184;11,63613;11,48184;10,32754;10,89199;10,32754;11,38809;12,8959;9,854883;12,8959;9,854883;12,8959;11,38809;11,38809;13,19473;10,89199;10,89199;11,38809;11,15957;11,15957;11,63613;11,66152;13,22207;16,99941;13,22207;12,41152;13,60293;13,60293;18,90566;9,854883;13,22207;18,02871;13,60293;13,22207;13,60293;12,41152;12,41152;12,41152;11,66152;13,7084;18,90566;13,7084;16,99941;13,7084;18,69473;18,90566;13,60293;12,41152;13,22207;10,53848;12,41152;9,854883;10,53848;13,22207;16,99941;11,15957;13,7084;13,60293;13,22207;13,60293;11,66152;13,7084;12,41152;12,41152;16,99941;18,90566;11,66152;18,69473;11,66152;13,22207;18,90566;13,60293;13,22207;13,22207;10,53848;18,69473;13,31777;16,99941;12,41152;12,41152;9,854883;12,41152
"327";"1977-03-01";16,39492;17,83242;14,0375;14,70547;14,70547;16,39492;17,83242;14,90859;15,30703;14,0375;15,14102;17,26211;14,0375;16,39492;14,0375;14,70547;13,23086;15,12539;14,70547;14,91445;14,70547;16,46133;18,45938;15,12539;14,91445;15,12539;14,0375;14,43203;14,0375;14,70547;16,39492;13,23086;16,39492;13,23086;16,39492;14,70547;14,70547;16,46133;14,43203;14,43203;14,70547;15,14102;15,14102;14,91445;15,30703;16,68594;20,92813;16,68594;16,32852;17,15273;17,15273;22,475;13,23086;16,68594;21,73477;17,15273;16,68594;17,15273;16,32852;16,32852;16,32852;15,30703;17,48672;22,475;17,48672;20,92813;17,48672;22,1293;22,475;17,15273;16,32852;16,68594;14,90859;16,32852;13,23086;14,90859;16,68594;20,92813;15,14102;17,48672;17,15273;16,68594;17,15273;15,30703;17,48672;16,32852;16,32852;20,92813;22,475;15,30703;22,1293;15,30703;16,68594;22,475;17,15273;16,68594;16,68594;14,90859;22,1293;17,26211;20,92813;16,32852;16,32852;13,23086;16,32852
"328";"1977-04-01";14,96841;16,14419;12,20669;13,16958;13,16958;14,96841;16,14419;12,93716;13,79067;12,20669;13,05435;15,80044;12,20669;14,96841;12,20669;13,16958;11,60122;13,18716;13,16958;13,4606;13,16958;15,21646;17,22427;13,18716;13,4606;13,18716;12,20669;12,652;12,20669;13,16958;14,96841;11,60122;14,96841;11,60122;14,96841;13,16958;13,16958;15,21646;12,652;12,652;13,16958;13,05435;13,05435;13,4606;13,79067;15,67153;20,57192;15,67153;15,12856;16,06216;16,06216;22,73013;11,60122;15,67153;21,77505;16,06216;15,67153;16,06216;15,12856;15,12856;15,12856;13,79067;16,3395;22,73013;16,3395;20,57192;16,3395;22,48403;22,73013;16,06216;15,12856;15,67153;12,93716;15,12856;11,60122;12,93716;15,67153;20,57192;13,05435;16,3395;16,06216;15,67153;16,06216;13,79067;16,3395;15,12856;15,12856;20,57192;22,73013;13,79067;22,48403;13,79067;15,67153;22,73013;16,06216;15,67153;15,67153;12,93716;22,48403;15,80044;20,57192;15,12856;15,12856;11,60122;15,12856
"329";"1977-05-01";16,62979;18,05557;14,3583;14,96963;14,96963;16,62979;18,05557;14,92275;15,88174;14,3583;14,9833;18,06729;14,3583;16,62979;14,3583;14,96963;13,75088;15,52432;14,96963;15,70205;14,96963;16,5458;18,61416;15,52432;15,70205;15,52432;14,3583;14,72354;14,3583;14,96963;16,62979;13,75088;16,62979;13,75088;16,62979;14,96963;14,96963;16,5458;14,72354;14,72354;14,96963;14,9833;14,9833;15,70205;15,88174;18,32119;22,86611;18,32119;17,60635;18,83877;18,83877;25,76455;13,75088;18,32119;24,85049;18,83877;18,32119;18,83877;17,60635;17,60635;17,60635;15,88174;19,06533;25,76455;19,06533;22,86611;19,06533;25,32314;25,76455;18,83877;17,60635;18,32119;14,92275;17,60635;13,75088;14,92275;18,32119;22,86611;14,9833;19,06533;18,83877;18,32119;18,83877;15,88174;19,06533;17,60635;17,60635;22,86611;25,76455;15,88174;25,32314;15,88174;18,32119;25,76455;18,83877;18,32119;18,32119;14,92275;25,32314;18,06729;22,86611;17,60635;17,60635;13,75088;17,60635
"330";"1977-06-01";15,85659;17,17886;13,65933;14,18667;14,18667;15,85659;17,17886;14,28042;15,22573;13,65933;14,13003;17,10464;13,65933;15,85659;13,65933;14,18667;13,13394;14,34878;14,18667;14,83315;14,18667;15,91323;17,7687;14,34878;14,83315;14,34878;13,65933;14,02456;13,65933;14,18667;15,85659;13,13394;15,85659;13,13394;15,85659;14,18667;14,18667;15,91323;14,02456;14,02456;14,18667;14,13003;14,13003;14,83315;15,22573;18,05972;22,47378;18,05972;17,35464;18,43276;18,43276;24,90933;13,13394;18,05972;24,02651;18,43276;18,05972;18,43276;17,35464;17,35464;17,35464;15,22573;18,46597;24,90933;18,46597;22,47378;18,46597;24,63198;24,90933;18,43276;17,35464;18,05972;14,28042;17,35464;13,13394;14,28042;18,05972;22,47378;14,13003;18,46597;18,43276;18,05972;18,43276;15,22573;18,46597;17,35464;17,35464;22,47378;24,90933;15,22573;24,63198;15,22573;18,05972;24,90933;18,43276;18,05972;18,05972;14,28042;24,63198;17,10464;22,47378;17,35464;17,35464;13,13394;17,35464
"331";"1977-07-01";15,86978;17,29165;13,17056;14,09439;14,09439;15,86978;17,29165;13,90884;14,82485;13,17056;13,81704;16,88149;13,17056;15,86978;13,17056;14,09439;12,48501;14,43618;14,09439;15,03189;14,09439;16,26431;18,42446;14,43618;15,03189;14,43618;13,17056;13,73501;13,17056;14,09439;15,86978;12,48501;15,86978;12,48501;15,86978;14,09439;14,09439;16,26431;13,73501;13,73501;14,09439;13,81704;13,81704;15,03189;14,82485;17,68423;22,17446;17,68423;16,93032;18,10024;18,10024;24,7936;12,48501;17,68423;24,00064;18,10024;17,68423;18,10024;16,93032;16,93032;16,93032;14,82485;18,12368;24,7936;18,12368;22,17446;18,12368;24,2311;24,7936;18,10024;16,93032;17,68423;13,90884;16,93032;12,48501;13,90884;17,68423;22,17446;13,81704;18,12368;18,10024;17,68423;18,10024;14,82485;18,12368;16,93032;16,93032;22,17446;24,7936;14,82485;24,2311;14,82485;17,68423;24,7936;18,10024;17,68423;17,68423;13,90884;24,2311;16,88149;22,17446;16,93032;16,93032;12,48501;16,93032
"332";"1977-08-01";16,75625;18,2875;14,28359;14,93594;14,93594;16,75625;18,2875;15,04336;15,73867;14,28359;14,93203;17,64492;14,28359;16,75625;14,28359;14,93594;13,58633;15,10391;14,93594;15,6293;14,93594;16,89883;18,86758;15,10391;15,6293;15,10391;14,28359;14,72109;14,28359;14,93594;16,75625;13,58633;16,75625;13,58633;16,75625;14,93594;14,93594;16,89883;14,72109;14,72109;14,93594;14,93203;14,93203;15,6293;15,73867;18,84805;22,81484;18,84805;17,86758;19,23281;19,23281;25,73867;13,58633;18,84805;25,17617;19,23281;18,84805;19,23281;17,86758;17,86758;17,86758;15,73867;19,23672;25,73867;19,23672;22,81484;19,23672;24,86758;25,73867;19,23281;17,86758;18,84805;15,04336;17,86758;13,58633;15,04336;18,84805;22,81484;14,93203;19,23672;19,23281;18,84805;19,23281;15,73867;19,23672;17,86758;17,86758;22,81484;25,73867;15,73867;24,86758;15,73867;18,84805;25,73867;19,23281;18,84805;18,84805;15,04336;24,86758;17,64492;22,81484;17,86758;17,86758;13,58633;17,86758
"333";"1977-09-01";16,22769;18,21597;14,29214;14,47183;14,47183;16,22769;18,21597;14,89175;15,75698;14,29214;14,68472;17,63394;14,29214;16,22769;14,29214;14,47183;13,71792;14,96792;14,47183;15,40737;14,47183;16,14175;17,88003;14,96792;15,40737;14,96792;14,29214;14,49917;14,29214;14,47183;16,22769;13,71792;16,22769;13,71792;16,22769;14,47183;14,47183;16,14175;14,49917;14,49917;14,47183;14,68472;14,68472;15,40737;15,75698;18,9269;22,84097;18,9269;17,97769;19,35073;19,35073;25,47769;13,71792;18,9269;24,88394;19,35073;18,9269;19,35073;17,97769;17,97769;17,97769;15,75698;19,18667;25,47769;19,18667;22,84097;19,18667;24,79409;25,47769;19,35073;17,97769;18,9269;14,89175;17,97769;13,71792;14,89175;18,9269;22,84097;14,68472;19,18667;19,35073;18,9269;19,35073;15,75698;19,18667;17,97769;17,97769;22,84097;25,47769;15,75698;24,79409;15,75698;18,9269;25,47769;19,35073;18,9269;18,9269;14,89175;24,79409;17,63394;22,84097;17,97769;17,97769;13,71792;17,97769
"334";"1977-10-01";16,02603;17,36392;13,44985;14,31899;14,31899;16,02603;17,36392;13,93814;14,94399;13,44985;13,84634;16,70767;13,44985;16,02603;13,44985;14,31899;13,05337;14,31118;14,31899;14,70962;14,31899;16,05728;18,00064;14,31118;14,70962;14,31118;13,44985;13,64517;13,44985;14,31899;16,02603;13,05337;16,02603;13,05337;16,02603;14,31899;14,31899;16,05728;13,64517;13,64517;14,31899;13,84634;13,84634;14,70962;14,94399;17,68032;21,68228;17,68032;16,90493;18,07876;18,07876;23,92446;13,05337;17,68032;23,1061;18,07876;17,68032;18,07876;16,90493;16,90493;16,90493;14,94399;17,90689;23,92446;17,90689;21,68228;17,90689;23,52407;23,92446;18,07876;16,90493;17,68032;13,93814;16,90493;13,05337;13,93814;17,68032;21,68228;13,84634;17,90689;18,07876;17,68032;18,07876;14,94399;17,90689;16,90493;16,90493;21,68228;23,92446;14,94399;23,52407;14,94399;17,68032;23,92446;18,07876;17,68032;17,68032;13,93814;23,52407;16,70767;21,68228;16,90493;16,90493;13,05337;16,90493
"335";"1977-11-01";14,71328;16,21133;12,0668;13,00234;13,00234;14,71328;16,21133;12,50625;13,71914;12,0668;12,35977;15,77383;12,0668;14,71328;12,0668;13,00234;11,58633;12,86563;13,00234;12,975;13,00234;14,58438;16,26016;12,86563;12,975;12,86563;12,0668;12,00234;12,0668;13,00234;14,71328;11,58633;14,71328;11,58633;14,71328;13,00234;13,00234;14,58438;12,00234;12,00234;13,00234;12,35977;12,35977;12,975;13,71914;15,97109;20,14492;15,97109;15,3168;16,27578;16,27578;22,17422;11,58633;15,97109;21,37148;16,27578;15,97109;16,27578;15,3168;15,3168;15,3168;13,71914;16,46914;22,17422;16,46914;20,14492;16,46914;21,78164;22,17422;16,27578;15,3168;15,97109;12,50625;15,3168;11,58633;12,50625;15,97109;20,14492;12,35977;16,46914;16,27578;15,97109;16,27578;13,71914;16,46914;15,3168;15,3168;20,14492;22,17422;13,71914;21,78164;13,71914;15,97109;22,17422;16,27578;15,97109;15,97109;12,50625;21,78164;15,77383;20,14492;15,3168;15,3168;11,58633;15,3168
"336";"1977-12-01";13,75527;15,26895;11,11465;12,18301;12,18301;13,75527;15,26895;11,46426;12,6459;11,11465;11,33145;14,59707;11,11465;13,75527;11,11465;12,18301;10,69082;12,0209;12,18301;11,76895;12,18301;13,78652;15,81191;12,0209;11,76895;12,0209;11,11465;10,68301;11,11465;12,18301;13,75527;10,69082;13,75527;10,69082;13,75527;12,18301;12,18301;13,78652;10,68301;10,68301;12,18301;11,33145;11,33145;11,76895;12,6459;14,88418;18,87637;14,88418;14,16738;15,13613;15,13613;20,65371;10,69082;14,88418;19,91348;15,13613;14,88418;15,13613;14,16738;14,16738;14,16738;12,6459;15,27481;20,65371;15,27481;18,87637;15,27481;20,31191;20,65371;15,13613;14,16738;14,88418;11,46426;14,16738;10,69082;11,46426;14,88418;18,87637;11,33145;15,27481;15,13613;14,88418;15,13613;12,6459;15,27481;14,16738;14,16738;18,87637;20,65371;12,6459;20,31191;12,6459;14,88418;20,65371;15,13613;14,88418;14,88418;11,46426;20,31191;14,59707;18,87637;14,16738;14,16738;10,69082;14,16738
"337";"1978-01-01";12,77725;14,01748;10,27334;11,42178;11,42178;12,77725;14,01748;10,53115;11,51357;10,27334;11,06826;13,29873;10,27334;12,77725;10,27334;11,42178;9,663965;11,746;11,42178;11,66397;11,42178;13,21084;15,02334;11,746;11,66397;11,746;10,27334;10,60537;10,27334;11,42178;12,77725;9,663965;12,77725;9,663965;12,77725;11,42178;11,42178;13,21084;10,60537;10,60537;11,42178;11,06826;11,06826;11,66397;11,51357;13,15811;17,02529;13,15811;12,45693;13,51748;13,51748;18,99209;9,663965;13,15811;18,14248;13,51748;13,15811;13,51748;12,45693;12,45693;12,45693;11,51357;13,68154;18,99209;13,68154;17,02529;13,68154;18,63272;18,99209;13,51748;12,45693;13,15811;10,53115;12,45693;9,663965;10,53115;13,15811;17,02529;11,06826;13,68154;13,51748;13,15811;13,51748;11,51357;13,68154;12,45693;12,45693;17,02529;18,99209;11,51357;18,63272;11,51357;13,15811;18,99209;13,51748;13,15811;13,15811;10,53115;18,63272;13,29873;17,02529;12,45693;12,45693;9,663965;12,45693
"338";"1978-02-01";12,99868;14,39907;10,26626;11,24868;11,24868;12,99868;14,39907;10,67642;11,88931;10,26626;11,09243;13,6686;10,26626;12,99868;10,26626;11,24868;9,692041;11,36587;11,24868;11,2897;11,24868;12,95376;15,02407;11,36587;11,2897;11,36587;10,26626;10,49087;10,26626;11,24868;12,99868;9,692041;12,99868;9,692041;12,99868;11,24868;11,24868;12,95376;10,49087;10,49087;11,24868;11,09243;11,09243;11,2897;11,88931;13,01626;16,66665;13,01626;12,30337;13,39126;13,39126;18,66274;9,692041;13,01626;17,82876;13,39126;13,01626;13,39126;12,30337;12,30337;12,30337;11,88931;13,70767;18,66274;13,70767;16,66665;13,70767;18,42446;18,66274;13,39126;12,30337;13,01626;10,67642;12,30337;9,692041;10,67642;13,01626;16,66665;11,09243;13,70767;13,39126;13,01626;13,39126;11,88931;13,70767;12,30337;12,30337;16,66665;18,66274;11,88931;18,42446;11,88931;13,01626;18,66274;13,39126;13,01626;13,01626;10,67642;18,42446;13,6686;16,66665;12,30337;12,30337;9,692041;12,30337
"339";"1978-03-01";14,96743;16,46939;12,2897;13,08853;13,08853;14,96743;16,46939;12,82681;13,81704;12,2897;13,09048;15,74673;12,2897;14,96743;12,2897;13,08853;11,58071;13,30923;13,08853;13,20767;13,08853;14,85415;16,94204;13,30923;13,20767;13,30923;12,2897;12,44595;12,2897;13,08853;14,96743;11,58071;14,96743;11,58071;14,96743;13,08853;13,08853;14,85415;12,44595;12,44595;13,08853;13,09048;13,09048;13,20767;13,81704;15,10024;19,20571;15,10024;14,37564;15,44985;15,44985;20,74673;11,58071;15,10024;19,92056;15,44985;15,10024;15,44985;14,37564;14,37564;14,37564;13,81704;15,72524;20,74673;15,72524;19,20571;15,72524;20,5104;20,74673;15,44985;14,37564;15,10024;12,82681;14,37564;11,58071;12,82681;15,10024;19,20571;13,09048;15,72524;15,44985;15,10024;15,44985;13,81704;15,72524;14,37564;14,37564;19,20571;20,74673;13,81704;20,5104;13,81704;15,10024;20,74673;15,44985;15,10024;15,10024;12,82681;20,5104;15,74673;19,20571;14,37564;14,37564;11,58071;14,37564
"340";"1978-04-01";17,6813;19,19888;14,80825;15,72231;15,72231;17,6813;19,19888;15,73989;16,58755;14,80825;16,01724;18,9313;14,80825;17,6813;14,80825;15,72231;14,04067;16,15786;15,72231;16,05239;15,72231;17,34927;19,73013;16,15786;16,05239;16,15786;14,80825;15,34341;14,80825;15,72231;17,6813;14,04067;17,6813;14,04067;17,6813;15,72231;15,72231;17,34927;15,34341;15,34341;15,72231;16,01724;16,01724;16,05239;16,58755;17,95083;22,20474;17,95083;17,52114;18,36294;18,36294;24,28481;14,04067;17,95083;23,23208;18,36294;17,95083;18,36294;17,52114;17,52114;17,52114;16,58755;18,73208;24,28481;18,73208;22,20474;18,73208;24,11294;24,28481;18,36294;17,52114;17,95083;15,73989;17,52114;14,04067;15,73989;17,95083;22,20474;16,01724;18,73208;18,36294;17,95083;18,36294;16,58755;18,73208;17,52114;17,52114;22,20474;24,28481;16,58755;24,11294;16,58755;17,95083;24,28481;18,36294;17,95083;17,95083;15,73989;24,11294;18,9313;22,20474;17,52114;17,52114;14,04067;17,52114
"341";"1978-05-01";18,07974;19,70669;15,59146;16,1813;16,1813;18,07974;19,70669;16,652;17,29067;15,59146;16,67349;19,62856;15,59146;18,07974;15,59146;16,1813;14,67935;16,57388;16,1813;16,58364;16,1813;18,07583;20,11685;16,57388;16,58364;16,57388;15,59146;15,96841;15,59146;16,1813;18,07974;14,67935;18,07974;14,67935;18,07974;16,1813;16,1813;18,07583;15,96841;15,96841;16,1813;16,67349;16,67349;16,58364;17,29067;19,56216;24,63442;19,56216;18,97036;19,98013;19,98013;26,69888;14,67935;19,56216;25,64224;19,98013;19,56216;19,98013;18,97036;18,97036;18,97036;17,29067;20,35903;26,69888;20,35903;24,63442;20,35903;26,4645;26,69888;19,98013;18,97036;19,56216;16,652;18,97036;14,67935;16,652;19,56216;24,63442;16,67349;20,35903;19,98013;19,56216;19,98013;17,29067;20,35903;18,97036;18,97036;24,63442;26,69888;17,29067;26,4645;17,29067;19,56216;26,69888;19,98013;19,56216;19,56216;16,652;26,4645;19,62856;24,63442;18,97036;18,97036;14,67935;18,97036
"342";"1978-06-01";16,25137;17,60488;14,14395;14,63027;14,63027;16,25137;17,60488;14,59902;15,69863;14,14395;14,5541;17,31973;14,14395;16,25137;14,14395;14,63027;13,70254;14,71621;14,63027;15,31777;14,63027;16,41543;17,9916;14,71621;15,31777;14,71621;14,14395;14,5541;14,14395;14,63027;16,25137;13,70254;16,25137;13,70254;16,25137;14,63027;14,63027;16,41543;14,5541;14,5541;14,63027;14,5541;14,5541;15,31777;15,69863;18,6166;22,83535;18,6166;17,69082;18,93691;18,93691;24,93301;13,70254;18,6166;23,98965;18,93691;18,6166;18,93691;17,69082;17,69082;17,69082;15,69863;18,83926;24,93301;18,83926;22,83535;18,83926;24,75918;24,93301;18,93691;17,69082;18,6166;14,59902;17,69082;13,70254;14,59902;18,6166;22,83535;14,5541;18,83926;18,93691;18,6166;18,93691;15,69863;18,83926;17,69082;17,69082;22,83535;24,93301;15,69863;24,75918;15,69863;18,6166;24,93301;18,93691;18,6166;18,6166;14,59902;24,75918;17,31973;22,83535;17,69082;17,69082;13,70254;17,69082
"343";"1978-07-01";16,45938;17,9457;13,80508;14,65859;14,65859;16,45938;17,9457;14,39492;15,43008;13,80508;14,55313;17,33438;13,80508;16,45938;13,80508;14,65859;13,25234;15,05508;14,65859;15,62344;14,65859;16,52773;18,65469;15,05508;15,62344;15,05508;13,80508;14,52188;13,80508;14,65859;16,45938;13,25234;16,45938;13,25234;16,45938;14,65859;14,65859;16,52773;14,52188;14,52188;14,65859;14,55313;14,55313;15,62344;15,43008;18,20742;22,54141;18,20742;17,32461;18,6293;18,6293;24,77188;13,25234;18,20742;23,82461;18,6293;18,20742;18,6293;17,32461;17,32461;17,32461;15,43008;18,56289;24,77188;18,56289;22,54141;18,56289;24,54336;24,77188;18,6293;17,32461;18,20742;14,39492;17,32461;13,25234;14,39492;18,20742;22,54141;14,55313;18,56289;18,6293;18,20742;18,6293;15,43008;18,56289;17,32461;17,32461;22,54141;24,77188;15,43008;24,54336;15,43008;18,20742;24,77188;18,6293;18,20742;18,20742;14,39492;24,54336;17,33438;22,54141;17,32461;17,32461;13,25234;17,32461
"344";"1978-08-01";16,78262;18,31387;13,90957;14,87832;14,87832;16,78262;18,31387;14,45059;15,67129;13,90957;14,47402;17,58731;13,90957;16,78262;13,90957;14,87832;13,53066;14,89004;14,87832;15,52481;14,87832;16,79434;19,04824;14,89004;15,52481;14,89004;13,90957;14,52871;13,90957;14,87832;16,78262;13,53066;16,78262;13,53066;16,78262;14,87832;14,87832;16,79434;14,52871;14,52871;14,87832;14,47402;14,47402;15,52481;15,67129;18,39395;22,74941;18,39395;17,5209;18,95449;18,95449;25,07754;13,53066;18,39395;24,31191;18,95449;18,39395;18,95449;17,5209;17,5209;17,5209;15,67129;18,89395;25,07754;18,89395;22,74941;18,89395;24,65762;25,07754;18,95449;17,5209;18,39395;14,45059;17,5209;13,53066;14,45059;18,39395;22,74941;14,47402;18,89395;18,95449;18,39395;18,95449;15,67129;18,89395;17,5209;17,5209;22,74941;25,07754;15,67129;24,65762;15,67129;18,39395;25,07754;18,95449;18,39395;18,39395;14,45059;24,65762;17,58731;22,74941;17,5209;17,5209;13,53066;17,5209
"345";"1978-09-01";16,12441;17,68496;13,99551;14,41348;14,41348;16,12441;17,68496;14,47598;15,48379;13,99551;14,35684;17,16348;13,99551;16,12441;13,99551;14,41348;13,55996;14,48965;14,41348;14,98965;14,41348;16,10879;17,89395;14,48965;14,98965;14,48965;13,99551;14,29043;13,99551;14,41348;16,12441;13,55996;16,12441;13,55996;16,12441;14,41348;14,41348;16,10879;14,29043;14,29043;14,41348;14,35684;14,35684;14,98965;15,48379;18,51504;22,59316;18,51504;17,62832;18,9584;18,9584;24,72402;13,55996;18,51504;23,91543;18,9584;18,51504;18,9584;17,62832;17,62832;17,62832;15,48379;18,76895;24,72402;18,76895;22,59316;18,76895;24,48574;24,72402;18,9584;17,62832;18,51504;14,47598;17,62832;13,55996;14,47598;18,51504;22,59316;14,35684;18,76895;18,9584;18,51504;18,9584;15,48379;18,76895;17,62832;17,62832;22,59316;24,72402;15,48379;24,48574;15,48379;18,51504;24,72402;18,9584;18,51504;18,51504;14,47598;24,48574;17,16348;22,59316;17,62832;17,62832;13,55996;17,62832
"346";"1978-10-01";14,89614;16,04067;12,47231;13,32583;13,32583;14,89614;16,04067;12,52505;14,0563;12,47231;12,31411;15,7145;12,47231;14,89614;12,47231;13,32583;12,19692;12,92935;13,32583;13,48599;13,32583;15,08755;16,82583;12,92935;13,48599;12,92935;12,47231;12,28481;12,47231;13,32583;14,89614;12,19692;14,89614;12,19692;14,89614;13,32583;13,32583;15,08755;12,28481;12,28481;13,32583;12,31411;12,31411;13,48599;14,0563;16,78286;20,66567;16,78286;15,73208;17,09536;17,09536;23,00356;12,19692;16,78286;22,027;17,09536;16,78286;17,09536;15,73208;15,73208;15,73208;14,0563;16,97622;23,00356;16,97622;20,66567;16,97622;22,84731;23,00356;17,09536;15,73208;16,78286;12,52505;15,73208;12,19692;12,52505;16,78286;20,66567;12,31411;16,97622;17,09536;16,78286;17,09536;14,0563;16,97622;15,73208;15,73208;20,66567;23,00356;14,0563;22,84731;14,0563;16,78286;23,00356;17,09536;16,78286;16,78286;12,52505;22,84731;15,7145;20,66567;15,73208;15,73208;12,19692;15,73208
"347";"1978-11-01";14,99233;16,29116;12,5021;13,41226;13,41226;14,99233;16,29116;12,83218;13,98647;12,5021;12,68374;15,90249;12,5021;14,99233;12,5021;13,41226;11,98452;13,3771;13,41226;13,6271;13,41226;15,13491;17,12905;13,3771;13,6271;13,3771;12,5021;12,52944;12,5021;13,41226;14,99233;11,98452;14,99233;11,98452;14,99233;13,41226;13,41226;15,13491;12,52944;12,52944;13,41226;12,68374;12,68374;13,6271;13,98647;16,46499;20,40444;16,46499;15,68569;16,75405;16,75405;22,4103;11,98452;16,46499;21,64663;16,75405;16,46499;16,75405;15,68569;15,68569;15,68569;13,98647;16,83413;22,4103;16,83413;20,40444;16,83413;22,0353;22,4103;16,75405;15,68569;16,46499;12,83218;15,68569;11,98452;12,83218;16,46499;20,40444;12,68374;16,83413;16,75405;16,46499;16,75405;13,98647;16,83413;15,68569;15,68569;20,40444;22,4103;13,98647;22,0353;13,98647;16,46499;22,4103;16,75405;16,46499;16,46499;12,83218;22,0353;15,90249;20,40444;15,68569;15,68569;11,98452;15,68569
"348";"1978-12-01";13,7106;15,03677;11,22036;12,26333;12,26333;13,7106;15,03677;11,51919;12,64224;11,22036;11,41372;14,52114;11,22036;13,7106;11,22036;12,26333;10,72036;12,15981;12,26333;12,27114;12,26333;14,07388;15,80044;12,15981;12,27114;12,15981;11,22036;11,01724;11,22036;12,26333;13,7106;10,72036;13,7106;10,72036;13,7106;12,26333;12,26333;14,07388;11,01724;11,01724;12,26333;11,41372;11,41372;12,27114;12,64224;14,777;18,68325;14,777;14,0231;15,04653;15,04653;20,35903;10,72036;14,777;19,62661;15,04653;14,777;15,04653;14,0231;14,0231;14,0231;12,64224;15,17349;20,35903;15,17349;18,68325;15,17349;20,04849;20,35903;15,04653;14,0231;14,777;11,51919;14,0231;10,72036;11,51919;14,777;18,68325;11,41372;15,17349;15,04653;14,777;15,04653;12,64224;15,17349;14,0231;14,0231;18,68325;20,35903;12,64224;20,04849;12,64224;14,777;20,35903;15,04653;14,777;14,777;11,51919;20,04849;14,52114;18,68325;14,0231;14,0231;10,72036;14,0231
"349";"1979-01-01";12,62783;13,88564;10,62588;11,17666;11,17666;12,62783;13,88564;10,83096;11,80557;10,62588;10,85049;13,45791;10,62588;12,62783;10,62588;11,17666;9,903223;11,53408;11,17666;11,33486;11,17666;12,80752;14,58291;11,53408;11,33486;11,53408;10,62588;10,38369;10,62588;11,17666;12,62783;9,903223;12,62783;9,903223;12,62783;11,17666;11,17666;12,80752;10,38369;10,38369;11,17666;10,85049;10,85049;11,33486;11,80557;13,34072;17,04775;13,34072;12,61611;13,7958;13,7958;18,85244;9,903223;13,34072;18,08486;13,7958;13,34072;13,7958;12,61611;12,61611;12,61611;11,80557;13,95791;18,85244;13,95791;17,04775;13,95791;18,69033;18,85244;13,7958;12,61611;13,34072;10,83096;12,61611;9,903223;10,83096;13,34072;17,04775;10,85049;13,95791;13,7958;13,34072;13,7958;11,80557;13,95791;12,61611;12,61611;17,04775;18,85244;11,80557;18,69033;11,80557;13,34072;18,85244;13,7958;13,34072;13,34072;10,83096;18,69033;13,45791;17,04775;12,61611;12,61611;9,903223;12,61611
"350";"1979-02-01";14,07144;15,38589;11,4562;12,44253;12,44253;14,07144;15,38589;11,73159;12,87417;11,4562;11,91323;14,68276;11,4562;14,07144;11,4562;12,44253;10,81753;12,46206;12,44253;12,46597;12,44253;14,17495;16,14761;12,46206;12,46597;12,46206;11,4562;11,47964;11,4562;12,44253;14,07144;10,81753;14,07144;10,81753;14,07144;12,44253;12,44253;14,17495;11,47964;11,47964;12,44253;11,91323;11,91323;12,46597;12,87417;14,11636;17,85073;14,11636;13,43472;14,39761;14,39761;19,99331;10,81753;14,11636;19,2062;14,39761;14,11636;14,39761;13,43472;13,43472;13,43472;12,87417;14,74331;19,99331;14,74331;17,85073;14,74331;19,64956;19,99331;14,39761;13,43472;14,11636;11,73159;13,43472;10,81753;11,73159;14,11636;17,85073;11,91323;14,74331;14,39761;14,11636;14,39761;12,87417;14,74331;13,43472;13,43472;17,85073;19,99331;12,87417;19,64956;12,87417;14,11636;19,99331;14,39761;14,11636;14,11636;11,73159;19,64956;14,68276;17,85073;13,43472;13,43472;10,81753;13,43472
"351";"1979-03-01";16,30068;17,70889;13,64248;14,47256;14,47256;16,30068;17,70889;13,98623;14,96279;13,64248;14,34951;16,85342;13,64248;16,30068;13,64248;14,47256;12,82412;14,89834;14,47256;14,67373;14,47256;16,1835;18,39834;14,89834;14,67373;14,89834;13,64248;13,8749;13,64248;14,47256;16,30068;12,82412;16,30068;12,82412;16,30068;14,47256;14,47256;16,1835;13,8749;13,8749;14,47256;14,34951;14,34951;14,67373;14,96279;15,84951;20,08584;15,84951;15,25772;16,28311;16,28311;22,20498;12,82412;15,84951;21,32607;16,28311;15,84951;16,28311;15,25772;15,25772;15,25772;14,96279;16,6835;22,20498;16,6835;20,08584;16,6835;21,92178;22,20498;16,28311;15,25772;15,84951;13,98623;15,25772;12,82412;13,98623;15,84951;20,08584;14,34951;16,6835;16,28311;15,84951;16,28311;14,96279;16,6835;15,25772;15,25772;20,08584;22,20498;14,96279;21,92178;14,96279;15,84951;22,20498;16,28311;15,84951;15,84951;13,98623;21,92178;16,85342;20,08584;15,25772;15,25772;12,82412;15,25772
"352";"1979-04-01";17,41616;19,14663;15,05679;15,39468;15,39468;17,41616;19,14663;15,9103;16,61538;15,05679;15,90835;18,83413;15,05679;17,41616;15,05679;15,39468;14,18179;15,86929;15,39468;15,77163;15,39468;16,92593;19,11343;15,86929;15,77163;15,86929;15,05679;15,40054;15,05679;15,39468;17,41616;14,18179;17,41616;14,18179;17,41616;15,39468;15,39468;16,92593;15,40054;15,40054;15,39468;15,90835;15,90835;15,77163;16,61538;18,60757;23,56069;18,60757;18,10366;18,86343;18,86343;25,46499;14,18179;18,60757;24,61538;18,86343;18,60757;18,86343;18,10366;18,10366;18,10366;16,61538;19,22085;25,46499;19,22085;23,56069;19,22085;25,20327;25,46499;18,86343;18,10366;18,60757;15,9103;18,10366;14,18179;15,9103;18,60757;23,56069;15,90835;19,22085;18,86343;18,60757;18,86343;16,61538;19,22085;18,10366;18,10366;23,56069;25,46499;16,61538;25,20327;16,61538;18,60757;25,46499;18,86343;18,60757;18,60757;15,9103;25,20327;18,83413;23,56069;18,10366;18,10366;14,18179;18,10366
"353";"1979-05-01";17,51357;19,01553;14,9374;15,62295;15,62295;17,51357;19,01553;15,41201;16,59365;14,9374;15,50576;18,73037;14,9374;17,51357;14,9374;15,62295;14,32217;16,04873;15,62295;16,14053;15,62295;17,30459;19,42373;16,04873;16,14053;16,04873;14,9374;15,25186;14,9374;15,62295;17,51357;14,32217;17,51357;14,32217;17,51357;15,62295;15,62295;17,30459;15,25186;15,25186;15,62295;15,50576;15,50576;16,14053;16,59365;18,67373;22,98818;18,67373;17,996;19,07412;19,07412;25,08779;14,32217;18,67373;24,21279;19,07412;18,67373;19,07412;17,996;17,996;17,996;16,59365;19,29287;25,08779;19,29287;22,98818;19,29287;24,9667;25,08779;19,07412;17,996;18,67373;15,41201;17,996;14,32217;15,41201;18,67373;22,98818;15,50576;19,29287;19,07412;18,67373;19,07412;16,59365;19,29287;17,996;17,996;22,98818;25,08779;16,59365;24,9667;16,59365;18,67373;25,08779;19,07412;18,67373;18,67373;15,41201;24,9667;18,73037;22,98818;17,996;17,996;14,32217;17,996
"354";"1979-06-01";16,66519;17,90151;14,24722;15,04214;15,04214;16,66519;17,90151;14,61831;15,75308;14,24722;14,79995;17,54214;14,24722;16,66519;14,24722;15,04214;13,7394;15,28237;15,04214;15,89956;15,04214;17,14175;18,90933;15,28237;15,89956;15,28237;14,24722;14,87612;14,24722;15,04214;16,66519;13,7394;16,66519;13,7394;16,66519;15,04214;15,04214;17,14175;14,87612;14,87612;15,04214;14,79995;14,79995;15,89956;15,75308;18,58706;23,01675;18,58706;17,6437;18,85464;18,85464;24,92886;13,7394;18,58706;23,93667;18,85464;18,58706;18,85464;17,6437;17,6437;17,6437;15,75308;18,69644;24,92886;18,69644;23,01675;18,69644;24,91128;24,92886;18,85464;17,6437;18,58706;14,61831;17,6437;13,7394;14,61831;18,58706;23,01675;14,79995;18,69644;18,85464;18,58706;18,85464;15,75308;18,69644;17,6437;17,6437;23,01675;24,92886;15,75308;24,91128;15,75308;18,58706;24,92886;18,85464;18,58706;18,58706;14,61831;24,91128;17,54214;23,01675;17,6437;17,6437;13,7394;17,6437
"355";"1979-07-01";16,57412;17,89248;14,42959;14,92959;14,92959;16,57412;17,89248;14,90029;15,88272;14,42959;15,07412;17,65811;14,42959;16,57412;14,42959;14,92959;13,91201;15,20107;14,92959;15,72647;14,92959;16,81631;18,60732;15,20107;15,72647;15,20107;14,42959;15,06045;14,42959;14,92959;16,57412;13,91201;16,57412;13,91201;16,57412;14,92959;14,92959;16,81631;15,06045;15,06045;14,92959;15,07412;15,07412;15,72647;15,88272;18,81826;23,10147;18,81826;17,90615;19,1542;19,1542;25,2499;13,91201;18,81826;24,40225;19,1542;18,81826;19,1542;17,90615;17,90615;17,90615;15,88272;19,10732;25,2499;19,10732;23,10147;19,10732;25,0292;25,2499;19,1542;17,90615;18,81826;14,90029;17,90615;13,91201;14,90029;18,81826;23,10147;15,07412;19,10732;19,1542;18,81826;19,1542;15,88272;19,10732;17,90615;17,90615;23,10147;25,2499;15,88272;25,0292;15,88272;18,81826;25,2499;19,1542;18,81826;18,81826;14,90029;25,0292;17,65811;23,10147;17,90615;17,90615;13,91201;17,90615
"356";"1979-08-01";15,70547;17,01602;13,43008;13,99453;13,99453;15,70547;17,01602;13,86563;15,00234;13,43008;13,8793;16,74258;13,43008;15,70547;13,43008;13,99453;12,93398;14,21914;13,99453;14,78945;13,99453;15,96133;17,91641;14,21914;14,78945;14,21914;13,43008;13,90859;13,43008;13,99453;15,70547;12,93398;15,70547;12,93398;15,70547;13,99453;13,99453;15,96133;13,90859;13,90859;13,99453;13,8793;13,8793;14,78945;15,00234;18,01992;22,3207;18,01992;17,05117;18,33828;18,33828;24,48477;12,93398;18,01992;23,60586;18,33828;18,01992;18,33828;17,05117;17,05117;17,05117;15,00234;18,19375;24,48477;18,19375;22,3207;18,19375;24,3168;24,48477;18,33828;17,05117;18,01992;13,86563;17,05117;12,93398;13,86563;18,01992;22,3207;13,8793;18,19375;18,33828;18,01992;18,33828;15,00234;18,19375;17,05117;17,05117;22,3207;24,48477;15,00234;24,3168;15,00234;18,01992;24,48477;18,33828;18,01992;18,01992;13,86563;24,3168;16,74258;22,3207;17,05117;17,05117;12,93398;17,05117
"357";"1979-09-01";15,63223;16,91152;13,40762;13,87637;13,87637;15,63223;16,91152;13,39004;15,24356;13,40762;13,05215;16,68496;13,40762;15,63223;13,40762;13,87637;13,28262;13,57949;13,87637;14,06387;13,87637;15,48184;17,23965;13,57949;14,06387;13,57949;13,40762;13,02481;13,40762;13,87637;15,63223;13,28262;15,63223;13,28262;15,63223;13,87637;13,87637;15,48184;13,02481;13,02481;13,87637;13,05215;13,05215;14,06387;15,24356;17,82559;21,76504;17,82559;16,72598;18,2709;18,2709;24,07559;13,28262;17,82559;23,21231;18,2709;17,82559;18,2709;16,72598;16,72598;16,72598;15,24356;18,21816;24,07559;18,21816;21,76504;18,21816;23,91152;24,07559;18,2709;16,72598;17,82559;13,39004;16,72598;13,28262;13,39004;17,82559;21,76504;13,05215;18,21816;18,2709;17,82559;18,2709;15,24356;18,21816;16,72598;16,72598;21,76504;24,07559;15,24356;23,91152;15,24356;17,82559;24,07559;18,2709;17,82559;17,82559;13,39004;23,91152;16,68496;21,76504;16,72598;16,72598;13,28262;16,72598
"358";"1979-10-01";16,00942;17,36294;13,78286;14,29653;14,29653;16,00942;17,36294;14,10903;15,23989;13,78286;13,69692;16,98989;13,78286;16,00942;13,78286;14,29653;13,24185;14,54067;14,29653;14,62856;14,29653;15,80239;17,93325;14,54067;14,62856;14,54067;13,78286;13,32974;13,78286;14,29653;16,00942;13,24185;16,00942;13,24185;16,00942;14,29653;14,29653;15,80239;13,32974;13,32974;14,29653;13,69692;13,69692;14,62856;15,23989;17,29067;21,50552;17,29067;16,76333;17,83169;17,83169;24,03677;13,24185;17,29067;23,25161;17,83169;17,29067;17,83169;16,76333;16,76333;16,76333;15,23989;18,10317;24,03677;18,10317;21,50552;18,10317;23,52896;24,03677;17,83169;16,76333;17,29067;14,10903;16,76333;13,24185;14,10903;17,29067;21,50552;13,69692;18,10317;17,83169;17,29067;17,83169;15,23989;18,10317;16,76333;16,76333;21,50552;24,03677;15,23989;23,52896;15,23989;17,29067;24,03677;17,83169;17,29067;17,29067;14,10903;23,52896;16,98989;21,50552;16,76333;16,76333;13,24185;16,76333
"359";"1979-11-01";13,35464;14,48745;11,03237;11,85855;11,85855;13,35464;14,48745;11,16909;12,41714;11,03237;11,32534;14,0812;11,03237;13,35464;11,03237;11,85855;10,57925;12,0148;11,85855;12,33315;11,85855;13,55386;15,3937;12,0148;12,33315;12,0148;11,03237;11,298;11,03237;11,85855;13,35464;10,57925;13,35464;10,57925;13,35464;11,85855;11,85855;13,55386;11,298;11,298;11,85855;11,32534;11,32534;12,33315;12,41714;14,64565;18,52261;14,64565;13,72769;14,95815;14,95815;20,74526;10,57925;14,64565;19,8605;14,95815;14,64565;14,95815;13,72769;13,72769;13,72769;12,41714;15,02651;20,74526;15,02651;18,52261;15,02651;20,49526;20,74526;14,95815;13,72769;14,64565;11,16909;13,72769;10,57925;11,16909;14,64565;18,52261;11,32534;15,02651;14,95815;14,64565;14,95815;12,41714;15,02651;13,72769;13,72769;18,52261;20,74526;12,41714;20,49526;12,41714;14,64565;20,74526;14,95815;14,64565;14,64565;11,16909;20,49526;14,0812;18,52261;13,72769;13,72769;10,57925;13,72769
"360";"1979-12-01";13,10879;14,11856;10,69277;11,6752;11,6752;13,10879;14,11856;10,8334;12,09902;10,69277;10,99941;13,59512;10,69277;13,10879;10,69277;11,6752;10,26699;11,84512;11,6752;12,06973;11,6752;13,32949;14,99356;11,84512;12,06973;11,84512;10,69277;10,90762;10,69277;11,6752;13,10879;10,26699;13,10879;10,26699;13,10879;11,6752;11,6752;13,32949;10,90762;10,90762;11,6752;10,99941;10,99941;12,06973;12,09902;14,11074;17,53262;14,11074;13,14199;14,40957;14,40957;19,81973;10,26699;14,11074;18,93691;14,40957;14,11074;14,40957;13,14199;13,14199;13,14199;12,09902;14,4584;19,81973;14,4584;17,53262;14,4584;19,58145;19,81973;14,40957;13,14199;14,11074;10,8334;13,14199;10,26699;10,8334;14,11074;17,53262;10,99941;14,4584;14,40957;14,11074;14,40957;12,09902;14,4584;13,14199;13,14199;17,53262;19,81973;12,09902;19,58145;12,09902;14,11074;19,81973;14,40957;14,11074;14,11074;10,8334;19,58145;13,59512;17,53262;13,14199;13,14199;10,26699;13,14199
"361";"1980-01-01";13,16567;14,93521;11,14028;11,24575;11,24575;13,16567;14,93521;11,97817;12,65396;11,14028;11,98403;14,68911;11,14028;13,16567;11,14028;11,24575;10,34341;11,73599;11,24575;11,59146;11,24575;12,65786;14,6481;11,73599;11,59146;11,73599;11,14028;11,33169;11,14028;11,24575;13,16567;10,34341;13,16567;10,34341;13,16567;11,24575;11,24575;12,65786;11,33169;11,33169;11,24575;11,98403;11,98403;11,59146;12,65396;14,1188;17,84146;14,1188;13,66958;14,47036;14,47036;19,97622;10,34341;14,1188;19,34536;14,47036;14,1188;14,47036;13,66958;13,66958;13,66958;12,65396;14,90981;19,97622;14,90981;17,84146;14,90981;19,65591;19,97622;14,47036;13,66958;14,1188;11,97817;13,66958;10,34341;11,97817;14,1188;17,84146;11,98403;14,90981;14,47036;14,1188;14,47036;12,65396;14,90981;13,66958;13,66958;17,84146;19,97622;12,65396;19,65591;12,65396;14,1188;19,97622;14,47036;14,1188;14,1188;11,97817;19,65591;14,68911;17,84146;13,66958;13,66958;10,34341;13,66958
"362";"1980-02-01";13,73428;15,26748;11,40615;11,84561;11,84561;13,73428;15,26748;11,86904;12,65029;11,40615;12,11904;14,53701;11,40615;13,73428;11,40615;11,84561;10,57217;12,26162;11,84561;11,97256;11,84561;13,44131;15,74014;12,26162;11,97256;12,26162;11,40615;11,46279;11,40615;11,84561;13,73428;10,57217;13,73428;10,57217;13,73428;11,84561;11,84561;13,44131;11,46279;11,46279;11,84561;12,11904;12,11904;11,97256;12,65029;13,60537;17,16006;13,60537;12,91201;14,07412;14,07412;19,5292;10,57217;13,60537;18,76553;14,07412;13,60537;14,07412;12,91201;12,91201;12,91201;12,65029;14,42764;19,5292;14,42764;17,16006;14,42764;19,32217;19,5292;14,07412;12,91201;13,60537;11,86904;12,91201;10,57217;11,86904;13,60537;17,16006;12,11904;14,42764;14,07412;13,60537;14,07412;12,65029;14,42764;12,91201;12,91201;17,16006;19,5292;12,65029;19,32217;12,65029;13,60537;19,5292;14,07412;13,60537;13,60537;11,86904;19,32217;14,53701;17,16006;12,91201;12,91201;10,57217;12,91201
"363";"1980-03-01";16,43618;18,05728;14,1647;14,63345;14,63345;16,43618;18,05728;14,98306;15,4772;14,1647;15,11392;17,51626;14,1647;16,43618;14,1647;14,63345;13,27407;15,10024;14,63345;15,06118;14,63345;16,47915;18,68814;15,10024;15,06118;15,10024;14,1647;14,59243;14,1647;14,63345;16,43618;13,27407;16,43618;13,27407;16,43618;14,63345;14,63345;16,47915;14,59243;14,59243;14,63345;15,11392;15,11392;15,06118;15,4772;16,93814;21,23696;16,93814;16,48501;17,42251;17,42251;23,19204;13,27407;16,93814;22,40689;17,42251;16,93814;17,42251;16,48501;16,48501;16,48501;15,4772;17,89907;23,19204;17,89907;21,23696;17,89907;23,00064;23,19204;17,42251;16,48501;16,93814;14,98306;16,48501;13,27407;14,98306;16,93814;21,23696;15,11392;17,89907;17,42251;16,93814;17,42251;15,4772;17,89907;16,48501;16,48501;21,23696;23,19204;15,4772;23,00064;15,4772;16,93814;23,19204;17,42251;16,93814;16,93814;14,98306;23,00064;17,51626;21,23696;16,48501;16,48501;13,27407;16,48501
"364";"1980-04-01";16,68814;17,95962;13,98501;14,86392;14,86392;16,68814;17,95962;14,32681;15,57681;13,98501;14,47524;17,46353;13,98501;16,68814;13,98501;14,86392;13,31118;14,88735;14,86392;14,95767;14,86392;16,61392;18,81899;14,88735;14,95767;14,88735;13,98501;14,19204;13,98501;14,86392;16,68814;13,31118;16,68814;13,31118;16,68814;14,86392;14,86392;16,61392;14,19204;14,19204;14,86392;14,47524;14,47524;14,95767;15,57681;17,01235;21,30923;17,01235;16,31118;17,37954;17,37954;23,46353;13,31118;17,01235;22,58462;17,37954;17,01235;17,37954;16,31118;16,31118;16,31118;15,57681;17,79751;23,46353;17,79751;21,30923;17,79751;23,30728;23,46353;17,37954;16,31118;17,01235;14,32681;16,31118;13,31118;14,32681;17,01235;21,30923;14,47524;17,79751;17,37954;17,01235;17,37954;15,57681;17,79751;16,31118;16,31118;21,30923;23,46353;15,57681;23,30728;15,57681;17,01235;23,46353;17,37954;17,01235;17,01235;14,32681;23,30728;17,46353;21,30923;16,31118;16,31118;13,31118;16,31118
"365";"1980-05-01";18,06802;19,85317;15,85513;16,16763;16,16763;18,06802;19,85317;16,48013;17,6481;15,85513;16,3063;19,87466;15,85513;18,06802;15,85513;16,16763;15,22427;16,57192;16,16763;16,71841;16,16763;17,85122;19,84731;16,57192;16,71841;16,57192;15,85513;16,03872;15,85513;16,16763;18,06802;15,22427;18,06802;15,22427;18,06802;16,16763;16,16763;17,85122;16,03872;16,03872;16,16763;16,3063;16,3063;16,71841;17,6481;20,15786;25,23013;20,15786;19,46646;20,60317;20,60317;27,60317;15,22427;20,15786;26,50552;20,60317;20,15786;20,60317;19,46646;19,46646;19,46646;17,6481;20,85903;27,60317;20,85903;25,23013;20,85903;27,43716;27,60317;20,60317;19,46646;20,15786;16,48013;19,46646;15,22427;16,48013;20,15786;25,23013;16,3063;20,85903;20,60317;20,15786;20,60317;17,6481;20,85903;19,46646;19,46646;25,23013;27,60317;17,6481;27,43716;17,6481;20,15786;27,60317;20,60317;20,15786;20,15786;16,48013;27,43716;19,87466;25,23013;19,46646;19,46646;15,22427;19,46646
"366";"1980-06-01";17,01821;18,29751;14,47915;15,30337;15,30337;17,01821;18,29751;15,12759;16,13931;14,47915;15,10415;17,96743;14,47915;17,01821;14,47915;15,30337;13,88931;15,45181;15,30337;16,05142;15,30337;17,59048;19,46743;15,45181;16,05142;15,45181;14,47915;15,02407;14,47915;15,30337;17,01821;13,88931;17,01821;13,88931;17,01821;15,30337;15,30337;17,59048;15,02407;15,02407;15,30337;15,10415;15,10415;16,05142;16,13931;18,87564;23,34243;18,87564;18,02407;19,27017;19,27017;25,67446;13,88931;18,87564;24,61782;19,27017;18,87564;19,27017;18,02407;18,02407;18,02407;16,13931;19,19399;25,67446;19,19399;23,34243;19,19399;25,48892;25,67446;19,27017;18,02407;18,87564;15,12759;18,02407;13,88931;15,12759;18,87564;23,34243;15,10415;19,19399;19,27017;18,87564;19,27017;16,13931;19,19399;18,02407;18,02407;23,34243;25,67446;16,13931;25,48892;16,13931;18,87564;25,67446;19,27017;18,87564;18,87564;15,12759;25,48892;17,96743;23,34243;18,02407;18,02407;13,88931;18,02407
"367";"1980-07-01";17,21572;18,74307;14,6083;15,36025;15,36025;17,21572;18,74307;15,54775;16,31924;14,6083;15,48916;18,16689;14,6083;17,21572;14,6083;15,36025;13,9501;15,55752;15,36025;16,15127;15,36025;17,74697;19,55752;15,55752;16,15127;15,55752;14,6083;15,34854;14,6083;15,36025;17,21572;13,9501;17,21572;13,9501;17,21572;15,36025;15,36025;17,74697;15,34854;15,34854;15,36025;15,48916;15,48916;16,15127;16,31924;19,17861;23,47354;19,17861;18,36611;19,67861;19,67861;26,28213;13,9501;19,17861;25,20205;19,67861;19,17861;19,67861;18,36611;18,36611;18,36611;16,31924;19,58486;26,28213;19,58486;23,47354;19,58486;25,77041;26,28213;19,67861;18,36611;19,17861;15,54775;18,36611;13,9501;15,54775;19,17861;23,47354;15,48916;19,58486;19,67861;19,17861;19,67861;16,31924;19,58486;18,36611;18,36611;23,47354;26,28213;16,31924;25,77041;16,31924;19,17861;26,28213;19,67861;19,17861;19,17861;15,54775;25,77041;18,16689;23,47354;18,36611;18,36611;13,9501;18,36611
"368";"1980-08-01";16,83804;18,5939;14,75405;15,01577;15,01577;16,83804;18,5939;15,52554;16,37319;14,75405;15,46108;18,11343;14,75405;16,83804;14,75405;15,01577;14,27749;15,40054;15,01577;15,93374;15,01577;16,75796;18,46499;15,40054;15,93374;15,40054;14,75405;15,35952;14,75405;15,01577;16,83804;14,27749;16,83804;14,27749;16,83804;15,01577;15,01577;16,75796;15,35952;15,35952;15,01577;15,46108;15,46108;15,93374;16,37319;19,17593;23,26382;19,17593;18,41226;19,73647;19,73647;25,83804;14,27749;19,17593;24,93374;19,73647;19,17593;19,73647;18,41226;18,41226;18,41226;16,37319;19,65249;25,83804;19,65249;23,26382;19,65249;25,34194;25,83804;19,73647;18,41226;19,17593;15,52554;18,41226;14,27749;15,52554;19,17593;23,26382;15,46108;19,65249;19,73647;19,17593;19,73647;16,37319;19,65249;18,41226;18,41226;23,26382;25,83804;16,37319;25,34194;16,37319;19,17593;25,83804;19,73647;19,17593;19,17593;15,52554;25,34194;18,11343;23,26382;18,41226;18,41226;14,27749;18,41226
"369";"1980-09-01";16,66714;18,23355;14,19839;14,71206;14,71206;16,66714;18,23355;14,57144;15,97378;14,19839;14,46401;17,70425;14,19839;16,66714;14,19839;14,71206;13,88394;14,6769;14,71206;15,2648;14,71206;16,49136;18,34487;14,6769;15,2648;14,6769;14,19839;14,47964;14,19839;14,71206;16,66714;13,88394;16,66714;13,88394;16,66714;14,71206;14,71206;16,49136;14,47964;14,47964;14,71206;14,46401;14,46401;15,2648;15,97378;18,75503;22,7355;18,75503;17,69253;19,27065;19,27065;25,29019;13,88394;18,75503;24,40151;19,27065;18,75503;19,27065;17,69253;17,69253;17,69253;15,97378;19,13589;25,29019;19,13589;22,7355;19,13589;24,7687;25,29019;19,27065;17,69253;18,75503;14,57144;17,69253;13,88394;14,57144;18,75503;22,7355;14,46401;19,13589;19,27065;18,75503;19,27065;15,97378;19,13589;17,69253;17,69253;22,7355;25,29019;15,97378;24,7687;15,97378;18,75503;25,29019;19,27065;18,75503;18,75503;14,57144;24,7687;17,70425;22,7355;17,69253;17,69253;13,88394;17,69253
"370";"1980-10-01";15,93643;17,20205;13,2333;14,19229;14,19229;15,93643;17,20205;13,52822;14,92666;13,2333;13,52236;16,65127;13,2333;15,93643;13,2333;14,19229;12,829;14,19619;14,19229;14,73135;14,19229;16,25088;18,12002;14,19619;14,73135;14,19619;13,2333;13,57314;13,2333;14,19229;15,93643;12,829;15,93643;12,829;15,93643;14,19229;14,19229;16,25088;13,57314;13,57314;14,19229;13,52236;13,52236;14,73135;14,92666;17,28408;21,17275;17,28408;16,47744;17,69814;17,69814;23,45596;12,829;17,28408;22,58291;17,69814;17,28408;17,69814;16,47744;16,47744;16,47744;14,92666;17,69619;23,45596;17,69619;21,17275;17,69619;23,22549;23,45596;17,69814;16,47744;17,28408;13,52822;16,47744;12,829;13,52822;17,28408;21,17275;13,52236;17,69619;17,69814;17,28408;17,69814;14,92666;17,69619;16,47744;16,47744;21,17275;23,45596;14,92666;23,22549;14,92666;17,28408;23,45596;17,69814;17,28408;17,28408;13,52822;23,22549;16,65127;21,17275;16,47744;16,47744;12,829;16,47744
"371";"1980-11-01";14,19229;15,36807;11,25283;12,52041;12,52041;14,19229;15,36807;11,41885;12,9208;11,25283;11,76846;14,64932;11,25283;14,19229;11,25283;12,52041;10,87979;12,44033;12,52041;12,66689;12,52041;14,34072;16,35049;12,44033;12,66689;12,44033;11,25283;11,74697;11,25283;12,52041;14,19229;10,87979;14,19229;10,87979;14,19229;12,52041;12,52041;14,34072;11,74697;11,74697;12,52041;11,76846;11,76846;12,66689;12,9208;14,5751;18,12783;14,5751;13,72744;14,99697;14,99697;20,50283;10,87979;14,5751;19,71182;14,99697;14,5751;14,99697;13,72744;13,72744;13,72744;12,9208;15,18057;20,50283;15,18057;18,12783;15,18057;20,17666;20,50283;14,99697;13,72744;14,5751;11,41885;13,72744;10,87979;11,41885;14,5751;18,12783;11,76846;15,18057;14,99697;14,5751;14,99697;12,9208;15,18057;13,72744;13,72744;18,12783;20,50283;12,9208;20,17666;12,9208;14,5751;20,50283;14,99697;14,5751;14,5751;11,41885;20,17666;14,64932;18,12783;13,72744;13,72744;10,87979;13,72744
"372";"1980-12-01";12,49941;13,5209;9,577539;10,96816;10,96816;12,49941;13,5209;9,825586;11,29434;9,577539;9,991602;12,94473;9,577539;12,49941;9,577539;10,96816;9,327539;10,64199;10,96816;10,94863;10,96816;12,87441;14,64199;10,64199;10,94863;10,64199;9,577539;9,868555;9,577539;10,96816;12,49941;9,327539;12,49941;9,327539;12,49941;10,96816;10,96816;12,87441;9,868555;9,868555;10,96816;9,991602;9,991602;10,94863;11,29434;13,19473;16,81973;13,19473;12,44277;13,62637;13,62637;19,33535;9,327539;13,19473;18,53262;13,62637;13,19473;13,62637;12,44277;12,44277;12,44277;11,29434;13,75332;19,33535;13,75332;16,81973;13,75332;18,94863;19,33535;13,62637;12,44277;13,19473;9,825586;12,44277;9,327539;9,825586;13,19473;16,81973;9,991602;13,75332;13,62637;13,19473;13,62637;11,29434;13,75332;12,44277;12,44277;16,81973;19,33535;11,29434;18,94863;11,29434;13,19473;19,33535;13,62637;13,19473;13,19473;9,825586;18,94863;12,94473;16,81973;12,44277;12,44277;9,327539;12,44277
"373";"1981-01-01";11,63516;13,12148;9,142969;9,998438;9,998438;11,63516;13,12148;9,44375;10,71914;9,142969;9,687891;12,6332;9,142969;11,63516;9,142969;9,998438;8,613672;10,14297;9,998438;10,20742;9,998438;11,77383;13,55703;10,14297;10,20742;10,14297;9,142969;9,305079;9,142969;9,998438;11,63516;8,613672;11,63516;8,613672;11,63516;9,998438;9,998438;11,77383;9,305079;9,305079;9,998438;9,687891;9,687891;10,20742;10,71914;12,1957;15,60977;12,1957;11,39883;12,65859;12,65859;18,13906;8,613672;12,1957;17,37539;12,65859;12,1957;12,65859;11,39883;11,39883;11,39883;10,71914;12,90469;18,13906;12,90469;15,60977;12,90469;17,90859;18,13906;12,65859;11,39883;12,1957;9,44375;11,39883;8,613672;9,44375;12,1957;15,60977;9,687891;12,90469;12,65859;12,1957;12,65859;10,71914;12,90469;11,39883;11,39883;15,60977;18,13906;10,71914;17,90859;10,71914;12,1957;18,13906;12,65859;12,1957;12,1957;9,44375;17,90859;12,6332;15,60977;11,39883;11,39883;8,613672;11,39883
"374";"1981-02-01";13,13833;14,40591;10,57192;11,62466;11,62466;13,13833;14,40591;10,77896;11,95864;10,57192;11,23208;13,67544;10,57192;13,13833;10,57192;11,62466;10,0231;11,72817;11,62466;12,03091;11,62466;13,5231;15,35122;11,72817;12,03091;11,72817;10,57192;11,20083;10,57192;11,62466;13,13833;10,0231;13,13833;10,0231;13,13833;11,62466;11,62466;13,5231;11,20083;11,20083;11,62466;11,23208;11,23208;12,03091;11,95864;13,77114;17,20278;13,77114;12,79849;14,10122;14,10122;19,59927;10,0231;13,77114;18,8356;14,10122;13,77114;14,10122;12,79849;12,79849;12,79849;11,95864;14,20669;19,59927;14,20669;17,20278;14,20669;19,36099;19,59927;14,10122;12,79849;13,77114;10,77896;12,79849;10,0231;10,77896;13,77114;17,20278;11,23208;14,20669;14,10122;13,77114;14,10122;11,95864;14,20669;12,79849;12,79849;17,20278;19,59927;11,95864;19,36099;11,95864;13,77114;19,59927;14,10122;13,77114;13,77114;10,77896;19,36099;13,67544;17,20278;12,79849;12,79849;10,0231;12,79849
"375";"1981-03-01";15,95596;17,47549;13,5165;14,08682;14,08682;15,95596;17,47549;14,03994;15,10244;13,5165;14,47744;17,00479;13,5165;15,95596;13,5165;14,08682;12,75088;14,61025;14,08682;14,49893;14,08682;15,85049;17,91689;14,61025;14,49893;14,61025;13,5165;13,99893;13,5165;14,08682;15,95596;12,75088;15,95596;12,75088;15,95596;14,08682;14,08682;15,85049;13,99893;13,99893;14,08682;14,47744;14,47744;14,49893;15,10244;16,17471;19,77432;16,17471;15,48721;16,62588;16,62588;22,02041;12,75088;16,17471;21,26064;16,62588;16,17471;16,62588;15,48721;15,48721;15,48721;15,10244;17,04385;22,02041;17,04385;19,77432;17,04385;21,76455;22,02041;16,62588;15,48721;16,17471;14,03994;15,48721;12,75088;14,03994;16,17471;19,77432;14,47744;17,04385;16,62588;16,17471;16,62588;15,10244;17,04385;15,48721;15,48721;19,77432;22,02041;15,10244;21,76455;15,10244;16,17471;22,02041;16,62588;16,17471;16,17471;14,03994;21,76455;17,00479;19,77432;15,48721;15,48721;12,75088;15,48721
"376";"1981-04-01";16,59023;18,08633;13,69766;14,62148;14,62148;16,59023;18,08633;14,40273;15,58438;13,69766;14,8793;17,60391;13,69766;16,59023;13,69766;14,62148;13,1918;14,93594;14,62148;15,42227;14,62148;16,72891;18,68789;14,93594;15,42227;14,93594;13,69766;14,82461;13,69766;14,62148;16,59023;13,1918;16,59023;13,1918;16,59023;14,62148;14,62148;16,72891;14,82461;14,82461;14,62148;14,8793;14,8793;15,42227;15,58438;17,57656;22,07461;17,57656;16,83438;18,0375;18,0375;24,58828;13,1918;17,57656;23,64492;18,0375;17,57656;18,0375;16,83438;16,83438;16,83438;15,58438;18,16836;24,58828;18,16836;22,07461;18,16836;24,35781;24,58828;18,0375;16,83438;17,57656;14,40273;16,83438;13,1918;14,40273;17,57656;22,07461;14,8793;18,16836;18,0375;17,57656;18,0375;15,58438;18,16836;16,83438;16,83438;22,07461;24,58828;15,58438;24,35781;15,58438;17,57656;24,58828;18,0375;17,57656;17,57656;14,40273;24,35781;17,60391;22,07461;16,83438;16,83438;13,1918;16,83438
"377";"1981-05-01";18,2521;20,00405;15,51187;16,13296;16,13296;18,2521;20,00405;16,41421;17,43765;15,51187;16,40054;19,57241;15,51187;18,2521;15,51187;16,13296;14,8478;16,42202;16,13296;16,54897;16,13296;17,8146;20,08218;16,42202;16,54897;16,42202;15,51187;15,98257;15,51187;16,13296;18,2521;14,8478;18,2521;14,8478;18,2521;16,13296;16,13296;17,8146;15,98257;15,98257;16,13296;16,40054;16,40054;16,54897;17,43765;19,59585;24,22671;19,59585;18,98062;19,83218;19,83218;26,27749;14,8478;19,59585;25,38491;19,83218;19,59585;19,83218;18,98062;18,98062;18,98062;17,43765;20,03335;26,27749;20,03335;24,22671;20,03335;26,14272;26,27749;19,83218;18,98062;19,59585;16,41421;18,98062;14,8478;16,41421;19,59585;24,22671;16,40054;20,03335;19,83218;19,59585;19,83218;17,43765;20,03335;18,98062;18,98062;24,22671;26,27749;17,43765;26,14272;17,43765;19,59585;26,27749;19,83218;19,59585;19,59585;16,41421;26,14272;19,57241;24,22671;18,98062;18,98062;14,8478;18,98062
"378";"1981-06-01";16,90396;18,15396;15,14028;15,37075;15,37075;16,90396;18,15396;15,44497;16,59146;15,14028;15,25356;18,03091;15,14028;16,90396;15,14028;15,37075;14,73989;15,41567;15,37075;15,93521;15,37075;16,95278;18,4606;15,41567;15,93521;15,41567;15,14028;15,23599;15,14028;15,37075;16,90396;14,73989;16,90396;14,73989;16,90396;15,37075;15,37075;16,95278;15,23599;15,23599;15,37075;15,25356;15,25356;15,93521;16,59146;19,39224;23,12466;19,39224;18,44497;19,62661;19,62661;25,13247;14,73989;19,39224;24,23989;19,62661;19,39224;19,62661;18,44497;18,44497;18,44497;16,59146;19,55239;25,13247;19,55239;23,12466;19,55239;25,03481;25,13247;19,62661;18,44497;19,39224;15,44497;18,44497;14,73989;15,44497;19,39224;23,12466;15,25356;19,55239;19,62661;19,39224;19,62661;16,59146;19,55239;18,44497;18,44497;23,12466;25,13247;16,59146;25,03481;16,59146;19,39224;25,13247;19,62661;19,39224;19,39224;15,44497;25,03481;18,03091;23,12466;18,44497;18,44497;14,73989;18,44497
"379";"1981-07-01";16,10684;17,2084;14,18301;14,49941;14,49941;16,10684;17,2084;14,56387;15,66934;14,18301;14,43887;17,05606;14,18301;16,10684;14,18301;14,49941;13,71231;14,63223;14,49941;15,23184;14,49941;16,29629;17,87051;14,63223;15,23184;14,63223;14,18301;14,47988;14,18301;14,49941;16,10684;13,71231;16,10684;13,71231;16,10684;14,49941;14,49941;16,29629;14,47988;14,47988;14,49941;14,43887;14,43887;15,23184;15,66934;18,62441;22,64199;18,62441;17,6752;18,85879;18,85879;24,83731;13,71231;18,62441;23,93496;18,85879;18,62441;18,85879;17,6752;17,6752;17,6752;15,66934;18,77285;24,83731;18,77285;22,64199;18,77285;24,65762;24,83731;18,85879;17,6752;18,62441;14,56387;17,6752;13,71231;14,56387;18,62441;22,64199;14,43887;18,77285;18,85879;18,62441;18,85879;15,66934;18,77285;17,6752;17,6752;22,64199;24,83731;15,66934;24,65762;15,66934;18,62441;24,83731;18,85879;18,62441;18,62441;14,56387;24,65762;17,05606;22,64199;17,6752;17,6752;13,71231;17,6752
"380";"1981-08-01";16,62197;17,95791;14,52627;14,94814;14,94814;16,62197;17,95791;14,78994;15,96182;14,52627;14,67861;17,55752;14,52627;16,62197;14,52627;14,94814;13,93447;15,34268;14,94814;15,91299;14,94814;16,88564;18,62979;15,34268;15,91299;15,34268;14,52627;14,67666;14,52627;14,94814;16,62197;13,93447;16,62197;13,93447;16,62197;14,94814;14,94814;16,88564;14,67666;14,67666;14,94814;14,67861;14,67861;15,91299;15,96182;18,80557;22,66104;18,80557;17,77822;19,05361;19,05361;24,85439;13,93447;18,80557;23,9833;19,05361;18,80557;19,05361;17,77822;17,77822;17,77822;15,96182;18,954;24,85439;18,954;22,66104;18,954;24,67471;24,85439;19,05361;17,77822;18,80557;14,78994;17,77822;13,93447;14,78994;18,80557;22,66104;14,67861;18,954;19,05361;18,80557;19,05361;15,96182;18,954;17,77822;17,77822;22,66104;24,85439;15,96182;24,67471;15,96182;18,80557;24,85439;19,05361;18,80557;18,80557;14,78994;24,67471;17,55752;22,66104;17,77822;17,77822;13,93447;17,77822
"381";"1981-09-01";16,21841;17,65981;14,08755;14,58755;14,58755;16,21841;17,65981;14,25356;15,74575;14,08755;14,07974;17,32583;14,08755;16,21841;14,08755;14,58755;13,74575;14,61685;14,58755;15,31216;14,58755;16,44302;17,99185;14,61685;15,31216;14,61685;14,08755;14,18325;14,08755;14,58755;16,21841;13,74575;16,21841;13,74575;16,21841;14,58755;14,58755;16,44302;14,18325;14,18325;14,58755;14,07974;14,07974;15,31216;15,74575;18,46255;22,31411;18,46255;17,41763;18,82778;18,82778;24,5895;13,74575;18,46255;23,77896;18,82778;18,46255;18,82778;17,41763;17,41763;17,41763;15,74575;18,7145;24,5895;18,7145;22,31411;18,7145;24,42349;24,5895;18,82778;17,41763;18,46255;14,25356;17,41763;13,74575;14,25356;18,46255;22,31411;14,07974;18,7145;18,82778;18,46255;18,82778;15,74575;18,7145;17,41763;17,41763;22,31411;24,5895;15,74575;24,42349;15,74575;18,46255;24,5895;18,82778;18,46255;18,46255;14,25356;24,42349;17,32583;22,31411;17,41763;17,41763;13,74575;17,41763
"382";"1981-10-01";16,10562;17,86147;13,84194;14,39663;14,39663;16,10562;17,86147;14,11343;15,35366;13,84194;14,14272;17,17788;13,84194;16,10562;13,84194;14,39663;13,30874;14,65835;14,39663;15,24038;14,39663;16,20718;17,88491;14,65835;15,24038;14,65835;13,84194;14,27554;13,84194;14,39663;16,10562;13,30874;16,10562;13,30874;16,10562;14,39663;14,39663;16,20718;14,27554;14,27554;14,39663;14,14272;14,14272;15,24038;15,35366;17,99819;21,88882;17,99819;17,07046;18,26772;18,26772;24,04116;13,30874;17,99819;23,30483;18,26772;17,99819;18,26772;17,07046;17,07046;17,07046;15,35366;18,20522;24,04116;18,20522;21,88882;18,20522;23,80679;24,04116;18,26772;17,07046;17,99819;14,11343;17,07046;13,30874;14,11343;17,99819;21,88882;14,14272;18,20522;18,26772;17,99819;18,26772;15,35366;18,20522;17,07046;17,07046;21,88882;24,04116;15,35366;23,80679;15,35366;17,99819;24,04116;18,26772;17,99819;17,99819;14,11343;23,80679;17,17788;21,88882;17,07046;17,07046;13,30874;17,07046
"383";"1981-11-01";13,87734;15,2543;11,45352;12,39492;12,39492;13,87734;15,2543;11,68203;12,85586;11,45352;11,41445;14,61953;11,45352;13,87734;11,45352;12,39492;10,92031;12,37539;12,39492;12,56875;12,39492;14,11758;15,89297;12,37539;12,56875;12,37539;11,45352;11,22109;11,45352;12,39492;13,87734;10,92031;13,87734;10,92031;13,87734;12,39492;12,39492;14,11758;11,22109;11,22109;12,39492;11,41445;11,41445;12,56875;12,85586;15,06289;19,05703;15,06289;14,36953;15,35977;15,35977;21,28359;10,92031;15,06289;20,6;15,35977;15,06289;15,35977;14,36953;14,36953;14,36953;12,85586;15,53945;21,28359;15,53945;19,05703;15,53945;20,94766;21,28359;15,35977;14,36953;15,06289;11,68203;14,36953;10,92031;11,68203;15,06289;19,05703;11,41445;15,53945;15,35977;15,06289;15,35977;12,85586;15,53945;14,36953;14,36953;19,05703;21,28359;12,85586;20,94766;12,85586;15,06289;21,28359;15,35977;15,06289;15,06289;11,68203;20,94766;14,61953;19,05703;14,36953;14,36953;10,92031;14,36953
"384";"1981-12-01";13,90884;15,60806;11,42056;12,07095;12,07095;13,90884;15,60806;11,7897;13,18423;11,42056;11,79165;15,00454;11,42056;13,90884;11,42056;12,07095;10,80532;12,22524;12,07095;12,24087;12,07095;13,71157;15,57485;12,22524;12,24087;12,22524;11,42056;11,31314;11,42056;12,07095;13,90884;10,80532;13,90884;10,80532;13,90884;12,07095;12,07095;13,71157;11,31314;11,31314;12,07095;11,79165;11,79165;12,24087;13,18423;14,84439;18,75454;14,84439;14,1061;15,14517;15,14517;20,63931;10,80532;14,84439;19,96548;15,14517;14,84439;15,14517;14,1061;14,1061;14,1061;13,18423;15,39321;20,63931;15,39321;18,75454;15,39321;20,44985;20,63931;15,14517;14,1061;14,84439;11,7897;14,1061;10,80532;11,7897;14,84439;18,75454;11,79165;15,39321;15,14517;14,84439;15,14517;13,18423;15,39321;14,1061;14,1061;18,75454;20,63931;13,18423;20,44985;13,18423;14,84439;20,63931;15,14517;14,84439;14,84439;11,7897;20,44985;15,00454;18,75454;14,1061;14,1061;10,80532;14,1061
"385";"1982-01-01";14,33291;15,81143;12,15127;12,66885;12,66885;14,33291;15,81143;12,80752;13,50674;12,15127;12,75674;15,2333;12,15127;14,33291;12,15127;12,66885;11,28018;13,16299;12,66885;13,04385;12,66885;14,24307;16,05361;13,16299;13,04385;13,16299;12,15127;12,12979;12,15127;12,66885;14,33291;11,28018;14,33291;11,28018;14,33291;12,66885;12,66885;14,24307;12,12979;12,12979;12,66885;12,75674;12,75674;13,04385;13,50674;14,9208;18,86416;14,9208;14,42275;15,18057;15,18057;20,55947;11,28018;14,9208;19,9208;15,18057;14,9208;15,18057;14,42275;14,42275;14,42275;13,50674;15,46963;20,55947;15,46963;18,86416;15,46963;20,35244;20,55947;15,18057;14,42275;14,9208;12,80752;14,42275;11,28018;12,80752;14,9208;18,86416;12,75674;15,46963;15,18057;14,9208;15,18057;13,50674;15,46963;14,42275;14,42275;18,86416;20,55947;13,50674;20,35244;13,50674;14,9208;20,55947;15,18057;14,9208;14,9208;12,80752;20,35244;15,2333;18,86416;14,42275;14,42275;11,28018;14,42275
"386";"1982-02-01";14,27285;15,8334;11,47988;12,36465;12,36465;14,27285;15,8334;12,1166;13,2709;11,47988;12,34902;15,22988;11,47988;14,27285;11,47988;12,36465;10,99356;12,54824;12,36465;12,72793;12,36465;14,11074;16,2377;12,54824;12,72793;12,54824;11,47988;12,07363;11,47988;12,36465;14,27285;10,99356;14,27285;10,99356;14,27285;12,36465;12,36465;14,11074;12,07363;12,07363;12,36465;12,34902;12,34902;12,72793;13,2709;14,70449;18,81191;14,70449;14,10879;15,08145;15,08145;20,88027;10,99356;14,70449;20,17129;15,08145;14,70449;15,08145;14,10879;14,10879;14,10879;13,2709;15,38809;20,88027;15,38809;18,81191;15,38809;20,63027;20,88027;15,08145;14,10879;14,70449;12,1166;14,10879;10,99356;12,1166;14,70449;18,81191;12,34902;15,38809;15,08145;14,70449;15,08145;13,2709;15,38809;14,10879;14,10879;18,81191;20,88027;13,2709;20,63027;13,2709;14,70449;20,88027;15,08145;14,70449;14,70449;12,1166;20,63027;15,22988;18,81191;14,10879;14,10879;10,99356;14,10879
"387";"1982-03-01";16,17568;17,69912;13,51748;14,30264;14,30264;16,17568;17,69912;14,20693;15,23232;13,51748;14,38272;17,27139;13,51748;16,17568;13,51748;14,30264;12,80459;14,54873;14,30264;14,64834;14,30264;16,0624;18,1835;14,54873;14,64834;14,54873;13,51748;14,09561;13,51748;14,30264;16,17568;12,80459;16,17568;12,80459;16,17568;14,30264;14,30264;16,0624;14,09561;14,09561;14,30264;14,38272;14,38272;14,64834;15,23232;16,83779;20,99795;16,83779;16,24209;17,22842;17,22842;23,25186;12,80459;16,83779;22,4042;17,22842;16,83779;17,22842;16,24209;16,24209;16,24209;15,23232;17,70889;23,25186;17,70889;20,99795;17,70889;22,94912;23,25186;17,22842;16,24209;16,83779;14,20693;16,24209;12,80459;14,20693;16,83779;20,99795;14,38272;17,70889;17,22842;16,83779;17,22842;15,23232;17,70889;16,24209;16,24209;20,99795;23,25186;15,23232;22,94912;15,23232;16,83779;23,25186;17,22842;16,83779;16,83779;14,20693;22,94912;17,27139;20,99795;16,24209;16,24209;12,80459;16,24209
"388";"1982-04-01";17,99429;19,88687;15,56655;16,14272;16,14272;17,99429;19,88687;16,39663;17,01382;15,56655;16,33022;19,25796;15,56655;17,99429;15,56655;16,14272;14,68569;16,49233;16,14272;16,48257;16,14272;17,88491;20,15835;16,49233;16,48257;16,49233;15,56655;15,85952;15,56655;16,14272;17,99429;14,68569;17,99429;14,68569;17,99429;16,14272;16,14272;17,88491;15,85952;15,85952;16,14272;16,33022;16,33022;16,48257;17,01382;19,08218;24,07827;19,08218;18,70718;19,38687;19,38687;25,83804;14,68569;19,08218;24,88882;19,38687;19,08218;19,38687;18,70718;18,70718;18,70718;17,01382;19,7189;25,83804;19,7189;24,07827;19,7189;25,62515;25,83804;19,38687;18,70718;19,08218;16,39663;18,70718;14,68569;16,39663;19,08218;24,07827;16,33022;19,7189;19,38687;19,08218;19,38687;17,01382;19,7189;18,70718;18,70718;24,07827;25,83804;17,01382;25,62515;17,01382;19,08218;25,83804;19,38687;19,08218;19,08218;16,39663;25,62515;19,25796;24,07827;18,70718;18,70718;14,68569;18,70718
"389";"1982-05-01";17,65908;19,24893;15,43447;15,95791;15,95791;17,65908;19,24893;15,77627;17,10244;15,43447;15,79189;18,97354;15,43447;17,65908;15,43447;15,95791;15,01064;16,03018;15,95791;16,3583;15,95791;17,47939;19,29971;16,03018;16,3583;16,03018;15,43447;15,7001;15,43447;15,95791;17,65908;15,01064;17,65908;15,01064;17,65908;15,95791;15,95791;17,47939;15,7001;15,7001;15,95791;15,79189;15,79189;16,3583;17,10244;19,29971;23,19424;19,29971;18,46182;19,74502;19,74502;25,58486;15,01064;19,29971;24,73721;19,74502;19,29971;19,74502;18,46182;18,46182;18,46182;17,10244;19,81924;25,58486;19,81924;23,19424;19,81924;25,35439;25,58486;19,74502;18,46182;19,29971;15,77627;18,46182;15,01064;15,77627;19,29971;23,19424;15,79189;19,81924;19,74502;19,29971;19,74502;17,10244;19,81924;18,46182;18,46182;23,19424;25,58486;17,10244;25,35439;17,10244;19,29971;25,58486;19,74502;19,29971;19,29971;15,77627;25,35439;18,97354;23,19424;18,46182;18,46182;15,01064;18,46182
"390";"1982-06-01";17,87319;19,5314;15,62905;16,18374;16,18374;17,87319;19,5314;16,17983;17,00796;15,62905;16,04312;19,06655;15,62905;17,87319;15,62905;16,18374;14,88687;16,56069;16,18374;17,0646;16,18374;18,10757;20,04702;16,56069;17,0646;16,56069;15,62905;15,9728;15,62905;16,18374;17,87319;14,88687;17,87319;14,88687;17,87319;16,18374;16,18374;18,10757;15,9728;15,9728;16,18374;16,04312;16,04312;17,0646;17,00796;19,46499;23,54312;19,46499;18,73843;19,85757;19,85757;26,04702;14,88687;19,46499;25,25601;19,85757;19,46499;19,85757;18,73843;18,73843;18,73843;17,00796;19,97866;26,04702;19,97866;23,54312;19,97866;25,70132;26,04702;19,85757;18,73843;19,46499;16,17983;18,73843;14,88687;16,17983;19,46499;23,54312;16,04312;19,97866;19,85757;19,46499;19,85757;17,00796;19,97866;18,73843;18,73843;23,54312;26,04702;17,00796;25,70132;17,00796;19,46499;26,04702;19,85757;19,46499;19,46499;16,17983;25,70132;19,06655;23,54312;18,73843;18,73843;14,88687;18,73843
"391";"1982-07-01";15,93789;17,55703;13,5707;14,09609;14,09609;15,93789;17,55703;14,12344;15,11758;13,5707;14,12539;17,0043;13,5707;15,93789;13,5707;14,09609;12,87344;14,5375;14,09609;15,29141;14,09609;16,29141;18,42031;14,5375;15,29141;14,5375;13,5707;14,18789;13,5707;14,09609;15,93789;12,87344;15,93789;12,87344;15,93789;14,09609;14,09609;16,29141;14,18789;14,18789;14,09609;14,12539;14,12539;15,29141;15,11758;18,07461;22,19375;18,07461;17,07266;18,27578;18,27578;24,41445;12,87344;18,07461;23,69375;18,27578;18,07461;18,27578;17,07266;17,07266;17,07266;15,11758;18,1918;24,41445;18,1918;22,19375;18,1918;24,16445;24,41445;18,27578;17,07266;18,07461;14,12344;17,07266;12,87344;14,12344;18,07461;22,19375;14,12539;18,1918;18,27578;18,07461;18,27578;15,11758;18,1918;17,07266;17,07266;22,19375;24,41445;15,11758;24,16445;15,11758;18,07461;24,41445;18,27578;18,07461;18,07461;14,12344;24,16445;17,0043;22,19375;17,07266;17,07266;12,87344;17,07266
"392";"1982-08-01";16,2189;17,76968;13,73452;14,41812;14,41812;16,2189;17,76968;14,33022;15,32827;13,73452;14,20718;17,2521;13,73452;16,2189;13,73452;14,41812;13,07241;14,77749;14,41812;15,52944;14,41812;16,80483;18,67983;14,77749;15,52944;14,77749;13,73452;14,16812;13,73452;14,41812;16,2189;13,07241;16,2189;13,07241;16,2189;14,41812;14,41812;16,80483;14,16812;14,16812;14,41812;14,20718;14,20718;15,52944;15,32827;18,23647;22,33022;18,23647;17,21108;18,59194;18,59194;24,75015;13,07241;18,23647;24,1603;18,59194;18,23647;18,59194;17,21108;17,21108;17,21108;15,32827;18,50405;24,75015;18,50405;22,33022;18,50405;24,25405;24,75015;18,59194;17,21108;18,23647;14,33022;17,21108;13,07241;14,33022;18,23647;22,33022;14,20718;18,50405;18,59194;18,23647;18,59194;15,32827;18,50405;17,21108;17,21108;22,33022;24,75015;15,32827;24,25405;15,32827;18,23647;24,75015;18,59194;18,23647;18,23647;14,33022;24,25405;17,2521;22,33022;17,21108;17,21108;13,07241;17,21108
"393";"1982-09-01";16,3771;17,91616;13,92397;14,69546;14,69546;16,3771;17,91616;14,23257;15,59976;13,92397;14,05483;17,4689;13,92397;16,3771;13,92397;14,69546;13,50405;14,67788;14,69546;15,35952;14,69546;16,85562;18,4728;14,67788;15,35952;14,67788;13,92397;14,1271;13,92397;14,69546;16,3771;13,50405;16,3771;13,50405;16,3771;14,69546;14,69546;16,85562;14,1271;14,1271;14,69546;14,05483;14,05483;15,35952;15,59976;18,30288;22,41421;18,30288;17,38882;18,63101;18,63101;24,52749;13,50405;18,30288;23,74233;18,63101;18,30288;18,63101;17,38882;17,38882;17,38882;15,59976;18,54312;24,52749;18,54312;22,41421;18,54312;24,21499;24,52749;18,63101;17,38882;18,30288;14,23257;17,38882;13,50405;14,23257;18,30288;22,41421;14,05483;18,54312;18,63101;18,30288;18,63101;15,59976;18,54312;17,38882;17,38882;22,41421;24,52749;15,59976;24,21499;15,59976;18,30288;24,52749;18,63101;18,30288;18,30288;14,23257;24,21499;17,4689;22,41421;17,38882;17,38882;13,50405;17,38882
"394";"1982-10-01";15,06143;16,53408;12,69424;13,41494;13,41494;15,06143;16,53408;12,95205;14,25479;12,69424;12,82119;16,00283;12,69424;15,06143;12,69424;13,41494;12,31924;13,30947;13,41494;13,95205;13,41494;15,36611;16,98721;13,30947;13,95205;13,30947;12,69424;12,8915;12,69424;13,41494;15,06143;12,31924;15,06143;12,31924;15,06143;13,41494;13,41494;15,36611;12,8915;12,8915;13,41494;12,82119;12,82119;13,95205;14,25479;16,91689;20,87979;16,91689;16,04971;17,24111;17,24111;23,204;12,31924;16,91689;22,34854;17,24111;16,91689;17,24111;16,04971;16,04971;16,04971;14,25479;17,204;23,204;17,204;20,87979;17,204;22,8915;23,204;17,24111;16,04971;16,91689;12,95205;16,04971;12,31924;12,95205;16,91689;20,87979;12,82119;17,204;17,24111;16,91689;17,24111;14,25479;17,204;16,04971;16,04971;20,87979;23,204;14,25479;22,8915;14,25479;16,91689;23,204;17,24111;16,91689;16,91689;12,95205;22,8915;16,00283;20,87979;16,04971;16,04971;12,31924;16,04971
"395";"1982-11-01";13,98672;15,41641;11,37734;12,28359;12,28359;13,98672;15,41641;11,77383;12,98086;11,37734;11,83828;14,91641;11,37734;13,98672;11,37734;12,28359;10,88125;12,35977;12,28359;12,61172;12,28359;14,16055;16,03555;12,35977;12,61172;12,35977;11,37734;11,67031;11,37734;12,28359;13,98672;10,88125;13,98672;10,88125;13,98672;12,28359;12,28359;14,16055;11,67031;11,67031;12,28359;11,83828;11,83828;12,61172;12,98086;15,05703;18,99258;15,05703;14,33633;15,40664;15,40664;21,3168;10,88125;15,05703;20,58438;15,40664;15,05703;15,40664;14,33633;14,33633;14,33633;12,98086;15,58438;21,3168;15,58438;18,99258;15,58438;21,02383;21,3168;15,40664;14,33633;15,05703;11,77383;14,33633;10,88125;11,77383;15,05703;18,99258;11,83828;15,58438;15,40664;15,05703;15,40664;12,98086;15,58438;14,33633;14,33633;18,99258;21,3168;12,98086;21,02383;12,98086;15,05703;21,3168;15,40664;15,05703;15,05703;11,77383;21,02383;14,91641;18,99258;14,33633;14,33633;10,88125;14,33633
"396";"1982-12-01";12,68691;14,41543;10,39004;10,95254;10,95254;12,68691;14,41543;10,86465;11,95449;10,39004;10,99356;13,84902;10,39004;12,68691;10,39004;10,95254;9,780664;11,16934;10,95254;11,22988;10,95254;12,71231;14,52676;11,16934;11,22988;11,16934;10,39004;10,63027;10,39004;10,95254;12,68691;9,780664;12,68691;9,780664;12,68691;10,95254;10,95254;12,71231;10,63027;10,63027;10,95254;10,99356;10,99356;11,22988;11,95449;13,89981;17,65957;13,89981;13,19277;14,25332;14,25332;19,76309;9,780664;13,89981;19,06777;14,25332;13,89981;14,25332;13,19277;13,19277;13,19277;11,95449;14,43887;19,76309;14,43887;17,65957;14,43887;19,47207;19,76309;14,25332;13,19277;13,89981;10,86465;13,19277;9,780664;10,86465;13,89981;17,65957;10,99356;14,43887;14,25332;13,89981;14,25332;11,95449;14,43887;13,19277;13,19277;17,65957;19,76309;11,95449;19,47207;11,95449;13,89981;19,76309;14,25332;13,89981;13,89981;10,86465;19,47207;13,84902;17,65957;13,19277;13,19277;9,780664;13,19277
"397";"1983-01-01";11,77993;13,10024;9,494776;10,12954;10,12954;11,77993;13,10024;9,895166;10,98306;9,494776;10,15298;12,69204;9,494776;11,77993;9,494776;10,12954;8,912745;10,49868;10,12954;10,44204;10,12954;11,75649;13,67837;10,49868;10,44204;10,49868;9,494776;9,705713;9,494776;10,12954;11,77993;8,912745;11,77993;8,912745;11,77993;10,12954;10,12954;11,75649;9,705713;9,705713;10,12954;10,15298;10,15298;10,44204;10,98306;12,61782;16,14126;12,61782;11,81314;13,05728;13,05728;18,57876;8,912745;12,61782;17,80337;13,05728;12,61782;13,05728;11,81314;11,81314;11,81314;10,98306;13,31704;18,57876;13,31704;16,14126;13,31704;18,25649;18,57876;13,05728;11,81314;12,61782;9,895166;11,81314;8,912745;9,895166;12,61782;16,14126;10,15298;13,31704;13,05728;12,61782;13,05728;10,98306;13,31704;11,81314;11,81314;16,14126;18,57876;10,98306;18,25649;10,98306;12,61782;18,57876;13,05728;12,61782;12,61782;9,895166;18,25649;12,69204;16,14126;11,81314;11,81314;8,912745;11,81314
"398";"1983-02-01";12,69473;14,49551;10,82949;10,6459;10,6459;12,69473;14,49551;11,5541;12,18691;10,82949;11,57363;14,09512;10,82949;12,69473;10,82949;10,6459;9,847071;11,33731;10,6459;10,76113;10,6459;11,95059;14,25137;11,33731;10,76113;11,33731;10,82949;10,63223;10,82949;10,6459;12,69473;9,847071;12,69473;9,847071;12,69473;10,6459;10,6459;11,95059;10,63223;10,63223;10,6459;11,57363;11,57363;10,76113;12,18691;13,16738;16,84902;13,16738;12,69082;13,56582;13,56582;18,89004;9,847071;13,16738;18,25137;13,56582;13,16738;13,56582;12,69082;12,69082;12,69082;12,18691;14,05801;18,89004;14,05801;16,84902;14,05801;18,67129;18,89004;13,56582;12,69082;13,16738;11,5541;12,69082;9,847071;11,5541;13,16738;16,84902;11,57363;14,05801;13,56582;13,16738;13,56582;12,18691;14,05801;12,69082;12,69082;16,84902;18,89004;12,18691;18,67129;12,18691;13,16738;18,89004;13,56582;13,16738;13,16738;11,5541;18,67129;14,09512;16,84902;12,69082;12,69082;9,847071;12,69082
"399";"1983-03-01";14,93496;16,70059;13,3041;12,85684;12,85684;14,93496;16,70059;13,94473;14,52676;13,3041;13,73379;16,48965;13,3041;14,93496;13,3041;12,85684;12,16152;13,58535;12,85684;12,95254;12,85684;14,2084;16,58535;13,58535;12,95254;13,58535;13,3041;12,7416;13,3041;12,85684;14,93496;12,16152;14,93496;12,16152;14,93496;12,85684;12,85684;14,2084;12,7416;12,7416;12,85684;13,73379;13,73379;12,95254;14,52676;15,55215;19,26504;15,55215;15,00527;16,00527;16,00527;21,49746;12,16152;15,55215;20,86465;16,00527;15,55215;16,00527;15,00527;15,00527;15,00527;14,52676;16,62246;21,49746;16,62246;19,26504;16,62246;21,10293;21,49746;16,00527;15,00527;15,55215;13,94473;15,00527;12,16152;13,94473;15,55215;19,26504;13,73379;16,62246;16,00527;15,55215;16,00527;14,52676;16,62246;15,00527;15,00527;19,26504;21,49746;14,52676;21,10293;14,52676;15,55215;21,49746;16,00527;15,55215;15,55215;13,94473;21,10293;16,48965;19,26504;15,00527;15,00527;12,16152;15,00527
"400";"1983-04-01";17,59194;19,12515;15,85171;15,62319;15,62319;17,59194;19,12515;16,43765;16,76968;15,85171;16,49429;18,7228;15,85171;17,59194;15,85171;15,62319;14,51187;16,64272;15,62319;16,08218;15,62319;17,12319;19,4396;16,64272;16,08218;16,64272;15,85171;15,62905;15,85171;15,62319;17,59194;14,51187;17,59194;14,51187;17,59194;15,62319;15,62319;17,12319;15,62905;15,62905;15,62319;16,49429;16,49429;16,08218;16,76968;17,27554;21,19155;17,27554;16,94155;17,61538;17,61538;22,92202;14,51187;17,27554;22,26577;17,61538;17,27554;17,61538;16,94155;16,94155;16,94155;16,76968;18,24624;22,92202;18,24624;21,19155;18,24624;22,7228;22,92202;17,61538;16,94155;17,27554;16,43765;16,94155;14,51187;16,43765;17,27554;21,19155;16,49429;18,24624;17,61538;17,27554;17,61538;16,76968;18,24624;16,94155;16,94155;21,19155;22,92202;16,76968;22,7228;16,76968;17,27554;22,92202;17,61538;17,27554;17,27554;16,43765;22,7228;18,7228;21,19155;16,94155;16,94155;14,51187;16,94155
"401";"1983-05-01";19,50674;21,12393;17,02627;17,43057;17,43057;19,50674;21,12393;18,13369;18,58291;17,02627;18,14736;20,61611;17,02627;19,50674;17,02627;17,43057;16,18643;18,19033;17,43057;18,13955;17,43057;19,28604;21,61025;18,19033;18,13955;18,19033;17,02627;17,60244;17,02627;17,43057;19,50674;16,18643;19,50674;16,18643;19,50674;17,43057;17,43057;19,28604;17,60244;17,60244;17,43057;18,14736;18,14736;18,13955;18,58291;20,20596;24,55947;20,20596;19,87783;20,7001;20,7001;26,84658;16,18643;20,20596;25,93057;20,7001;20,20596;20,7001;19,87783;19,87783;19,87783;18,58291;21,11221;26,84658;21,11221;24,55947;21,11221;26,60049;26,84658;20,7001;19,87783;20,20596;18,13369;19,87783;16,18643;18,13369;20,20596;24,55947;18,14736;21,11221;20,7001;20,20596;20,7001;18,58291;21,11221;19,87783;19,87783;24,55947;26,84658;18,58291;26,60049;18,58291;20,20596;26,84658;20,7001;20,20596;20,20596;18,13369;26,60049;20,61611;24,55947;19,87783;19,87783;16,18643;19,87783
"402";"1983-06-01";18,34463;19,77822;16,0458;16,76846;16,76846;18,34463;19,77822;16,65908;17,45205;16,0458;16,84854;19,37393;16,0458;18,34463;16,0458;16,76846;15,41885;17,18447;16,76846;17,53408;16,76846;18,48135;20,15322;17,18447;17,53408;17,18447;16,0458;16,73135;16,0458;16,76846;18,34463;15,41885;18,34463;15,41885;18,34463;16,76846;16,76846;18,48135;16,73135;16,73135;16,76846;16,84854;16,84854;17,53408;17,45205;19,75674;23,72354;19,75674;18,9833;20,14736;20,14736;26,19424;15,41885;19,75674;25,29971;20,14736;19,75674;20,14736;18,9833;18,9833;18,9833;17,45205;20,21963;26,19424;20,21963;23,72354;20,21963;25,99111;26,19424;20,14736;18,9833;19,75674;16,65908;18,9833;15,41885;16,65908;19,75674;23,72354;16,84854;20,21963;20,14736;19,75674;20,14736;17,45205;20,21963;18,9833;18,9833;23,72354;26,19424;17,45205;25,99111;17,45205;19,75674;26,19424;20,14736;19,75674;19,75674;16,65908;25,99111;19,37393;23,72354;18,9833;18,9833;15,41885;18,9833
"403";"1983-07-01";16,2875;17,44375;14,07656;14,74063;14,74063;16,2875;17,44375;14,48477;15,57266;14,07656;14,46523;17,15664;14,07656;16,2875;14,07656;14,74063;13,59609;14,79531;14,74063;15,41641;14,74063;16,70742;18,45742;14,79531;15,41641;14,79531;14,07656;14,5043;14,07656;14,74063;16,2875;13,59609;16,2875;13,59609;16,2875;14,74063;14,74063;16,70742;14,5043;14,5043;14,74063;14,46523;14,46523;15,41641;15,57266;18,51016;22,60781;18,51016;17,55313;18,76406;18,76406;24,60977;13,59609;18,51016;23,63125;18,76406;18,51016;18,76406;17,55313;17,55313;17,55313;15,57266;18,6;24,60977;18,6;22,60781;18,6;24,52773;24,60977;18,76406;17,55313;18,51016;14,48477;17,55313;13,59609;14,48477;18,51016;22,60781;14,46523;18,6;18,76406;18,51016;18,76406;15,57266;18,6;17,55313;17,55313;22,60781;24,60977;15,57266;24,52773;15,57266;18,51016;24,60977;18,76406;18,51016;18,51016;14,48477;24,52773;17,15664;22,60781;17,55313;17,55313;13,59609;17,55313
"404";"1983-08-01";17,01235;18,51821;14,3561;15,20181;15,20181;17,01235;18,51821;14,77407;15,93814;14,3561;14,77993;17,8854;14,3561;17,01235;14,3561;15,20181;13,79556;15,39517;15,20181;16,01821;15,20181;17,25064;19,37759;15,39517;16,01821;15,39517;14,3561;14,80337;14,3561;15,20181;17,01235;13,79556;17,01235;13,79556;17,01235;15,20181;15,20181;17,25064;14,80337;14,80337;15,20181;14,77993;14,77993;16,01821;15,93814;18,70767;22,79165;18,70767;17,76626;19,11978;19,11978;25,23696;13,79556;18,70767;24,37759;19,11978;18,70767;19,11978;17,76626;17,76626;17,76626;15,93814;19,10806;25,23696;19,10806;22,79165;19,10806;24,92056;25,23696;19,11978;17,76626;18,70767;14,77407;17,76626;13,79556;14,77407;18,70767;22,79165;14,77993;19,10806;19,11978;18,70767;19,11978;15,93814;19,10806;17,76626;17,76626;22,79165;25,23696;15,93814;24,92056;15,93814;18,70767;25,23696;19,11978;18,70767;18,70767;14,77407;24,92056;17,8854;22,79165;17,76626;17,76626;13,79556;17,76626
"405";"1983-09-01";16,54141;18,13906;14,24648;14,76992;14,76992;16,54141;18,13906;14,58047;15,80117;14,24648;14,42227;17,54531;14,24648;16,54141;14,24648;14,76992;13,83047;14,70547;14,76992;15,23477;14,76992;16,56094;18,30508;14,70547;15,23477;14,70547;14,24648;14,37148;14,24648;14,76992;16,54141;13,83047;16,54141;13,83047;16,54141;14,76992;14,76992;16,56094;14,37148;14,37148;14,76992;14,42227;14,42227;15,23477;15,80117;18,69766;22,58828;18,69766;17,67031;19,08633;19,08633;24,83047;13,83047;18,69766;23,98477;19,08633;18,69766;19,08633;17,67031;17,67031;17,67031;15,80117;18,86563;24,83047;18,86563;22,58828;18,86563;24,67227;24,83047;19,08633;17,67031;18,69766;14,58047;17,67031;13,83047;14,58047;18,69766;22,58828;14,42227;18,86563;19,08633;18,69766;19,08633;15,80117;18,86563;17,67031;17,67031;22,58828;24,83047;15,80117;24,67227;15,80117;18,69766;24,83047;19,08633;18,69766;18,69766;14,58047;24,67227;17,54531;22,58828;17,67031;17,67031;13,83047;17,67031
"406";"1983-10-01";15,52871;16,73379;12,76309;13,84316;13,84316;15,52871;16,73379;12,89981;14,37637;12,76309;12,83731;16,17324;12,76309;15,52871;12,76309;13,84316;12,33926;13,68301;13,84316;14,31777;13,84316;16,0502;17,94082;13,68301;14,31777;13,68301;12,76309;12,91738;12,76309;13,84316;15,52871;12,33926;15,52871;12,33926;15,52871;13,84316;13,84316;16,0502;12,91738;12,91738;13,84316;12,83731;12,83731;14,31777;14,37637;17,05996;21,01699;17,05996;16,02481;17,44668;17,44668;23,45645;12,33926;17,05996;22,61074;17,44668;17,05996;17,44668;16,02481;16,02481;16,02481;14,37637;17,37246;23,45645;17,37246;21,01699;17,37246;23,16543;23,45645;17,44668;16,02481;17,05996;12,89981;16,02481;12,33926;12,89981;17,05996;21,01699;12,83731;17,37246;17,44668;17,05996;17,44668;14,37637;17,37246;16,02481;16,02481;21,01699;23,45645;14,37637;23,16543;14,37637;17,05996;23,45645;17,44668;17,05996;17,05996;12,89981;23,16543;16,17324;21,01699;16,02481;16,02481;12,33926;16,02481
"407";"1983-11-01";14,75552;16,45474;12,68325;13,03872;13,03872;14,75552;16,45474;13,06216;14,26919;12,68325;12,93521;16,24185;12,68325;14,75552;12,68325;13,03872;12,0856;13,44302;13,03872;13,44888;13,03872;14,62466;16,59341;13,44302;13,44888;13,44302;12,68325;12,5563;12,68325;13,03872;14,75552;12,0856;14,75552;12,0856;14,75552;13,03872;13,03872;14,62466;12,5563;12,5563;13,03872;12,93521;12,93521;13,44888;14,26919;16,53091;20,47622;16,53091;15,79653;16,94106;16,94106;22,53481;12,0856;16,53091;21,89614;16,94106;16,53091;16,94106;15,79653;15,79653;15,79653;14,26919;17,22427;22,53481;17,22427;20,47622;17,22427;22,22036;22,53481;16,94106;15,79653;16,53091;13,06216;15,79653;12,0856;13,06216;16,53091;20,47622;12,93521;17,22427;16,94106;16,53091;16,94106;14,26919;17,22427;15,79653;15,79653;20,47622;22,53481;14,26919;22,22036;14,26919;16,53091;22,53481;16,94106;16,53091;16,53091;13,06216;22,22036;16,24185;20,47622;15,79653;15,79653;12,0856;15,79653
"408";"1983-12-01";13,17129;14,79238;10,74746;11,37441;11,37441;13,17129;14,79238;11,14395;12,46231;10,74746;11,11074;14,35879;10,74746;13,17129;10,74746;11,37441;10,2377;11,57363;11,37441;11,66934;11,37441;13,11074;15,11074;11,57363;11,66934;11,57363;10,74746;10,79434;10,74746;11,37441;13,17129;10,2377;13,17129;10,2377;13,17129;11,37441;11,37441;13,11074;10,79434;10,79434;11,37441;11,11074;11,11074;11,66934;12,46231;14,51309;18,56191;14,51309;13,74941;14,91934;14,91934;20,55606;10,2377;14,51309;19,93887;14,91934;14,51309;14,91934;13,74941;13,74941;13,74941;12,46231;15,22402;20,55606;15,22402;18,56191;15,22402;20,18301;20,55606;14,91934;13,74941;14,51309;11,14395;13,74941;10,2377;11,14395;14,51309;18,56191;11,11074;15,22402;14,91934;14,51309;14,91934;12,46231;15,22402;13,74941;13,74941;18,56191;20,55606;12,46231;20,18301;12,46231;14,51309;20,55606;14,91934;14,51309;14,51309;11,14395;20,18301;14,35879;18,56191;13,74941;13,74941;10,2377;13,74941
"409";"1984-01-01";12,10147;13,39053;9,663965;10,45107;10,45107;12,10147;13,39053;10,02529;11,2499;9,663965;10,32803;13,04092;9,663965;12,10147;9,663965;10,45107;9,109278;10,70693;10,45107;10,85732;10,45107;12,08584;13,83193;10,70693;10,85732;10,70693;9,663965;10,04678;9,663965;10,45107;12,10147;9,109278;12,10147;9,109278;12,10147;10,45107;10,45107;12,08584;10,04678;10,04678;10,45107;10,32803;10,32803;10,85732;11,2499;12,64053;15,91006;12,64053;11,81436;13,121;13,121;18,57022;9,109278;12,64053;17,8417;13,121;12,64053;13,121;11,81436;11,81436;11,81436;11,2499;13,40615;18,57022;13,40615;15,91006;13,40615;18,20889;18,57022;13,121;11,81436;12,64053;10,02529;11,81436;9,109278;10,02529;12,64053;15,91006;10,32803;13,40615;13,121;12,64053;13,121;11,2499;13,40615;11,81436;11,81436;15,91006;18,57022;11,2499;18,20889;11,2499;12,64053;18,57022;13,121;12,64053;12,64053;10,02529;18,20889;13,04092;15,91006;11,81436;11,81436;9,109278;11,81436
"410";"1984-02-01";13,62246;15,1166;10,95449;11,66152;11,66152;13,62246;15,1166;11,27871;12,60293;10,95449;11,56191;14,50137;10,95449;13,62246;10,95449;11,66152;10,28848;11,92324;11,66152;11,79043;11,66152;13,22793;15,4916;11,92324;11,79043;11,92324;10,95449;11,02871;10,95449;11,66152;13,62246;10,28848;13,62246;10,28848;13,62246;11,66152;11,66152;13,22793;11,02871;11,02871;11,66152;11,56191;11,56191;11,79043;12,60293;13,7084;17,17715;13,7084;12,97207;14,07363;14,07363;19,39981;10,28848;13,7084;18,68301;14,07363;13,7084;14,07363;12,97207;12,97207;12,97207;12,60293;14,39004;19,39981;14,39004;17,17715;14,39004;19,16738;19,39981;14,07363;12,97207;13,7084;11,27871;12,97207;10,28848;11,27871;13,7084;17,17715;11,56191;14,39004;14,07363;13,7084;14,07363;12,60293;14,39004;12,97207;12,97207;17,17715;19,39981;12,60293;19,16738;12,60293;13,7084;19,39981;14,07363;13,7084;13,7084;11,27871;19,16738;14,50137;17,17715;12,97207;12,97207;10,28848;12,97207
"411";"1984-03-01";16,05386;17,65347;13,7355;14,09292;14,09292;16,05386;17,65347;14,36245;14,94253;13,7355;14,4855;16,87808;13,7355;16,05386;13,7355;14,09292;12,59683;14,64956;14,09292;14,13394;14,09292;15,62808;17,99722;14,64956;14,13394;14,64956;13,7355;13,59292;13,7355;14,09292;16,05386;12,59683;16,05386;12,59683;16,05386;14,09292;14,09292;15,62808;13,59292;13,59292;14,09292;14,4855;14,4855;14,13394;14,94253;15,63784;19,29409;15,63784;15,09292;16,01284;16,01284;21,58315;12,59683;15,63784;20,85464;16,01284;15,63784;16,01284;15,09292;15,09292;15,09292;14,94253;16,52651;21,58315;16,52651;19,29409;16,52651;21,2648;21,58315;16,01284;15,09292;15,63784;14,36245;15,09292;12,59683;14,36245;15,63784;19,29409;14,4855;16,52651;16,01284;15,63784;16,01284;14,94253;16,52651;15,09292;15,09292;19,29409;21,58315;14,94253;21,2648;14,94253;15,63784;21,58315;16,01284;15,63784;15,63784;14,36245;21,2648;16,87808;19,29409;15,09292;15,09292;12,59683;15,09292
"412";"1984-04-01";18,74624;20,65249;16,16226;16,63296;16,63296;18,74624;20,65249;17,02554;17,56069;16,16226;17,02358;19,97085;16,16226;18,74624;16,16226;16,63296;15,10171;17,1564;16,63296;16,8439;16,63296;18,40835;20,72866;17,1564;16,8439;17,1564;16,16226;16,19155;16,16226;16,63296;18,74624;15,10171;18,74624;15,10171;18,74624;16,63296;16,63296;18,40835;16,19155;16,19155;16,63296;17,02358;17,02358;16,8439;17,56069;18,51187;23,30679;18,51187;18,15249;18,90835;18,90835;24,97476;15,10171;18,51187;24,15054;18,90835;18,51187;18,90835;18,15249;18,15249;18,15249;17,56069;19,53335;24,97476;19,53335;23,30679;19,53335;24,85952;24,97476;18,90835;18,15249;18,51187;17,02554;18,15249;15,10171;17,02554;18,51187;23,30679;17,02358;19,53335;18,90835;18,51187;18,90835;17,56069;19,53335;18,15249;18,15249;23,30679;24,97476;17,56069;24,85952;17,56069;18,51187;24,97476;18,90835;18,51187;18,51187;17,02554;24,85952;19,97085;23,30679;18,15249;18,15249;15,10171;18,15249
"413";"1984-05-01";16,36685;17,92153;13,92544;14,43325;14,43325;16,36685;17,92153;14,43911;15,7731;13,92544;14,13833;17,66567;13,92544;16,36685;13,92544;14,43325;13,48208;14,28091;14,43325;14,53481;14,43325;16,14614;18,23599;14,28091;14,53481;14,28091;13,92544;13,78286;13,92544;14,43325;16,36685;13,48208;16,36685;13,48208;16,36685;14,43325;14,43325;16,14614;13,78286;13,78286;14,43325;14,13833;14,13833;14,53481;15,7731;18,40786;23,17935;18,40786;17,50747;18,70669;18,70669;25,10903;13,48208;18,40786;24,17349;18,70669;18,40786;18,70669;17,50747;17,50747;17,50747;15,7731;18,85513;25,10903;18,85513;23,17935;18,85513;25,06021;25,10903;18,70669;17,50747;18,40786;14,43911;17,50747;13,48208;14,43911;18,40786;23,17935;14,13833;18,85513;18,70669;18,40786;18,70669;15,7731;18,85513;17,50747;17,50747;23,17935;25,10903;15,7731;25,06021;15,7731;18,40786;25,10903;18,70669;18,40786;18,40786;14,43911;25,06021;17,66567;23,17935;17,50747;17,50747;13,48208;17,50747
"414";"1984-06-01";16,14224;17,46646;14,20083;14,45278;14,45278;16,14224;17,46646;14,59927;15,70669;14,20083;14,50552;17,2731;14,20083;16,14224;14,20083;14,45278;13,73403;14,61294;14,45278;15,17739;14,45278;16,11294;17,75942;14,61294;15,17739;14,61294;14,20083;14,56021;14,20083;14,45278;16,14224;13,73403;16,14224;13,73403;16,14224;14,45278;14,45278;16,11294;14,56021;14,56021;14,45278;14,50552;14,50552;15,17739;15,70669;18,39419;22,32583;18,39419;17,53481;18,70864;18,70864;24,54067;13,73403;18,39419;23,64224;18,70864;18,39419;18,70864;17,53481;17,53481;17,53481;15,70669;18,71646;24,54067;18,71646;22,32583;18,71646;24,40396;24,54067;18,70864;17,53481;18,39419;14,59927;17,53481;13,73403;14,59927;18,39419;22,32583;14,50552;18,71646;18,70864;18,39419;18,70864;15,70669;18,71646;17,53481;17,53481;22,32583;24,54067;15,70669;24,40396;15,70669;18,39419;24,54067;18,70864;18,39419;18,39419;14,59927;24,40396;17,2731;22,32583;17,53481;17,53481;13,73403;17,53481
"415";"1984-07-01";15,66812;16,9064;13,58022;13,97476;13,97476;15,66812;16,9064;13,8771;15,17397;13,58022;13,76187;16,69937;13,58022;15,66812;13,58022;13,97476;13,14663;14,11929;13,97476;14,73843;13,97476;15,75991;17,41616;14,11929;14,73843;14,11929;13,58022;13,82046;13,58022;13,97476;15,66812;13,14663;15,66812;13,14663;15,66812;13,97476;13,97476;15,75991;13,82046;13,82046;13,97476;13,76187;13,76187;14,73843;15,17397;17,99819;22,00796;17,99819;16,98843;18,34976;18,34976;24,28335;13,14663;17,99819;23,40054;18,34976;17,99819;18,34976;16,98843;16,98843;16,98843;15,17397;18,30874;24,28335;18,30874;22,00796;18,30874;24,10757;24,28335;18,34976;16,98843;17,99819;13,8771;16,98843;13,14663;13,8771;17,99819;22,00796;13,76187;18,30874;18,34976;17,99819;18,34976;15,17397;18,30874;16,98843;16,98843;22,00796;24,28335;15,17397;24,10757;15,17397;17,99819;24,28335;18,34976;17,99819;17,99819;13,8771;24,10757;16,69937;22,00796;16,98843;16,98843;13,14663;16,98843
"416";"1984-08-01";15,46304;16,76577;13,41226;13,84194;13,84194;15,46304;16,76577;13,73257;15,00601;13,41226;13,59585;16,61538;13,41226;15,46304;13,41226;13,84194;13,02554;13,93569;13,84194;14,54702;13,84194;15,61147;17,20522;13,93569;14,54702;13,93569;13,41226;13,65444;13,41226;13,84194;15,46304;13,02554;15,46304;13,02554;15,46304;13,84194;13,84194;15,61147;13,65444;13,65444;13,84194;13,59585;13,59585;14,54702;15,00601;17,9103;21,95913;17,9103;16,88296;18,24429;18,24429;24,27163;13,02554;17,9103;23,35952;18,24429;17,9103;18,24429;16,88296;16,88296;16,88296;15,00601;18,17593;24,27163;18,17593;21,95913;18,17593;24,09585;24,27163;18,24429;16,88296;17,9103;13,73257;16,88296;13,02554;13,73257;17,9103;21,95913;13,59585;18,17593;18,24429;17,9103;18,24429;15,00601;18,17593;16,88296;16,88296;21,95913;24,27163;15,00601;24,09585;15,00601;17,9103;24,27163;18,24429;17,9103;17,9103;13,73257;24,09585;16,61538;21,95913;16,88296;16,88296;13,02554;16,88296
"417";"1984-09-01";15,28042;16,6144;13,40737;13,65542;13,65542;15,28042;16,6144;13,48159;15,01284;13,40737;13,18862;16,49331;13,40737;15,28042;13,40737;13,65542;13,1437;13,54214;13,65542;13,9855;13,65542;15,21987;16,85464;13,54214;13,9855;13,54214;13,40737;13,13198;13,40737;13,65542;15,28042;13,1437;15,28042;13,1437;15,28042;13,65542;13,65542;15,21987;13,13198;13,13198;13,65542;13,18862;13,18862;13,9855;15,01284;17,69253;21,44644;17,69253;16,65151;18,08706;18,08706;23,54409;13,1437;17,69253;22,7648;18,08706;17,69253;18,08706;16,65151;16,65151;16,65151;15,01284;18,01675;23,54409;18,01675;21,44644;18,01675;23,34878;23,54409;18,08706;16,65151;17,69253;13,48159;16,65151;13,1437;13,48159;17,69253;21,44644;13,18862;18,01675;18,08706;17,69253;18,08706;15,01284;18,01675;16,65151;16,65151;21,44644;23,54409;15,01284;23,34878;15,01284;17,69253;23,54409;18,08706;17,69253;17,69253;13,48159;23,34878;16,49331;21,44644;16,65151;16,65151;13,1437;16,65151
"418";"1984-10-01";15,82217;17,29092;13,91201;14,24209;14,24209;15,82217;17,29092;14,27334;15,3417;13,91201;14,19717;17,1542;13,91201;15,82217;13,91201;14,24209;13,25186;14,88662;14,24209;15,26357;14,24209;15,99014;17,66201;14,88662;15,26357;14,88662;13,91201;14,15225;13,91201;14,24209;15,82217;13,25186;15,82217;13,25186;15,82217;14,24209;14,24209;15,99014;14,15225;14,15225;14,24209;14,19717;14,19717;15,26357;15,3417;17,85342;21,92568;17,85342;17,15225;18,17178;18,17178;24,25576;13,25186;17,85342;23,59561;18,17178;17,85342;18,17178;17,15225;17,15225;17,15225;15,3417;18,28897;24,25576;18,28897;21,92568;18,28897;24,00186;24,25576;18,17178;17,15225;17,85342;14,27334;17,15225;13,25186;14,27334;17,85342;21,92568;14,19717;18,28897;18,17178;17,85342;18,17178;15,3417;18,28897;17,15225;17,15225;21,92568;24,25576;15,3417;24,00186;15,3417;17,85342;24,25576;18,17178;17,85342;17,85342;14,27334;24,00186;17,1542;21,92568;17,15225;17,15225;13,25186;17,15225
"419";"1984-11-01";13,5082;14,84414;11,17227;12,00625;12,00625;13,5082;14,84414;11,50625;12,72305;11,17227;11,26406;14,48867;11,17227;13,5082;11,17227;12,00625;10,69766;12,02383;12,00625;12,30703;12,00625;13,76992;15,40664;12,02383;12,30703;12,02383;11,17227;11,06875;11,17227;12,00625;13,5082;10,69766;13,5082;10,69766;13,5082;12,00625;12,00625;13,76992;11,06875;11,06875;12,00625;11,26406;11,26406;12,30703;12,72305;14,88125;18,97109;14,88125;14,25625;15,17617;15,17617;21,08828;10,69766;14,88125;20,36758;15,17617;14,88125;15,17617;14,25625;14,25625;14,25625;12,72305;15,30117;21,08828;15,30117;18,97109;15,30117;20,83047;21,08828;15,17617;14,25625;14,88125;11,50625;14,25625;10,69766;11,50625;14,88125;18,97109;11,26406;15,30117;15,17617;14,88125;15,17617;12,72305;15,30117;14,25625;14,25625;18,97109;21,08828;12,72305;20,83047;12,72305;14,88125;21,08828;15,17617;14,88125;14,88125;11,50625;20,83047;14,48867;18,97109;14,25625;14,25625;10,69766;14,25625
"420";"1984-12-01";12,52017;13,82681;10,2897;10,99478;10,99478;12,52017;13,82681;10,86587;11,9147;10,2897;10,75845;13,65884;10,2897;12,52017;10,2897;10,99478;9,850245;11,1061;10,99478;11,40103;10,99478;12,7311;14,28384;11,1061;11,40103;11,1061;10,2897;10,52407;10,2897;10,99478;12,52017;9,850245;12,52017;9,850245;12,52017;10,99478;10,99478;12,7311;10,52407;10,52407;10,99478;10,75845;10,75845;11,40103;11,9147;14,17446;18,43423;14,17446;13,53384;14,53189;14,53189;20,61978;9,850245;14,17446;19,83267;14,53189;14,17446;14,53189;13,53384;13,53384;13,53384;11,9147;14,6354;20,61978;14,6354;18,43423;14,6354;20,38149;20,61978;14,53189;13,53384;14,17446;10,86587;13,53384;9,850245;10,86587;14,17446;18,43423;10,75845;14,6354;14,53189;14,17446;14,53189;11,9147;14,6354;13,53384;13,53384;18,43423;20,61978;11,9147;20,38149;11,9147;14,17446;20,61978;14,53189;14,17446;14,17446;10,86587;20,38149;13,65884;18,43423;13,53384;13,53384;9,850245;13,53384
"421";"1985-01-01";12,56802;13,89224;9,915674;10,98599;10,98599;12,56802;13,89224;10,23599;11,52505;9,915674;10,54263;13,23599;9,915674;12,56802;9,915674;10,98599;9,386377;11,12466;10,98599;11,3395;10,98599;12,73989;14,44888;11,12466;11,3395;11,12466;9,915674;10,29263;9,915674;10,98599;12,56802;9,386377;12,56802;9,386377;12,56802;10,98599;10,98599;12,73989;10,29263;10,29263;10,98599;10,54263;10,54263;11,3395;11,52505;12,67349;16,07192;12,67349;11,9606;13,05825;13,05825;18,23989;9,386377;12,67349;17,53677;13,05825;12,67349;13,05825;11,9606;11,9606;11,9606;11,52505;13,32388;18,23989;13,32388;16,07192;13,32388;18,03872;18,23989;13,05825;11,9606;12,67349;10,23599;11,9606;9,386377;10,23599;12,67349;16,07192;10,54263;13,32388;13,05825;12,67349;13,05825;11,52505;13,32388;11,9606;11,9606;16,07192;18,23989;11,52505;18,03872;11,52505;12,67349;18,23989;13,05825;12,67349;12,67349;10,23599;18,03872;13,23599;16,07192;11,9606;11,9606;9,386377;11,9606
"422";"1985-02-01";13,2272;14,64712;10,65493;11,43032;11,43032;13,2272;14,64712;11,23306;12,22524;10,65493;11,37759;14,04165;10,65493;13,2272;10,65493;11,43032;10,01235;11,64517;11,43032;11,70962;11,43032;13,21743;15,17642;11,64517;11,70962;11,64517;10,65493;10,96743;10,65493;11,43032;13,2272;10,01235;13,2272;10,01235;13,2272;11,43032;11,43032;13,21743;10,96743;10,96743;11,43032;11,37759;11,37759;11,70962;12,22524;13,69595;17,42446;13,69595;13,10024;14,09439;14,09439;19,67837;10,01235;13,69595;18,93814;14,09439;13,69595;14,09439;13,10024;13,10024;13,10024;12,22524;14,34439;19,67837;14,34439;17,42446;14,34439;19,44009;19,67837;14,09439;13,10024;13,69595;11,23306;13,10024;10,01235;11,23306;13,69595;17,42446;11,37759;14,34439;14,09439;13,69595;14,09439;12,22524;14,34439;13,10024;13,10024;17,42446;19,67837;12,22524;19,44009;12,22524;13,69595;19,67837;14,09439;13,69595;13,69595;11,23306;19,44009;14,04165;17,42446;13,10024;13,10024;10,01235;13,10024
"423";"1985-03-01";15,20986;16,66104;12,71963;13,38174;13,38174;15,20986;16,66104;13,38564;14,35049;12,71963;13,57314;16,14932;12,71963;15,20986;12,71963;13,38174;11,95986;13,93252;13,38174;14,19033;13,38174;15,41104;17,23916;13,93252;14,19033;13,93252;12,71963;13,27627;12,71963;13,38174;15,20986;11,95986;15,20986;11,95986;15,20986;13,38174;13,38174;15,41104;13,27627;13,27627;13,38174;13,57314;13,57314;14,19033;14,35049;16,04971;20,38955;16,04971;15,44033;16,43838;16,43838;22,29189;11,95986;16,04971;21,53604;16,43838;16,04971;16,43838;15,44033;15,44033;15,44033;14,35049;16,7001;22,29189;16,7001;20,38955;16,7001;22,14736;22,29189;16,43838;15,44033;16,04971;13,38564;15,44033;11,95986;13,38564;16,04971;20,38955;13,57314;16,7001;16,43838;16,04971;16,43838;14,35049;16,7001;15,44033;15,44033;20,38955;22,29189;14,35049;22,14736;14,35049;16,04971;22,29189;16,43838;16,04971;16,04971;13,38564;22,14736;16,14932;20,38955;15,44033;15,44033;11,95986;15,44033
"424";"1985-04-01";15,84316;17,39395;13,23379;13,87441;13,87441;15,84316;17,39395;13,67715;15,21231;13,23379;13,50137;17,15176;13,23379;15,84316;13,23379;13,87441;12,78457;13,78066;13,87441;13,9291;13,87441;15,52481;17,68106;13,78066;13,9291;13,78066;13,23379;13,11465;13,23379;13,87441;15,84316;12,78457;15,84316;12,78457;15,84316;13,87441;13,87441;15,52481;13,11465;13,11465;13,87441;13,50137;13,50137;13,9291;15,21231;17,2377;21,70059;17,2377;16,45449;17,61465;17,61465;23,98379;12,78457;17,2377;23,1166;17,61465;17,2377;17,61465;16,45449;16,45449;16,45449;15,21231;17,90957;23,98379;17,90957;21,70059;17,90957;23,77285;23,98379;17,61465;16,45449;17,2377;13,67715;16,45449;12,78457;13,67715;17,2377;21,70059;13,50137;17,90957;17,61465;17,2377;17,61465;15,21231;17,90957;16,45449;16,45449;21,70059;23,98379;15,21231;23,77285;15,21231;17,2377;23,98379;17,61465;17,2377;17,2377;13,67715;23,77285;17,15176;21,70059;16,45449;16,45449;12,78457;16,45449
"425";"1985-05-01";16,94497;18,50552;14,73989;15,20864;15,20864;16,94497;18,50552;15,12856;16,33169;14,73989;14,93325;18,38247;14,73989;16,94497;14,73989;15,20864;14,07974;15,49575;15,20864;15,72231;15,20864;16,85708;18,72036;15,49575;15,72231;15,49575;14,73989;14,70278;14,73989;15,20864;16,94497;14,07974;16,94497;14,07974;16,94497;15,20864;15,20864;16,85708;14,70278;14,70278;15,20864;14,93325;14,93325;15,72231;16,33169;18,83169;23,04849;18,83169;17,93521;19,16372;19,16372;25,74771;14,07974;18,83169;24,84731;19,16372;18,83169;19,16372;17,93521;17,93521;17,93521;16,33169;19,30825;25,74771;19,30825;23,04849;19,30825;25,57192;25,74771;19,16372;17,93521;18,83169;15,12856;17,93521;14,07974;15,12856;18,83169;23,04849;14,93325;19,30825;19,16372;18,83169;19,16372;16,33169;19,30825;17,93521;17,93521;23,04849;25,74771;16,33169;25,57192;16,33169;18,83169;25,74771;19,16372;18,83169;18,83169;15,12856;25,57192;18,38247;23,04849;17,93521;17,93521;14,07974;17,93521
"426";"1985-06-01";16,45986;17,92275;14,64736;14,84072;14,84072;16,45986;17,92275;15,11611;16,13955;14,64736;14,98135;18,00869;14,64736;16,45986;14,64736;14,84072;14,11221;15,14736;14,84072;15,58682;14,84072;16,49307;18,08291;15,14736;15,58682;15,14736;14,64736;14,88564;14,64736;14,84072;16,45986;14,11221;16,45986;14,11221;16,45986;14,84072;14,84072;16,49307;14,88564;14,88564;14,84072;14,98135;14,98135;15,58682;16,13955;18,91885;22,9501;18,91885;18,02822;19,27041;19,27041;25,34072;14,11221;18,91885;24,48721;19,27041;18,91885;19,27041;18,02822;18,02822;18,02822;16,13955;19,24893;25,34072;19,24893;22,9501;19,24893;25,19033;25,34072;19,27041;18,02822;18,91885;15,11611;18,02822;14,11221;15,11611;18,91885;22,9501;14,98135;19,24893;19,27041;18,91885;19,27041;16,13955;19,24893;18,02822;18,02822;22,9501;25,34072;16,13955;25,19033;16,13955;18,91885;25,34072;19,27041;18,91885;18,91885;15,11611;25,19033;18,00869;22,9501;18,02822;18,02822;14,11221;18,02822
"427";"1985-07-01";15,47769;16,99917;13,60073;13,79214;13,79214;15,47769;16,99917;13,96206;15,2062;13,60073;13,73745;16,94448;13,60073;15,47769;13,60073;13,79214;13,15542;13,9269;13,79214;14,4562;13,79214;15,49722;17,1437;13,9269;14,4562;13,9269;13,60073;13,74136;13,60073;13,79214;15,47769;13,15542;15,47769;13,15542;15,47769;13,79214;13,79214;15,49722;13,74136;13,74136;13,79214;13,73745;13,73745;14,4562;15,2062;18,19839;22,44839;18,19839;17,25503;18,52456;18,52456;24,69644;13,15542;18,19839;23,77261;18,52456;18,19839;18,52456;17,25503;17,25503;17,25503;15,2062;18,45425;24,69644;18,45425;22,44839;18,45425;24,50112;24,69644;18,52456;17,25503;18,19839;13,96206;17,25503;13,15542;13,96206;18,19839;22,44839;13,73745;18,45425;18,52456;18,19839;18,52456;15,2062;18,45425;17,25503;17,25503;22,44839;24,69644;15,2062;24,50112;15,2062;18,19839;24,69644;18,52456;18,19839;18,19839;13,96206;24,50112;16,94448;22,44839;17,25503;17,25503;13,15542;17,25503
"428";"1985-08-01";16,1752;17,90371;14,16348;14,3959;14,3959;16,1752;17,90371;14,53652;15,58535;14,16348;14,35879;17,44277;14,16348;16,1752;14,16348;14,3959;13,59121;14,97207;14,3959;15,45645;14,3959;16,20059;18,06191;14,97207;15,45645;14,97207;14,16348;14,3041;14,16348;14,3959;16,1752;13,59121;16,1752;13,59121;16,1752;14,3959;14,3959;16,20059;14,3041;14,3041;14,3959;14,35879;14,35879;15,45645;15,58535;18,51504;22,64395;18,51504;17,63809;18,89395;18,89395;24,79824;13,59121;18,51504;23,96231;18,89395;18,51504;18,89395;17,63809;17,63809;17,63809;15,58535;18,79043;24,79824;18,79043;22,64395;18,79043;24,58926;24,79824;18,89395;17,63809;18,51504;14,53652;17,63809;13,59121;14,53652;18,51504;22,64395;14,35879;18,79043;18,89395;18,51504;18,89395;15,58535;18,79043;17,63809;17,63809;22,64395;24,79824;15,58535;24,58926;15,58535;18,51504;24,79824;18,89395;18,51504;18,51504;14,53652;24,58926;17,44277;22,64395;17,63809;17,63809;13,59121;17,63809
"429";"1985-09-01";15,82095;17,75845;13,52212;13,8229;13,8229;15,82095;17,75845;13,76626;15,15884;13,52212;13,59048;17,05337;13,52212;15,82095;13,52212;13,8229;13,07681;14,4147;13,8229;14,99087;13,8229;15,55142;17,3561;14,4147;14,99087;14,4147;13,52212;13,60806;13,52212;13,8229;15,82095;13,07681;15,82095;13,07681;15,82095;13,8229;13,8229;15,55142;13,60806;13,60806;13,8229;13,59048;13,59048;14,99087;15,15884;18,06704;22,11587;18,06704;17,05142;18,57095;18,57095;24,39321;13,07681;18,06704;23,56704;18,57095;18,06704;18,57095;17,05142;17,05142;17,05142;15,15884;18,36001;24,39321;18,36001;22,11587;18,36001;24,21353;24,39321;18,57095;17,05142;18,06704;13,76626;17,05142;13,07681;13,76626;18,06704;22,11587;13,59048;18,36001;18,57095;18,06704;18,57095;15,15884;18,36001;17,05142;17,05142;22,11587;24,39321;15,15884;24,21353;15,15884;18,06704;24,39321;18,57095;18,06704;18,06704;13,76626;24,21353;17,05337;22,11587;17,05142;17,05142;13,07681;17,05142
"430";"1985-10-01";15,14346;16,99893;12,77432;13,27432;13,27432;15,14346;16,99893;12,87588;14,37783;12,77432;12,69424;16,27236;12,77432;15,14346;12,77432;13,27432;12,32314;13,55752;13,27432;14,08682;13,27432;14,85244;16,6415;13,55752;14,08682;13,55752;12,77432;12,75674;12,77432;13,27432;15,14346;12,32314;15,14346;12,32314;15,14346;13,27432;13,27432;14,85244;12,75674;12,75674;13,27432;12,69424;12,69424;14,08682;14,37783;16,85439;20,9208;16,85439;15,97744;17,24111;17,24111;23,15908;12,32314;16,85439;22,37588;17,24111;16,85439;17,24111;15,97744;15,97744;15,97744;14,37783;17,25869;23,15908;17,25869;20,9208;17,25869;22,89736;23,15908;17,24111;15,97744;16,85439;12,87588;15,97744;12,32314;12,87588;16,85439;20,9208;12,69424;17,25869;17,24111;16,85439;17,24111;14,37783;17,25869;15,97744;15,97744;20,9208;23,15908;14,37783;22,89736;14,37783;16,85439;23,15908;17,24111;16,85439;16,85439;12,87588;22,89736;16,27236;20,9208;15,97744;15,97744;12,32314;15,97744
"431";"1985-11-01";13,88613;15,61465;11,97598;12,19082;12,19082;13,88613;15,61465;12,46621;13,15957;11,97598;12,32949;15,16543;11,97598;13,88613;11,97598;12,19082;11,1752;13,00332;12,19082;13,26895;12,19082;13,68691;15,63027;13,00332;13,26895;13,00332;11,97598;12,28262;11,97598;12,19082;13,88613;11,1752;13,88613;11,1752;13,88613;12,19082;12,19082;13,68691;12,28262;12,28262;12,19082;12,32949;12,32949;13,26895;13,15957;15,39981;19,70645;15,39981;14,95449;15,78262;15,78262;21,89981;11,1752;15,39981;21,27676;15,78262;15,39981;15,78262;14,95449;14,95449;14,95449;13,15957;16,06191;21,89981;16,06191;19,70645;16,06191;21,54434;21,89981;15,78262;14,95449;15,39981;12,46621;14,95449;11,1752;12,46621;15,39981;19,70645;12,32949;16,06191;15,78262;15,39981;15,78262;13,15957;16,06191;14,95449;14,95449;19,70645;21,89981;13,15957;21,54434;13,15957;15,39981;21,89981;15,78262;15,39981;15,39981;12,46621;21,54434;15,16543;19,70645;14,95449;14,95449;11,1752;14,95449
"432";"1985-12-01";12,67349;14,10317;10,2731;11,0563;11,0563;12,67349;14,10317;10,67544;11,74185;10,2731;10,65591;13,53091;10,2731;12,67349;10,2731;11,0563;9,745752;11,30435;11,0563;11,51528;11,0563;12,60903;14,44302;11,30435;11,51528;11,30435;10,2731;10,44692;10,2731;11,0563;12,67349;9,745752;12,67349;9,745752;12,67349;11,0563;11,0563;12,60903;10,44692;10,44692;11,0563;10,65591;10,65591;11,51528;11,74185;13,9645;18,20864;13,9645;13,24771;14,27896;14,27896;20,02505;9,745752;13,9645;19,17739;14,27896;13,9645;14,27896;13,24771;13,24771;13,24771;11,74185;14,33364;20,02505;14,33364;18,20864;14,33364;19,8688;20,02505;14,27896;13,24771;13,9645;10,67544;13,24771;9,745752;10,67544;13,9645;18,20864;10,65591;14,33364;14,27896;13,9645;14,27896;11,74185;14,33364;13,24771;13,24771;18,20864;20,02505;11,74185;19,8688;11,74185;13,9645;20,02505;14,27896;13,9645;13,9645;10,67544;19,8688;13,53091;18,20864;13,24771;13,24771;9,745752;13,24771
"433";"1986-01-01";11,21548;12,22329;8,70376;9,832666;9,832666;11,21548;12,22329;9,000635;9,988916;8,70376;9,057276;11,58657;8,70376;11,21548;8,70376;9,832666;8,17837;9,945948;9,832666;10,14517;9,832666;11,50064;13,23696;9,945948;10,14517;9,945948;8,70376;8,854151;8,70376;9,832666;11,21548;8,17837;11,21548;8,17837;11,21548;9,832666;9,832666;11,50064;8,854151;8,854151;9,832666;9,057276;9,057276;10,14517;9,988916;11,88345;15,82485;11,88345;11,15103;12,25845;12,25845;18,01626;8,17837;11,88345;17,10024;12,25845;11,88345;12,25845;11,15103;11,15103;11,15103;9,988916;12,32876;18,01626;12,32876;15,82485;12,32876;17,84439;18,01626;12,25845;11,15103;11,88345;9,000635;11,15103;8,17837;9,000635;11,88345;15,82485;9,057276;12,32876;12,25845;11,88345;12,25845;9,988916;12,32876;11,15103;11,15103;15,82485;18,01626;9,988916;17,84439;9,988916;11,88345;18,01626;12,25845;11,88345;11,88345;9,000635;17,84439;11,58657;15,82485;11,15103;11,15103;8,17837;11,15103
"434";"1986-02-01";13,85024;15,62368;11,52212;11,72134;11,72134;13,85024;15,62368;12,34829;13,17446;11,52212;12,20767;15,30532;11,52212;13,85024;11,52212;11,72134;10,67642;12,22915;11,72134;12,17837;11,72134;13,3229;15,73696;12,22915;12,17837;12,22915;11,52212;11,6022;11,52212;11,72134;13,85024;10,67642;13,85024;10,67642;13,85024;11,72134;11,72134;13,3229;11,6022;11,6022;11,72134;12,20767;12,20767;12,17837;13,17446;14,96548;19,61587;14,96548;14,53384;15,38345;15,38345;21,4772;10,67642;14,96548;20,67642;15,38345;14,96548;15,38345;14,53384;14,53384;14,53384;13,17446;15,81899;21,4772;15,81899;19,61587;15,81899;21,42837;21,4772;15,38345;14,53384;14,96548;12,34829;14,53384;10,67642;12,34829;14,96548;19,61587;12,20767;15,81899;15,38345;14,96548;15,38345;13,17446;15,81899;14,53384;14,53384;19,61587;21,4772;13,17446;21,42837;13,17446;14,96548;21,4772;15,38345;14,96548;14,96548;12,34829;21,42837;15,30532;19,61587;14,53384;14,53384;10,67642;14,53384
"435";"1986-03-01";13,76919;15,02896;11,28091;11,95474;11,95474;13,76919;15,02896;11,86685;12,80435;11,28091;11,78091;14,63638;11,28091;13,76919;11,28091;11,95474;10,44106;12,13442;11,95474;12,22036;11,95474;13,88052;15,83169;12,13442;12,22036;12,13442;11,28091;11,38052;11,28091;11,95474;13,76919;10,44106;13,76919;10,44106;13,76919;11,95474;11,95474;13,88052;11,38052;11,38052;11,95474;11,78091;11,78091;12,22036;12,80435;14,45083;18,78286;14,45083;13,8688;14,82583;14,82583;20,94692;10,44106;14,45083;20,12466;14,82583;14,45083;14,82583;13,8688;13,8688;13,8688;12,80435;15,22427;20,94692;15,22427;18,78286;15,22427;20,6481;20,94692;14,82583;13,8688;14,45083;11,86685;13,8688;10,44106;11,86685;14,45083;18,78286;11,78091;15,22427;14,82583;14,45083;14,82583;12,80435;15,22427;13,8688;13,8688;18,78286;20,94692;12,80435;20,6481;12,80435;14,45083;20,94692;14,82583;14,45083;14,45083;11,86685;20,6481;14,63638;18,78286;13,8688;13,8688;10,44106;13,8688
"436";"1986-04-01";16,4999;18,04482;14,2792;14,66592;14,66592;16,4999;18,04482;15,03701;15,73037;14,2792;14,88857;17,6542;14,2792;16,4999;14,2792;14,66592;13,45107;15,13076;14,66592;15,38857;14,66592;16,47842;18,51553;15,13076;15,38857;15,13076;14,2792;14,44522;14,2792;14,66592;16,4999;13,45107;16,4999;13,45107;16,4999;14,66592;14,66592;16,47842;14,44522;14,44522;14,66592;14,88857;14,88857;15,38857;15,73037;17,9374;22,36904;17,9374;17,37686;18,24209;18,24209;24,79873;13,45107;17,9374;23,91006;18,24209;17,9374;18,24209;17,37686;17,37686;17,37686;15,73037;18,52139;24,79873;18,52139;22,36904;18,52139;24,44131;24,79873;18,24209;17,37686;17,9374;15,03701;17,37686;13,45107;15,03701;17,9374;22,36904;14,88857;18,52139;18,24209;17,9374;18,24209;15,73037;18,52139;17,37686;17,37686;22,36904;24,79873;15,73037;24,44131;15,73037;17,9374;24,79873;18,24209;17,9374;17,9374;15,03701;24,44131;17,6542;22,36904;17,37686;17,37686;13,45107;17,37686
"437";"1986-05-01";16,83657;18,44985;14,72329;15,06704;15,06704;16,83657;18,44985;15,11001;16,44399;14,72329;14,93228;18,37368;14,72329;16,83657;14,72329;15,06704;14,24673;15,19985;15,06704;15,3854;15,06704;16,50649;18,38735;15,19985;15,3854;15,19985;14,72329;14,69204;14,72329;15,06704;16,83657;14,24673;16,83657;14,24673;16,83657;15,06704;15,06704;16,50649;14,69204;14,69204;15,06704;14,93228;14,93228;15,3854;16,44399;18,94204;23,38931;18,94204;18,09048;19,2604;19,2604;25,57876;14,24673;18,94204;24,58071;19,2604;18,94204;19,2604;18,09048;18,09048;18,09048;16,44399;19,3522;25,57876;19,3522;23,38931;19,3522;25,39712;25,57876;19,2604;18,09048;18,94204;15,11001;18,09048;14,24673;15,11001;18,94204;23,38931;14,93228;19,3522;19,2604;18,94204;19,2604;16,44399;19,3522;18,09048;18,09048;23,38931;25,57876;16,44399;25,39712;16,44399;18,94204;25,57876;19,2604;18,94204;18,94204;15,11001;25,39712;18,37368;23,38931;18,09048;18,09048;14,24673;18,09048
"438";"1986-06-01";16,39077;17,8478;14,46108;14,74429;14,74429;16,39077;17,8478;14,86343;15,99624;14,46108;14,79507;17,63491;14,46108;16,39077;14,46108;14,74429;13,95718;15,07437;14,74429;15,70718;14,74429;16,49624;18,17202;15,07437;15,70718;15,07437;14,46108;14,88296;14,46108;14,74429;16,39077;13,95718;16,39077;13,95718;16,39077;14,74429;14,74429;16,49624;14,88296;14,88296;14,74429;14,79507;14,79507;15,70718;15,99624;18,7853;22,93765;18,7853;17,88882;19,12124;19,12124;25,00796;13,95718;18,7853;24,18374;19,12124;18,7853;19,12124;17,88882;17,88882;17,88882;15,99624;19,09976;25,00796;19,09976;22,93765;19,09976;24,83218;25,00796;19,12124;17,88882;18,7853;14,86343;17,88882;13,95718;14,86343;18,7853;22,93765;14,79507;19,09976;19,12124;18,7853;19,12124;15,99624;19,09976;17,88882;17,88882;22,93765;25,00796;15,99624;24,83218;15,99624;18,7853;25,00796;19,12124;18,7853;18,7853;14,86343;24,83218;17,63491;22,93765;17,88882;17,88882;13,95718;17,88882
"439";"1986-07-01";15,35659;16,9855;13,12222;13,59878;13,59878;15,35659;16,9855;13,69058;14,7355;13,12222;13,61636;16,66323;13,12222;15,35659;13,12222;13,59878;12,51089;13,99331;13,59878;14,69839;13,59878;15,70034;17,66714;13,99331;14,69839;13,99331;13,12222;13,66714;13,12222;13,59878;15,35659;12,51089;15,35659;12,51089;15,35659;13,59878;13,59878;15,70034;13,66714;13,66714;13,59878;13,61636;13,61636;14,69839;14,7355;17,60073;21,97573;17,60073;16,71987;17,90347;17,90347;24,0812;12,51089;17,60073;23,18276;17,90347;17,60073;17,90347;16,71987;16,71987;16,71987;14,7355;17,79019;24,0812;17,79019;21,97573;17,79019;23,84097;24,0812;17,90347;16,71987;17,60073;13,69058;16,71987;12,51089;13,69058;17,60073;21,97573;13,61636;17,79019;17,90347;17,60073;17,90347;14,7355;17,79019;16,71987;16,71987;21,97573;24,0812;14,7355;23,84097;14,7355;17,60073;24,0812;17,90347;17,60073;17,60073;13,69058;23,84097;16,66323;21,97573;16,71987;16,71987;12,51089;16,71987
"440";"1986-08-01";16,51284;18,11831;14,06753;14,73355;14,73355;16,51284;18,11831;14,66323;15,72769;14,06753;14,59683;17,56948;14,06753;16,51284;14,06753;14,73355;13,50698;15,13003;14,73355;15,8605;14,73355;16,85464;18,7648;15,13003;15,8605;15,13003;14,06753;14,59097;14,06753;14,73355;16,51284;13,50698;16,51284;13,50698;16,51284;14,73355;14,73355;16,85464;14,59097;14,59097;14,73355;14,59683;14,59683;15,8605;15,72769;18,59487;22,60073;18,59487;17,54605;19,06362;19,06362;24,97183;13,50698;18,59487;24,2023;19,06362;18,59487;19,06362;17,54605;17,54605;17,54605;15,72769;18,84097;24,97183;18,84097;22,60073;18,84097;24,59878;24,97183;19,06362;17,54605;18,59487;14,66323;17,54605;13,50698;14,66323;18,59487;22,60073;14,59683;18,84097;19,06362;18,59487;19,06362;15,72769;18,84097;17,54605;17,54605;22,60073;24,97183;15,72769;24,59878;15,72769;18,59487;24,97183;19,06362;18,59487;18,59487;14,66323;24,59878;17,56948;22,60073;17,54605;17,54605;13,50698;17,54605
"441";"1986-09-01";16,19937;17,64272;13,98062;14,50796;14,50796;16,19937;17,64272;14,54312;15,48452;13,98062;14,60562;17,18765;13,98062;16,19937;13,98062;14,50796;13,40249;15,00405;14,50796;15,75015;14,50796;16,52749;18,36343;15,00405;15,75015;15,00405;13,98062;14,64077;13,98062;14,50796;16,19937;13,40249;16,19937;13,40249;16,19937;14,50796;14,50796;16,52749;14,64077;14,64077;14,50796;14,60562;14,60562;15,75015;15,48452;18,4396;22,23257;18,4396;17,4103;18,79702;18,79702;24,55874;13,40249;18,4396;23,8478;18,79702;18,4396;18,79702;17,4103;17,4103;17,4103;15,48452;18,55483;24,55874;18,55483;22,23257;18,55483;24,26577;24,55874;18,79702;17,4103;18,4396;14,54312;17,4103;13,40249;14,54312;18,4396;22,23257;14,60562;18,55483;18,79702;18,4396;18,79702;15,48452;18,55483;17,4103;17,4103;22,23257;24,55874;15,48452;24,26577;15,48452;18,4396;24,55874;18,79702;18,4396;18,4396;14,54312;24,26577;17,18765;22,23257;17,4103;17,4103;13,40249;17,4103
"442";"1986-10-01";15,5021;16,82437;13,23647;13,86343;13,86343;15,5021;16,82437;13,64468;14,7228;13,23647;13,57827;16,42397;13,23647;15,5021;13,23647;13,86343;12,7189;14,0978;13,86343;14,62905;13,86343;15,74624;17,48452;14,0978;14,62905;14,0978;13,23647;13,51187;13,23647;13,86343;15,5021;12,7189;15,5021;12,7189;15,5021;13,86343;13,86343;15,74624;13,51187;13,51187;13,86343;13,57827;13,57827;14,62905;14,7228;17,33022;21,1896;17,33022;16,36733;17,61147;17,61147;23,46108;12,7189;17,33022;22,63101;17,61147;17,33022;17,61147;16,36733;16,36733;16,36733;14,7228;17,52358;23,46108;17,52358;21,1896;17,52358;23,25991;23,46108;17,61147;16,36733;17,33022;13,64468;16,36733;12,7189;13,64468;17,33022;21,1896;13,57827;17,52358;17,61147;17,33022;17,61147;14,7228;17,52358;16,36733;16,36733;21,1896;23,46108;14,7228;23,25991;14,7228;17,33022;23,46108;17,61147;17,33022;17,33022;13,64468;23,25991;16,42397;21,1896;16,36733;16,36733;12,7189;16,36733
"443";"1986-11-01";15,17886;16,44839;12,64761;13,52261;13,52261;15,17886;16,44839;12,94058;14,29995;12,64761;12,94644;15,91909;12,64761;15,17886;12,64761;13,52261;12,24526;13,62612;13,52261;14,13784;13,52261;15,50698;17,298;13,62612;14,13784;13,62612;12,64761;12,93667;12,64761;13,52261;15,17886;12,24526;15,17886;12,24526;15,17886;13,52261;13,52261;15,50698;12,93667;12,93667;13,52261;12,94644;12,94644;14,13784;14,29995;16,4855;20,25308;16,4855;15,60659;16,8273;16,8273;22,33706;12,24526;16,4855;21,6144;16,8273;16,4855;16,8273;15,60659;15,60659;15,60659;14,29995;16,87808;22,33706;16,87808;20,25308;16,87808;21,9855;22,33706;16,8273;15,60659;16,4855;12,94058;15,60659;12,24526;12,94058;16,4855;20,25308;12,94644;16,87808;16,8273;16,4855;16,8273;14,29995;16,87808;15,60659;15,60659;20,25308;22,33706;14,29995;21,9855;14,29995;16,4855;22,33706;16,8273;16,4855;16,4855;12,94058;21,9855;15,91909;20,25308;15,60659;15,60659;12,24526;15,60659
"444";"1986-12-01";13,19888;14,82974;10,80044;11,34536;11,34536;13,19888;14,82974;11,39614;12,59146;10,80044;11,64419;14,39028;10,80044;13,19888;10,80044;11,34536;10,25161;11,76724;11,34536;11,8395;11,34536;12,97231;14,88833;11,76724;11,8395;11,76724;10,80044;11,30044;10,80044;11,34536;13,19888;10,25161;13,19888;10,25161;13,19888;11,34536;11,34536;12,97231;11,30044;11,30044;11,34536;11,64419;11,64419;11,8395;12,59146;14,07583;17,65591;14,07583;13,37271;14,45278;14,45278;19,84927;10,25161;14,07583;19,13833;14,45278;14,07583;14,45278;13,37271;13,37271;13,37271;12,59146;14,77505;19,84927;14,77505;17,65591;14,77505;19,54458;19,84927;14,45278;13,37271;14,07583;11,39614;13,37271;10,25161;11,39614;14,07583;17,65591;11,64419;14,77505;14,45278;14,07583;14,45278;12,59146;14,77505;13,37271;13,37271;17,65591;19,84927;12,59146;19,54458;12,59146;14,07583;19,84927;14,45278;14,07583;14,07583;11,39614;19,54458;14,39028;17,65591;13,37271;13,37271;10,25161;13,37271
"445";"1987-01-01";12,52798;13,9772;10,7936;11,11001;11,11001;12,52798;13,9772;11,43228;11,75845;10,7936;11,7272;13,31314;10,7936;12,52798;10,7936;11,11001;9,957666;11,62759;11,11001;11,28189;11,11001;12,57095;14,38931;11,62759;11,28189;11,62759;10,7936;11,00649;10,7936;11,11001;12,52798;9,957666;12,52798;9,957666;12,52798;11,11001;11,11001;12,57095;11,00649;11,00649;11,11001;11,7272;11,7272;11,28189;11,75845;12,61978;15,6686;12,61978;12,05532;12,95376;12,95376;17,84634;9,957666;12,61978;17,19009;12,95376;12,61978;12,95376;12,05532;12,05532;12,05532;11,75845;13,2897;17,84634;13,2897;15,6686;13,2897;17,61001;17,84634;12,95376;12,05532;12,61978;11,43228;12,05532;9,957666;11,43228;12,61978;15,6686;11,7272;13,2897;12,95376;12,61978;12,95376;11,75845;13,2897;12,05532;12,05532;15,6686;17,84634;11,75845;17,61001;11,75845;12,61978;17,84634;12,95376;12,61978;12,61978;11,43228;17,61001;13,31314;15,6686;12,05532;12,05532;9,957666;12,05532
"446";"1987-02-01";14,55752;16,11221;12,47549;12,71768;12,71768;14,55752;16,11221;13,12783;13,75088;12,47549;13,23135;15,60244;12,47549;14,55752;12,47549;12,71768;11,53604;13,2001;12,71768;12,78604;12,71768;14,25674;16,33291;13,2001;12,78604;13,2001;12,47549;12,38564;12,47549;12,71768;14,55752;11,53604;14,55752;11,53604;14,55752;12,71768;12,71768;14,25674;12,38564;12,38564;12,71768;13,23135;13,23135;12,78604;13,75088;14,41104;17,97744;14,41104;13,87393;14,75283;14,75283;20,16104;11,53604;14,41104;19,35049;14,75283;14,41104;14,75283;13,87393;13,87393;13,87393;13,75088;15,22354;20,16104;15,22354;17,97744;15,22354;20,01064;20,16104;14,75283;13,87393;14,41104;13,12783;13,87393;11,53604;13,12783;14,41104;17,97744;13,23135;15,22354;14,75283;14,41104;14,75283;13,75088;15,22354;13,87393;13,87393;17,97744;20,16104;13,75088;20,01064;13,75088;14,41104;20,16104;14,75283;14,41104;14,41104;13,12783;20,01064;15,60244;17,97744;13,87393;13,87393;11,53604;13,87393
"447";"1987-03-01";15,75894;17,4855;13,44839;13,7687;13,7687;15,75894;17,4855;13,97183;14,84292;13,44839;13,95034;16,95425;13,44839;15,75894;13,44839;13,7687;12,41323;13,9855;13,7687;13,53433;13,7687;15,28823;17,4894;13,9855;13,53433;13,9855;13,44839;13,13784;13,44839;13,7687;15,75894;12,41323;15,75894;12,41323;15,75894;13,7687;13,7687;15,28823;13,13784;13,13784;13,7687;13,95034;13,95034;13,53433;14,84292;15,51284;19,06167;15,51284;14,99526;15,78042;15,78042;21,18081;12,41323;15,51284;20,51284;15,78042;15,51284;15,78042;14,99526;14,99526;14,99526;14,84292;16,49917;21,18081;16,49917;19,06167;16,49917;20,83706;21,18081;15,78042;14,99526;15,51284;13,97183;14,99526;12,41323;13,97183;15,51284;19,06167;13,95034;16,49917;15,78042;15,51284;15,78042;14,84292;16,49917;14,99526;14,99526;19,06167;21,18081;14,84292;20,83706;14,84292;15,51284;21,18081;15,78042;15,51284;15,51284;13,97183;20,83706;16,95425;19,06167;14,99526;14,99526;12,41323;14,99526
"448";"1987-04-01";16,10024;17,21353;13,22134;14,32485;14,32485;16,10024;17,21353;13,40493;14,75064;13,22134;13,77798;16,52993;13,22134;16,10024;13,22134;14,32485;12,64517;14,32876;14,32485;14,44595;14,32485;15,99282;18,06118;14,32876;14,44595;14,32876;13,22134;13,50649;13,22134;14,32485;16,10024;12,64517;16,10024;12,64517;16,10024;14,32485;14,32485;15,99282;13,50649;13,50649;14,32485;13,77798;13,77798;14,44595;14,75064;15,63931;19,18618;15,63931;14,85806;16,00259;16,00259;21,41079;12,64517;15,63931;20,61587;16,00259;15,63931;16,00259;14,85806;14,85806;14,85806;14,75064;16,22134;21,41079;16,22134;19,18618;16,22134;21,19204;21,41079;16,00259;14,85806;15,63931;13,40493;14,85806;12,64517;13,40493;15,63931;19,18618;13,77798;16,22134;16,00259;15,63931;16,00259;14,75064;16,22134;14,85806;14,85806;19,18618;21,41079;14,75064;21,19204;14,75064;15,63931;21,41079;16,00259;15,63931;15,63931;13,40493;21,19204;16,52993;19,18618;14,85806;14,85806;12,64517;14,85806
"449";"1987-05-01";16,98965;18,3002;14,34512;15,02676;15,02676;16,98965;18,3002;15,22793;16,17324;14,34512;15,16543;18,23965;14,34512;16,98965;14,34512;15,02676;13,75527;15,22402;15,02676;15,45645;15,02676;16,70254;18,87246;15,22402;15,45645;15,22402;14,34512;14,79043;14,34512;15,02676;16,98965;13,75527;16,98965;13,75527;16,98965;15,02676;15,02676;16,70254;14,79043;14,79043;15,02676;15,16543;15,16543;15,45645;16,17324;18,41738;23,28457;18,41738;17,81777;18,79824;18,79824;25,65566;13,75527;18,41738;24,66934;18,79824;18,41738;18,79824;17,81777;17,81777;17,81777;16,17324;19,04238;25,65566;19,04238;23,28457;19,04238;25,36074;25,65566;18,79824;17,81777;18,41738;15,22793;17,81777;13,75527;15,22793;18,41738;23,28457;15,16543;19,04238;18,79824;18,41738;18,79824;16,17324;19,04238;17,81777;17,81777;23,28457;25,65566;16,17324;25,36074;16,17324;18,41738;25,65566;18,79824;18,41738;18,41738;15,22793;25,36074;18,23965;23,28457;17,81777;17,81777;13,75527;17,81777
"450";"1987-06-01";17,08364;18,46841;14,94497;15,32388;15,32388;17,08364;18,46841;15,25552;16,5856;14,94497;15,07778;18,31802;14,94497;17,08364;14,94497;15,32388;14,50161;15,32583;15,32388;15,78091;15,32388;16,97817;18,73208;15,32583;15,78091;15,32583;14,94497;14,9938;14,94497;15,32388;17,08364;14,50161;17,08364;14,50161;17,08364;15,32388;15,32388;16,97817;14,9938;14,9938;15,32388;15,07778;15,07778;15,78091;16,5856;19,28872;23,3981;19,28872;18,29263;19,57974;19,57974;25,5563;14,50161;19,28872;24,63833;19,57974;19,28872;19,57974;18,29263;18,29263;18,29263;16,5856;19,55825;25,5563;19,55825;23,3981;19,55825;25,39028;25,5563;19,57974;18,29263;19,28872;15,25552;18,29263;14,50161;15,25552;19,28872;23,3981;15,07778;19,55825;19,57974;19,28872;19,57974;16,5856;19,55825;18,29263;18,29263;23,3981;25,5563;16,5856;25,39028;16,5856;19,28872;25,5563;19,57974;19,28872;19,28872;15,25552;25,39028;18,31802;23,3981;18,29263;18,29263;14,50161;18,29263
"451";"1987-07-01";16,28897;17,40811;14,16982;14,64443;14,64443;16,28897;17,40811;14,47451;15,64834;14,16982;14,47256;17,15225;14,16982;16,28897;14,16982;14,64443;13,71865;14,746;14,64443;15,34365;14,64443;16,46084;18,23818;14,746;15,34365;14,746;14,16982;14,54482;14,16982;14,64443;16,28897;13,71865;16,28897;13,71865;16,28897;14,64443;14,64443;16,46084;14,54482;14,54482;14,64443;14,47256;14,47256;15,34365;15,64834;18,53506;22,44717;18,53506;17,47647;18,81631;18,81631;24,57217;13,71865;18,53506;23,66982;18,81631;18,53506;18,81631;17,47647;17,47647;17,47647;15,64834;18,66201;24,57217;18,66201;22,44717;18,66201;24,46475;24,57217;18,81631;17,47647;18,53506;14,47451;17,47647;13,71865;14,47451;18,53506;22,44717;14,47256;18,66201;18,81631;18,53506;18,81631;15,64834;18,66201;17,47647;17,47647;22,44717;24,57217;15,64834;24,46475;15,64834;18,53506;24,57217;18,81631;18,53506;18,53506;14,47451;24,46475;17,15225;22,44717;17,47647;17,47647;13,71865;17,47647
"452";"1987-08-01";16,84707;18,1791;14,60293;15,08145;15,08145;16,84707;18,1791;14,91152;16,02676;14,60293;14,89004;17,73574;14,60293;16,84707;14,60293;15,08145;13,97012;15,53848;15,08145;16,22988;15,08145;17,06582;19,06777;15,53848;16,22988;15,53848;14,60293;14,98574;14,60293;15,08145;16,84707;13,97012;16,84707;13,97012;16,84707;15,08145;15,08145;17,06582;14,98574;14,98574;15,08145;14,89004;14,89004;16,22988;16,02676;18,96426;23,07559;18,96426;17,97988;19,22988;19,22988;25,25527;13,97012;18,96426;24,37441;19,22988;18,96426;19,22988;17,97988;17,97988;17,97988;16,02676;19,13027;25,25527;19,13027;23,07559;19,13027;25,05996;25,25527;19,22988;17,97988;18,96426;14,91152;17,97988;13,97012;14,91152;18,96426;23,07559;14,89004;19,13027;19,22988;18,96426;19,22988;16,02676;19,13027;17,97988;17,97988;23,07559;25,25527;16,02676;25,05996;16,02676;18,96426;25,25527;19,22988;18,96426;18,96426;14,91152;25,05996;17,73574;23,07559;17,97988;17,97988;13,97012;17,97988
"453";"1987-09-01";17,39468;19,00015;15,14077;15,79312;15,79312;17,39468;19,00015;15,4064;16,55679;15,14077;15,2228;18,43765;15,14077;17,39468;15,14077;15,79312;14,66226;16,11733;15,79312;16,80093;15,79312;17,67397;19,4689;16,11733;16,80093;16,11733;15,14077;15,28726;15,14077;15,79312;17,39468;14,66226;17,39468;14,66226;17,39468;15,79312;15,79312;17,67397;15,28726;15,28726;15,79312;15,2228;15,2228;16,80093;16,55679;19,31069;23,30679;19,31069;18,42007;19,76187;19,76187;25,61733;14,66226;19,31069;24,75601;19,76187;19,31069;19,76187;18,42007;18,42007;18,42007;16,55679;19,72085;25,61733;19,72085;23,30679;19,72085;25,3771;25,61733;19,76187;18,42007;19,31069;15,4064;18,42007;14,66226;15,4064;19,31069;23,30679;15,2228;19,72085;19,76187;19,31069;19,76187;16,55679;19,72085;18,42007;18,42007;23,30679;25,61733;16,55679;25,3771;16,55679;19,31069;25,61733;19,76187;19,31069;19,31069;15,4064;25,3771;18,43765;23,30679;18,42007;18,42007;14,66226;18,42007
"454";"1987-10-01";14,48501;15,46939;11,77603;12,97329;12,97329;14,48501;15,46939;11,85415;13,25259;11,77603;11,52212;14,94009;11,77603;14,48501;11,77603;12,97329;11,43814;12,44985;12,97329;13,0436;12,97329;14,99673;16,86196;12,44985;13,0436;12,44985;11,77603;11,46939;11,77603;12,97329;14,48501;11,43814;14,48501;11,43814;14,48501;12,97329;12,97329;14,99673;11,46939;11,46939;12,97329;11,52212;11,52212;13,0436;13,25259;15,81704;19,77993;15,81704;14,92056;16,12173;16,12173;22,32095;11,43814;15,81704;21,3854;16,12173;15,81704;16,12173;14,92056;14,92056;14,92056;13,25259;16,08853;22,32095;16,08853;19,77993;16,08853;21,98696;22,32095;16,12173;14,92056;15,81704;11,85415;14,92056;11,43814;11,85415;15,81704;19,77993;11,52212;16,08853;16,12173;15,81704;16,12173;13,25259;16,08853;14,92056;14,92056;19,77993;22,32095;13,25259;21,98696;13,25259;15,81704;22,32095;16,12173;15,81704;15,81704;11,85415;21,98696;14,94009;19,77993;14,92056;14,92056;11,43814;14,92056
"455";"1987-11-01";14,371;15,62881;11,86904;12,79092;12,79092;14,371;15,62881;12,11709;13,2792;11,86904;12,05264;15,1249;11,86904;14,371;11,86904;12,79092;11,37881;12,78311;12,79092;12,9042;12,79092;14,48037;16,48623;12,78311;12,9042;12,78311;11,86904;11,70498;11,86904;12,79092;14,371;11,37881;14,371;11,37881;14,371;12,79092;12,79092;14,48037;11,70498;11,70498;12,79092;12,05264;12,05264;12,9042;13,2792;14,99795;18,75186;14,99795;14,23623;15,43154;15,43154;21,22256;11,37881;14,99795;20,4042;15,43154;14,99795;15,43154;14,23623;14,23623;14,23623;13,2792;15,66006;21,22256;15,66006;18,75186;15,66006;20,85732;21,22256;15,43154;14,23623;14,99795;12,11709;14,23623;11,37881;12,11709;14,99795;18,75186;12,05264;15,66006;15,43154;14,99795;15,43154;13,2792;15,66006;14,23623;14,23623;18,75186;21,22256;13,2792;20,85732;13,2792;14,99795;21,22256;15,43154;14,99795;14,99795;12,11709;20,85732;15,1249;18,75186;14,23623;14,23623;11,37881;14,23623
"456";"1987-12-01";14,60977;16,02969;12,41641;12,99648;12,99648;14,60977;16,02969;12,82461;13,61563;12,41641;12,76016;15,42813;12,41641;14,60977;12,41641;12,99648;11,69961;13,24453;12,99648;13,02383;12,99648;14,45156;16,44961;13,24453;13,02383;13,24453;12,41641;12,12148;12,41641;12,99648;14,60977;11,69961;14,60977;11,69961;14,60977;12,99648;12,99648;14,45156;12,12148;12,12148;12,99648;12,76016;12,76016;13,02383;13,61563;15,15078;18,58633;15,15078;14,46914;15,475;15,475;20,86953;11,69961;15,15078;20,15273;15,475;15,15078;15,475;14,46914;14,46914;14,46914;13,61563;15,72109;20,86953;15,72109;18,58633;15,72109;20,55703;20,86953;15,475;14,46914;15,15078;12,82461;14,46914;11,69961;12,82461;15,15078;18,58633;12,76016;15,72109;15,475;15,15078;15,475;13,61563;15,72109;14,46914;14,46914;18,58633;20,86953;13,61563;20,55703;13,61563;15,15078;20,86953;15,475;15,15078;15,15078;12,82461;20,55703;15,42813;18,58633;14,46914;14,46914;11,69961;14,46914
"457";"1988-01-01";11,86978;13,15689;9,58462;10,35415;10,35415;11,86978;13,15689;10,13735;11,02407;9,58462;10,21743;12,68423;9,58462;11,86978;9,58462;10,35415;9,080713;10,49673;10,35415;10,57876;10,35415;12,03774;13,82681;10,49673;10,57876;10,49673;9,58462;9,832666;9,58462;10,35415;11,86978;9,080713;11,86978;9,080713;11,86978;10,35415;10,35415;12,03774;9,832666;9,832666;10,35415;10,21743;10,21743;10,57876;11,02407;12,70962;16,55728;12,70962;11,94595;13,18814;13,18814;18,77017;9,080713;12,70962;17,93814;13,18814;12,70962;13,18814;11,94595;11,94595;11,94595;11,02407;13,34439;18,77017;13,34439;16,55728;13,34439;18,54751;18,77017;13,18814;11,94595;12,70962;10,13735;11,94595;9,080713;10,13735;12,70962;16,55728;10,21743;13,34439;13,18814;12,70962;13,18814;11,02407;13,34439;11,94595;11,94595;16,55728;18,77017;11,02407;18,54751;11,02407;12,70962;18,77017;13,18814;12,70962;12,70962;10,13735;18,54751;12,68423;16,55728;11,94595;11,94595;9,080713;11,94595
"458";"1988-02-01";13,78945;15,10977;11,19375;12,2582;12,2582;13,78945;15,10977;11,6293;12,62148;11,19375;11,61953;14,43203;11,19375;13,78945;11,19375;12,2582;10,60391;12,27969;12,2582;12,51797;12,2582;14,17422;15,92422;12,27969;12,51797;12,27969;11,19375;11,3207;11,19375;12,2582;13,78945;10,60391;13,78945;10,60391;13,78945;12,2582;12,2582;14,17422;11,3207;11,3207;12,2582;11,61953;11,61953;12,51797;12,62148;13,95938;17,42813;13,95938;13,27969;14,29922;14,29922;19,56875;10,60391;13,95938;18,84609;14,29922;13,95938;14,29922;13,27969;13,27969;13,27969;12,62148;14,55703;19,56875;14,55703;17,42813;14,55703;19,24063;19,56875;14,29922;13,27969;13,95938;11,6293;13,27969;10,60391;11,6293;13,95938;17,42813;11,61953;14,55703;14,29922;13,95938;14,29922;12,62148;14,55703;13,27969;13,27969;17,42813;19,56875;12,62148;19,24063;12,62148;13,95938;19,56875;14,29922;13,95938;13,95938;11,6293;19,24063;14,43203;17,42813;13,27969;13,27969;10,60391;13,27969
"459";"1988-03-01";15,25088;16,67471;12,97158;13,53604;13,53604;15,25088;16,67471;13,54385;14,21182;12,97158;13,55361;16,16299;12,97158;15,25088;12,97158;13,53604;12,0458;14,00283;13,53604;13,92861;13,53604;15,42861;17,49893;14,00283;13,92861;14,00283;12,97158;12,97939;12,97158;13,53604;15,25088;12,0458;15,25088;12,0458;15,25088;13,53604;13,53604;15,42861;12,97939;12,97939;13,53604;13,55361;13,55361;13,92861;14,21182;15,39346;18,92471;15,39346;14,73135;15,73916;15,73916;21,37979;12,0458;15,39346;20,59658;15,73916;15,39346;15,73916;14,73135;14,73135;14,73135;14,21182;16,15908;21,37979;16,15908;18,92471;16,15908;21,08291;21,37979;15,73916;14,73135;15,39346;13,54385;14,73135;12,0458;13,54385;15,39346;18,92471;13,55361;16,15908;15,73916;15,39346;15,73916;14,21182;16,15908;14,73135;14,73135;18,92471;21,37979;14,21182;21,08291;14,21182;15,39346;21,37979;15,73916;15,39346;15,39346;13,54385;21,08291;16,16299;18,92471;14,73135;14,73135;12,0458;14,73135
"460";"1988-04-01";17,89443;19,72647;15,19912;15,89443;15,89443;17,89443;19,72647;15,60732;16,81045;15,19912;15,71865;18,98037;15,19912;17,89443;15,19912;15,89443;14,3749;16,39834;15,89443;16,34365;15,89443;17,85537;20,10342;16,39834;16,34365;16,39834;15,19912;15,26162;15,19912;15,89443;17,89443;14,3749;17,89443;14,3749;17,89443;15,89443;15,89443;17,85537;15,26162;15,26162;15,89443;15,71865;15,71865;16,34365;16,81045;18,28311;22,57412;18,28311;17,66982;18,67959;18,67959;24,97256;14,3749;18,28311;24,10342;18,67959;18,28311;18,67959;17,66982;17,66982;17,66982;16,81045;19,13857;24,97256;19,13857;22,57412;19,13857;24,62686;24,97256;18,67959;17,66982;18,28311;15,60732;17,66982;14,3749;15,60732;18,28311;22,57412;15,71865;19,13857;18,67959;18,28311;18,67959;16,81045;19,13857;17,66982;17,66982;22,57412;24,97256;16,81045;24,62686;16,81045;18,28311;24,97256;18,67959;18,28311;18,28311;15,60732;24,62686;18,98037;22,57412;17,66982;17,66982;14,3749;17,66982
"461";"1988-05-01";17,9418;19,71914;15,29141;16,13516;16,13516;17,9418;19,71914;16,01602;16,8793;15,29141;16,10586;18,98086;15,29141;17,9418;15,29141;16,13516;14,62344;16,41055;16,13516;16,46719;16,13516;17,89688;20,27773;16,41055;16,46719;16,41055;15,29141;15,76016;15,29141;16,13516;17,9418;14,62344;17,9418;14,62344;17,9418;16,13516;16,13516;17,89688;15,76016;15,76016;16,13516;16,10586;16,10586;16,46719;16,8793;18,55898;22,73086;18,55898;18,11563;18,93398;18,93398;25,01797;14,62344;18,55898;24,17422;18,93398;18,55898;18,93398;18,11563;18,11563;18,11563;16,8793;19,25039;25,01797;19,25039;22,73086;19,25039;24,70938;25,01797;18,93398;18,11563;18,55898;16,01602;18,11563;14,62344;16,01602;18,55898;22,73086;16,10586;19,25039;18,93398;18,55898;18,93398;16,8793;19,25039;18,11563;18,11563;22,73086;25,01797;16,8793;24,70938;16,8793;18,55898;25,01797;18,93398;18,55898;18,55898;16,01602;24,70938;18,98086;22,73086;18,11563;18,11563;14,62344;18,11563
"462";"1988-06-01";16,87905;18,2814;14,43765;15,20718;15,20718;16,87905;18,2814;14,83022;16,11343;14,43765;14,74233;17,98062;14,43765;16,87905;14,43765;15,20718;14,02749;15,01382;15,20718;15,45522;15,20718;16,93374;18,78726;15,01382;15,45522;15,01382;14,43765;14,66812;14,43765;15,20718;16,87905;14,02749;16,87905;14,02749;16,87905;15,20718;15,20718;16,93374;14,66812;14,66812;15,20718;14,74233;14,74233;15,45522;16,11343;18,73062;22,82046;18,73062;17,83804;19,05483;19,05483;24,98843;14,02749;18,73062;24,07437;19,05483;18,73062;19,05483;17,83804;17,83804;17,83804;16,11343;19,05093;24,98843;19,05093;22,82046;19,05093;24,8146;24,98843;19,05483;17,83804;18,73062;14,83022;17,83804;14,02749;14,83022;18,73062;22,82046;14,74233;19,05093;19,05483;18,73062;19,05483;16,11343;19,05093;17,83804;17,83804;22,82046;24,98843;16,11343;24,8146;16,11343;18,73062;24,98843;19,05483;18,73062;18,73062;14,83022;24,8146;17,98062;22,82046;17,83804;17,83804;14,02749;17,83804
"463";"1988-07-01";16,60073;18,14761;14,38589;14,87026;14,87026;16,60073;18,14761;14,84683;15,93667;14,38589;14,88198;17,80581;14,38589;16,60073;14,38589;14,87026;13,82144;15,09878;14,87026;15,71401;14,87026;16,76284;18,61636;15,09878;15,71401;15,09878;14,38589;14,93276;14,38589;14,87026;16,60073;13,82144;16,60073;13,82144;16,60073;14,87026;14,87026;16,76284;14,93276;14,93276;14,87026;14,88198;14,88198;15,71401;15,93667;18,79019;22,94253;18,79019;17,89761;19,09097;19,09097;25,25112;13,82144;18,79019;24,37417;19,09097;18,79019;19,09097;17,89761;17,89761;17,89761;15,93667;19,09097;25,25112;19,09097;22,94253;19,09097;24,9894;25,25112;19,09097;17,89761;18,79019;14,84683;17,89761;13,82144;14,84683;18,79019;22,94253;14,88198;19,09097;19,09097;18,79019;19,09097;15,93667;19,09097;17,89761;17,89761;22,94253;25,25112;15,93667;24,9894;15,93667;18,79019;25,25112;19,09097;18,79019;18,79019;14,84683;24,9894;17,80581;22,94253;17,89761;17,89761;13,82144;17,89761
"464";"1988-08-01";16,64102;17,97891;14,49453;15,04141;15,04141;16,64102;17,97891;14,87148;15,95742;14,49453;14,86563;17,55898;14,49453;16,64102;14,49453;15,04141;13,99453;15,20742;15,04141;15,79922;15,04141;16,92031;18,725;15,20742;15,79922;15,20742;14,49453;14,87734;14,49453;15,04141;16,64102;13,99453;16,64102;13,99453;16,64102;15,04141;15,04141;16,92031;14,87734;14,87734;15,04141;14,86563;14,86563;15,79922;15,95742;18,83438;22,80703;18,83438;17,91836;19,1;19,1;24,93594;13,99453;18,83438;24,13711;19,1;18,83438;19,1;17,91836;17,91836;17,91836;15,95742;19,00234;24,93594;19,00234;22,80703;19,00234;24,71133;24,93594;19,1;17,91836;18,83438;14,87148;17,91836;13,99453;14,87148;18,83438;22,80703;14,86563;19,00234;19,1;18,83438;19,1;15,95742;19,00234;17,91836;17,91836;22,80703;24,93594;15,95742;24,71133;15,95742;18,83438;24,93594;19,1;18,83438;18,83438;14,87148;24,71133;17,55898;22,80703;17,91836;17,91836;13,99453;17,91836
"465";"1988-09-01";16,05117;17,46523;14,18008;14,4457;14,4457;16,05117;17,46523;14,29141;15,72109;14,18008;14,01992;17,2582;14,18008;16,05117;14,18008;14,4457;13,83242;14,58047;14,4457;15,06094;14,4457;16,09219;17,87148;14,58047;15,06094;14,58047;14,18008;14,03164;14,18008;14,4457;16,05117;13,83242;16,05117;13,83242;16,05117;14,4457;14,4457;16,09219;14,03164;14,03164;14,4457;14,01992;14,01992;15,06094;15,72109;18,46719;22,46328;18,46719;17,55703;18,83633;18,83633;24,51797;13,83242;18,46719;23,76992;18,83633;18,46719;18,83633;17,55703;17,55703;17,55703;15,72109;18,82461;24,51797;18,82461;22,46328;18,82461;24,33828;24,51797;18,83633;17,55703;18,46719;14,29141;17,55703;13,83242;14,29141;18,46719;22,46328;14,01992;18,82461;18,83633;18,46719;18,83633;15,72109;18,82461;17,55703;17,55703;22,46328;24,51797;15,72109;24,33828;15,72109;18,46719;24,51797;18,83633;18,46719;18,46719;14,29141;24,33828;17,2582;22,46328;17,55703;17,55703;13,83242;17,55703
"466";"1988-10-01";15,07314;16,11416;12,38955;13,66885;13,66885;15,07314;16,11416;12,41885;13,94619;12,38955;12,28408;15,71572;12,38955;15,07314;12,38955;13,66885;12,08486;13,3915;13,66885;14,08877;13,66885;15,70986;17,37783;13,3915;14,08877;13,3915;12,38955;12,42861;12,38955;13,66885;15,07314;12,08486;15,07314;12,08486;15,07314;13,66885;13,66885;15,70986;12,42861;12,42861;13,66885;12,28408;12,28408;14,08877;13,94619;16,49697;20,35439;16,49697;15,51064;16,81338;16,81338;22,70205;12,08486;16,49697;21,7958;16,81338;16,49697;16,81338;15,51064;15,51064;15,51064;13,94619;16,78799;22,70205;16,78799;20,35439;16,78799;22,44424;22,70205;16,81338;15,51064;16,49697;12,41885;15,51064;12,08486;12,41885;16,49697;20,35439;12,28408;16,78799;16,81338;16,49697;16,81338;13,94619;16,78799;15,51064;15,51064;20,35439;22,70205;13,94619;22,44424;13,94619;16,49697;22,70205;16,81338;16,49697;16,49697;12,41885;22,44424;15,71572;20,35439;15,51064;15,51064;12,08486;15,51064
"467";"1988-11-01";14,4728;15,97866;12,43765;13,14077;13,14077;14,4728;15,97866;12,75601;13,57632;12,43765;12,38491;15,5978;12,43765;14,4728;12,43765;13,14077;11,79507;13,38491;13,14077;13,46694;13,14077;14,77163;16,59585;13,38491;13,46694;13,38491;12,43765;12,10171;12,43765;13,14077;14,4728;11,79507;14,4728;11,79507;14,4728;13,14077;13,14077;14,77163;12,10171;12,10171;13,14077;12,38491;12,38491;13,46694;13,57632;15,75601;20,07241;15,75601;15,2853;16,20132;16,20132;22,16226;11,79507;15,75601;21,62124;16,20132;15,75601;16,20132;15,2853;15,2853;15,2853;13,57632;16,51577;22,16226;16,51577;20,07241;16,51577;21,70718;22,16226;16,20132;15,2853;15,75601;12,75601;15,2853;11,79507;12,75601;15,75601;20,07241;12,38491;16,51577;16,20132;15,75601;16,20132;13,57632;16,51577;15,2853;15,2853;20,07241;22,16226;13,57632;21,70718;13,57632;15,75601;22,16226;16,20132;15,75601;15,75601;12,75601;21,70718;15,5978;20,07241;15,2853;15,2853;11,79507;15,2853
"468";"1988-12-01";12,6083;13,88174;10,204;11,24697;11,24697;12,6083;13,88174;10,78018;11,57119;10,204;10,56924;13,30557;10,204;12,6083;10,204;11,24697;9,768457;11,15908;11,24697;11,46182;11,24697;13,0165;14,61611;11,15908;11,46182;11,15908;10,204;10,31533;10,204;11,24697;12,6083;9,768457;12,6083;9,768457;12,6083;11,24697;11,24697;13,0165;10,31533;10,31533;11,24697;10,56924;10,56924;11,46182;11,57119;13,64736;17,76064;13,64736;13,21963;13,93252;13,93252;19,54775;9,768457;13,64736;18,79189;13,93252;13,64736;13,93252;13,21963;13,21963;13,21963;11,57119;14,06533;19,54775;14,06533;17,76064;14,06533;19,26455;19,54775;13,93252;13,21963;13,64736;10,78018;13,21963;9,768457;10,78018;13,64736;17,76064;10,56924;14,06533;13,93252;13,64736;13,93252;11,57119;14,06533;13,21963;13,21963;17,76064;19,54775;11,57119;19,26455;11,57119;13,64736;19,54775;13,93252;13,64736;13,64736;10,78018;19,26455;13,30557;17,76064;13,21963;13,21963;9,768457;13,21963
"469";"1989-01-01";13,17153;14,55825;10,73794;11,64614;11,64614;13,17153;14,55825;11,57192;12,27114;10,73794;11,56997;14,06021;10,73794;13,17153;10,73794;11,64614;10,29458;11,8981;11,64614;12,33169;11,64614;13,47231;15,14419;11,8981;12,33169;11,8981;10,73794;11,47231;10,73794;11,64614;13,17153;10,29458;13,17153;10,29458;13,17153;11,64614;11,64614;13,47231;11,47231;11,47231;11,64614;11,56997;11,56997;12,33169;12,27114;14,31802;18,98989;14,31802;14,11685;14,77114;14,77114;20,92544;10,29458;14,31802;20,16567;14,77114;14,31802;14,77114;14,11685;14,11685;14,11685;12,27114;14,91958;20,92544;14,91958;18,98989;14,91958;20,652;20,92544;14,77114;14,11685;14,31802;11,57192;14,11685;10,29458;11,57192;14,31802;18,98989;11,56997;14,91958;14,77114;14,31802;14,77114;12,27114;14,91958;14,11685;14,11685;18,98989;20,92544;12,27114;20,652;12,27114;14,31802;20,92544;14,77114;14,31802;14,31802;11,57192;20,652;14,06021;18,98989;14,11685;14,11685;10,29458;14,11685
"470";"1989-02-01";12,84585;13,92397;10,29897;11,4396;11,4396;12,84585;13,92397;10,94155;11,73843;10,29897;10,9689;13,3771;10,29897;12,84585;10,29897;11,4396;9,742334;11,4728;11,4396;11,9064;11,4396;13,51968;15,0314;11,4728;11,9064;11,4728;10,29897;10,75015;10,29897;11,4396;12,84585;9,742334;12,84585;9,742334;12,84585;11,4396;11,4396;13,51968;10,75015;10,75015;11,4396;10,9689;10,9689;11,9064;11,73843;14,01577;18,43569;14,01577;13,45913;14,37515;14,37515;20,41616;9,742334;14,01577;19,51772;14,37515;14,01577;14,37515;13,45913;13,45913;13,45913;11,73843;14,36929;20,41616;14,36929;18,43569;14,36929;20,29507;20,41616;14,37515;13,45913;14,01577;10,94155;13,45913;9,742334;10,94155;14,01577;18,43569;10,9689;14,36929;14,37515;14,01577;14,37515;11,73843;14,36929;13,45913;13,45913;18,43569;20,41616;11,73843;20,29507;11,73843;14,01577;20,41616;14,37515;14,01577;14,01577;10,94155;20,29507;13,3771;18,43569;13,45913;13,45913;9,742334;13,45913
"471";"1989-03-01";14,30264;15,57022;11,80459;12,67373;12,67373;14,30264;15,57022;12,51357;13,23037;11,80459;12,60537;15,01748;11,80459;14,30264;11,80459;12,67373;11,08389;12,95889;12,67373;13,22256;12,67373;14,67178;16,51162;12,95889;13,22256;12,95889;11,80459;12,21865;11,80459;12,67373;14,30264;11,08389;14,30264;11,08389;14,30264;12,67373;12,67373;14,67178;12,21865;12,21865;12,67373;12,60537;12,60537;13,22256;13,23037;14,76748;19,61904;14,76748;14,56826;15,25576;15,25576;21,36514;11,08389;14,76748;20,61123;15,25576;14,76748;15,25576;14,56826;14,56826;14,56826;13,23037;15,61904;21,36514;15,61904;19,61904;15,61904;21,16397;21,36514;15,25576;14,56826;14,76748;12,51357;14,56826;11,08389;12,51357;14,76748;19,61904;12,60537;15,61904;15,25576;14,76748;15,25576;13,23037;15,61904;14,56826;14,56826;19,61904;21,36514;13,23037;21,16397;13,23037;14,76748;21,36514;15,25576;14,76748;14,76748;12,51357;21,16397;15,01748;19,61904;14,56826;14,56826;11,08389;14,56826
"472";"1989-04-01";15,68203;17,2582;12,7543;13,84023;13,84023;15,68203;17,2582;13,63906;14,6293;12,7543;13,33242;16,77773;12,7543;15,68203;12,7543;13,84023;12,18789;13,70156;13,84023;14,00625;13,84023;15,92227;18,08438;13,70156;14,00625;13,70156;12,7543;12,87539;12,7543;13,84023;15,68203;12,18789;15,68203;12,18789;15,68203;13,84023;13,84023;15,92227;12,87539;12,87539;13,84023;13,33242;13,33242;14,00625;14,6293;16,69766;21,71914;16,69766;16,28945;17,09609;17,09609;23,82461;12,18789;16,69766;22,89688;17,09609;16,69766;17,09609;16,28945;16,28945;16,28945;14,6293;17,4418;23,82461;17,4418;21,71914;17,4418;23,62539;23,82461;17,09609;16,28945;16,69766;13,63906;16,28945;12,18789;13,63906;16,69766;21,71914;13,33242;17,4418;17,09609;16,69766;17,09609;14,6293;17,4418;16,28945;16,28945;21,71914;23,82461;14,6293;23,62539;14,6293;16,69766;23,82461;17,09609;16,69766;16,69766;13,63906;23,62539;16,77773;21,71914;16,28945;16,28945;12,18789;16,28945
"473";"1989-05-01";17,28018;18,8583;14,64736;15,4208;15,4208;17,28018;18,8583;15,45791;16,3251;14,64736;15,32119;18,58291;14,64736;17,28018;14,64736;15,4208;13,89736;15,62393;15,4208;15,92861;15,4208;17,33291;19,49307;15,62393;15,92861;15,62393;14,64736;15,00479;14,64736;15,4208;17,28018;13,89736;17,28018;13,89736;17,28018;15,4208;15,4208;17,33291;15,00479;15,00479;15,4208;15,32119;15,32119;15,92861;16,3251;18,91494;23,75869;18,91494;18,22158;19,26064;19,26064;26,08877;13,89736;18,91494;25,21182;19,26064;18,91494;19,26064;18,22158;18,22158;18,22158;16,3251;19,49893;26,08877;19,49893;23,75869;19,49893;25,81729;26,08877;19,26064;18,22158;18,91494;15,45791;18,22158;13,89736;15,45791;18,91494;23,75869;15,32119;19,49893;19,26064;18,91494;19,26064;16,3251;19,49893;18,22158;18,22158;23,75869;26,08877;16,3251;25,81729;16,3251;18,91494;26,08877;19,26064;18,91494;18,91494;15,45791;25,81729;18,58291;23,75869;18,22158;18,22158;13,89736;18,22158
"474";"1989-06-01";16,66348;18,28262;14,7709;14,97012;14,97012;16,66348;18,28262;15,24941;16,24941;14,7709;15,07754;18,08731;14,7709;16,66348;14,7709;14,97012;14,1127;15,29824;14,97012;15,66543;14,97012;16,74356;18,3666;15,29824;15,66543;15,29824;14,7709;14,90762;14,7709;14,97012;16,66348;14,1127;16,66348;14,1127;16,66348;14,97012;14,97012;16,74356;14,90762;14,90762;14,97012;15,07754;15,07754;15,66543;16,24941;19,03457;23,38027;19,03457;18,1166;19,42129;19,42129;25,42715;14,1127;19,03457;24,62832;19,42129;19,03457;19,42129;18,1166;18,1166;18,1166;16,24941;19,52676;25,42715;19,52676;23,38027;19,52676;25,24941;25,42715;19,42129;18,1166;19,03457;15,24941;18,1166;14,1127;15,24941;19,03457;23,38027;15,07754;19,52676;19,42129;19,03457;19,42129;16,24941;19,52676;18,1166;18,1166;23,38027;25,42715;16,24941;25,24941;16,24941;19,03457;25,42715;19,42129;19,03457;19,03457;15,24941;25,24941;18,08731;23,38027;18,1166;18,1166;14,1127;18,1166
"475";"1989-07-01";16,09121;17,39785;13,96035;14,4877;14,4877;16,09121;17,39785;14,44668;15,54434;13,96035;14,39004;17,12246;13,96035;16,09121;13,96035;14,4877;13,47988;14,80996;14,4877;15,45645;14,4877;16,45059;18,21426;14,80996;15,45645;14,80996;13,96035;14,41934;13,96035;14,4877;16,09121;13,47988;16,09121;13,47988;16,09121;14,4877;14,4877;16,45059;14,41934;14,41934;14,4877;14,39004;14,39004;15,45645;15,54434;18,4291;22,78848;18,4291;17,53848;18,78262;18,78262;25,00332;13,47988;18,4291;24,1166;18,78262;18,4291;18,78262;17,53848;17,53848;17,53848;15,54434;18,75918;25,00332;18,75918;22,78848;18,75918;24,78066;25,00332;18,78262;17,53848;18,4291;14,44668;17,53848;13,47988;14,44668;18,4291;22,78848;14,39004;18,75918;18,78262;18,4291;18,78262;15,54434;18,75918;17,53848;17,53848;22,78848;25,00332;15,54434;24,78066;15,54434;18,4291;25,00332;18,78262;18,4291;18,4291;14,44668;24,78066;17,12246;22,78848;17,53848;17,53848;13,47988;17,53848
"476";"1989-08-01";16,41104;18,26064;14,32119;14,58877;14,58877;16,41104;18,26064;14,73525;15,8583;14,32119;14,73916;17,72158;14,32119;16,41104;14,32119;14,58877;13,85049;14,89346;14,58877;15,38174;14,58877;16,24307;18,03799;14,89346;15,38174;14,89346;14,32119;14,70791;14,32119;14,58877;16,41104;13,85049;16,41104;13,85049;16,41104;14,58877;14,58877;16,24307;14,70791;14,70791;14,58877;14,73916;14,73916;15,38174;15,8583;18,60049;22,67471;18,60049;17,65908;19,0165;19,0165;24,96182;13,85049;18,60049;24,15908;19,0165;18,60049;19,0165;17,65908;17,65908;17,65908;15,8583;18,98525;24,96182;18,98525;22,67471;18,98525;24,67861;24,96182;19,0165;17,65908;18,60049;14,73525;17,65908;13,85049;14,73525;18,60049;22,67471;14,73916;18,98525;19,0165;18,60049;19,0165;15,8583;18,98525;17,65908;17,65908;22,67471;24,96182;15,8583;24,67861;15,8583;18,60049;24,96182;19,0165;18,60049;18,60049;14,73525;24,67861;17,72158;22,67471;17,65908;17,65908;13,85049;17,65908
"477";"1989-09-01";15,85366;17,23452;13,55874;14,07046;14,07046;15,85366;17,23452;13,65444;15,22866;13,55874;13,43374;16,80874;13,55874;15,85366;13,55874;14,07046;13,26187;14,00601;14,07046;14,61343;14,07046;15,9728;17,87319;14,00601;14,61343;14,00601;13,55874;13,5021;13,55874;14,07046;15,85366;13,26187;15,85366;13,26187;15,85366;14,07046;14,07046;15,9728;13,5021;13,5021;14,07046;13,43374;13,43374;14,61343;15,22866;18,05483;22,33804;18,05483;17,02749;18,46499;18,46499;24,21108;13,26187;18,05483;23,32046;18,46499;18,05483;18,46499;17,02749;17,02749;17,02749;15,22866;18,27944;24,21108;18,27944;22,33804;18,27944;24,11147;24,21108;18,46499;17,02749;18,05483;13,65444;17,02749;13,26187;13,65444;18,05483;22,33804;13,43374;18,27944;18,46499;18,05483;18,46499;15,22866;18,27944;17,02749;17,02749;22,33804;24,21108;15,22866;24,11147;15,22866;18,05483;24,21108;18,46499;18,05483;18,05483;13,65444;24,11147;16,80874;22,33804;17,02749;17,02749;13,26187;17,02749
"478";"1989-10-01";14,98184;16,59707;12,49941;13,33145;13,33145;14,98184;16,59707;12,56191;14,1752;12,49941;12,35098;16,00332;12,49941;14,98184;12,49941;13,33145;12,21621;13,24746;13,33145;13,70449;13,33145;15,0541;16,81387;13,24746;13,70449;13,24746;12,49941;12,2709;12,49941;13,33145;14,98184;12,21621;14,98184;12,21621;14,98184;13,33145;13,33145;15,0541;12,2709;12,2709;13,33145;12,35098;12,35098;13,70449;14,1752;16,40957;20,58145;16,40957;15,4877;16,89981;16,89981;23,02871;12,21621;16,40957;22,15176;16,89981;16,40957;16,89981;15,4877;15,4877;15,4877;14,1752;17,03262;23,02871;17,03262;20,58145;17,03262;22,65566;23,02871;16,89981;15,4877;16,40957;12,56191;15,4877;12,21621;12,56191;16,40957;20,58145;12,35098;17,03262;16,89981;16,40957;16,89981;14,1752;17,03262;15,4877;15,4877;20,58145;23,02871;14,1752;22,65566;14,1752;16,40957;23,02871;16,89981;16,40957;16,40957;12,56191;22,65566;16,00332;20,58145;15,4877;15,4877;12,21621;15,4877
"479";"1989-11-01";14,798;16,60659;12,29409;13,10073;13,10073;14,798;16,60659;12,69253;13,90933;12,29409;12,78823;15,95034;12,29409;14,798;12,29409;13,10073;11,83315;13,35464;13,10073;13,68472;13,10073;14,85659;16,92105;13,35464;13,68472;13,35464;12,29409;12,66323;12,29409;13,10073;14,798;11,83315;14,798;11,83315;14,798;13,10073;13,10073;14,85659;12,66323;12,66323;13,10073;12,78823;12,78823;13,68472;13,90933;16,12612;20,12026;16,12612;15,3937;16,55776;16,55776;22,26089;11,83315;16,12612;21,55776;16,55776;16,12612;16,55776;15,3937;15,3937;15,3937;13,90933;16,74526;22,26089;16,74526;20,12026;16,74526;21,87612;22,26089;16,55776;15,3937;16,12612;12,69253;15,3937;11,83315;12,69253;16,12612;20,12026;12,78823;16,74526;16,55776;16,12612;16,55776;13,90933;16,74526;15,3937;15,3937;20,12026;22,26089;13,90933;21,87612;13,90933;16,12612;22,26089;16,55776;16,12612;16,12612;12,69253;21,87612;15,95034;20,12026;15,3937;15,3937;11,83315;15,3937
"480";"1989-12-01";12,42275;13,90908;10,35049;10,954;10,954;12,42275;13,90908;10,52041;11,56924;10,35049;10,81143;13,31729;10,35049;12,42275;10,35049;10,954;9,637598;11,25283;10,954;11,11416;10,954;12,59463;14,44033;11,25283;11,11416;11,25283;10,35049;10,28604;10,35049;10,954;12,42275;9,637598;12,42275;9,637598;12,42275;10,954;10,954;12,59463;10,28604;10,28604;10,954;10,81143;10,81143;11,11416;11,56924;12,7665;15,73916;12,7665;11,96768;13,0751;13,0751;17,7958;9,637598;12,7665;17,18838;13,0751;12,7665;13,0751;11,96768;11,96768;11,96768;11,56924;13,37783;17,7958;13,37783;15,73916;13,37783;17,41689;17,7958;13,0751;11,96768;12,7665;10,52041;11,96768;9,637598;10,52041;12,7665;15,73916;10,81143;13,37783;13,0751;12,7665;13,0751;11,56924;13,37783;11,96768;11,96768;15,73916;17,7958;11,56924;17,41689;11,56924;12,7665;17,7958;13,0751;12,7665;12,7665;10,52041;17,41689;13,31729;15,73916;11,96768;11,96768;9,637598;11,96768
"481";"1990-01-01";13,20742;14,61172;10,74063;11,52188;11,52188;13,20742;14,61172;11,23867;12,24844;10,74063;11,47109;14,05508;10,74063;13,20742;10,74063;11,52188;10,23477;11,83828;11,52188;11,90859;11,52188;13,12148;15,21719;11,83828;11,90859;11,83828;10,74063;11,17031;10,74063;11,52188;13,20742;10,23477;13,20742;10,23477;13,20742;11,52188;11,52188;13,12148;11,17031;11,17031;11,52188;11,47109;11,47109;11,90859;12,24844;14,02969;17,93398;14,02969;13,34805;14,46328;14,46328;20,12344;10,23477;14,02969;19,33633;14,46328;14,02969;14,46328;13,34805;13,34805;13,34805;12,24844;14,60977;20,12344;14,60977;17,93398;14,60977;19,85195;20,12344;14,46328;13,34805;14,02969;11,23867;13,34805;10,23477;11,23867;14,02969;17,93398;11,47109;14,60977;14,46328;14,02969;14,46328;12,24844;14,60977;13,34805;13,34805;17,93398;20,12344;12,24844;19,85195;12,24844;14,02969;20,12344;14,46328;14,02969;14,02969;11,23867;19,85195;14,05508;17,93398;13,34805;13,34805;10,23477;13,34805
"482";"1990-02-01";13,6249;15,01162;11,10928;11,90615;11,90615;13,6249;15,01162;11,68154;12,75772;11,10928;11,82217;14,56631;11,10928;13,6249;11,10928;11,90615;10,58584;11,996;11,90615;12,23623;11,90615;13,77725;15,74209;11,996;12,23623;11,996;11,10928;11,51748;11,10928;11,90615;13,6249;10,58584;13,6249;10,58584;13,6249;11,90615;11,90615;13,77725;11,51748;11,51748;11,90615;11,82217;11,82217;12,23623;12,75772;14,67764;19,10732;14,67764;14,04287;15,10537;15,10537;20,83779;10,58584;14,67764;20,09365;15,10537;14,67764;15,10537;14,04287;14,04287;14,04287;12,75772;15,29287;20,83779;15,29287;19,10732;15,29287;20,63076;20,83779;15,10537;14,04287;14,67764;11,68154;14,04287;10,58584;11,68154;14,67764;19,10732;11,82217;15,29287;15,10537;14,67764;15,10537;12,75772;15,29287;14,04287;14,04287;19,10732;20,83779;12,75772;20,63076;12,75772;14,67764;20,83779;15,10537;14,67764;14,67764;11,68154;20,63076;14,56631;19,10732;14,04287;14,04287;10,58584;14,04287
"483";"1990-03-01";15,09927;16,23599;12,41372;13,46255;13,46255;15,09927;16,23599;13,14224;13,92935;12,41372;13,34731;15,82388;12,41372;15,09927;12,41372;13,46255;11,80239;13,6188;13,46255;13,7106;13,46255;15,36685;17,34927;13,6188;13,7106;13,6188;12,41372;12,90005;12,41372;13,46255;15,09927;11,80239;15,09927;11,80239;15,09927;13,46255;13,46255;15,36685;12,90005;12,90005;13,46255;13,34731;13,34731;13,7106;13,92935;15,41567;19,44497;15,41567;14,86294;15,88052;15,88052;21,75747;11,80239;15,41567;20,86099;15,88052;15,41567;15,88052;14,86294;14,86294;14,86294;13,92935;16,18716;21,75747;16,18716;19,44497;16,18716;21,50161;21,75747;15,88052;14,86294;15,41567;13,14224;14,86294;11,80239;13,14224;15,41567;19,44497;13,34731;16,18716;15,88052;15,41567;15,88052;13,92935;16,18716;14,86294;14,86294;19,44497;21,75747;13,92935;21,50161;13,92935;15,41567;21,75747;15,88052;15,41567;15,41567;13,14224;21,50161;15,82388;19,44497;14,86294;14,86294;11,80239;14,86294
"484";"1990-04-01";16,34634;17,81314;13,91274;14,59243;14,59243;16,34634;17,81314;14,41274;15,48696;13,91274;14,40298;17,57095;13,91274;16,34634;13,91274;14,59243;13,30532;14,72134;14,59243;14,92837;14,59243;16,32095;18,50064;14,72134;14,92837;14,72134;13,91274;14,1354;13,91274;14,59243;16,34634;13,30532;16,34634;13,30532;16,34634;14,59243;14,59243;16,32095;14,1354;14,1354;14,59243;14,40298;14,40298;14,92837;15,48696;17,68814;22,06118;17,68814;17,00259;18,04946;18,04946;24,31899;13,30532;17,68814;23,49673;18,04946;17,68814;18,04946;17,00259;17,00259;17,00259;15,48696;18,32681;24,31899;18,32681;22,06118;18,32681;24,02993;24,31899;18,04946;17,00259;17,68814;14,41274;17,00259;13,30532;14,41274;17,68814;22,06118;14,40298;18,32681;18,04946;17,68814;18,04946;15,48696;18,32681;17,00259;17,00259;22,06118;24,31899;15,48696;24,02993;15,48696;17,68814;24,31899;18,04946;17,68814;17,68814;14,41274;24,02993;17,57095;22,06118;17,00259;17,00259;13,30532;17,00259
"485";"1990-05-01";17,41372;18,88442;15,34731;15,92153;15,92153;17,41372;18,88442;15,82974;16,89419;15,34731;15,99966;18,92935;15,34731;17,41372;15,34731;15,92153;14,81021;16,54849;15,92153;16,91958;15,92153;17,54849;19,25552;16,54849;16,91958;16,54849;15,34731;15,95474;15,34731;15,92153;17,41372;14,81021;17,41372;14,81021;17,41372;15,92153;15,92153;17,54849;15,95474;15,95474;15,92153;15,99966;15,99966;16,91958;16,89419;19,53872;24,20864;19,53872;18,73599;20,02114;20,02114;26,4606;14,81021;19,53872;25,46255;20,02114;19,53872;20,02114;18,73599;18,73599;18,73599;16,89419;20,10513;26,4606;20,10513;24,20864;20,10513;26,38247;26,4606;20,02114;18,73599;19,53872;15,82974;18,73599;14,81021;15,82974;19,53872;24,20864;15,99966;20,10513;20,02114;19,53872;20,02114;16,89419;20,10513;18,73599;18,73599;24,20864;26,4606;16,89419;26,38247;16,89419;19,53872;26,4606;20,02114;19,53872;19,53872;15,82974;26,38247;18,92935;24,20864;18,73599;18,73599;14,81021;18,73599
"486";"1990-06-01";16,85269;18,40347;14,46206;15,2062;15,2062;16,85269;18,40347;14,92495;16,0187;14,46206;15,1144;17,90933;14,46206;16,85269;14,46206;15,2062;13,90933;15,6769;15,2062;16,32925;15,2062;17,16714;19,0773;15,6769;16,32925;15,6769;14,46206;15,20815;14,46206;15,2062;16,85269;13,90933;16,85269;13,90933;16,85269;15,2062;15,2062;17,16714;15,20815;15,20815;15,2062;15,1144;15,1144;16,32925;16,0187;18,77456;22,96987;18,77456;17,84292;19,24136;19,24136;25,29019;13,90933;18,77456;24,38589;19,24136;18,77456;19,24136;17,84292;17,84292;17,84292;16,0187;19,15151;25,29019;19,15151;22,96987;19,15151;25,12417;25,29019;19,24136;17,84292;18,77456;14,92495;17,84292;13,90933;14,92495;18,77456;22,96987;15,1144;19,15151;19,24136;18,77456;19,24136;16,0187;19,15151;17,84292;17,84292;22,96987;25,29019;16,0187;25,12417;16,0187;18,77456;25,29019;19,24136;18,77456;18,77456;14,92495;25,12417;17,90933;22,96987;17,84292;17,84292;13,90933;17,84292
"487";"1990-07-01";16,49478;18,09829;14,12564;14,57485;14,57485;16,49478;18,09829;14,48696;15,79165;14,12564;14,51821;17,60415;14,12564;16,49478;14,12564;14,57485;13,68228;14,70181;14,57485;15,25454;14,57485;16,30923;18,3854;14,70181;15,25454;14,70181;14,12564;14,6022;14,12564;14,57485;16,49478;13,68228;16,49478;13,68228;16,49478;14,57485;14,57485;16,30923;14,6022;14,6022;14,57485;14,51821;14,51821;15,25454;15,79165;18,48696;22,54751;18,48696;17,46939;18,99087;18,99087;25,02212;13,68228;18,48696;24,11587;18,99087;18,48696;18,99087;17,46939;17,46939;17,46939;15,79165;18,92251;25,02212;18,92251;22,54751;18,92251;24,75845;25,02212;18,99087;17,46939;18,48696;14,48696;17,46939;13,68228;14,48696;18,48696;22,54751;14,51821;18,92251;18,99087;18,48696;18,99087;15,79165;18,92251;17,46939;17,46939;22,54751;25,02212;15,79165;24,75845;15,79165;18,48696;25,02212;18,99087;18,48696;18,48696;14,48696;24,75845;17,60415;22,54751;17,46939;17,46939;13,68228;17,46939
"488";"1990-08-01";16,69155;18,31069;14,01968;14,79116;14,79116;16,69155;18,31069;14,38882;15,70327;14,01968;14,37905;17,67397;14,01968;16,69155;14,01968;14,79116;13,5353;15,0353;14,79116;15,62124;14,79116;16,71694;18,96108;15,0353;15,62124;15,0353;14,01968;14,49038;14,01968;14,79116;16,69155;13,5353;16,69155;13,5353;16,69155;14,79116;14,79116;16,71694;14,49038;14,49038;14,79116;14,37905;14,37905;15,62124;15,70327;18,48062;22,69351;18,48062;17,51187;18,99038;18,99038;25,10171;13,5353;18,48062;24,20522;18,99038;18,48062;18,99038;17,51187;17,51187;17,51187;15,70327;18,85952;25,10171;18,85952;22,69351;18,85952;24,84585;25,10171;18,99038;17,51187;18,48062;14,38882;17,51187;13,5353;14,38882;18,48062;22,69351;14,37905;18,85952;18,99038;18,48062;18,99038;15,70327;18,85952;17,51187;17,51187;22,69351;25,10171;15,70327;24,84585;15,70327;18,48062;25,10171;18,99038;18,48062;18,48062;14,38882;24,84585;17,67397;22,69351;17,51187;17,51187;13,5353;17,51187
"489";"1990-09-01";16,68911;18,28872;14,1481;14,90005;14,90005;16,68911;18,28872;14,402;15,82974;14,1481;14,24966;17,61685;14,1481;16,68911;14,1481;14,90005;13,82388;14,72036;14,90005;15,29067;14,90005;16,73794;18,65005;14,72036;15,29067;14,72036;14,1481;14,28091;14,1481;14,90005;16,68911;13,82388;16,68911;13,82388;16,68911;14,90005;14,90005;16,73794;14,28091;14,28091;14,90005;14,24966;14,24966;15,29067;15,82974;18,60903;22,50747;18,60903;17,51333;19,10317;19,10317;24,94106;13,82388;18,60903;24,06802;19,10317;18,60903;19,10317;17,51333;17,51333;17,51333;15,82974;18,97622;24,94106;18,97622;22,50747;18,97622;24,69106;24,94106;19,10317;17,51333;18,60903;14,402;17,51333;13,82388;14,402;18,60903;22,50747;14,24966;18,97622;19,10317;18,60903;19,10317;15,82974;18,97622;17,51333;17,51333;22,50747;24,94106;15,82974;24,69106;15,82974;18,60903;24,94106;19,10317;18,60903;18,60903;14,402;24,69106;17,61685;22,50747;17,51333;17,51333;13,82388;17,51333
"490";"1990-10-01";15,77139;16,99209;13,18936;14,19522;14,19522;15,77139;16,99209;13,33975;14,81436;13,18936;13,25772;16,56826;13,18936;15,77139;13,18936;14,19522;12,8749;13,94326;14,19522;14,41787;14,19522;16,08389;17,83975;13,94326;14,41787;13,94326;13,18936;13,29873;13,18936;14,19522;15,77139;12,8749;15,77139;12,8749;15,77139;14,19522;14,19522;16,08389;13,29873;13,29873;14,19522;13,25772;13,25772;14,41787;14,81436;17,27139;21,19326;17,27139;16,3085;17,76357;17,76357;23,5585;12,8749;17,27139;22,77139;17,76357;17,27139;17,76357;16,3085;16,3085;16,3085;14,81436;17,73818;23,5585;17,73818;21,19326;17,73818;23,25186;23,5585;17,76357;16,3085;17,27139;13,33975;16,3085;12,8749;13,33975;17,27139;21,19326;13,25772;17,73818;17,76357;17,27139;17,76357;14,81436;17,73818;16,3085;16,3085;21,19326;23,5585;14,81436;23,25186;14,81436;17,27139;23,5585;17,76357;17,27139;17,27139;13,33975;23,25186;16,56826;21,19326;16,3085;16,3085;12,8749;16,3085
"491";"1990-11-01";14,47427;15,54067;12,03481;13,05825;13,05825;14,47427;15,54067;12,19106;13,47622;12,03481;12,13052;15,16958;12,03481;14,47427;12,03481;13,05825;11,62271;13,01138;13,05825;13,42739;13,05825;14,92739;16,62466;13,01138;13,42739;13,01138;12,03481;12,14028;12,03481;13,05825;14,47427;11,62271;14,47427;11,62271;14,47427;13,05825;13,05825;14,92739;12,14028;12,14028;13,05825;12,13052;12,13052;13,42739;13,47622;15,92935;19,64614;15,92935;14,95083;16,26724;16,26724;21,91763;11,62271;15,92935;21,0856;16,26724;15,92935;16,26724;14,95083;14,95083;14,95083;13,47622;16,24185;21,91763;16,24185;19,64614;16,24185;21,61294;21,91763;16,26724;14,95083;15,92935;12,19106;14,95083;11,62271;12,19106;15,92935;19,64614;12,13052;16,24185;16,26724;15,92935;16,26724;13,47622;16,24185;14,95083;14,95083;19,64614;21,91763;13,47622;21,61294;13,47622;15,92935;21,91763;16,26724;15,92935;15,92935;12,19106;21,61294;15,16958;19,64614;14,95083;14,95083;11,62271;14,95083
"492";"1990-12-01";12,85684;14,18887;10,47207;11,6127;11,6127;12,85684;14,18887;10,90371;11,66348;10,47207;10,89981;13,57949;10,47207;12,85684;10,47207;11,6127;9,936914;11,6752;11,6127;11,77676;11,6127;13,31387;14,87637;11,6752;11,77676;11,6752;10,47207;10,60293;10,47207;11,6127;12,85684;9,936914;12,85684;9,936914;12,85684;11,6127;11,6127;13,31387;10,60293;10,60293;11,6127;10,89981;10,89981;11,77676;11,66348;13,73379;17,51504;13,73379;13,05996;14,04824;14,04824;19,39199;9,936914;13,73379;18,76699;14,04824;13,73379;14,04824;13,05996;13,05996;13,05996;11,66348;14,17324;19,39199;14,17324;17,51504;14,17324;19,1166;19,39199;14,04824;13,05996;13,73379;10,90371;13,05996;9,936914;10,90371;13,73379;17,51504;10,89981;14,17324;14,04824;13,73379;14,04824;11,66348;14,17324;13,05996;13,05996;17,51504;19,39199;11,66348;19,1166;11,66348;13,73379;19,39199;14,04824;13,73379;13,73379;10,90371;19,1166;13,57949;17,51504;13,05996;13,05996;9,936914;13,05996
"493";"1991-01-01";13,79067;15,46255;11,45278;11,87466;11,87466;13,79067;15,46255;12,15981;13,09146;11,45278;12,08755;15,0231;11,45278;13,79067;11,45278;11,87466;10,73208;12,15786;11,87466;11,91177;11,87466;13,45864;15,45474;12,15786;11,91177;12,15786;11,45278;11,35903;11,45278;11,87466;13,79067;10,73208;13,79067;10,73208;13,79067;11,87466;11,87466;13,45864;11,35903;11,35903;11,87466;12,08755;12,08755;11,91177;13,09146;14,54849;18,51919;14,54849;13,95083;14,98989;14,98989;20,40981;10,73208;14,54849;19,75942;14,98989;14,54849;14,98989;13,95083;13,95083;13,95083;13,09146;15,30825;20,40981;15,30825;18,51919;15,30825;20,19888;20,40981;14,98989;13,95083;14,54849;12,15981;13,95083;10,73208;12,15981;14,54849;18,51919;12,08755;15,30825;14,98989;14,54849;14,98989;13,09146;15,30825;13,95083;13,95083;18,51919;20,40981;13,09146;20,19888;13,09146;14,54849;20,40981;14,98989;14,54849;14,54849;12,15981;20,19888;15,0231;18,51919;13,95083;13,95083;10,73208;13,95083
"494";"1991-02-01";14,47964;15,37808;11,46401;13,03237;13,03237;14,47964;15,37808;11,88784;13,03433;11,46401;12,29214;14,64761;11,46401;14,47964;11,46401;13,03237;11,0519;13,06167;13,03237;13,37026;13,03237;14,94448;16,63784;13,06167;13,37026;13,06167;11,46401;12,1437;11,46401;13,03237;14,47964;11,0519;14,47964;11,0519;14,47964;13,03237;13,03237;14,94448;12,1437;12,1437;13,03237;12,29214;12,29214;13,37026;13,03433;14,36831;18,14956;14,36831;13,68276;14,77651;14,77651;20,0187;11,0519;14,36831;19,25503;14,77651;14,36831;14,77651;13,68276;13,68276;13,68276;13,03433;14,97573;20,0187;14,97573;18,14956;14,97573;19,82144;20,0187;14,77651;13,68276;14,36831;11,88784;13,68276;11,0519;11,88784;14,36831;18,14956;12,29214;14,97573;14,77651;14,36831;14,77651;13,03433;14,97573;13,68276;13,68276;18,14956;20,0187;13,03433;19,82144;13,03433;14,36831;20,0187;14,77651;14,36831;14,36831;11,88784;19,82144;14,64761;18,14956;13,68276;13,68276;11,0519;13,68276
"495";"1991-03-01";17,76943;18,95107;15,62686;16,10928;16,10928;17,76943;18,95107;16,56631;16,51553;15,62686;16,40811;18,36904;15,62686;17,76943;15,62686;16,10928;14,48818;16,72647;16,10928;16,33584;16,10928;17,71084;19,78311;16,72647;16,33584;16,72647;15,62686;15,58584;15,62686;16,10928;17,76943;14,48818;17,76943;14,48818;17,76943;16,10928;16,10928;17,71084;15,58584;15,58584;16,10928;16,40811;16,40811;16,33584;16,51553;17,74404;22,48037;17,74404;17,62881;18,10147;18,10147;23,53897;14,48818;17,74404;22,77334;18,10147;17,74404;18,10147;17,62881;17,62881;17,62881;16,51553;18,57412;23,53897;18,57412;22,48037;18,57412;23,36123;23,53897;18,10147;17,62881;17,74404;16,56631;17,62881;14,48818;16,56631;17,74404;22,48037;16,40811;18,57412;18,10147;17,74404;18,10147;16,51553;18,57412;17,62881;17,62881;22,48037;23,53897;16,51553;23,36123;16,51553;17,74404;23,53897;18,10147;17,74404;17,74404;16,56631;23,36123;18,36904;22,48037;17,62881;17,62881;14,48818;17,62881
"496";"1991-04-01";18,204;19,80557;15,56338;16,38369;16,38369;18,204;19,80557;16,454;17,11807;15,56338;16,56338;19,31143;15,56338;18,204;15,56338;16,38369;14,79775;16,83486;16,38369;16,81729;16,38369;18,14541;20,40908;16,83486;16,81729;16,83486;15,56338;16,00869;15,56338;16,38369;18,204;14,79775;18,204;14,79775;18,204;16,38369;16,38369;18,14541;16,00869;16,00869;16,38369;16,56338;16,56338;16,81729;17,11807;18,98916;24,35635;18,98916;18,63174;19,42275;19,42275;25,92666;14,79775;18,98916;25,1708;19,42275;18,98916;19,42275;18,63174;18,63174;18,63174;17,11807;19,97158;25,92666;19,97158;24,35635;19,97158;25,53994;25,92666;19,42275;18,63174;18,98916;16,454;18,63174;14,79775;16,454;18,98916;24,35635;16,56338;19,97158;19,42275;18,98916;19,42275;17,11807;19,97158;18,63174;18,63174;24,35635;25,92666;17,11807;25,53994;17,11807;18,98916;25,92666;19,42275;18,98916;18,98916;16,454;25,53994;19,31143;24,35635;18,63174;18,63174;14,79775;18,63174
"497";"1991-05-01";17,26235;18,87759;15,29946;15,63931;15,63931;17,26235;18,87759;16,00454;16,63931;15,29946;15,95571;18,61196;15,29946;17,26235;15,29946;15,63931;14,57095;16,42446;15,63931;16,45376;15,63931;17,07485;19,04165;16,42446;16,45376;16,42446;15,29946;15,61392;15,29946;15,63931;17,26235;14,57095;17,26235;14,57095;17,26235;15,63931;15,63931;17,07485;15,61392;15,61392;15,63931;15,95571;15,95571;16,45376;16,63931;19,33267;24,30532;19,33267;18,6979;19,80923;19,80923;26,52798;14,57095;19,33267;25,56899;19,80923;19,33267;19,80923;18,6979;18,6979;18,6979;16,63931;19,93814;26,52798;19,93814;24,30532;19,93814;26,40493;26,52798;19,80923;18,6979;19,33267;16,00454;18,6979;14,57095;16,00454;19,33267;24,30532;15,95571;19,93814;19,80923;19,33267;19,80923;16,63931;19,93814;18,6979;18,6979;24,30532;26,52798;16,63931;26,40493;16,63931;19,33267;26,52798;19,80923;19,33267;19,33267;16,00454;26,40493;18,61196;24,30532;18,6979;18,6979;14,57095;18,6979
"498";"1991-06-01";16,90811;18,4374;14,96865;15,3417;15,3417;16,90811;18,4374;15,54482;16,38272;14,96865;15,48428;18,28701;14,96865;16,90811;14,96865;15,3417;14,41397;15,72256;15,3417;16,07217;15,3417;16,86318;18,57022;15,72256;16,07217;15,72256;14,96865;15,33584;14,96865;15,3417;16,90811;14,41397;16,90811;14,41397;16,90811;15,3417;15,3417;16,86318;15,33584;15,33584;15,3417;15,48428;15,48428;16,07217;16,38272;19,05068;23,22842;19,05068;18,20693;19,52529;19,52529;25,67959;14,41397;19,05068;24,78115;19,52529;19,05068;19,52529;18,20693;18,20693;18,20693;16,38272;19,51162;25,67959;19,51162;23,22842;19,51162;25,52139;25,67959;19,52529;18,20693;19,05068;15,54482;18,20693;14,41397;15,54482;19,05068;23,22842;15,48428;19,51162;19,52529;19,05068;19,52529;16,38272;19,51162;18,20693;18,20693;23,22842;25,67959;16,38272;25,52139;16,38272;19,05068;25,67959;19,52529;19,05068;19,05068;15,54482;25,52139;18,28701;23,22842;18,20693;18,20693;14,41397;18,20693
"499";"1991-07-01";15,64785;17,14004;13,80606;14,01113;14,01113;15,64785;17,14004;14,42129;15,36074;13,80606;14,39004;16,99356;13,80606;15,64785;13,80606;14,01113;13,25723;14,59121;14,01113;15,12832;14,01113;15,75137;17,54238;14,59121;15,12832;14,59121;13,80606;14,4291;13,80606;14,01113;15,64785;13,25723;15,64785;13,25723;15,64785;14,01113;14,01113;15,75137;14,4291;14,4291;14,01113;14,39004;14,39004;15,12832;15,36074;18,10879;22,48574;18,10879;17,40957;18,58731;18,58731;24,93301;13,25723;18,10879;24,06777;18,58731;18,10879;18,58731;17,40957;17,40957;17,40957;15,36074;18,68106;24,93301;18,68106;22,48574;18,68106;24,71426;24,93301;18,58731;17,40957;18,10879;14,42129;17,40957;13,25723;14,42129;18,10879;22,48574;14,39004;18,68106;18,58731;18,10879;18,58731;15,36074;18,68106;17,40957;17,40957;22,48574;24,93301;15,36074;24,71426;15,36074;18,10879;24,93301;18,58731;18,10879;18,10879;14,42129;24,71426;16,99356;22,48574;17,40957;17,40957;13,25723;17,40957
"500";"1991-08-01";16,52041;18,45986;14,23135;14,58682;14,58682;16,52041;18,45986;14,9833;15,91299;14,23135;14,79775;17,80557;14,23135;16,52041;14,23135;14,58682;13,63174;15,2626;14,58682;15,84854;14,58682;16,50088;18,61611;15,2626;15,84854;15,2626;14,23135;14,67471;14,23135;14,58682;16,52041;13,63174;16,52041;13,63174;16,52041;14,58682;14,58682;16,50088;14,67471;14,67471;14,58682;14,79775;14,79775;15,84854;15,91299;18,65518;22,88174;18,65518;17,80166;19,14932;19,14932;25,66299;13,63174;18,65518;24,68057;19,14932;18,65518;19,14932;17,80166;17,80166;17,80166;15,91299;19,2333;25,66299;19,2333;22,88174;19,2333;25,12002;25,66299;19,14932;17,80166;18,65518;14,9833;17,80166;13,63174;14,9833;18,65518;22,88174;14,79775;19,2333;19,14932;18,65518;19,14932;15,91299;19,2333;17,80166;17,80166;22,88174;25,66299;15,91299;25,12002;15,91299;18,65518;25,66299;19,14932;18,65518;18,65518;14,9833;25,12002;17,80557;22,88174;17,80166;17,80166;13,63174;17,80166
"501";"1991-09-01";15,58535;17,06387;13,59316;13,95449;13,95449;15,58535;17,06387;13,80801;15,25918;13,59316;13,56191;16,77285;13,59316;15,58535;13,59316;13,95449;13,32363;13,90176;13,95449;14,47988;13,95449;15,62832;17,24551;13,90176;14,47988;13,90176;13,59316;13,59316;13,59316;13,95449;15,58535;13,32363;15,58535;13,32363;15,58535;13,95449;13,95449;15,62832;13,59316;13,59316;13,95449;13,56191;13,56191;14,47988;15,25918;18,12637;22,12637;18,12637;17,07559;18,55215;18,55215;24,47598;13,32363;18,12637;23,57559;18,55215;18,12637;18,55215;17,07559;17,07559;17,07559;15,25918;18,40566;24,47598;18,40566;22,12637;18,40566;24,27285;24,47598;18,55215;17,07559;18,12637;13,80801;17,07559;13,32363;13,80801;18,12637;22,12637;13,56191;18,40566;18,55215;18,12637;18,55215;15,25918;18,40566;17,07559;17,07559;22,12637;24,47598;15,25918;24,27285;15,25918;18,12637;24,47598;18,55215;18,12637;18,12637;13,80801;24,27285;16,77285;22,12637;17,07559;17,07559;13,32363;17,07559
"502";"1991-10-01";15,06484;16,45352;13,08828;13,47109;13,47109;15,06484;16,45352;13,27188;14,61758;13,08828;12,97305;16,15273;13,08828;15,06484;13,08828;13,47109;12,72891;13,43984;13,47109;13,86953;13,47109;15,07656;16,67422;13,43984;13,86953;13,43984;13,08828;12,86953;13,08828;13,47109;15,06484;12,72891;15,06484;12,72891;15,06484;13,47109;13,47109;15,07656;12,86953;12,86953;13,47109;12,97305;12,97305;13,86953;14,61758;17,38711;21,25039;17,38711;16,39688;17,725;17,725;23,75625;12,72891;17,38711;22,86563;17,725;17,38711;17,725;16,39688;16,39688;16,39688;14,61758;17,67617;23,75625;17,67617;21,25039;17,67617;23,53945;23,75625;17,725;16,39688;17,38711;13,27188;16,39688;12,72891;13,27188;17,38711;21,25039;12,97305;17,67617;17,725;17,38711;17,725;14,61758;17,67617;16,39688;16,39688;21,25039;23,75625;14,61758;23,53945;14,61758;17,38711;23,75625;17,725;17,38711;17,38711;13,27188;23,53945;16,15273;21,25039;16,39688;16,39688;12,72891;16,39688
"503";"1991-11-01";13,05874;14,56655;10,87515;11,51968;11,51968;13,05874;14,56655;10,91616;12,30288;10,87515;10,81069;14,08218;10,87515;13,05874;10,87515;11,51968;10,44155;11,73452;11,51968;11,83999;11,51968;12,98257;14,94155;11,73452;11,83999;11,73452;10,87515;10,59194;10,87515;11,51968;13,05874;10,44155;13,05874;10,44155;13,05874;11,51968;11,51968;12,98257;10,59194;10,59194;11,51968;10,81069;10,81069;11,83999;12,30288;14,63882;18,1564;14,63882;13,63101;14,95522;14,95522;20,59976;10,44155;14,63882;19,90249;14,95522;14,63882;14,95522;13,63101;13,63101;13,63101;12,30288;14,99624;20,59976;14,99624;18,1564;14,99624;20,26968;20,59976;14,95522;13,63101;14,63882;10,91616;13,63101;10,44155;10,91616;14,63882;18,1564;10,81069;14,99624;14,95522;14,63882;14,95522;12,30288;14,99624;13,63101;13,63101;18,1564;20,59976;12,30288;20,26968;12,30288;14,63882;20,59976;14,95522;14,63882;14,63882;10,91616;20,26968;14,08218;18,1564;13,63101;13,63101;10,44155;13,63101
"504";"1991-12-01";12,63418;14,04629;10,27871;11,05996;11,05996;12,63418;14,04629;10,72207;11,82754;10,27871;10,78652;13,64981;10,27871;12,63418;10,27871;11,05996;9,909571;11,20645;11,05996;11,53066;11,05996;12,71621;14,65371;11,20645;11,53066;11,20645;10,27871;10,67324;10,27871;11,05996;12,63418;9,909571;12,63418;9,909571;12,63418;11,05996;11,05996;12,71621;10,67324;10,67324;11,05996;10,78652;10,78652;11,53066;11,82754;14,17715;18,07949;14,17715;13,39981;14,60488;14,60488;20,41348;9,909571;14,17715;19,63223;14,60488;14,17715;14,60488;13,39981;13,39981;13,39981;11,82754;14,66543;20,41348;14,66543;18,07949;14,66543;20,09902;20,41348;14,60488;13,39981;14,17715;10,72207;13,39981;9,909571;10,72207;14,17715;18,07949;10,78652;14,66543;14,60488;14,17715;14,60488;11,82754;14,66543;13,39981;13,39981;18,07949;20,41348;11,82754;20,09902;11,82754;14,17715;20,41348;14,60488;14,17715;14,17715;10,72207;20,09902;13,64981;18,07949;13,39981;13,39981;9,909571;13,39981
"505";"1992-01-01";12,45107;13,88467;10,20693;10,72842;10,72842;12,45107;13,88467;10,50967;11,6874;10,20693;10,85732;13,36514;10,20693;12,45107;10,20693;10,72842;9,662012;11,14248;10,72842;11,2167;10,72842;12,29873;14,25772;11,14248;11,2167;11,14248;10,20693;10,51943;10,20693;10,72842;12,45107;9,662012;12,45107;9,662012;12,45107;10,72842;10,72842;12,29873;10,51943;10,51943;10,72842;10,85732;10,85732;11,2167;11,6874;13,19717;16,58193;13,19717;12,35147;13,67178;13,67178;18,8085;9,662012;13,19717;18,14834;13,67178;13,19717;13,67178;12,35147;12,35147;12,35147;11,6874;13,91397;18,8085;13,91397;16,58193;13,91397;18,44326;18,8085;13,67178;12,35147;13,19717;10,50967;12,35147;9,662012;10,50967;13,19717;16,58193;10,85732;13,91397;13,67178;13,19717;13,67178;11,6874;13,91397;12,35147;12,35147;16,58193;18,8085;11,6874;18,44326;11,6874;13,19717;18,8085;13,67178;13,19717;13,19717;10,50967;18,44326;13,36514;16,58193;12,35147;12,35147;9,662012;12,35147
"506";"1992-02-01";13,10269;14,75112;11,22378;11,39956;11,39956;13,10269;14,75112;11,68667;12,64175;11,22378;11,8644;14,41714;11,22378;13,10269;11,22378;11,39956;10,50503;11,91323;11,39956;11,50112;11,39956;12,5773;14,57144;11,91323;11,50112;11,91323;11,22378;11,15347;11,22378;11,39956;13,10269;10,50503;13,10269;10,50503;13,10269;11,39956;11,39956;12,5773;11,15347;11,15347;11,39956;11,8644;11,8644;11,50112;12,64175;13,86245;17,34487;13,86245;13,14761;14,40151;14,40151;19,76675;10,50503;13,86245;19,04605;14,40151;13,86245;14,40151;13,14761;13,14761;13,14761;12,64175;14,78042;19,76675;14,78042;17,34487;14,78042;19,51089;19,76675;14,40151;13,14761;13,86245;11,68667;13,14761;10,50503;11,68667;13,86245;17,34487;11,8644;14,78042;14,40151;13,86245;14,40151;12,64175;14,78042;13,14761;13,14761;17,34487;19,76675;12,64175;19,51089;12,64175;13,86245;19,76675;14,40151;13,86245;13,86245;11,68667;19,51089;14,41714;17,34487;13,14761;13,14761;10,50503;13,14761
"507";"1992-03-01";16,61782;17,95571;14,30728;15,00454;15,00454;16,61782;17,95571;14,61978;15,51431;14,30728;14,97915;17,3561;14,30728;16,61782;14,30728;15,00454;13,49673;15,54165;15,00454;15,34439;15,00454;16,50649;18,62954;15,54165;15,34439;15,54165;14,30728;14,48696;14,30728;15,00454;16,61782;13,49673;16,61782;13,49673;16,61782;15,00454;15,00454;16,50649;14,48696;14,48696;15,00454;14,97915;14,97915;15,34439;15,51431;16,59048;20,33657;16,59048;15,92642;17,02798;17,02798;22,62564;13,49673;16,59048;21,9479;17,02798;16,59048;17,02798;15,92642;15,92642;15,92642;15,51431;17,36196;22,62564;17,36196;20,33657;17,36196;22,33071;22,62564;17,02798;15,92642;16,59048;14,61978;15,92642;13,49673;14,61978;16,59048;20,33657;14,97915;17,36196;17,02798;16,59048;17,02798;15,51431;17,36196;15,92642;15,92642;20,33657;22,62564;15,51431;22,33071;15,51431;16,59048;22,62564;17,02798;16,59048;16,59048;14,61978;22,33071;17,3561;20,33657;15,92642;15,92642;13,49673;15,92642
"508";"1992-04-01";16,40054;17,95913;13,79897;14,43765;14,43765;16,40054;17,95913;14,39858;15,58608;13,79897;14,47476;17,55874;13,79897;16,40054;13,79897;14,43765;13,16226;14,68179;14,43765;14,55288;14,43765;16,08608;18,44155;14,68179;14,55288;14,68179;13,79897;13,78335;13,79897;14,43765;16,40054;13,16226;16,40054;13,16226;16,40054;14,43765;14,43765;16,08608;13,78335;13,78335;14,43765;14,47476;14,47476;14,55288;15,58608;17,07437;21,30679;17,07437;16,46108;17,50991;17,50991;23,58999;13,16226;17,07437;22,77358;17,50991;17,07437;17,50991;16,46108;16,46108;16,46108;15,58608;17,92983;23,58999;17,92983;21,30679;17,92983;23,36929;23,58999;17,50991;16,46108;17,07437;14,39858;16,46108;13,16226;14,39858;17,07437;21,30679;14,47476;17,92983;17,50991;17,07437;17,50991;15,58608;17,92983;16,46108;16,46108;21,30679;23,58999;15,58608;23,36929;15,58608;17,07437;23,58999;17,50991;17,07437;17,07437;14,39858;23,36929;17,55874;21,30679;16,46108;16,46108;13,16226;16,46108
"509";"1992-05-01";15,78018;16,99697;13,4208;14,17275;14,17275;15,78018;16,99697;13,87588;15,10244;13,4208;13,77041;16,80166;13,4208;15,78018;13,4208;14,17275;13,02236;14,09658;14,17275;14,38564;14,17275;15,77822;17,61611;14,09658;14,38564;14,09658;13,4208;13,48721;13,4208;14,17275;15,78018;13,02236;15,78018;13,02236;15,78018;14,17275;14,17275;15,77822;13,48721;13,48721;14,17275;13,77041;13,77041;14,38564;15,10244;17,45596;21,49697;17,45596;16,63955;17,83291;17,83291;24,24697;13,02236;17,45596;23,27432;17,83291;17,45596;17,83291;16,63955;16,63955;16,63955;15,10244;17,92861;24,24697;17,92861;21,49697;17,92861;23,9833;24,24697;17,83291;16,63955;17,45596;13,87588;16,63955;13,02236;13,87588;17,45596;21,49697;13,77041;17,92861;17,83291;17,45596;17,83291;15,10244;17,92861;16,63955;16,63955;21,49697;24,24697;15,10244;23,9833;15,10244;17,45596;24,24697;17,83291;17,45596;17,45596;13,87588;23,9833;16,80166;21,49697;16,63955;16,63955;13,02236;16,63955
"510";"1992-06-01";17,4335;18,72451;15,68545;15,95693;15,95693;17,4335;18,72451;16,01553;17,07022;15,68545;15,90615;18,70889;15,68545;17,4335;15,68545;15,95693;15,11709;16,31045;15,95693;16,77334;15,95693;17,61318;19,10342;16,31045;16,77334;16,31045;15,68545;15,82803;15,68545;15,95693;17,4335;15,11709;17,4335;15,11709;17,4335;15,95693;15,95693;17,61318;15,82803;15,82803;15,95693;15,90615;15,90615;16,77334;17,07022;19,79678;23,88272;19,79678;18,871;20,11904;20,11904;26,10928;15,11709;19,79678;25,32607;20,11904;19,79678;20,11904;18,871;18,871;18,871;17,07022;20,13662;26,10928;20,13662;23,88272;20,13662;25,9042;26,10928;20,11904;18,871;19,79678;16,01553;18,871;15,11709;16,01553;19,79678;23,88272;15,90615;20,13662;20,11904;19,79678;20,11904;17,07022;20,13662;18,871;18,871;23,88272;26,10928;17,07022;25,9042;17,07022;19,79678;26,10928;20,11904;19,79678;19,79678;16,01553;25,9042;18,70889;23,88272;18,871;18,871;15,11709;18,871
"511";"1992-07-01";16,05313;17,60586;13,84414;14,36758;14,36758;16,05313;17,60586;14,66445;15,43594;13,84414;14,73867;17,29727;13,84414;16,05313;13,84414;14,36758;13,3207;14,86563;14,36758;15,57266;14,36758;16,2875;18,16641;14,86563;15,57266;14,86563;13,84414;14,75234;13,84414;14,36758;16,05313;13,3207;16,05313;13,3207;16,05313;14,36758;14,36758;16,2875;14,75234;14,75234;14,36758;14,73867;14,73867;15,57266;15,43594;18,20156;22,49258;18,20156;17,44375;18,73281;18,73281;24,99258;13,3207;18,20156;24,11758;18,73281;18,20156;18,73281;17,44375;17,44375;17,44375;15,43594;18,67813;24,99258;18,67813;22,49258;18,67813;24,72305;24,99258;18,73281;17,44375;18,20156;14,66445;17,44375;13,3207;14,66445;18,20156;22,49258;14,73867;18,67813;18,73281;18,20156;18,73281;15,43594;18,67813;17,44375;17,44375;22,49258;24,99258;15,43594;24,72305;15,43594;18,20156;24,99258;18,73281;18,20156;18,20156;14,66445;24,72305;17,29727;22,49258;17,44375;17,44375;13,3207;17,44375
"512";"1992-08-01";16,39932;18,06143;13,86221;14,59268;14,59268;16,39932;18,06143;14,51455;15,47354;13,86221;14,579;17,32119;13,86221;16,39932;13,86221;14,59268;13,33096;14,91494;14,59268;15,61807;14,59268;16,63955;18,74502;14,91494;15,61807;14,91494;13,86221;14,58291;13,86221;14,59268;16,39932;13,33096;16,39932;13,33096;16,39932;14,59268;14,59268;16,63955;14,58291;14,58291;14,59268;14,579;14,579;15,61807;15,47354;18,33096;22,22939;18,33096;17,36221;18,7626;18,7626;24,75088;13,33096;18,33096;23,94033;18,7626;18,33096;18,7626;17,36221;17,36221;17,36221;15,47354;18,60635;24,75088;18,60635;22,22939;18,60635;24,44424;24,75088;18,7626;17,36221;18,33096;14,51455;17,36221;13,33096;14,51455;18,33096;22,22939;14,579;18,60635;18,7626;18,33096;18,7626;15,47354;18,60635;17,36221;17,36221;22,22939;24,75088;15,47354;24,44424;15,47354;18,33096;24,75088;18,7626;18,33096;18,33096;14,51455;24,44424;17,32119;22,22939;17,36221;17,36221;13,33096;17,36221
"513";"1992-09-01";16,12148;17,48477;13,53555;14,33438;14,33438;16,12148;17,48477;13,98086;15,22109;13,53555;13,98086;16,91641;13,53555;16,12148;13,53555;14,33438;13,08242;14,48477;14,33438;15,1625;14,33438;16,39102;18,39492;14,48477;15,1625;14,48477;13,53555;13,98867;13,53555;14,33438;16,12148;13,08242;16,12148;13,08242;16,12148;14,33438;14,33438;16,39102;13,98867;13,98867;14,33438;13,98086;13,98086;15,1625;15,22109;18,21914;22,03945;18,21914;17,08047;18,53945;18,53945;24,43984;13,08242;18,21914;23,63516;18,53945;18,21914;18,53945;17,08047;17,08047;17,08047;15,22109;18,40273;24,43984;18,40273;22,03945;18,40273;24,09609;24,43984;18,53945;17,08047;18,21914;13,98086;17,08047;13,08242;13,98086;18,21914;22,03945;13,98086;18,40273;18,53945;18,21914;18,53945;15,22109;18,40273;17,08047;17,08047;22,03945;24,43984;15,22109;24,09609;15,22109;18,21914;24,43984;18,53945;18,21914;18,21914;13,98086;24,09609;16,91641;22,03945;17,08047;17,08047;13,08242;17,08047
"514";"1992-10-01";15,6459;17,02285;12,97012;13,74356;13,74356;15,6459;17,02285;13,17129;14,85684;12,97012;13,05215;16,53848;12,97012;15,6459;12,97012;13,74356;12,78262;13,37832;13,74356;13,86074;13,74356;15,49746;17,6166;13,37832;13,86074;13,37832;12,97012;13,01309;12,97012;13,74356;15,6459;12,78262;15,6459;12,78262;15,6459;13,74356;13,74356;15,49746;13,01309;13,01309;13,74356;13,05215;13,05215;13,86074;14,85684;17,18106;21,20254;17,18106;16,19277;17,65371;17,65371;23,60293;12,78262;17,18106;22,83145;17,65371;17,18106;17,65371;16,19277;16,19277;16,19277;14,85684;17,66738;23,60293;17,66738;21,20254;17,66738;23,28652;23,60293;17,65371;16,19277;17,18106;13,17129;16,19277;12,78262;13,17129;17,18106;21,20254;13,05215;17,66738;17,65371;17,18106;17,65371;14,85684;17,66738;16,19277;16,19277;21,20254;23,60293;14,85684;23,28652;14,85684;17,18106;23,60293;17,65371;17,18106;17,18106;13,17129;23,28652;16,53848;21,20254;16,19277;16,19277;12,78262;16,19277
"515";"1992-11-01";14,71548;16,20376;12,32876;12,94595;12,94595;14,71548;16,20376;12,61587;13,89517;12,32876;12,69009;15,62368;12,32876;14,71548;12,32876;12,94595;11,85024;12,83853;12,94595;12,87173;12,94595;14,45181;16,37954;12,83853;12,87173;12,83853;12,32876;12,25649;12,32876;12,94595;14,71548;11,85024;14,71548;11,85024;14,71548;12,94595;12,94595;14,45181;12,25649;12,25649;12,94595;12,69009;12,69009;12,87173;13,89517;15,84439;19,52212;15,84439;14,97329;16,25259;16,25259;21,58267;11,85024;15,84439;20,9147;16,25259;15,84439;16,25259;14,97329;14,97329;14,97329;13,89517;16,41665;21,58267;16,41665;19,52212;16,41665;21,31509;21,58267;16,25259;14,97329;15,84439;12,61587;14,97329;11,85024;12,61587;15,84439;19,52212;12,69009;16,41665;16,25259;15,84439;16,25259;13,89517;16,41665;14,97329;14,97329;19,52212;21,58267;13,89517;21,31509;13,89517;15,84439;21,58267;16,25259;15,84439;15,84439;12,61587;21,31509;15,62368;19,52212;14,97329;14,97329;11,85024;14,97329
"516";"1992-12-01";13,47305;14,76016;11,225;12,02773;12,02773;13,47305;14,76016;11,96133;12,65664;11,225;12,02969;14,43398;11,225;13,47305;11,225;12,02773;10,60781;12,32266;12,02773;12,45938;12,02773;13,81484;15,45742;12,32266;12,45938;12,32266;11,225;11,64492;11,225;12,02773;13,47305;10,60781;13,47305;10,60781;13,47305;12,02773;12,02773;13,81484;11,64492;11,64492;12,02773;12,02969;12,02969;12,45938;12,65664;14,72109;19,01406;14,72109;14,30703;15,19766;15,19766;21,11953;10,60781;14,72109;20,39883;15,19766;14,72109;15,19766;14,30703;14,30703;14,30703;12,65664;15,46719;21,11953;15,46719;19,01406;15,46719;20,60195;21,11953;15,19766;14,30703;14,72109;11,96133;14,30703;10,60781;11,96133;14,72109;19,01406;12,02969;15,46719;15,19766;14,72109;15,19766;12,65664;15,46719;14,30703;14,30703;19,01406;21,11953;12,65664;20,60195;12,65664;14,72109;21,11953;15,19766;14,72109;14,72109;11,96133;20,60195;14,43398;19,01406;14,30703;14,30703;10,60781;14,30703
"517";"1993-01-01";13,60244;14,94033;11,19814;12,02236;12,02236;13,60244;14,94033;11,84072;12,579;11,19814;11,96377;14,42471;11,19814;13,60244;11,19814;12,02236;10,43643;12,27432;12,02236;12,42471;12,02236;13,84463;15,54189;12,27432;12,42471;12,27432;11,19814;11,54385;11,19814;12,02236;13,60244;10,43643;13,60244;10,43643;13,60244;12,02236;12,02236;13,84463;11,54385;11,54385;12,02236;11,96377;11,96377;12,42471;12,579;14,40127;18,58877;14,40127;13,92471;14,71182;14,71182;20,48916;10,43643;14,40127;19,72549;14,71182;14,40127;14,71182;13,92471;13,92471;13,92471;12,579;15,0165;20,48916;15,0165;18,58877;15,0165;20,12979;20,48916;14,71182;13,92471;14,40127;11,84072;13,92471;10,43643;11,84072;14,40127;18,58877;11,96377;15,0165;14,71182;14,40127;14,71182;12,579;15,0165;13,92471;13,92471;18,58877;20,48916;12,579;20,12979;12,579;14,40127;20,48916;14,71182;14,40127;14,40127;11,84072;20,12979;14,42471;18,58877;13,92471;13,92471;10,43643;13,92471
"518";"1993-02-01";14,4269;15,82925;12,01284;12,81167;12,81167;14,4269;15,82925;12,58706;13,44839;12,01284;12,89761;15,3019;12,01284;14,4269;12,01284;12,81167;11,29409;13,18472;12,81167;13,2355;12,81167;14,63198;16,43081;13,18472;13,2355;13,18472;12,01284;12,49526;12,01284;12,81167;14,4269;11,29409;14,4269;11,29409;14,4269;12,81167;12,81167;14,63198;12,49526;12,49526;12,81167;12,89761;12,89761;13,2355;13,44839;15,00698;19,1144;15,00698;14,4855;15,43472;15,43472;20,98159;11,29409;15,00698;20,19839;15,43472;15,00698;15,43472;14,4855;14,4855;14,4855;13,44839;15,72964;20,98159;15,72964;19,1144;15,72964;20,74722;20,98159;15,43472;14,4855;15,00698;12,58706;14,4855;11,29409;12,58706;15,00698;19,1144;12,89761;15,72964;15,43472;15,00698;15,43472;13,44839;15,72964;14,4855;14,4855;19,1144;20,98159;13,44839;20,74722;13,44839;15,00698;20,98159;15,43472;15,00698;15,00698;12,58706;20,74722;15,3019;19,1144;14,4855;14,4855;11,29409;14,4855
"519";"1993-03-01";15,54067;17,01333;12,8395;13,66958;13,66958;15,54067;17,01333;13,35708;14,39614;12,8395;13,83755;16,34731;12,8395;15,54067;12,8395;13,66958;12,10122;14,13247;13,66958;14,03286;13,66958;15,45083;17,51333;14,13247;14,03286;14,13247;12,8395;13,30044;12,8395;13,66958;15,54067;12,10122;15,54067;12,10122;15,54067;13,66958;13,66958;15,45083;13,30044;13,30044;13,66958;13,83755;13,83755;14,03286;14,39614;15,29653;19,77896;15,29653;14,76138;15,80239;15,80239;21,85708;12,10122;15,29653;20,97231;15,80239;15,29653;15,80239;14,76138;14,76138;14,76138;14,39614;16,21646;21,85708;16,21646;19,77896;16,21646;21,59731;21,85708;15,80239;14,76138;15,29653;13,35708;14,76138;12,10122;13,35708;15,29653;19,77896;13,83755;16,21646;15,80239;15,29653;15,80239;14,39614;16,21646;14,76138;14,76138;19,77896;21,85708;14,39614;21,59731;14,39614;15,29653;21,85708;15,80239;15,29653;15,29653;13,35708;21,59731;16,34731;19,77896;14,76138;14,76138;12,10122;14,76138
"520";"1993-04-01";17,26919;18,88247;14,72231;15,42153;15,42153;17,26919;18,88247;15,29067;16,15005;14,72231;15,80435;18,20669;14,72231;17,26919;14,72231;15,42153;13,90396;15,88247;15,42153;15,86294;15,42153;17,17935;19,28091;15,88247;15,86294;15,88247;14,72231;15,31606;14,72231;15,42153;17,26919;13,90396;17,26919;13,90396;17,26919;15,42153;15,42153;17,17935;15,31606;15,31606;15,42153;15,80435;15,80435;15,86294;16,15005;17,49966;22,47817;17,49966;16,98989;17,94497;17,94497;24,33755;13,90396;17,49966;23,50161;17,94497;17,49966;17,94497;16,98989;16,98989;16,98989;16,15005;18,38052;24,33755;18,38052;22,47817;18,38052;23,99185;24,33755;17,94497;16,98989;17,49966;15,29067;16,98989;13,90396;15,29067;17,49966;22,47817;15,80435;18,38052;17,94497;17,49966;17,94497;16,15005;18,38052;16,98989;16,98989;22,47817;24,33755;16,15005;23,99185;16,15005;17,49966;24,33755;17,94497;17,49966;17,49966;15,29067;23,99185;18,20669;22,47817;16,98989;16,98989;13,90396;16,98989
"521";"1993-05-01";17,37783;18,68252;14,40518;15,53799;15,53799;17,37783;18,68252;14,89346;16,17861;14,40518;15,07119;18,25674;14,40518;17,37783;14,40518;15,53799;13,87783;15,35244;15,53799;15,47939;15,53799;17,48916;19,82314;15,35244;15,47939;15,35244;14,40518;14,71768;14,40518;15,53799;17,37783;13,87783;17,37783;13,87783;17,37783;15,53799;15,53799;17,48916;14,71768;14,71768;15,53799;15,07119;15,07119;15,47939;16,17861;18,08096;23,36611;18,08096;17,51455;18,42666;18,42666;24,99111;13,87783;18,08096;24,079;18,42666;18,08096;18,42666;17,51455;17,51455;17,51455;16,17861;18,77236;24,99111;18,77236;23,36611;18,77236;24,85244;24,99111;18,42666;17,51455;18,08096;14,89346;17,51455;13,87783;14,89346;18,08096;23,36611;15,07119;18,77236;18,42666;18,08096;18,42666;16,17861;18,77236;17,51455;17,51455;23,36611;24,99111;16,17861;24,85244;16,17861;18,08096;24,99111;18,42666;18,08096;18,08096;14,89346;24,85244;18,25674;23,36611;17,51455;17,51455;13,87783;17,51455
"522";"1993-06-01";17,59609;18,77188;15,02578;15,97305;15,97305;17,59609;18,77188;15,4125;16,54922;15,02578;15,54141;18,26211;15,02578;17,59609;15,02578;15,97305;14,56484;15,92813;15,97305;16,29727;15,97305;17,81875;19,78555;15,92813;16,29727;15,92813;15,02578;15,46523;15,02578;15,97305;17,59609;14,56484;17,59609;14,56484;17,59609;15,97305;15,97305;17,81875;15,46523;15,46523;15,97305;15,54141;15,54141;16,29727;16,54922;19,10977;23,34805;19,10977;18,26406;19,49258;19,49258;25,40859;14,56484;19,10977;24,48672;19,49258;19,10977;19,49258;18,26406;18,26406;18,26406;16,54922;19,52969;25,40859;19,52969;23,34805;19,52969;25,29336;25,40859;19,49258;18,26406;19,10977;15,4125;18,26406;14,56484;15,4125;19,10977;23,34805;15,54141;19,52969;19,49258;19,10977;19,49258;16,54922;19,52969;18,26406;18,26406;23,34805;25,40859;16,54922;25,29336;16,54922;19,10977;25,40859;19,49258;19,10977;19,10977;15,4125;25,29336;18,26211;23,34805;18,26406;18,26406;14,56484;18,26406
"523";"1993-07-01";16,3644;17,42105;14,12222;14,72183;14,72183;16,3644;17,42105;14,67886;15,60269;14,12222;14,76284;17,10464;14,12222;16,3644;14,12222;14,72183;13,60659;14,99331;14,72183;15,51089;14,72183;16,5187;18,49526;14,99331;15,51089;14,99331;14,12222;14,8019;14,12222;14,72183;16,3644;13,60659;16,3644;13,60659;16,3644;14,72183;14,72183;16,5187;14,8019;14,8019;14,72183;14,76284;14,76284;15,51089;15,60269;18,4855;22,73745;18,4855;17,68276;18,87808;18,87808;25,29605;13,60659;18,4855;24,40347;18,87808;18,4855;18,87808;17,68276;17,68276;17,68276;15,60269;18,93081;25,29605;18,93081;22,73745;18,93081;25,01675;25,29605;18,87808;17,68276;18,4855;14,67886;17,68276;13,60659;14,67886;18,4855;22,73745;14,76284;18,93081;18,87808;18,4855;18,87808;15,60269;18,93081;17,68276;17,68276;22,73745;25,29605;15,60269;25,01675;15,60269;18,4855;25,29605;18,87808;18,4855;18,4855;14,67886;25,01675;17,10464;22,73745;17,68276;17,68276;13,60659;17,68276
"524";"1993-08-01";16,49014;17,78506;13,71475;14,73623;14,73623;16,49014;17,78506;14,35147;15,37686;13,71475;14,54678;17,1835;13,71475;16,49014;13,71475;14,73623;13,16592;14,88272;14,73623;15,70889;14,73623;17,07217;18,93936;14,88272;15,70889;14,88272;13,71475;14,64248;13,71475;14,73623;16,49014;13,16592;16,49014;13,16592;16,49014;14,73623;14,73623;17,07217;14,64248;14,64248;14,73623;14,54678;14,54678;15,70889;15,37686;18,3417;22,53115;18,3417;17,41397;18,69912;18,69912;24,96475;13,16592;18,3417;24,10732;18,69912;18,3417;18,69912;17,41397;17,41397;17,41397;15,37686;18,57412;24,96475;18,57412;22,53115;18,57412;24,72061;24,96475;18,69912;17,41397;18,3417;14,35147;17,41397;13,16592;14,35147;18,3417;22,53115;14,54678;18,57412;18,69912;18,3417;18,69912;15,37686;18,57412;17,41397;17,41397;22,53115;24,96475;15,37686;24,72061;15,37686;18,3417;24,96475;18,69912;18,3417;18,3417;14,35147;24,72061;17,1835;22,53115;17,41397;17,41397;13,16592;17,41397
"525";"1993-09-01";16,00625;17,58633;13,6918;14,18203;14,18203;16,00625;17,58633;14,00039;15,23281;13,6918;14,05508;16,99453;13,6918;16,00625;13,6918;14,18203;13,23477;14,33242;14,18203;14,90664;14,18203;16,02773;17,86758;14,33242;14,90664;14,33242;13,6918;14,03555;13,6918;14,18203;16,00625;13,23477;16,00625;13,23477;16,00625;14,18203;14,18203;16,02773;14,03555;14,03555;14,18203;14,05508;14,05508;14,90664;15,23281;18,32656;22,15078;18,32656;17,26016;18,66641;18,66641;24,33633;13,23477;18,32656;23,46523;18,66641;18,32656;18,66641;17,26016;17,26016;17,26016;15,23281;18,41836;24,33633;18,41836;22,15078;18,41836;24,10195;24,33633;18,66641;17,26016;18,32656;14,00039;17,26016;13,23477;14,00039;18,32656;22,15078;14,05508;18,41836;18,66641;18,32656;18,66641;15,23281;18,41836;17,26016;17,26016;22,15078;24,33633;15,23281;24,10195;15,23281;18,32656;24,33633;18,66641;18,32656;18,32656;14,00039;24,10195;16,99453;22,15078;17,26016;17,26016;13,23477;17,26016
"526";"1993-10-01";16,31899;17,6647;13,55532;14,57681;14,57681;16,31899;17,6647;13,64321;15,18423;13,55532;13,45767;17,0104;13,55532;16,31899;13,55532;14,57681;13,16665;14,20962;14,57681;14,59634;14,57681;16,36782;18,22134;14,20962;14,59634;14,20962;13,55532;13,2604;13,55532;14,57681;16,31899;13,16665;16,31899;13,16665;16,31899;14,57681;14,57681;16,36782;13,2604;13,2604;14,57681;13,45767;13,45767;14,59634;15,18423;17,69009;21,47134;17,69009;16,6686;18,08071;18,08071;23,79165;13,16665;17,69009;22,94985;18,08071;17,69009;18,08071;16,6686;16,6686;16,6686;15,18423;18,08071;23,79165;18,08071;21,47134;18,08071;23,45767;23,79165;18,08071;16,6686;17,69009;13,64321;16,6686;13,16665;13,64321;17,69009;21,47134;13,45767;18,08071;18,08071;17,69009;18,08071;15,18423;18,08071;16,6686;16,6686;21,47134;23,79165;15,18423;23,45767;15,18423;17,69009;23,79165;18,08071;17,69009;17,69009;13,64321;23,45767;17,0104;21,47134;16,6686;16,6686;13,16665;16,6686
"527";"1993-11-01";14,42349;15,55239;11,81997;13,02896;13,02896;14,42349;15,55239;12,16958;13,25942;11,81997;12,56802;15,04458;11,81997;14,42349;11,81997;13,02896;11,35708;13,0895;13,02896;13,59731;13,02896;14,91763;16,48013;13,0895;13,59731;13,0895;11,81997;12,67153;11,81997;13,02896;14,42349;11,35708;14,42349;11,35708;14,42349;13,02896;13,02896;14,91763;12,67153;12,67153;13,02896;12,56802;12,56802;13,59731;13,25942;15,40005;19,38442;15,40005;14,68521;15,78286;15,78286;21,402;11,35708;15,40005;20,70864;15,78286;15,40005;15,78286;14,68521;14,68521;14,68521;13,25942;15,78872;21,402;15,78872;19,38442;15,78872;21,14028;21,402;15,78286;14,68521;15,40005;12,16958;14,68521;11,35708;12,16958;15,40005;19,38442;12,56802;15,78872;15,78286;15,40005;15,78286;13,25942;15,78872;14,68521;14,68521;19,38442;21,402;13,25942;21,14028;13,25942;15,40005;21,402;15,78286;15,40005;15,40005;12,16958;21,14028;15,04458;19,38442;14,68521;14,68521;11,35708;14,68521
"528";"1993-12-01";13,15005;14,3395;11,16177;11,89614;11,89614;13,15005;14,3395;11,66763;12,152;11,16177;11,95474;13,82388;11,16177;13,15005;11,16177;11,89614;10,42935;12,31997;11,89614;12,37856;11,89614;13,49771;15,03286;12,31997;12,37856;12,31997;11,16177;11,67739;11,16177;11,89614;13,15005;10,42935;13,15005;10,42935;13,15005;11,89614;11,89614;13,49771;11,67739;11,67739;11,89614;11,95474;11,95474;12,37856;12,152;14,02505;18,07192;14,02505;13,59146;14,35122;14,35122;20,11099;10,42935;14,02505;19,32388;14,35122;14,02505;14,35122;13,59146;13,59146;13,59146;12,152;14,49575;20,11099;14,49575;18,07192;14,49575;19,8063;20,11099;14,35122;13,59146;14,02505;11,66763;13,59146;10,42935;11,66763;14,02505;18,07192;11,95474;14,49575;14,35122;14,02505;14,35122;12,152;14,49575;13,59146;13,59146;18,07192;20,11099;12,152;19,8063;12,152;14,02505;20,11099;14,35122;14,02505;14,02505;11,66763;19,8063;13,82388;18,07192;13,59146;13,59146;10,42935;13,59146
"529";"1994-01-01";13,08413;14,2853;10,46108;11,52944;11,52944;13,08413;14,2853;11,02358;11,97671;10,46108;11,22671;13,67007;10,46108;13,08413;10,46108;11,52944;9,888819;11,64663;11,52944;11,75601;11,52944;13,24429;15,02163;11,64663;11,75601;11,64663;10,46108;10,88101;10,46108;11,52944;13,08413;9,888819;13,08413;9,888819;13,08413;11,52944;11,52944;13,24429;10,88101;10,88101;11,52944;11,22671;11,22671;11,75601;11,97671;13,54702;17,58022;13,54702;13,09976;13,9103;13,9103;19,33804;9,888819;13,54702;18,4728;13,9103;13,54702;13,9103;13,09976;13,09976;13,09976;11,97671;14,05483;19,33804;14,05483;17,58022;14,05483;19,16226;19,33804;13,9103;13,09976;13,54702;11,02358;13,09976;9,888819;11,02358;13,54702;17,58022;11,22671;14,05483;13,9103;13,54702;13,9103;11,97671;14,05483;13,09976;13,09976;17,58022;19,33804;11,97671;19,16226;11,97671;13,54702;19,33804;13,9103;13,54702;13,54702;11,02358;19,16226;13,67007;17,58022;13,09976;13,09976;9,888819;13,09976
"530";"1994-02-01";14,35269;15,4562;11,69253;12,81167;12,81167;14,35269;15,4562;12,27456;13,16323;11,69253;12,78237;14,8937;11,69253;14,35269;11,69253;12,81167;11,09097;13,18667;12,81167;13,39565;12,81167;14,64956;16,44058;13,18667;13,39565;13,18667;11,69253;12,63003;11,69253;12,81167;14,35269;11,09097;14,35269;11,09097;14,35269;12,81167;12,81167;14,64956;12,63003;12,63003;12,81167;12,78237;12,78237;13,39565;13,16323;14,74136;18,98355;14,74136;14,27651;15,12026;15,12026;20,66519;11,09097;14,74136;19,81753;15,12026;14,74136;15,12026;14,27651;14,27651;14,27651;13,16323;15,29409;20,66519;15,29409;18,98355;15,29409;20,46597;20,66519;15,12026;14,27651;14,74136;12,27456;14,27651;11,09097;12,27456;14,74136;18,98355;12,78237;15,29409;15,12026;14,74136;15,12026;13,16323;15,29409;14,27651;14,27651;18,98355;20,66519;13,16323;20,46597;13,16323;14,74136;20,66519;15,12026;14,74136;14,74136;12,27456;20,46597;14,8937;18,98355;14,27651;14,27651;11,09097;14,27651
"531";"1994-03-01";16,46206;17,90933;13,8312;14,83706;14,83706;16,46206;17,90933;14,26675;15,0773;13,8312;14,77065;17,08511;13,8312;16,46206;13,8312;14,83706;12,86636;15,37417;14,83706;15,51089;14,83706;16,88198;18,78237;15,37417;15,51089;15,37417;13,8312;14,42886;13,8312;14,83706;16,46206;12,86636;16,46206;12,86636;16,46206;14,83706;14,83706;16,88198;14,42886;14,42886;14,83706;14,77065;14,77065;15,51089;15,0773;16,46987;20,87612;16,46987;16,02651;16,77261;16,77261;22,48355;12,86636;16,46987;21,55386;16,77261;16,46987;16,77261;16,02651;16,02651;16,02651;15,0773;17,09487;22,48355;17,09487;20,87612;17,09487;22,31558;22,48355;16,77261;16,02651;16,46987;14,26675;16,02651;12,86636;14,26675;16,46987;20,87612;14,77065;17,09487;16,77261;16,46987;16,77261;15,0773;17,09487;16,02651;16,02651;20,87612;22,48355;15,0773;22,31558;15,0773;16,46987;22,48355;16,77261;16,46987;16,46987;14,26675;22,31558;17,08511;20,87612;16,02651;16,02651;12,86636;16,02651
"532";"1994-04-01";16,89248;18,57022;14,21475;14,89834;14,89834;16,89248;18,57022;15,03115;15,84365;14,21475;15,21279;18,09561;14,21475;16,89248;14,21475;14,89834;13,4335;15,29678;14,89834;15,36318;14,89834;16,82412;19,2167;15,29678;15,36318;15,29678;14,21475;14,72061;14,21475;14,89834;16,89248;13,4335;16,89248;13,4335;16,89248;14,89834;14,89834;16,82412;14,72061;14,72061;14,89834;15,21279;15,21279;15,36318;15,84365;17,80459;22,59951;17,80459;17,41006;18,20107;18,20107;24,92373;13,4335;17,80459;23,86709;18,20107;17,80459;18,20107;17,41006;17,41006;17,41006;15,84365;18,61904;24,92373;18,61904;22,59951;18,61904;24,65811;24,92373;18,20107;17,41006;17,80459;15,03115;17,41006;13,4335;15,03115;17,80459;22,59951;15,21279;18,61904;18,20107;17,80459;18,20107;15,84365;18,61904;17,41006;17,41006;22,59951;24,92373;15,84365;24,65811;15,84365;17,80459;24,92373;18,20107;17,80459;17,80459;15,03115;24,65811;18,09561;22,59951;17,41006;17,41006;13,4335;17,41006
"533";"1994-05-01";17,76577;19,0021;15,06069;16,00405;16,00405;17,76577;19,0021;15,54897;16,72671;15,06069;15,68765;18,64272;15,06069;17,76577;15,06069;16,00405;14,45327;16,19351;16,00405;16,38101;16,00405;17,7814;20,00601;16,19351;16,38101;16,19351;15,06069;15,47085;15,06069;16,00405;17,76577;14,45327;17,76577;14,45327;17,76577;16,00405;16,00405;17,7814;15,47085;15,47085;16,00405;15,68765;15,68765;16,38101;16,72671;18,9396;23,64272;18,9396;18,20913;19,40444;19,40444;26,41226;14,45327;18,9396;25,20718;19,40444;18,9396;19,40444;18,20913;18,20913;18,20913;16,72671;19,62124;26,41226;19,62124;23,64272;19,62124;26,11929;26,41226;19,40444;18,20913;18,9396;15,54897;18,20913;14,45327;15,54897;18,9396;23,64272;15,68765;19,62124;19,40444;18,9396;19,40444;16,72671;19,62124;18,20913;18,20913;23,64272;26,41226;16,72671;26,11929;16,72671;18,9396;26,41226;19,40444;18,9396;18,9396;15,54897;26,11929;18,64272;23,64272;18,20913;18,20913;14,45327;18,20913
"534";"1994-06-01";16,23184;17,6752;14,43496;14,56582;14,56582;16,23184;17,6752;15,07363;15,8666;14,43496;15,01113;17,68496;14,43496;16,23184;14,43496;14,56582;13,78457;15,01504;14,56582;15,46621;14,56582;16,38027;18,08926;15,01504;15,46621;15,01504;14,43496;14,8959;14,43496;14,56582;16,23184;13,78457;16,23184;13,78457;16,23184;14,56582;14,56582;16,38027;14,8959;14,8959;14,56582;15,01113;15,01113;15,46621;15,8666;18,75918;23,41348;18,75918;17,98574;19,11074;19,11074;25,72012;13,78457;18,75918;24,92715;19,11074;18,75918;19,11074;17,98574;17,98574;17,98574;15,8666;19,17129;25,72012;19,17129;23,41348;19,17129;25,38027;25,72012;19,11074;17,98574;18,75918;15,07363;17,98574;13,78457;15,07363;18,75918;23,41348;15,01113;19,17129;19,11074;18,75918;19,11074;15,8666;19,17129;17,98574;17,98574;23,41348;25,72012;15,8666;25,38027;15,8666;18,75918;25,72012;19,11074;18,75918;18,75918;15,07363;25,38027;17,68496;23,41348;17,98574;17,98574;13,78457;17,98574
"535";"1994-07-01";16,11953;17,93008;13,97109;14,25039;14,25039;16,11953;17,93008;14,83438;15,55508;13,97109;14,82461;17,65273;13,97109;16,11953;13,97109;14,25039;13,23086;14,86367;14,25039;15,39102;14,25039;16,475;18,47109;14,86367;15,39102;14,86367;13,97109;14,61367;13,97109;14,25039;16,11953;13,23086;16,11953;13,23086;16,11953;14,25039;14,25039;16,475;14,61367;14,61367;14,25039;14,82461;14,82461;15,39102;15,55508;18,46719;23,16055;18,46719;17,66836;18,91445;18,91445;25,77969;13,23086;18,46719;24,93594;18,91445;18,46719;18,91445;17,66836;17,66836;17,66836;15,55508;18,92813;25,77969;18,92813;23,16055;18,92813;25,2582;25,77969;18,91445;17,66836;18,46719;14,83438;17,66836;13,23086;14,83438;18,46719;23,16055;14,82461;18,92813;18,91445;18,46719;18,91445;15,55508;18,92813;17,66836;17,66836;23,16055;25,77969;15,55508;25,2582;15,55508;18,46719;25,77969;18,91445;18,46719;18,46719;14,83438;25,2582;17,65273;23,16055;17,66836;17,66836;13,23086;17,66836
"536";"1994-08-01";16,13857;17,92959;14,15029;14,34951;14,34951;16,13857;17,92959;14,63467;15,68936;14,15029;14,52334;17,55068;14,15029;16,13857;14,15029;14,34951;13,67178;14,61514;14,34951;15,07803;14,34951;16,04873;17,91397;14,61514;15,07803;14,61514;14,15029;14,41006;14,15029;14,34951;16,13857;13,67178;16,13857;13,67178;16,13857;14,34951;14,34951;16,04873;14,41006;14,41006;14,34951;14,52334;14,52334;15,07803;15,68936;18,51357;22,74014;18,51357;17,61904;18,9374;18,9374;25,03311;13,67178;18,51357;24,1874;18,9374;18,51357;18,9374;17,61904;17,61904;17,61904;15,68936;18,86123;25,03311;18,86123;22,74014;18,86123;24,61904;25,03311;18,9374;17,61904;18,51357;14,63467;17,61904;13,67178;14,63467;18,51357;22,74014;14,52334;18,86123;18,9374;18,51357;18,9374;15,68936;18,86123;17,61904;17,61904;22,74014;25,03311;15,68936;24,61904;15,68936;18,51357;25,03311;18,9374;18,51357;18,51357;14,63467;24,61904;17,55068;22,74014;17,61904;17,61904;13,67178;17,61904
"537";"1994-09-01";16,12979;17,85049;13,80361;14,33291;14,33291;16,12979;17,85049;14,1415;15,50869;13,80361;13,98135;17,41885;13,80361;16,12979;13,80361;14,33291;13,47354;14,27432;14,33291;14,79775;14,33291;16,05557;18,03994;14,27432;14,79775;14,27432;13,80361;13,92861;13,80361;14,33291;16,12979;13,47354;16,12979;13,47354;16,12979;14,33291;14,33291;16,05557;13,92861;13,92861;14,33291;13,98135;13,98135;14,79775;15,50869;18,15127;22,49893;18,15127;17,25088;18,58486;18,58486;24,83291;13,47354;18,15127;24,0165;18,58486;18,15127;18,58486;17,25088;17,25088;17,25088;15,50869;18,53799;24,83291;18,53799;22,49893;18,53799;24,44229;24,83291;18,58486;17,25088;18,15127;14,1415;17,25088;13,47354;14,1415;18,15127;22,49893;13,98135;18,53799;18,58486;18,15127;18,58486;15,50869;18,53799;17,25088;17,25088;22,49893;24,83291;15,50869;24,44229;15,50869;18,15127;24,83291;18,58486;18,15127;18,15127;14,1415;24,44229;17,41885;22,49893;17,25088;17,25088;13,47354;17,25088
"538";"1994-10-01";16,50479;18,21768;14,17861;14,61611;14,61611;16,50479;18,21768;14,81143;15,74697;14,17861;14,78799;17,80752;14,17861;16,50479;14,17861;14,61611;13,62393;15,04189;14,61611;15,41494;14,61611;16,28018;18,27041;15,04189;15,41494;15,04189;14,17861;14,6083;14,17861;14,61611;16,50479;13,62393;16,50479;13,62393;16,50479;14,61611;14,61611;16,28018;14,6083;14,6083;14,61611;14,78799;14,78799;15,41494;15,74697;18,11807;22,40713;18,11807;17,46768;18,56143;18,56143;24,66299;13,62393;18,11807;23,94424;18,56143;18,11807;18,56143;17,46768;17,46768;17,46768;15,74697;18,68643;24,66299;18,68643;22,40713;18,68643;24,13564;24,66299;18,56143;17,46768;18,11807;14,81143;17,46768;13,62393;14,81143;18,11807;22,40713;14,78799;18,68643;18,56143;18,11807;18,56143;15,74697;18,68643;17,46768;17,46768;22,40713;24,66299;15,74697;24,13564;15,74697;18,11807;24,66299;18,56143;18,11807;18,11807;14,81143;24,13564;17,80752;22,40713;17,46768;17,46768;13,62393;17,46768
"539";"1994-11-01";15,24917;16,64175;12,92886;13,64175;13,64175;15,24917;16,64175;13,66714;14,21206;12,92886;13,51284;16,13589;12,92886;15,24917;12,92886;13,64175;12,29019;13,93276;13,64175;14,08511;13,64175;15,36831;17,35855;13,93276;14,08511;13,93276;12,92886;13,05776;12,92886;13,64175;15,24917;12,29019;15,24917;12,29019;15,24917;13,64175;13,64175;15,36831;13,05776;13,05776;13,64175;13,51284;13,51284;14,08511;14,21206;16,62808;21,04605;16,62808;16,1769;17,03628;17,03628;23,17105;12,29019;16,62808;22,72573;17,03628;16,62808;17,03628;16,1769;16,1769;16,1769;14,21206;17,13198;23,17105;17,13198;21,04605;17,13198;22,57339;23,17105;17,03628;16,1769;16,62808;13,66714;16,1769;12,29019;13,66714;16,62808;21,04605;13,51284;17,13198;17,03628;16,62808;17,03628;14,21206;17,13198;16,1769;16,1769;21,04605;23,17105;14,21206;22,57339;14,21206;16,62808;23,17105;17,03628;16,62808;16,62808;13,66714;22,57339;16,13589;21,04605;16,1769;16,1769;12,29019;16,1769
"540";"1994-12-01";14,05142;15,15884;11,77212;12,67251;12,67251;14,05142;15,15884;12,35415;13,0397;11,77212;12,57876;14,70962;11,77212;14,05142;11,77212;12,67251;11,21157;13,08462;12,67251;13,35024;12,67251;14,45571;16,1354;13,08462;13,35024;13,08462;11,77212;12,39712;11,77212;12,67251;14,05142;11,21157;14,05142;11,21157;14,05142;12,67251;12,67251;14,45571;12,39712;12,39712;12,67251;12,57876;12,57876;13,35024;13,0397;15,0397;19,29751;15,0397;14,55337;15,43228;15,43228;21,38931;11,21157;15,0397;20,63345;15,43228;15,0397;15,43228;14,55337;14,55337;14,55337;13,0397;15,60024;21,38931;15,60024;19,29751;15,60024;20,88931;21,38931;15,43228;14,55337;15,0397;12,35415;14,55337;11,21157;12,35415;15,0397;19,29751;12,57876;15,60024;15,43228;15,0397;15,43228;13,0397;15,60024;14,55337;14,55337;19,29751;21,38931;13,0397;20,88931;13,0397;15,0397;21,38931;15,43228;15,0397;15,0397;12,35415;20,88931;14,70962;19,29751;14,55337;14,55337;11,21157;14,55337
"541";"1995-01-01";13,88613;15,14785;11,70059;12,26504;12,26504;13,88613;15,14785;12,09121;12,9252;11,70059;12,4584;14,63613;11,70059;13,88613;11,70059;12,26504;10,96816;12,69863;12,26504;12,63613;12,26504;13,8627;15,78848;12,69863;12,63613;12,69863;11,70059;12,04238;11,70059;12,26504;13,88613;10,96816;13,88613;10,96816;13,88613;12,26504;12,26504;13,8627;12,04238;12,04238;12,26504;12,4584;12,4584;12,63613;12,9252;14,45059;18,80215;14,45059;13,91348;14,75332;14,75332;20,54238;10,96816;14,45059;19,71231;14,75332;14,45059;14,75332;13,91348;13,91348;13,91348;12,9252;15,08145;20,54238;15,08145;18,80215;15,08145;20,14785;20,54238;14,75332;13,91348;14,45059;12,09121;13,91348;10,96816;12,09121;14,45059;18,80215;12,4584;15,08145;14,75332;14,45059;14,75332;12,9252;15,08145;13,91348;13,91348;18,80215;20,54238;12,9252;20,14785;12,9252;14,45059;20,54238;14,75332;14,45059;14,45059;12,09121;20,14785;14,63613;18,80215;13,91348;13,91348;10,96816;13,91348
"542";"1995-02-01";14,88882;16,33804;12,26187;13,07632;13,07632;14,88882;16,33804;12,79507;13,7521;12,26187;12,96304;15,58804;12,26187;14,88882;12,26187;13,07632;11,65835;13,14468;13,07632;13,17593;13,07632;14,82046;16,94546;13,14468;13,17593;13,14468;12,26187;12,44741;12,26187;13,07632;14,88882;11,65835;14,88882;11,65835;14,88882;13,07632;13,07632;14,82046;12,44741;12,44741;13,07632;12,96304;12,96304;13,17593;13,7521;15,42007;19,83218;15,42007;14,90249;15,56069;15,56069;21,42397;11,65835;15,42007;20,50991;15,56069;15,42007;15,56069;14,90249;14,90249;14,90249;13,7521;15,83218;21,42397;15,83218;19,83218;15,83218;21,10562;21,42397;15,56069;14,90249;15,42007;12,79507;14,90249;11,65835;12,79507;15,42007;19,83218;12,96304;15,83218;15,56069;15,42007;15,56069;13,7521;15,83218;14,90249;14,90249;19,83218;21,42397;13,7521;21,10562;13,7521;15,42007;21,42397;15,56069;15,42007;15,42007;12,79507;21,10562;15,58804;19,83218;14,90249;14,90249;11,65835;14,90249
"543";"1995-03-01";16,13223;17,64199;13,28652;14,20059;14,20059;16,13223;17,64199;13,85488;14,91738;13,28652;14,10879;16,90176;13,28652;16,13223;13,28652;14,20059;12,68301;14,58535;14,20059;14,59121;14,20059;16,05996;18,31777;14,58535;14,59121;14,58535;13,28652;13,72012;13,28652;14,20059;16,13223;12,68301;16,13223;12,68301;16,13223;14,20059;14,20059;16,05996;13,72012;13,72012;14,20059;14,10879;14,10879;14,59121;14,91738;16,51113;21,03848;16,51113;15,97598;16,9291;16,9291;23,15762;12,68301;16,51113;22,15176;16,9291;16,51113;16,9291;15,97598;15,97598;15,97598;14,91738;17,27871;23,15762;17,27871;21,03848;17,27871;22,93887;23,15762;16,9291;15,97598;16,51113;13,85488;15,97598;12,68301;13,85488;16,51113;21,03848;14,10879;17,27871;16,9291;16,51113;16,9291;14,91738;17,27871;15,97598;15,97598;21,03848;23,15762;14,91738;22,93887;14,91738;16,51113;23,15762;16,9291;16,51113;16,51113;13,85488;22,93887;16,90176;21,03848;15,97598;15,97598;12,68301;15,97598
"544";"1995-04-01";18,09658;19,78994;15,59072;16,05166;16,05166;18,09658;19,78994;16,39346;17,13564;15,59072;16,74111;19,12002;15,59072;18,09658;15,59072;16,05166;14,72354;16,73135;16,05166;16,52236;16,05166;17,80752;20,12393;16,73135;16,52236;16,73135;15,59072;16,07119;15,59072;16,05166;18,09658;14,72354;18,09658;14,72354;18,09658;16,05166;16,05166;17,80752;16,07119;16,07119;16,05166;16,74111;16,74111;16,52236;17,13564;18,57705;22,97744;18,57705;18,02432;18,99893;18,99893;25,11611;14,72354;18,57705;24,10635;18,99893;18,57705;18,99893;18,02432;18,02432;18,02432;17,13564;19,37979;25,11611;19,37979;22,97744;19,37979;24,93057;25,11611;18,99893;18,02432;18,57705;16,39346;18,02432;14,72354;16,39346;18,57705;22,97744;16,74111;19,37979;18,99893;18,57705;18,99893;17,13564;19,37979;18,02432;18,02432;22,97744;25,11611;17,13564;24,93057;17,13564;18,57705;25,11611;18,99893;18,57705;18,57705;16,39346;24,93057;19,12002;22,97744;18,02432;18,02432;14,72354;18,02432
"545";"1995-05-01";18,12734;20,29727;16,27969;16,13711;16,13711;18,12734;20,29727;17,37539;17,68203;16,27969;17,39492;19,96523;16,27969;18,12734;16,27969;16,13711;15,40273;17,04141;16,13711;17,08828;16,13711;17,83828;20,09609;17,04141;17,08828;17,04141;16,27969;16,89883;16,27969;16,13711;18,12734;15,40273;18,12734;15,40273;18,12734;16,13711;16,13711;17,83828;16,89883;16,89883;16,13711;17,39492;17,39492;17,08828;17,68203;20,63906;25,85195;20,63906;20,07461;21,15469;21,15469;28,29531;15,40273;20,63906;27,28555;21,15469;20,63906;21,15469;20,07461;20,07461;20,07461;17,68203;21,35781;28,29531;21,35781;25,85195;21,35781;27,9457;28,29531;21,15469;20,07461;20,63906;17,37539;20,07461;15,40273;17,37539;20,63906;25,85195;17,39492;21,35781;21,15469;20,63906;21,15469;17,68203;21,35781;20,07461;20,07461;25,85195;28,29531;17,68203;27,9457;17,68203;20,63906;28,29531;21,15469;20,63906;20,63906;17,37539;27,9457;19,96523;25,85195;20,07461;20,07461;15,40273;20,07461
"546";"1995-06-01";17,76357;19,53506;15,50772;16,00967;16,00967;17,76357;19,53506;16,06436;16,98037;15,50772;16,15615;18,98428;15,50772;17,76357;15,50772;16,00967;14,93545;16,25186;16,00967;16,75576;16,00967;17,89443;19,8749;16,25186;16,75576;16,25186;15,50772;16,05654;15,50772;16,00967;17,76357;14,93545;17,76357;14,93545;17,76357;16,00967;16,00967;17,89443;16,05654;16,05654;16,00967;16,15615;16,15615;16,75576;16,98037;19,72061;24,23037;19,72061;18,81045;20,11904;20,11904;26,97647;14,93545;19,72061;25,91397;20,11904;19,72061;20,11904;18,81045;18,81045;18,81045;16,98037;20,15225;26,97647;20,15225;24,23037;20,15225;26,60537;26,97647;20,11904;18,81045;19,72061;16,06436;18,81045;14,93545;16,06436;19,72061;24,23037;16,15615;20,15225;20,11904;19,72061;20,11904;16,98037;20,15225;18,81045;18,81045;24,23037;26,97647;16,98037;26,60537;16,98037;19,72061;26,97647;20,11904;19,72061;19,72061;16,06436;26,60537;18,98428;24,23037;18,81045;18,81045;14,93545;18,81045
"547";"1995-07-01";16,41372;18,03286;14,30239;14,5895;14,5895;16,41372;18,03286;14,75747;15,77505;14,30239;14,75356;17,52114;14,30239;16,41372;14,30239;14,5895;13,76528;14,93521;14,5895;15,54067;14,5895;16,51333;18,60317;14,93521;15,54067;14,93521;14,30239;14,80825;14,30239;14,5895;16,41372;13,76528;16,41372;13,76528;16,41372;14,5895;14,5895;16,51333;14,80825;14,80825;14,5895;14,75356;14,75356;15,54067;15,77505;18,76528;23,22231;18,76528;17,87661;19,08169;19,08169;25,28286;13,76528;18,76528;24,47817;19,08169;18,76528;19,08169;17,87661;17,87661;17,87661;15,77505;19,02505;25,28286;19,02505;23,22231;19,02505;25,02114;25,28286;19,08169;17,87661;18,76528;14,75747;17,87661;13,76528;14,75747;18,76528;23,22231;14,75356;19,02505;19,08169;18,76528;19,08169;15,77505;19,02505;17,87661;17,87661;23,22231;25,28286;15,77505;25,02114;15,77505;18,76528;25,28286;19,08169;18,76528;18,76528;14,75747;25,02114;17,52114;23,22231;17,87661;17,87661;13,76528;17,87661
"548";"1995-08-01";16,62564;18,21157;14,87954;14,96157;14,96157;16,62564;18,21157;15,23306;16,23501;14,87954;15,11196;17,80532;14,87954;16,62564;14,87954;14,96157;14,39321;15,34829;14,96157;15,84243;14,96157;16,55532;18,17642;15,34829;15,84243;15,34829;14,87954;15,06704;14,87954;14,96157;16,62564;14,39321;16,62564;14,39321;16,62564;14,96157;14,96157;16,55532;15,06704;15,06704;14,96157;15,11196;15,11196;15,84243;16,23501;19,14517;23,05337;19,14517;18,18618;19,4772;19,4772;25,31899;14,39321;19,14517;24,47329;19,4772;19,14517;19,4772;18,18618;18,18618;18,18618;16,23501;19,37954;25,31899;19,37954;23,05337;19,37954;25,11978;25,31899;19,4772;18,18618;19,14517;15,23306;18,18618;14,39321;15,23306;19,14517;23,05337;15,11196;19,37954;19,4772;19,14517;19,4772;16,23501;19,37954;18,18618;18,18618;23,05337;25,31899;16,23501;25,11978;16,23501;19,14517;25,31899;19,4772;19,14517;19,14517;15,23306;25,11978;17,80532;23,05337;18,18618;18,18618;14,39321;18,18618
"549";"1995-09-01";16,59878;17,96792;14,36636;14,80386;14,80386;16,59878;17,96792;14,69644;15,9894;14,36636;14,48159;17,52261;14,36636;16,59878;14,36636;14,80386;14,048;14,7023;14,80386;15,21401;14,80386;16,48355;18,49917;14,7023;15,21401;14,7023;14,36636;14,45425;14,36636;14,80386;16,59878;14,048;16,59878;14,048;16,59878;14,80386;14,80386;16,48355;14,45425;14,45425;14,80386;14,48159;14,48159;15,21401;15,9894;18,798;22,86831;18,798;17,89761;19,19644;19,19644;25,15737;14,048;18,798;24,28433;19,19644;18,798;19,19644;17,89761;17,89761;17,89761;15,9894;19,14956;25,15737;19,14956;22,86831;19,14956;24,88198;25,15737;19,19644;17,89761;18,798;14,69644;17,89761;14,048;14,69644;18,798;22,86831;14,48159;19,14956;19,19644;18,798;19,19644;15,9894;19,14956;17,89761;17,89761;22,86831;25,15737;15,9894;24,88198;15,9894;18,798;25,15737;19,19644;18,798;18,798;14,69644;24,88198;17,52261;22,86831;17,89761;17,89761;14,048;17,89761
"550";"1995-10-01";16,40176;18,1459;13,44277;14,19863;14,19863;16,40176;18,1459;13,52285;15,55996;13,44277;13,18691;17,41738;13,44277;16,40176;13,44277;14,19863;13,27481;13,81191;14,19863;14,19668;14,19863;15,83145;18,2709;13,81191;14,19668;13,81191;13,44277;13,09121;13,44277;14,19863;16,40176;13,27481;16,40176;13,27481;16,40176;14,19863;14,19863;15,83145;13,09121;13,09121;14,19863;13,18691;13,18691;14,19668;15,55996;17,80606;21,99941;17,80606;16,89395;18,23574;18,23574;23,97988;13,27481;17,80606;23,2377;18,23574;17,80606;18,23574;16,89395;16,89395;16,89395;15,55996;18,39785;23,97988;18,39785;21,99941;18,39785;23,65566;23,97988;18,23574;16,89395;17,80606;13,52285;16,89395;13,27481;13,52285;17,80606;21,99941;13,18691;18,39785;18,23574;17,80606;18,23574;15,55996;18,39785;16,89395;16,89395;21,99941;23,97988;15,55996;23,65566;15,55996;17,80606;23,97988;18,23574;17,80606;17,80606;13,52285;23,65566;17,41738;21,99941;16,89395;16,89395;13,27481;16,89395
"551";"1995-11-01";14,75527;16,0209;12,25332;13,1752;13,1752;14,75527;16,0209;12,55801;13,77676;12,25332;12,45059;15,55606;12,25332;14,75527;12,25332;13,1752;11,81191;13,05996;13,1752;13,31582;13,1752;14,97402;16,90176;13,05996;13,31582;13,05996;12,25332;12,28457;12,25332;13,1752;14,75527;11,81191;14,75527;11,81191;14,75527;13,1752;13,1752;14,97402;12,28457;12,28457;13,1752;12,45059;12,45059;13,31582;13,77676;16,33731;20,22598;16,33731;15,47012;16,60488;16,60488;22,31973;11,81191;16,33731;21,4916;16,60488;16,33731;16,60488;15,47012;15,47012;15,47012;13,77676;16,57949;22,31973;16,57949;20,22598;16,57949;22,10098;22,31973;16,60488;15,47012;16,33731;12,55801;15,47012;11,81191;12,55801;16,33731;20,22598;12,45059;16,57949;16,60488;16,33731;16,60488;13,77676;16,57949;15,47012;15,47012;20,22598;22,31973;13,77676;22,10098;13,77676;16,33731;22,31973;16,60488;16,33731;16,33731;12,55801;22,10098;15,55606;20,22598;15,47012;15,47012;11,81191;15,47012
"552";"1995-12-01";13,25405;14,70522;11,15054;11,67202;11,67202;13,25405;14,70522;11,53726;12,40444;11,15054;11,61733;14,11538;11,15054;13,25405;11,15054;11,67202;10,56069;11,95522;11,67202;11,99038;11,67202;13,24429;15,2521;11,95522;11,99038;11,95522;11,15054;11,20327;11,15054;11,67202;13,25405;10,56069;13,25405;10,56069;13,25405;11,67202;11,67202;13,24429;11,20327;11,20327;11,67202;11,61733;11,61733;11,99038;12,40444;14,51772;18,49819;14,51772;13,84585;14,83413;14,83413;20,45913;10,56069;14,51772;19,67397;14,83413;14,51772;14,83413;13,84585;13,84585;13,84585;12,40444;14,98257;20,45913;14,98257;18,49819;14,98257;20,22866;20,45913;14,83413;13,84585;14,51772;11,53726;13,84585;10,56069;11,53726;14,51772;18,49819;11,61733;14,98257;14,83413;14,51772;14,83413;12,40444;14,98257;13,84585;13,84585;18,49819;20,45913;12,40444;20,22866;12,40444;14,51772;20,45913;14,83413;14,51772;14,51772;11,53726;20,22866;14,11538;18,49819;13,84585;13,84585;10,56069;13,84585
"553";"1996-01-01";11,99941;13,29043;10,13613;10,76309;10,76309;11,99941;13,29043;10,36074;11,0834;10,13613;10,44473;12,70645;10,13613;11,99941;10,13613;10,76309;9,481836;10,91152;10,76309;10,80606;10,76309;12,26113;13,91152;10,91152;10,80606;10,91152;10,13613;9,983789;10,13613;10,76309;11,99941;9,481836;11,99941;9,481836;11,99941;10,76309;10,76309;12,26113;9,983789;9,983789;10,76309;10,44473;10,44473;10,80606;11,0834;12,76504;16,38809;12,76504;12,14981;13,06777;13,06777;18,24356;9,481836;12,76504;17,49941;13,06777;12,76504;13,06777;12,14981;12,14981;12,14981;11,0834;13,25918;18,24356;13,25918;16,38809;13,25918;18,00723;18,24356;13,06777;12,14981;12,76504;10,36074;12,14981;9,481836;10,36074;12,76504;16,38809;10,44473;13,25918;13,06777;12,76504;13,06777;11,0834;13,25918;12,14981;12,14981;16,38809;18,24356;11,0834;18,00723;11,0834;12,76504;18,24356;13,06777;12,76504;12,76504;10,36074;18,00723;12,70645;16,38809;12,14981;12,14981;9,481836;12,14981
"554";"1996-02-01";14,08608;15,44937;11,63296;12,49819;12,49819;14,08608;15,44937;12,05679;12,89663;11,63296;12,23647;14,7521;11,63296;14,08608;11,63296;12,49819;10,94351;12,8146;12,49819;13,06069;12,49819;14,33218;16,10366;12,8146;13,06069;12,8146;11,63296;12,04507;11,63296;12,49819;14,08608;10,94351;14,08608;10,94351;14,08608;12,49819;12,49819;14,33218;12,04507;12,04507;12,49819;12,23647;12,23647;13,06069;12,89663;14,46108;18,54312;14,46108;13,97085;14,69546;14,69546;20,30679;10,94351;14,46108;19,42007;14,69546;14,46108;14,69546;13,97085;13,97085;13,97085;12,89663;14,92007;20,30679;14,92007;18,54312;14,92007;20,17593;20,30679;14,69546;13,97085;14,46108;12,05679;13,97085;10,94351;12,05679;14,46108;18,54312;12,23647;14,92007;14,69546;14,46108;14,69546;12,89663;14,92007;13,97085;13,97085;18,54312;20,30679;12,89663;20,17593;12,89663;14,46108;20,30679;14,69546;14,46108;14,46108;12,05679;20,17593;14,7521;18,54312;13,97085;13,97085;10,94351;13,97085
"555";"1996-03-01";15,27065;16,68081;12,62808;13,41909;13,41909;15,27065;16,68081;12,96011;13,9855;12,62808;13,38589;15,95425;12,62808;15,27065;12,62808;13,41909;11,8605;13,74722;13,41909;13,77065;13,41909;15,27847;17,3605;13,74722;13,77065;13,74722;12,62808;13,07534;12,62808;13,41909;15,27065;11,8605;15,27065;11,8605;15,27065;13,41909;13,41909;15,27847;13,07534;13,07534;13,41909;13,38589;13,38589;13,77065;13,9855;15,00112;19,1437;15,00112;14,46011;15,38784;15,38784;21,07534;11,8605;15,00112;20,21011;15,38784;15,00112;15,38784;14,46011;14,46011;14,46011;13,9855;15,81362;21,07534;15,81362;19,1437;15,81362;20,94253;21,07534;15,38784;14,46011;15,00112;12,96011;14,46011;11,8605;12,96011;15,00112;19,1437;13,38589;15,81362;15,38784;15,00112;15,38784;13,9855;15,81362;14,46011;14,46011;19,1437;21,07534;13,9855;20,94253;13,9855;15,00112;21,07534;15,38784;15,00112;15,00112;12,96011;20,94253;15,95425;19,1437;14,46011;14,46011;11,8605;14,46011
"556";"1996-04-01";17,30288;18,97866;14,32437;15,15054;15,15054;17,30288;18,97866;14,87515;16,06655;14,32437;15,12124;18,23257;14,32437;17,30288;14,32437;15,15054;13,56851;15,22671;15,15054;15,2853;15,15054;17,01968;19,48257;15,22671;15,2853;15,22671;14,32437;14,75015;14,32437;15,15054;17,30288;13,56851;17,30288;13,56851;17,30288;15,15054;15,15054;17,01968;14,75015;14,75015;15,15054;15,12124;15,12124;15,2853;16,06655;17,24624;21,85952;17,24624;16,67007;17,55288;17,55288;23,77358;13,56851;17,24624;22,83413;17,55288;17,24624;17,55288;16,67007;16,67007;16,67007;16,06655;17,93179;23,77358;17,93179;21,85952;17,93179;23,71304;23,77358;17,55288;16,67007;17,24624;14,87515;16,67007;13,56851;14,87515;17,24624;21,85952;15,12124;17,93179;17,55288;17,24624;17,55288;16,06655;17,93179;16,67007;16,67007;21,85952;23,77358;16,06655;23,71304;16,06655;17,24624;23,77358;17,55288;17,24624;17,24624;14,87515;23,71304;18,23257;21,85952;16,67007;16,67007;13,56851;16,67007
"557";"1996-05-01";18,18667;19,85269;15,2394;16,21401;16,21401;18,18667;19,85269;15,85855;16,99722;15,2394;15,94448;19,20815;15,2394;18,18667;15,2394;16,21401;14,59878;16,38784;16,21401;16,82339;16,21401;18,32925;20,39175;16,38784;16,82339;16,38784;15,2394;15,90933;15,2394;16,21401;18,18667;14,59878;18,18667;14,59878;18,18667;16,21401;16,21401;18,32925;15,90933;15,90933;16,21401;15,94448;15,94448;16,82339;16,99722;19,173;23,423;19,173;18,43276;19,67495;19,67495;26,38394;14,59878;19,173;25,38198;19,67495;19,173;19,67495;18,43276;18,43276;18,43276;16,99722;19,8273;26,38394;19,8273;23,423;19,8273;26,17495;26,38394;19,67495;18,43276;19,173;15,85855;18,43276;14,59878;15,85855;19,173;23,423;15,94448;19,8273;19,67495;19,173;19,67495;16,99722;19,8273;18,43276;18,43276;23,423;26,38394;16,99722;26,17495;16,99722;19,173;26,38394;19,67495;19,173;19,173;15,85855;26,17495;19,20815;23,423;18,43276;18,43276;14,59878;18,43276
"558";"1996-06-01";16,59561;18,07998;14,42959;14,84951;14,84951;16,59561;18,07998;14,97647;16,01357;14,42959;14,91787;17,77725;14,42959;16,59561;14,42959;14,84951;13,9042;14,94326;14,84951;15,43154;14,84951;16,66201;18,33389;14,94326;15,43154;14,94326;14,42959;14,85342;14,42959;14,84951;16,59561;13,9042;16,59561;13,9042;16,59561;14,84951;14,84951;16,66201;14,85342;14,85342;14,84951;14,91787;14,91787;15,43154;16,01357;18,64834;22,90029;18,64834;17,79092;18,94912;18,94912;25,11904;13,9042;18,64834;24,27725;18,94912;18,64834;18,94912;17,79092;17,79092;17,79092;16,01357;18,96475;25,11904;18,96475;22,90029;18,96475;24,97451;25,11904;18,94912;17,79092;18,64834;14,97647;17,79092;13,9042;14,97647;18,64834;22,90029;14,91787;18,96475;18,94912;18,64834;18,94912;16,01357;18,96475;17,79092;17,79092;22,90029;25,11904;16,01357;24,97451;16,01357;18,64834;25,11904;18,94912;18,64834;18,64834;14,97647;24,97451;17,77725;22,90029;17,79092;17,79092;13,9042;17,79092
"559";"1996-07-01";16,63223;18,01504;14,33535;14,87246;14,87246;16,63223;18,01504;14,85488;15,94082;14,33535;14,91152;17,59316;14,33535;16,63223;14,33535;14,87246;13,8334;15,12441;14,87246;15,83145;14,87246;16,91543;18,78262;15,12441;15,83145;15,12441;14,33535;15,0209;14,33535;14,87246;16,63223;13,8334;16,63223;13,8334;16,63223;14,87246;14,87246;16,91543;15,0209;15,0209;14,87246;14,91152;14,91152;15,83145;15,94082;18,78457;23,04434;18,78457;17,82754;19,12637;19,12637;25,37051;13,8334;18,78457;24,47207;19,12637;18,78457;19,12637;17,82754;17,82754;17,82754;15,94082;19,10684;25,37051;19,10684;23,04434;19,10684;25,13223;25,37051;19,12637;17,82754;18,78457;14,85488;17,82754;13,8334;14,85488;18,78457;23,04434;14,91152;19,10684;19,12637;18,78457;19,12637;15,94082;19,10684;17,82754;17,82754;23,04434;25,37051;15,94082;25,13223;15,94082;18,78457;25,37051;19,12637;18,78457;18,78457;14,85488;25,13223;17,59316;23,04434;17,82754;17,82754;13,8334;17,82754
"560";"1996-08-01";16,37295;17,87881;14,00186;14,44522;14,44522;16,37295;17,87881;14,41201;15,62295;14,00186;14,52529;17,32803;14,00186;16,37295;14,00186;14,44522;13,57998;14,57607;14,44522;15,22647;14,44522;16,39053;18,35342;14,57607;15,22647;14,57607;14,00186;14,62686;14,00186;14,44522;16,37295;13,57998;16,37295;13,57998;16,37295;14,44522;14,44522;16,39053;14,62686;14,62686;14,44522;14,52529;14,52529;15,22647;15,62295;18,49795;22,77725;18,49795;17,53115;18,89834;18,89834;24,996;13,57998;18,49795;24,11709;18,89834;18,49795;18,89834;17,53115;17,53115;17,53115;15,62295;18,78115;24,996;18,78115;22,77725;18,78115;24,75381;24,996;18,89834;17,53115;18,49795;14,41201;17,53115;13,57998;14,41201;18,49795;22,77725;14,52529;18,78115;18,89834;18,49795;18,89834;15,62295;18,78115;17,53115;17,53115;22,77725;24,996;15,62295;24,75381;15,62295;18,49795;24,996;18,89834;18,49795;18,49795;14,41201;24,75381;17,32803;22,77725;17,53115;17,53115;13,57998;17,53115
"561";"1996-09-01";17,21523;18,975;15,27188;15,31484;15,31484;17,21523;18,975;15,8207;16,71914;15,27188;16,04336;18,64883;15,27188;17,21523;15,27188;15,31484;14,70156;16,05117;15,31484;16,45547;15,31484;17,08242;18,93789;16,05117;16,45547;16,05117;15,27188;15,90469;15,27188;15,31484;17,21523;14,70156;17,21523;14,70156;17,21523;15,31484;15,31484;17,08242;15,90469;15,90469;15,31484;16,04336;16,04336;16,45547;16,71914;19,70352;24,12734;19,70352;18,78555;20,13906;20,13906;26,25039;14,70156;19,70352;25,47695;20,13906;19,70352;20,13906;18,78555;18,78555;18,78555;16,71914;19,99258;26,25039;19,99258;24,12734;19,99258;25,9125;26,25039;20,13906;18,78555;19,70352;15,8207;18,78555;14,70156;15,8207;19,70352;24,12734;16,04336;19,99258;20,13906;19,70352;20,13906;16,71914;19,99258;18,78555;18,78555;24,12734;26,25039;16,71914;25,9125;16,71914;19,70352;26,25039;20,13906;19,70352;19,70352;15,8207;25,9125;18,64883;24,12734;18,78555;18,78555;14,70156;18,78555
"562";"1996-10-01";15,87368;17,12173;13,74282;14,2604;14,2604;15,87368;17,12173;14,05923;15,2897;13,74282;13,94204;16,90884;13,74282;15,87368;13,74282;14,2604;13,33657;14,27798;14,2604;14,71939;14,2604;16,13735;17,71939;14,27798;14,71939;14,27798;13,74282;13,85024;13,74282;14,2604;15,87368;13,33657;15,87368;13,33657;15,87368;14,2604;14,2604;16,13735;13,85024;13,85024;14,2604;13,94204;13,94204;14,71939;15,2897;17,84439;22,1647;17,84439;17,11001;18,17642;18,17642;24,08853;13,33657;17,84439;23,23306;18,17642;17,84439;18,17642;17,11001;17,11001;17,11001;15,2897;18,2272;24,08853;18,2272;22,1647;18,2272;23,81314;24,08853;18,17642;17,11001;17,84439;14,05923;17,11001;13,33657;14,05923;17,84439;22,1647;13,94204;18,2272;18,17642;17,84439;18,17642;15,2897;18,2272;17,11001;17,11001;22,1647;24,08853;15,2897;23,81314;15,2897;17,84439;24,08853;18,17642;17,84439;17,84439;14,05923;23,81314;16,90884;22,1647;17,11001;17,11001;13,33657;17,11001
"563";"1996-11-01";13,43374;14,64858;10,97866;11,86538;11,86538;13,43374;14,64858;11,1564;12,38882;10,97866;11,38491;14,16421;10,97866;13,43374;10,97866;11,86538;10,44155;12,09585;11,86538;12,59585;11,86538;14,01968;15,72085;12,09585;12,59585;12,09585;10,97866;11,38687;10,97866;11,86538;13,43374;10,44155;13,43374;10,44155;13,43374;11,86538;11,86538;14,01968;11,38687;11,38687;11,86538;11,38491;11,38491;12,59585;12,38882;15,00601;19,54507;15,00601;14,14077;15,28335;15,28335;21,23452;10,44155;15,00601;20,38687;15,28335;15,00601;15,28335;14,14077;14,14077;14,14077;12,38882;15,19937;21,23452;15,19937;19,54507;15,19937;21,00796;21,23452;15,28335;14,14077;15,00601;11,1564;14,14077;10,44155;11,1564;15,00601;19,54507;11,38491;15,19937;15,28335;15,00601;15,28335;12,38882;15,19937;14,14077;14,14077;19,54507;21,23452;12,38882;21,00796;12,38882;15,00601;21,23452;15,28335;15,00601;15,00601;11,1564;21,00796;14,16421;19,54507;14,14077;14,14077;10,44155;14,14077
"564";"1996-12-01";13,27017;14,6022;10,8854;11,6686;11,6686;13,27017;14,6022;11,19204;12,25259;10,8854;11,70962;14,03579;10,8854;13,27017;10,8854;11,6686;10,3229;12,09634;11,6686;12,34634;11,6686;13,46157;15,36782;12,09634;12,34634;12,09634;10,8854;11,56509;10,8854;11,6686;13,27017;10,3229;13,27017;10,3229;13,27017;11,6686;11,6686;13,46157;11,56509;11,56509;11,6686;11,70962;11,70962;12,34634;12,25259;14,27993;18,5436;14,27993;13,56899;14,65298;14,65298;20,41665;10,3229;14,27993;19,6061;14,65298;14,27993;14,65298;13,56899;13,56899;13,56899;12,25259;14,74868;20,41665;14,74868;18,5436;14,74868;20,1354;20,41665;14,65298;13,56899;14,27993;11,19204;13,56899;10,3229;11,19204;14,27993;18,5436;11,70962;14,74868;14,65298;14,27993;14,65298;12,25259;14,74868;13,56899;13,56899;18,5436;20,41665;12,25259;20,1354;12,25259;14,27993;20,41665;14,65298;14,27993;14,27993;11,19204;20,1354;14,03579;18,5436;13,56899;13,56899;10,3229;13,56899
"565";"1997-01-01";12,46353;14,1979;10,18032;10,64712;10,64712;12,46353;14,1979;10,85024;11,68228;10,18032;11,21743;13,7311;10,18032;12,46353;10,18032;10,64712;9,467432;11,15103;10,64712;11,15493;10,64712;12,34439;14,30142;11,15103;11,15493;11,15103;10,18032;10,75454;10,18032;10,64712;12,46353;9,467432;12,46353;9,467432;12,46353;10,64712;10,64712;12,34439;10,75454;10,75454;10,64712;11,21743;11,21743;11,15493;11,68228;13,33462;17,52603;13,33462;12,77798;13,62954;13,62954;19,36392;9,467432;13,33462;18,65884;13,62954;13,33462;13,62954;12,77798;12,77798;12,77798;11,68228;13,96939;19,36392;13,96939;17,52603;13,96939;19,12759;19,36392;13,62954;12,77798;13,33462;10,85024;12,77798;9,467432;10,85024;13,33462;17,52603;11,21743;13,96939;13,62954;13,33462;13,62954;11,68228;13,96939;12,77798;12,77798;17,52603;19,36392;11,68228;19,12759;11,68228;13,33462;19,36392;13,62954;13,33462;13,33462;10,85024;19,12759;13,7311;17,52603;12,77798;12,77798;9,467432;12,77798
"566";"1997-02-01";13,85708;15,04458;11,49966;12,21646;12,21646;13,85708;15,04458;12,15005;12,92349;11,49966;12,41958;14,65786;11,49966;13,85708;11,49966;12,21646;10,78677;12,60317;12,21646;12,78677;12,21646;14,20278;15,94692;12,60317;12,78677;12,60317;11,49966;12,11099;11,49966;12,21646;13,85708;10,78677;13,85708;10,78677;13,85708;12,21646;12,21646;14,20278;12,11099;12,11099;12,21646;12,41958;12,41958;12,78677;12,92349;14,59731;18,88638;14,59731;14,05435;14,95864;14,95864;20,44497;10,78677;14,59731;19,59536;14,95864;14,59731;14,95864;14,05435;14,05435;14,05435;12,92349;15,13442;20,44497;15,13442;18,88638;15,13442;20,27114;20,44497;14,95864;14,05435;14,59731;12,15005;14,05435;10,78677;12,15005;14,59731;18,88638;12,41958;15,13442;14,95864;14,59731;14,95864;12,92349;15,13442;14,05435;14,05435;18,88638;20,44497;12,92349;20,27114;12,92349;14,59731;20,44497;14,95864;14,59731;14,59731;12,15005;20,27114;14,65786;18,88638;14,05435;14,05435;10,78677;14,05435
"567";"1997-03-01";15,35464;16,77456;12,7023;13,49722;13,49722;15,35464;16,77456;13,39956;14,44253;12,7023;13,68081;16,423;12,7023;15,35464;12,7023;13,49722;12,10073;13,77651;13,49722;14,09878;13,49722;15,52065;17,423;13,77651;14,09878;13,77651;12,7023;13,47964;12,7023;13,49722;15,35464;12,10073;15,35464;12,10073;15,35464;13,49722;13,49722;15,52065;13,47964;13,47964;13,49722;13,68081;13,68081;14,09878;14,44253;16,42495;21,25698;16,42495;15,82925;16,72573;16,72573;23,2023;12,10073;16,42495;22,25503;16,72573;16,42495;16,72573;15,82925;15,82925;15,82925;14,44253;16,96011;23,2023;16,96011;21,25698;16,96011;22,94644;23,2023;16,72573;15,82925;16,42495;13,39956;15,82925;12,10073;13,39956;16,42495;21,25698;13,68081;16,96011;16,72573;16,42495;16,72573;14,44253;16,96011;15,82925;15,82925;21,25698;23,2023;14,44253;22,94644;14,44253;16,42495;23,2023;16,72573;16,42495;16,42495;13,39956;22,94644;16,423;21,25698;15,82925;15,82925;12,10073;15,82925
"568";"1997-04-01";16,41177;18,00747;13,97622;14,41567;14,41567;16,41177;18,00747;14,52114;15,88833;13,97622;14,64614;17,92544;13,97622;16,41177;13,97622;14,41567;13,36489;14,49185;14,41567;14,54067;14,41567;16,07583;18,2438;14,49185;14,54067;14,49185;13,97622;14,22622;13,97622;14,41567;16,41177;13,36489;16,41177;13,36489;16,41177;14,41567;14,41567;16,07583;14,22622;14,22622;14,41567;14,64614;14,64614;14,54067;15,88833;17,68325;22,38638;17,68325;17,03286;18,03091;18,03091;24,1188;13,36489;17,68325;23,32778;18,03091;17,68325;18,03091;17,03286;17,03286;17,03286;15,88833;18,45278;24,1188;18,45278;22,38638;18,45278;23,94302;24,1188;18,03091;17,03286;17,68325;14,52114;17,03286;13,36489;14,52114;17,68325;22,38638;14,64614;18,45278;18,03091;17,68325;18,03091;15,88833;18,45278;17,03286;17,03286;22,38638;24,1188;15,88833;23,94302;15,88833;17,68325;24,1188;18,03091;17,68325;17,68325;14,52114;23,94302;17,92544;22,38638;17,03286;17,03286;13,36489;17,03286
"569";"1997-05-01";16,54971;18,10244;13,96963;14,68838;14,68838;16,54971;18,10244;14,58877;15,79385;13,96963;14,58682;17,8583;13,96963;16,54971;13,96963;14,68838;13,42471;14,68057;14,68838;15,03799;14,68838;16,62588;18,66689;14,68057;15,03799;14,68057;13,96963;14,35635;13,96963;14,68838;16,54971;13,42471;16,54971;13,42471;16,54971;14,68838;14,68838;16,62588;14,35635;14,35635;14,68838;14,58682;14,58682;15,03799;15,79385;18,204;23,17861;18,204;17,51455;18,47158;18,47158;24,86611;13,42471;18,204;23,88174;18,47158;18,204;18,47158;17,51455;17,51455;17,51455;15,79385;18,5458;24,86611;18,5458;23,17861;18,5458;24,85635;24,86611;18,47158;17,51455;18,204;14,58877;17,51455;13,42471;14,58877;18,204;23,17861;14,58682;18,5458;18,47158;18,204;18,47158;15,79385;18,5458;17,51455;17,51455;23,17861;24,86611;15,79385;24,85635;15,79385;18,204;24,86611;18,47158;18,204;18,204;14,58877;24,85635;17,8583;23,17861;17,51455;17,51455;13,42471;17,51455
"570";"1997-06-01";17,50405;18,8146;15,33608;16,05093;16,05093;17,50405;18,8146;15,95913;16,75015;15,33608;16,2521;18,74624;15,33608;17,50405;15,33608;16,05093;14,7228;16,54897;16,05093;17,07827;16,05093;18,01382;19,69937;16,54897;17,07827;16,54897;15,33608;16,23843;15,33608;16,05093;17,50405;14,7228;17,50405;14,7228;17,50405;16,05093;16,05093;18,01382;16,23843;16,23843;16,05093;16,2521;16,2521;17,07827;16,75015;19,43765;24,01382;19,43765;18,61538;19,92397;19,92397;26,38101;14,7228;19,43765;25,28726;19,92397;19,43765;19,92397;18,61538;18,61538;18,61538;16,75015;19,86147;26,38101;19,86147;24,01382;19,86147;26,2189;26,38101;19,92397;18,61538;19,43765;15,95913;18,61538;14,7228;15,95913;19,43765;24,01382;16,2521;19,86147;19,92397;19,43765;19,92397;16,75015;19,86147;18,61538;18,61538;24,01382;26,38101;16,75015;26,2189;16,75015;19,43765;26,38101;19,92397;19,43765;19,43765;15,95913;26,2189;18,74624;24,01382;18,61538;18,61538;14,7228;18,61538
"571";"1997-07-01";16,91421;18,40054;14,2853;15,16421;15,16421;16,91421;18,40054;14,80483;15,88296;14,2853;14,86343;17,85562;14,2853;16,91421;14,2853;15,16421;13,72476;15,2189;15,16421;15,89077;15,16421;17,42593;19,36733;15,2189;15,89077;15,2189;14,2853;14,92397;14,2853;15,16421;16,91421;13,72476;16,91421;13,72476;16,91421;15,16421;15,16421;17,42593;14,92397;14,92397;15,16421;14,86343;14,86343;15,89077;15,88296;18,76382;23,13882;18,76382;17,7814;19,11147;19,11147;25,53335;13,72476;18,76382;24,52944;19,11147;18,76382;19,11147;17,7814;17,7814;17,7814;15,88296;18,98647;25,53335;18,98647;23,13882;18,98647;25,26772;25,53335;19,11147;17,7814;18,76382;14,80483;17,7814;13,72476;14,80483;18,76382;23,13882;14,86343;18,98647;19,11147;18,76382;19,11147;15,88296;18,98647;17,7814;17,7814;23,13882;25,53335;15,88296;25,26772;15,88296;18,76382;25,53335;19,11147;18,76382;18,76382;14,80483;25,26772;17,85562;23,13882;17,7814;17,7814;13,72476;17,7814
"572";"1997-08-01";16,68545;18,08389;14,10537;14,9999;14,9999;16,68545;18,08389;14,78897;15,64834;14,10537;14,89248;17,54873;14,10537;16,68545;14,10537;14,9999;13,37686;15,22256;14,9999;15,88857;14,9999;17,54287;19,24209;15,22256;15,88857;15,22256;14,10537;14,8085;14,10537;14,9999;16,68545;13,37686;16,68545;13,37686;16,68545;14,9999;14,9999;17,54287;14,8085;14,8085;14,9999;14,89248;14,89248;15,88857;15,64834;18,75772;23,20498;18,75772;17,61709;19,14639;19,14639;25,98818;13,37686;18,75772;25,07998;19,14639;18,75772;19,14639;17,61709;17,61709;17,61709;15,64834;19,07803;25,98818;19,07803;23,20498;19,07803;25,17178;25,98818;19,14639;17,61709;18,75772;14,78897;17,61709;13,37686;14,78897;18,75772;23,20498;14,89248;19,07803;19,14639;18,75772;19,14639;15,64834;19,07803;17,61709;17,61709;23,20498;25,98818;15,64834;25,17178;15,64834;18,75772;25,98818;19,14639;18,75772;18,75772;14,78897;25,17178;17,54873;23,20498;17,61709;17,61709;13,37686;17,61709
"573";"1997-09-01";16,45254;18,13418;14,0541;14,79434;14,79434;16,45254;18,13418;14,36856;15,71426;14,0541;14,31387;17,52676;14,0541;16,45254;14,0541;14,79434;13,72402;14,65371;14,79434;15,28066;14,79434;16,70449;18,30996;14,65371;15,28066;14,65371;14,0541;14,37246;14,0541;14,79434;16,45254;13,72402;16,45254;13,72402;16,45254;14,79434;14,79434;16,70449;14,37246;14,37246;14,79434;14,31387;14,31387;15,28066;15,71426;18,43496;22,69863;18,43496;17,4916;18,83535;18,83535;24,81582;13,72402;18,43496;23,89785;18,83535;18,43496;18,83535;17,4916;17,4916;17,4916;15,71426;18,70645;24,81582;18,70645;22,69863;18,70645;24,53066;24,81582;18,83535;17,4916;18,43496;14,36856;17,4916;13,72402;14,36856;18,43496;22,69863;14,31387;18,70645;18,83535;18,43496;18,83535;15,71426;18,70645;17,4916;17,4916;22,69863;24,81582;15,71426;24,53066;15,71426;18,43496;24,81582;18,83535;18,43496;18,43496;14,36856;24,53066;17,52676;22,69863;17,4916;17,4916;13,72402;17,4916
"574";"1997-10-01";15,46719;16,8207;13,475;13,85586;13,85586;15,46719;16,8207;13,44375;14,93984;13,475;13,29727;16,42813;13,475;15,46719;13,475;13,85586;13,12344;13,71914;13,85586;13,97109;13,85586;15,41055;17,24844;13,71914;13,97109;13,71914;13,475;13,17422;13,475;13,85586;15,46719;13,12344;15,46719;13,12344;15,46719;13,85586;13,85586;15,41055;13,17422;13,17422;13,85586;13,29727;13,29727;13,97109;14,93984;17,47305;21,1625;17,47305;16,31289;17,85391;17,85391;23,30898;13,12344;17,47305;22,51602;17,85391;17,47305;17,85391;16,31289;16,31289;16,31289;14,93984;17,81289;23,30898;17,81289;21,1625;17,81289;23,04922;23,30898;17,85391;16,31289;17,47305;13,44375;16,31289;13,12344;13,44375;17,47305;21,1625;13,29727;17,81289;17,85391;17,47305;17,85391;14,93984;17,81289;16,31289;16,31289;21,1625;23,30898;14,93984;23,04922;14,93984;17,47305;23,30898;17,85391;17,47305;17,47305;13,44375;23,04922;16,42813;21,1625;16,31289;16,31289;13,12344;16,31289
"575";"1997-11-01";14,60269;16,05972;12,38784;12,93667;12,93667;14,60269;16,05972;12,69839;13,9562;12,38784;12,54605;15,77261;12,38784;14,60269;12,38784;12,93667;11,92495;12,93081;12,93667;13,2062;12,93667;14,63589;16,59097;12,93081;13,2062;12,93081;12,38784;12,34878;12,38784;12,93667;14,60269;11,92495;14,60269;11,92495;14,60269;12,93667;12,93667;14,63589;12,34878;12,34878;12,93667;12,54605;12,54605;13,2062;13,9562;16,43472;20,45034;16,43472;15,53823;16,78042;16,78042;22,54019;11,92495;16,43472;21,74526;16,78042;16,43472;16,78042;15,53823;15,53823;15,53823;13,9562;16,89761;22,54019;16,89761;20,45034;16,89761;22,19058;22,54019;16,78042;15,53823;16,43472;12,69839;15,53823;11,92495;12,69839;16,43472;20,45034;12,54605;16,89761;16,78042;16,43472;16,78042;13,9562;16,89761;15,53823;15,53823;20,45034;22,54019;13,9562;22,19058;13,9562;16,43472;22,54019;16,78042;16,43472;16,43472;12,69839;22,19058;15,77261;20,45034;15,53823;15,53823;11,92495;15,53823
"576";"1997-12-01";13,40176;14,69668;11,22207;12,03457;12,03457;13,40176;14,69668;11,27481;12,43887;11,22207;11,70059;13,97598;11,22207;13,40176;11,22207;12,03457;10,7416;12,21816;12,03457;12,16152;12,03457;13,4584;15,20645;12,21816;12,16152;12,21816;11,22207;11,41348;11,22207;12,03457;13,40176;10,7416;13,40176;10,7416;13,40176;12,03457;12,03457;13,4584;11,41348;11,41348;12,03457;11,70059;11,70059;12,16152;12,43887;13,72598;16,88613;13,72598;12,83731;14,09512;14,09512;18,98574;10,7416;13,72598;18,25332;14,09512;13,72598;14,09512;12,83731;12,83731;12,83731;12,43887;14,33926;18,98574;14,33926;16,88613;14,33926;18,66152;18,98574;14,09512;12,83731;13,72598;11,27481;12,83731;10,7416;11,27481;13,72598;16,88613;11,70059;14,33926;14,09512;13,72598;14,09512;12,43887;14,33926;12,83731;12,83731;16,88613;18,98574;12,43887;18,66152;12,43887;13,72598;18,98574;14,09512;13,72598;13,72598;11,27481;18,66152;13,97598;16,88613;12,83731;12,83731;10,7416;12,83731
"577";"1998-01-01";13,03335;14,72085;11,12515;11,24429;11,24429;13,03335;14,72085;11,71108;12,33608;11,12515;11,71694;14,41812;11,12515;13,03335;11,12515;11,24429;10,1603;11,69351;11,24429;11,19351;11,24429;12,59976;14,61733;11,69351;11,19351;11,69351;11,12515;10,82437;11,12515;11,24429;13,03335;10,1603;13,03335;10,1603;13,03335;11,24429;11,24429;12,59976;10,82437;10,82437;11,24429;11,71694;11,71694;11,19351;12,33608;13,77554;17,90444;13,77554;13,3478;14,07046;14,07046;19,85366;10,1603;13,77554;18,99429;14,07046;13,77554;14,07046;13,3478;13,3478;13,3478;12,33608;14,38296;19,85366;14,38296;17,90444;14,38296;19,69351;19,85366;14,07046;13,3478;13,77554;11,71108;13,3478;10,1603;11,71108;13,77554;17,90444;11,71694;14,38296;14,07046;13,77554;14,07046;12,33608;14,38296;13,3478;13,3478;17,90444;19,85366;12,33608;19,69351;12,33608;13,77554;19,85366;14,07046;13,77554;13,77554;11,71108;19,69351;14,41812;17,90444;13,3478;13,3478;10,1603;13,3478
"578";"1998-02-01";13,96035;15,85098;12,21231;11,97402;11,97402;13,96035;15,85098;13,11465;13,43106;12,21231;13,06582;15,57949;12,21231;13,96035;12,21231;11,97402;11,15566;12,69668;11,97402;11,8666;11,97402;13,24356;15,54043;12,69668;11,8666;12,69668;12,21231;11,82754;12,21231;11,97402;13,96035;11,15566;13,96035;11,15566;13,96035;11,97402;11,97402;13,24356;11,82754;11,82754;11,97402;13,06582;13,06582;11,8666;13,43106;14,02676;18,64981;14,02676;13,95449;14,55606;14,55606;20,32363;11,15566;14,02676;19,5502;14,55606;14,02676;14,55606;13,95449;13,95449;13,95449;13,43106;15,37246;20,32363;15,37246;18,64981;15,37246;20,11856;20,32363;14,55606;13,95449;14,02676;13,11465;13,95449;11,15566;13,11465;14,02676;18,64981;13,06582;15,37246;14,55606;14,02676;14,55606;13,43106;15,37246;13,95449;13,95449;18,64981;20,32363;13,43106;20,11856;13,43106;14,02676;20,32363;14,55606;14,02676;14,02676;13,11465;20,11856;15,57949;18,64981;13,95449;13,95449;11,15566;13,95449
"579";"1998-03-01";16,24673;17,49478;14,27212;14,67446;14,67446;16,24673;17,49478;14,5729;15,17642;14,27212;15,00454;17,04946;14,27212;16,24673;14,27212;14,67446;13,30142;15,31118;14,67446;15,02798;14,67446;16,27017;18,28189;15,31118;15,02798;15,31118;14,27212;14,36978;14,27212;14,67446;16,24673;13,30142;16,24673;13,30142;16,24673;14,67446;14,67446;16,27017;14,36978;14,36978;14,67446;15,00454;15,00454;15,02798;15,17642;15,78579;19,59439;15,78579;15,28384;16,2604;16,2604;21,78579;13,30142;15,78579;20,95376;16,2604;15,78579;16,2604;15,28384;15,28384;15,28384;15,17642;16,71548;21,78579;16,71548;19,59439;16,71548;21,55728;21,78579;16,2604;15,28384;15,78579;14,5729;15,28384;13,30142;14,5729;15,78579;19,59439;15,00454;16,71548;16,2604;15,78579;16,2604;15,17642;16,71548;15,28384;15,28384;19,59439;21,78579;15,17642;21,55728;15,17642;15,78579;21,78579;16,2604;15,78579;15,78579;14,5729;21,55728;17,04946;19,59439;15,28384;15,28384;13,30142;15,28384
"580";"1998-04-01";19,42593;21,01382;17,04507;17,63687;17,63687;19,42593;21,01382;17,55483;18,0646;17,04507;18,11733;20,17593;17,04507;19,42593;17,04507;17,63687;16,14272;18,26968;17,63687;18,03921;17,63687;19,26382;21,40444;18,26968;18,03921;18,26968;17,04507;17,64663;17,04507;17,63687;19,42593;16,14272;19,42593;16,14272;19,42593;17,63687;17,63687;19,26382;17,64663;17,64663;17,63687;18,11733;18,11733;18,03921;18,0646;18,44546;22,26577;18,44546;18,12905;18,82437;18,82437;24,00991;16,14272;18,44546;23,19546;18,82437;18,44546;18,82437;18,12905;18,12905;18,12905;18,0646;19,24233;24,00991;19,24233;22,26577;19,24233;23,86733;24,00991;18,82437;18,12905;18,44546;17,55483;18,12905;16,14272;17,55483;18,44546;22,26577;18,11733;19,24233;18,82437;18,44546;18,82437;18,0646;19,24233;18,12905;18,12905;22,26577;24,00991;18,0646;23,86733;18,0646;18,44546;24,00991;18,82437;18,44546;18,44546;17,55483;23,86733;20,17593;22,26577;18,12905;18,12905;16,14272;18,12905
"581";"1998-05-01";19,52261;21,32925;17,10269;17,82144;17,82144;19,52261;21,32925;18,25112;18,39761;17,10269;18,48159;20,72573;17,10269;19,52261;17,10269;17,82144;16,26089;18,52456;17,82144;18,88394;17,82144;19,92105;21,69448;18,52456;18,88394;18,52456;17,10269;18,17886;17,10269;17,82144;19,52261;16,26089;19,52261;16,26089;19,52261;17,82144;17,82144;19,92105;18,17886;18,17886;17,82144;18,48159;18,48159;18,88394;18,39761;19,87612;24,82925;19,87612;19,72964;20,24136;20,24136;26,90151;16,26089;19,87612;25,87808;20,24136;19,87612;20,24136;19,72964;19,72964;19,72964;18,39761;20,7394;26,90151;20,7394;24,82925;20,7394;26,72378;26,90151;20,24136;19,72964;19,87612;18,25112;19,72964;16,26089;18,25112;19,87612;24,82925;18,48159;20,7394;20,24136;19,87612;20,24136;18,39761;20,7394;19,72964;19,72964;24,82925;26,90151;18,39761;26,72378;18,39761;19,87612;26,90151;20,24136;19,87612;19,87612;18,25112;26,72378;20,72573;24,82925;19,72964;19,72964;16,26089;19,72964
"582";"1998-06-01";18,39688;20,09219;16,05313;16,48477;16,48477;18,39688;20,09219;16,83047;17,59023;16,05313;17,09805;19,5082;16,05313;18,39688;16,05313;16,48477;15,22891;17,17617;16,48477;17,93594;16,48477;18,84219;20,71523;17,17617;17,93594;17,17617;16,05313;17,32266;16,05313;16,48477;18,39688;15,22891;18,39688;15,22891;18,39688;16,48477;16,48477;18,84219;17,32266;17,32266;16,48477;17,09805;17,09805;17,93594;17,59023;20,23477;25,14102;20,23477;19,54922;20,57461;20,57461;27,28359;15,22891;20,23477;26,31484;20,57461;20,23477;20,57461;19,54922;19,54922;19,54922;17,59023;20,67031;27,28359;20,67031;25,14102;20,67031;27,10586;27,28359;20,57461;19,54922;20,23477;16,83047;19,54922;15,22891;16,83047;20,23477;25,14102;17,09805;20,67031;20,57461;20,23477;20,57461;17,59023;20,67031;19,54922;19,54922;25,14102;27,28359;17,59023;27,10586;17,59023;20,23477;27,28359;20,57461;20,23477;20,23477;16,83047;27,10586;19,5082;25,14102;19,54922;19,54922;15,22891;19,54922
"583";"1998-07-01";16,85366;18,2814;14,32241;14,98452;14,98452;16,85366;18,2814;14,93765;15,96499;14,32241;15,34585;17,76772;14,32241;16,85366;14,32241;14,98452;13,74038;15,30093;14,98452;16,18374;14,98452;17,42788;19,35562;15,30093;16,18374;15,30093;14,32241;15,61929;14,32241;14,98452;16,85366;13,74038;16,85366;13,74038;16,85366;14,98452;14,98452;17,42788;15,61929;15,61929;14,98452;15,34585;15,34585;16,18374;15,96499;18,82827;23,17007;18,82827;17,92788;19,08608;19,08608;25,31851;13,74038;18,82827;24,40444;19,08608;18,82827;19,08608;17,92788;17,92788;17,92788;15,96499;19,02358;25,31851;19,02358;23,17007;19,02358;25,00796;25,31851;19,08608;17,92788;18,82827;14,93765;17,92788;13,74038;14,93765;18,82827;23,17007;15,34585;19,02358;19,08608;18,82827;19,08608;15,96499;19,02358;17,92788;17,92788;23,17007;25,31851;15,96499;25,00796;15,96499;18,82827;25,31851;19,08608;18,82827;18,82827;14,93765;25,00796;17,76772;23,17007;17,92788;17,92788;13,74038;17,92788
"584";"1998-08-01";17,40493;19,02798;14,59243;15,40493;15,40493;17,40493;19,02798;15,08853;16,39126;14,59243;15,20181;18,27407;14,59243;17,40493;14,59243;15,40493;14,11196;15,51431;15,40493;16,25259;15,40493;17,68228;19,58657;15,51431;16,25259;15,51431;14,59243;15,3229;14,59243;15,40493;17,40493;14,11196;17,40493;14,11196;17,40493;15,40493;15,40493;17,68228;15,3229;15,3229;15,40493;15,20181;15,20181;16,25259;16,39126;19,10415;23,50064;19,10415;18,20181;19,52407;19,52407;25,75259;14,11196;19,10415;24,95767;19,52407;19,10415;19,52407;18,20181;18,20181;18,20181;16,39126;19,52017;25,75259;19,52017;23,50064;19,52017;25,05142;25,75259;19,52407;18,20181;19,10415;15,08853;18,20181;14,11196;15,08853;19,10415;23,50064;15,20181;19,52017;19,52407;19,10415;19,52407;16,39126;19,52017;18,20181;18,20181;23,50064;25,75259;16,39126;25,05142;16,39126;19,10415;25,75259;19,52407;19,10415;19,10415;15,08853;25,05142;18,27407;23,50064;18,20181;18,20181;14,11196;18,20181
"585";"1998-09-01";16,66519;18,06948;15,32925;15,16714;15,16714;16,66519;18,06948;15,62612;16,67495;15,32925;15,34683;18,06558;15,32925;16,66519;15,32925;15,16714;14,91519;15,46011;15,16714;15,78433;15,16714;16,5148;17,97183;15,46011;15,78433;15,46011;15,32925;15,22183;15,32925;15,16714;16,66519;14,91519;16,66519;14,91519;16,66519;15,16714;15,16714;16,5148;15,22183;15,22183;15,16714;15,34683;15,34683;15,78433;16,67495;19,48745;23,29409;19,48745;18,62417;19,81362;19,81362;25,21987;14,91519;19,48745;24,4269;19,81362;19,48745;19,81362;18,62417;18,62417;18,62417;16,67495;19,77065;25,21987;19,77065;23,29409;19,77065;25,05776;25,21987;19,81362;18,62417;19,48745;15,62612;18,62417;14,91519;15,62612;19,48745;23,29409;15,34683;19,77065;19,81362;19,48745;19,81362;16,67495;19,77065;18,62417;18,62417;23,29409;25,21987;16,67495;25,05776;16,67495;19,48745;25,21987;19,81362;19,48745;19,48745;15,62612;25,05776;18,06558;23,29409;18,62417;18,62417;14,91519;18,62417
"586";"1998-10-01";15,61514;16,78897;13,64834;13,97451;13,97451;15,61514;16,78897;13,72842;15,27725;13,64834;13,53897;16,59951;13,64834;15,61514;13,64834;13,97451;13,37295;13,78897;13,97451;14,34756;13,97451;15,69131;17,3124;13,78897;14,34756;13,78897;13,64834;13,57607;13,64834;13,97451;15,61514;13,37295;15,61514;13,37295;15,61514;13,97451;13,97451;15,69131;13,57607;13,57607;13,97451;13,53897;13,53897;14,34756;15,27725;18,25772;21,98818;18,25772;17,00576;18,52334;18,52334;24,11709;13,37295;18,25772;23,26162;18,52334;18,25772;18,52334;17,00576;17,00576;17,00576;15,27725;18,33779;24,11709;18,33779;21,98818;18,33779;24,04678;24,11709;18,52334;17,00576;18,25772;13,72842;17,00576;13,37295;13,72842;18,25772;21,98818;13,53897;18,33779;18,52334;18,25772;18,52334;15,27725;18,33779;17,00576;17,00576;21,98818;24,11709;15,27725;24,04678;15,27725;18,25772;24,11709;18,52334;18,25772;18,25772;13,72842;24,04678;16,59951;21,98818;17,00576;17,00576;13,37295;17,00576
"587";"1998-11-01";14,72695;15,7582;12,67227;13,33047;13,33047;14,72695;15,7582;12,99844;14,09805;12,67227;12,99063;15,47109;12,67227;14,72695;12,67227;13,33047;12,31875;13,50625;13,33047;14,13906;13,33047;15,07266;16,76406;13,50625;14,13906;13,50625;12,67227;13,1293;12,67227;13,33047;14,72695;12,31875;14,72695;12,31875;14,72695;13,33047;13,33047;15,07266;13,1293;13,1293;13,33047;12,99063;12,99063;14,13906;14,09805;16,73867;20,52188;16,73867;15,91641;17,09414;17,09414;22,8793;12,31875;16,73867;22,11563;17,09414;16,73867;17,09414;15,91641;15,91641;15,91641;14,09805;17,0707;22,8793;17,0707;20,52188;17,0707;22,59609;22,8793;17,09414;15,91641;16,73867;12,99844;15,91641;12,31875;12,99844;16,73867;20,52188;12,99063;17,0707;17,09414;16,73867;17,09414;14,09805;17,0707;15,91641;15,91641;20,52188;22,8793;14,09805;22,59609;14,09805;16,73867;22,8793;17,09414;16,73867;16,73867;12,99844;22,59609;15,47109;20,52188;15,91641;15,91641;12,31875;15,91641
"588";"1998-12-01";12,82095;13,7604;10,6979;11,6022;11,6022;12,82095;13,7604;10,92251;11,95181;10,6979;10,87368;13,32876;10,6979;12,82095;10,6979;11,6022;10,30142;11,82095;11,6022;12,1979;11,6022;13,15493;14,72329;11,82095;12,1979;11,82095;10,6979;10,81314;10,6979;11,6022;12,82095;10,30142;12,82095;10,30142;12,82095;11,6022;11,6022;13,15493;10,81314;10,81314;11,6022;10,87368;10,87368;12,1979;11,95181;14,19204;17,96743;14,19204;13,47329;14,49478;14,49478;20,07681;10,30142;14,19204;19,34634;14,49478;14,19204;14,49478;13,47329;13,47329;13,47329;11,95181;14,58267;20,07681;14,58267;17,96743;14,58267;19,73306;20,07681;14,49478;13,47329;14,19204;10,92251;13,47329;10,30142;10,92251;14,19204;17,96743;10,87368;14,58267;14,49478;14,19204;14,49478;11,95181;14,58267;13,47329;13,47329;17,96743;20,07681;11,95181;19,73306;11,95181;14,19204;20,07681;14,49478;14,19204;14,19204;10,92251;19,73306;13,32876;17,96743;13,47329;13,47329;10,30142;13,47329
"589";"1999-01-01";11,88052;13,13833;10,1481;10,60903;10,60903;11,88052;13,13833;10,45864;11,19497;10,1481;10,3395;12,68716;10,1481;11,88052;10,1481;10,60903;9,405909;11,01724;10,60903;11,09927;10,60903;12,10708;13,73599;11,01724;11,09927;11,01724;10,1481;9,958643;10,1481;10,60903;11,88052;9,405909;11,88052;9,405909;11,88052;10,60903;10,60903;12,10708;9,958643;9,958643;10,60903;10,3395;10,3395;11,09927;11,19497;13,16177;17,19692;13,16177;12,54458;13,43521;13,43521;19,19302;9,405909;13,16177;18,56802;13,43521;13,16177;13,43521;12,54458;12,54458;12,54458;11,19497;13,7145;19,19302;13,7145;17,19692;13,7145;18,80435;19,19302;13,43521;12,54458;13,16177;10,45864;12,54458;9,405909;10,45864;13,16177;17,19692;10,3395;13,7145;13,43521;13,16177;13,43521;11,19497;13,7145;12,54458;12,54458;17,19692;19,19302;11,19497;18,80435;11,19497;13,16177;19,19302;13,43521;13,16177;13,16177;10,45864;18,80435;12,68716;17,19692;12,54458;12,54458;9,405909;12,54458
"590";"1999-02-01";13,22964;14,47964;11,29019;11,97769;11,97769;13,22964;14,47964;11,79214;12,28628;11,29019;11,75894;13,90933;11,29019;13,22964;11,29019;11,97769;10,55776;12,56558;11,97769;12,82339;11,97769;13,62808;15,26284;12,56558;12,82339;12,56558;11,29019;11,5773;11,29019;11,97769;13,22964;10,55776;13,22964;10,55776;13,22964;11,97769;11,97769;13,62808;11,5773;11,5773;11,97769;11,75894;11,75894;12,82339;12,28628;14,37026;18,43472;14,37026;13,8898;14,56558;14,56558;20,5773;10,55776;14,37026;19,70815;14,56558;14,37026;14,56558;13,8898;13,8898;13,8898;12,28628;14,77847;20,5773;14,77847;18,43472;14,77847;20,3019;20,5773;14,56558;13,8898;14,37026;11,79214;13,8898;10,55776;11,79214;14,37026;18,43472;11,75894;14,77847;14,56558;14,37026;14,56558;12,28628;14,77847;13,8898;13,8898;18,43472;20,5773;12,28628;20,3019;12,28628;14,37026;20,5773;14,56558;14,37026;14,37026;11,79214;20,3019;13,90933;18,43472;13,8898;13,8898;10,55776;13,8898
"591";"1999-03-01";15,22354;16,67666;13,1708;13,68838;13,68838;15,22354;16,67666;13,87588;14,3251;13,1708;14,02432;16,18643;13,1708;15,22354;13,1708;13,68838;12,34658;14,46963;13,68838;14,46572;13,68838;15,23916;17,30361;14,46963;14,46572;14,46963;13,1708;13,58486;13,1708;13,68838;15,22354;12,34658;15,22354;12,34658;15,22354;13,68838;13,68838;15,23916;13,58486;13,58486;13,68838;14,02432;14,02432;14,46572;14,3251;16,17861;20,62393;16,17861;15,7333;16,49307;16,49307;22,76455;12,34658;16,17861;21,91299;16,49307;16,17861;16,49307;15,7333;15,7333;15,7333;14,3251;16,86807;22,76455;16,86807;20,62393;16,86807;22,4833;22,76455;16,49307;15,7333;16,17861;13,87588;15,7333;12,34658;13,87588;16,17861;20,62393;14,02432;16,86807;16,49307;16,17861;16,49307;14,3251;16,86807;15,7333;15,7333;20,62393;22,76455;14,3251;22,4833;14,3251;16,17861;22,76455;16,49307;16,17861;16,17861;13,87588;22,4833;16,18643;20,62393;15,7333;15,7333;12,34658;15,7333
"592";"1999-04-01";17,50527;19,09902;15,09512;15,73379;15,73379;17,50527;19,09902;16,21816;16,62832;15,09512;16,18691;18,6459;15,09512;17,50527;15,09512;15,73379;14,22402;16,30801;15,73379;16,51895;15,73379;17,70645;19,63418;16,30801;16,51895;16,30801;15,09512;15,70645;15,09512;15,73379;17,50527;14,22402;17,50527;14,22402;17,50527;15,73379;15,73379;17,70645;15,70645;15,70645;15,73379;16,18691;16,18691;16,51895;16,62832;18,47402;23,53457;18,47402;18,2084;18,90371;18,90371;25,79629;14,22402;18,47402;24,89395;18,90371;18,47402;18,90371;18,2084;18,2084;18,2084;16,62832;19,47012;25,79629;19,47012;23,53457;19,47012;25,46621;25,79629;18,90371;18,2084;18,47402;16,21816;18,2084;14,22402;16,21816;18,47402;23,53457;16,18691;19,47012;18,90371;18,47402;18,90371;16,62832;19,47012;18,2084;18,2084;23,53457;25,79629;16,62832;25,46621;16,62832;18,47402;25,79629;18,90371;18,47402;18,47402;16,21816;25,46621;18,6459;23,53457;18,2084;18,2084;14,22402;18,2084
"593";"1999-05-01";16,84048;18,61978;14,74087;14,91274;14,91274;16,84048;18,61978;15,82681;16,46743;14,74087;15,55728;18,5104;14,74087;16,84048;14,74087;14,91274;13,94399;15,38735;14,91274;15,7272;14,91274;16,81509;18,82876;15,38735;15,7272;15,38735;14,74087;15,10415;14,74087;14,91274;16,84048;13,94399;16,84048;13,94399;16,84048;14,91274;14,91274;16,81509;15,10415;15,10415;14,91274;15,55728;15,55728;15,7272;16,46743;19,30337;24,6979;19,30337;18,6354;19,74282;19,74282;27,42446;13,94399;19,30337;26,34048;19,74282;19,30337;19,74282;18,6354;18,6354;18,6354;16,46743;20,10415;27,42446;20,10415;24,6979;20,10415;27,10415;27,42446;19,74282;18,6354;19,30337;15,82681;18,6354;13,94399;15,82681;19,30337;24,6979;15,55728;20,10415;19,74282;19,30337;19,74282;16,46743;20,10415;18,6354;18,6354;24,6979;27,42446;16,46743;27,10415;16,46743;19,30337;27,42446;19,74282;19,30337;19,30337;15,82681;27,10415;18,5104;24,6979;18,6354;18,6354;13,94399;18,6354
"594";"1999-06-01";17,17861;18,54385;14,86416;15,50088;15,50088;17,17861;18,54385;15,39541;16,46182;14,86416;15,4208;18,34463;14,86416;17,17861;14,86416;15,50088;14,31924;15,79189;15,50088;16,47158;15,50088;17,53604;19,24502;15,79189;16,47158;15,79189;14,86416;15,49502;14,86416;15,50088;17,17861;14,31924;17,17861;14,31924;17,17861;15,50088;15,50088;17,53604;15,49502;15,49502;15,50088;15,4208;15,4208;16,47158;16,46182;19,13369;23,36025;19,13369;18,24307;19,54775;19,54775;25,92471;14,31924;19,13369;24,99502;19,54775;19,13369;19,54775;18,24307;18,24307;18,24307;16,46182;19,62783;25,92471;19,62783;23,36025;19,62783;25,62002;25,92471;19,54775;18,24307;19,13369;15,39541;18,24307;14,31924;15,39541;19,13369;23,36025;15,4208;19,62783;19,54775;19,13369;19,54775;16,46182;19,62783;18,24307;18,24307;23,36025;25,92471;16,46182;25,62002;16,46182;19,13369;25,92471;19,54775;19,13369;19,13369;15,39541;25,62002;18,34463;23,36025;18,24307;18,24307;14,31924;18,24307
"595";"1999-07-01";15,80947;17,204;13,74111;14,12393;14,12393;15,80947;17,204;14,15713;15,27627;13,74111;14,06143;16,7958;13,74111;15,80947;13,74111;14,12393;13,24697;14,35049;14,12393;14,89736;14,12393;15,98721;17,7958;14,35049;14,89736;14,35049;13,74111;14,08877;13,74111;14,12393;15,80947;13,24697;15,80947;13,24697;15,80947;14,12393;14,12393;15,98721;14,08877;14,08877;14,12393;14,06143;14,06143;14,89736;15,27627;18,18838;22,37979;18,18838;17,24307;18,50869;18,50869;24,58291;13,24697;18,18838;23,7333;18,50869;18,18838;18,50869;17,24307;17,24307;17,24307;15,27627;18,49697;24,58291;18,49697;22,37979;18,49697;24,37979;24,58291;18,50869;17,24307;18,18838;14,15713;17,24307;13,24697;14,15713;18,18838;22,37979;14,06143;18,49697;18,50869;18,18838;18,50869;15,27627;18,49697;17,24307;17,24307;22,37979;24,58291;15,27627;24,37979;15,27627;18,18838;24,58291;18,50869;18,18838;18,18838;14,15713;24,37979;16,7958;22,37979;17,24307;17,24307;13,24697;17,24307
"596";"1999-08-01";16,88369;18,63564;14,57119;15,05166;15,05166;16,88369;18,63564;15,08877;16,0458;14,57119;15,20791;17,90713;14,57119;16,88369;14,57119;15,05166;13,92275;15,60244;15,05166;16,11611;15,05166;17,10439;19,02041;15,60244;16,11611;15,60244;14,57119;15,19229;14,57119;15,05166;16,88369;13,92275;16,88369;13,92275;16,88369;15,05166;15,05166;17,10439;15,19229;15,19229;15,05166;15,20791;15,20791;16,11611;16,0458;18,85439;22,96768;18,85439;17,96182;19,2001;19,2001;25,36221;13,92275;18,85439;24,52432;19,2001;18,85439;19,2001;17,96182;17,96182;17,96182;16,0458;19,22744;25,36221;19,22744;22,96768;19,22744;24,96963;25,36221;19,2001;17,96182;18,85439;15,08877;17,96182;13,92275;15,08877;18,85439;22,96768;15,20791;19,22744;19,2001;18,85439;19,2001;16,0458;19,22744;17,96182;17,96182;22,96768;25,36221;16,0458;24,96963;16,0458;18,85439;25,36221;19,2001;18,85439;18,85439;15,08877;24,96963;17,90713;22,96768;17,96182;17,96182;13,92275;17,96182
"597";"1999-09-01";16,00845;17,33462;13,86392;14,36587;14,36587;16,00845;17,33462;14,09634;15,39712;13,86392;13,76235;16,95181;13,86392;16,00845;13,86392;14,36587;13,49282;14,23892;14,36587;14,75064;14,36587;16,15689;17,78384;14,23892;14,75064;14,23892;13,86392;13,6686;13,86392;14,36587;16,00845;13,49282;16,00845;13,49282;16,00845;14,36587;14,36587;16,15689;13,6686;13,6686;14,36587;13,76235;13,76235;14,75064;15,39712;18,27407;22,26235;18,27407;17,31509;18,56704;18,56704;24,34634;13,49282;18,27407;23,50454;18,56704;18,27407;18,56704;17,31509;17,31509;17,31509;15,39712;18,46548;24,34634;18,46548;22,26235;18,46548;24,22524;24,34634;18,56704;17,31509;18,27407;14,09634;17,31509;13,49282;14,09634;18,27407;22,26235;13,76235;18,46548;18,56704;18,27407;18,56704;15,39712;18,46548;17,31509;17,31509;22,26235;24,34634;15,39712;24,22524;15,39712;18,27407;24,34634;18,56704;18,27407;18,27407;14,09634;24,22524;16,95181;22,26235;17,31509;17,31509;13,49282;17,31509
"598";"1999-10-01";14,40859;15,37539;12,13906;12,69766;12,69766;14,40859;15,37539;12,07656;13,94961;12,13906;11,60586;15,22695;12,13906;14,40859;12,13906;12,69766;11,96719;12,30313;12,69766;12,74648;12,69766;14,33242;16,08438;12,30313;12,74648;12,30313;12,13906;11,54531;12,13906;12,69766;14,40859;11,96719;14,40859;11,96719;14,40859;12,69766;12,69766;14,33242;11,54531;11,54531;12,69766;11,60586;11,60586;12,74648;13,94961;16,59805;20,50625;16,59805;15,50039;16,97305;16,97305;22,77188;11,96719;16,59805;21,94961;16,97305;16,59805;16,97305;15,50039;15,50039;15,50039;13,94961;16,96914;22,77188;16,96914;20,50625;16,96914;22,51797;22,77188;16,97305;15,50039;16,59805;12,07656;15,50039;11,96719;12,07656;16,59805;20,50625;11,60586;16,96914;16,97305;16,59805;16,97305;13,94961;16,96914;15,50039;15,50039;20,50625;22,77188;13,94961;22,51797;13,94961;16,59805;22,77188;16,97305;16,59805;16,59805;12,07656;22,51797;15,22695;20,50625;15,50039;15,50039;11,96719;15,50039
"599";"1999-11-01";12,73208;13,53872;10,25747;11,35317;11,35317;12,73208;13,53872;10,28286;11,65396;10,25747;10,03091;13,14224;10,25747;12,73208;10,25747;11,35317;9,827784;11,14614;11,35317;11,42349;11,35317;13,20083;14,95278;11,14614;11,42349;11,14614;10,25747;9,880518;10,25747;11,35317;12,73208;9,827784;12,73208;9,827784;12,73208;11,35317;11,35317;13,20083;9,880518;9,880518;11,35317;10,03091;10,03091;11,42349;11,65396;14,03091;18,05044;14,03091;13,20669;14,34341;14,34341;20,42739;9,827784;14,03091;19,5231;14,34341;14,03091;14,34341;13,20669;13,20669;13,20669;11,65396;14,3688;20,42739;14,3688;18,05044;14,3688;20,16372;20,42739;14,34341;13,20669;14,03091;10,28286;13,20669;9,827784;10,28286;14,03091;18,05044;10,03091;14,3688;14,34341;14,03091;14,34341;11,65396;14,3688;13,20669;13,20669;18,05044;20,42739;11,65396;20,16372;11,65396;14,03091;20,42739;14,34341;14,03091;14,03091;10,28286;20,16372;13,14224;18,05044;13,20669;13,20669;9,827784;13,20669
"600";"1999-12-01";11,55679;12,6896;9,646631;10,19546;10,19546;11,55679;12,6896;9,912256;10,81655;9,646631;9,705225;12,3478;9,646631;11,55679;9,646631;10,19546;9,099756;10,39272;10,19546;10,26382;10,19546;11,67983;13,40249;10,39272;10,26382;10,39272;9,646631;9,261866;9,646631;10,19546;11,55679;9,099756;11,55679;9,099756;11,55679;10,19546;10,19546;11,67983;9,261866;9,261866;10,19546;9,705225;9,705225;10,26382;10,81655;13,03726;16,93179;13,03726;12,26382;13,33022;13,33022;18,92397;9,099756;13,03726;18,11733;13,33022;13,03726;13,33022;12,26382;12,26382;12,26382;10,81655;13,4103;18,92397;13,4103;16,93179;13,4103;18,70522;18,92397;13,33022;12,26382;13,03726;9,912256;12,26382;9,099756;9,912256;13,03726;16,93179;9,705225;13,4103;13,33022;13,03726;13,33022;10,81655;13,4103;12,26382;12,26382;16,93179;18,92397;10,81655;18,70522;10,81655;13,03726;18,92397;13,33022;13,03726;13,03726;9,912256;18,70522;12,3478;16,93179;12,26382;12,26382;9,099756;12,26382
"601";"2000-01-01";11,97891;13,225;10,07266;10,77773;10,77773;11,97891;13,225;10,45352;11,12344;10,07266;10,34023;12,69766;10,07266;11,97891;10,07266;10,77773;9,580469;11,02969;10,77773;11,1957;10,77773;12,33633;13,93203;11,02969;11,1957;11,02969;10,07266;10,08438;10,07266;10,77773;11,97891;9,580469;11,97891;9,580469;11,97891;10,77773;10,77773;12,33633;10,08438;10,08438;10,77773;10,34023;10,34023;11,1957;11,12344;13,33633;17,42227;13,33633;12,75039;13,55703;13,55703;19,34414;9,580469;13,33633;18,62539;13,55703;13,33633;13,55703;12,75039;12,75039;12,75039;11,12344;13,57852;19,34414;13,57852;17,42227;13,57852;19,16641;19,34414;13,55703;12,75039;13,33633;10,45352;12,75039;9,580469;10,45352;13,33633;17,42227;10,34023;13,57852;13,55703;13,33633;13,55703;11,12344;13,57852;12,75039;12,75039;17,42227;19,34414;11,12344;19,16641;11,12344;13,33633;19,34414;13,55703;13,33633;13,33633;10,45352;19,16641;12,69766;17,42227;12,75039;12,75039;9,580469;12,75039
"602";"2000-02-01";13,5148;14,56753;11,35855;12,20815;12,20815;13,5148;14,56753;11,80776;12,34292;11,35855;11,8273;13,9269;11,35855;13,5148;11,35855;12,20815;10,6398;12,59683;12,20815;12,91519;12,20815;14,05386;15,68472;12,59683;12,91519;12,59683;11,35855;11,63394;11,35855;12,20815;13,5148;10,6398;13,5148;10,6398;13,5148;12,20815;12,20815;14,05386;11,63394;11,63394;12,20815;11,8273;11,8273;12,91519;12,34292;14,40737;18,38198;14,40737;13,79214;14,59097;14,59097;20,47769;10,6398;14,40737;19,60073;14,59097;14,40737;14,59097;13,79214;13,79214;13,79214;12,34292;14,65151;20,47769;14,65151;18,38198;14,65151;20,38003;20,47769;14,59097;13,79214;14,40737;11,80776;13,79214;10,6398;11,80776;14,40737;18,38198;11,8273;14,65151;14,59097;14,40737;14,59097;12,34292;14,65151;13,79214;13,79214;18,38198;20,47769;12,34292;20,38003;12,34292;14,40737;20,47769;14,59097;14,40737;14,40737;11,80776;20,38003;13,9269;18,38198;13,79214;13,79214;10,6398;13,79214
"603";"2000-03-01";16,16299;17,61611;13,62002;14,35439;14,35439;16,16299;17,61611;14,45596;15,13174;13,62002;14,34854;17,04971;13,62002;16,16299;13,62002;14,35439;12,93447;14,70986;14,35439;14,83877;14,35439;16,18057;18,38174;14,70986;14,83877;14,70986;13,62002;13,89736;13,62002;14,35439;16,16299;12,93447;16,16299;12,93447;16,16299;14,35439;14,35439;16,18057;13,89736;13,89736;14,35439;14,34854;14,34854;14,83877;15,13174;16,9208;21,71182;16,9208;16,49502;17,36807;17,36807;23,96182;12,93447;16,9208;23,06924;17,36807;16,9208;17,36807;16,49502;16,49502;16,49502;15,13174;17,79189;23,96182;17,79189;21,71182;17,79189;23,78018;23,96182;17,36807;16,49502;16,9208;14,45596;16,49502;12,93447;14,45596;16,9208;21,71182;14,34854;17,79189;17,36807;16,9208;17,36807;15,13174;17,79189;16,49502;16,49502;21,71182;23,96182;15,13174;23,78018;15,13174;16,9208;23,96182;17,36807;16,9208;16,9208;14,45596;23,78018;17,04971;21,71182;16,49502;16,49502;12,93447;16,49502
"604";"2000-04-01";16,52749;17,90054;14,0646;14,80093;14,80093;16,52749;17,90054;15,14663;15,31851;14,0646;15,03726;17,32827;14,0646;16,52749;14,0646;14,80093;13,17007;15,29702;14,80093;15,58218;14,80093;16,94937;19,07241;15,29702;15,58218;15,29702;14,0646;14,59976;14,0646;14,80093;16,52749;13,17007;16,52749;13,17007;16,52749;14,80093;14,80093;16,94937;14,59976;14,59976;14,80093;15,03726;15,03726;15,58218;15,31851;17,55874;22,40835;17,55874;17,1896;17,86929;17,86929;24,55093;13,17007;17,55874;23,56069;17,86929;17,55874;17,86929;17,1896;17,1896;17,1896;15,31851;18,13101;24,55093;18,13101;22,40835;18,13101;24,48452;24,55093;17,86929;17,1896;17,55874;15,14663;17,1896;13,17007;15,14663;17,55874;22,40835;15,03726;18,13101;17,86929;17,55874;17,86929;15,31851;18,13101;17,1896;17,1896;22,40835;24,55093;15,31851;24,48452;15,31851;17,55874;24,55093;17,86929;17,55874;17,55874;15,14663;24,48452;17,32827;22,40835;17,1896;17,1896;13,17007;17,1896
"605";"2000-05-01";16,47891;17,83633;14,42422;14,81875;14,81875;16,47891;17,83633;15,01211;15,88906;14,42422;14,93398;17,68008;14,42422;16,47891;14,42422;14,81875;13,80898;15,15664;14,81875;15,49453;14,81875;16,52969;18,37734;15,15664;15,49453;15,15664;14,42422;14,7582;14,42422;14,81875;16,47891;13,80898;16,47891;13,80898;16,47891;14,81875;14,81875;16,52969;14,7582;14,7582;14,81875;14,93398;14,93398;15,49453;15,88906;18,72109;23,3793;18,72109;17,97305;19,04727;19,04727;25,81094;13,80898;18,72109;24,73281;19,04727;18,72109;19,04727;17,97305;17,97305;17,97305;15,88906;19,12539;25,81094;19,12539;23,3793;19,12539;25,58438;25,81094;19,04727;17,97305;18,72109;15,01211;17,97305;13,80898;15,01211;18,72109;23,3793;14,93398;19,12539;19,04727;18,72109;19,04727;15,88906;19,12539;17,97305;17,97305;23,3793;25,81094;15,88906;25,58438;15,88906;18,72109;25,81094;19,04727;18,72109;18,72109;15,01211;25,58438;17,68008;23,3793;17,97305;17,97305;13,80898;17,97305
"606";"2000-06-01";16,24233;17,50796;14,24038;14,64272;14,64272;16,24233;17,50796;14,60952;15,73647;14,24038;14,6564;17,33999;14,24038;16,24233;14,24038;14,64272;13,76577;14,92202;14,64272;15,52749;14,64272;16,4103;18,02163;14,92202;15,52749;14,92202;14,24038;14,74819;14,24038;14,64272;16,24233;13,76577;16,24233;13,76577;16,24233;14,64272;14,64272;16,4103;14,74819;14,74819;14,64272;14,6564;14,6564;15,52749;15,73647;18,52749;22,54312;18,52749;17,56851;18,89272;18,89272;24,91421;13,76577;18,52749;23,95718;18,89272;18,52749;18,89272;17,56851;17,56851;17,56851;15,73647;18,85952;24,91421;18,85952;22,54312;18,85952;24,71499;24,91421;18,89272;17,56851;18,52749;14,60952;17,56851;13,76577;14,60952;18,52749;22,54312;14,6564;18,85952;18,89272;18,52749;18,89272;15,73647;18,85952;17,56851;17,56851;22,54312;24,91421;15,73647;24,71499;15,73647;18,52749;24,91421;18,89272;18,52749;18,52749;14,60952;24,71499;17,33999;22,54312;17,56851;17,56851;13,76577;17,56851
"607";"2000-07-01";16,11318;17,58975;13,8417;14,45303;14,45303;16,11318;17,58975;14,7167;15,2499;13,8417;14,8085;17,14443;13,8417;16,11318;13,8417;14,45303;13,14248;15,2792;14,45303;15,94131;14,45303;16,64443;18,69522;15,2792;15,94131;15,2792;13,8417;14,8417;13,8417;14,45303;16,11318;13,14248;16,11318;13,14248;16,11318;14,45303;14,45303;16,64443;14,8417;14,8417;14,45303;14,8085;14,8085;15,94131;15,2499;18,14639;22,7499;18,14639;17,53506;18,59756;18,59756;25,39639;13,14248;18,14639;24,46475;18,59756;18,14639;18,59756;17,53506;17,53506;17,53506;15,2499;18,69131;25,39639;18,69131;22,7499;18,69131;24,9374;25,39639;18,59756;17,53506;18,14639;14,7167;17,53506;13,14248;14,7167;18,14639;22,7499;14,8085;18,69131;18,59756;18,14639;18,59756;15,2499;18,69131;17,53506;17,53506;22,7499;25,39639;15,2499;24,9374;15,2499;18,14639;25,39639;18,59756;18,14639;18,14639;14,7167;24,9374;17,14443;22,7499;17,53506;17,53506;13,14248;17,53506
"608";"2000-08-01";16,09854;17,43643;13,65518;14,43643;14,43643;16,09854;17,43643;14,08877;15,14932;13,65518;13,99502;16,87197;13,65518;16,09854;13,65518;14,43643;13,16494;14,24697;14,43643;14,92666;14,43643;16,5126;18,46182;14,24697;14,92666;14,24697;13,65518;14,03799;13,65518;14,43643;16,09854;13,16494;16,09854;13,16494;16,09854;14,43643;14,43643;16,5126;14,03799;14,03799;14,43643;13,99502;13,99502;14,92666;15,14932;18,19033;22,33291;18,19033;17,22158;18,43252;18,43252;24,60439;13,16494;18,19033;23,61025;18,43252;18,19033;18,43252;17,22158;17,22158;17,22158;15,14932;18,33096;24,60439;18,33096;22,33291;18,33096;24,22158;24,60439;18,43252;17,22158;18,19033;14,08877;17,22158;13,16494;14,08877;18,19033;22,33291;13,99502;18,33096;18,43252;18,19033;18,43252;15,14932;18,33096;17,22158;17,22158;22,33291;24,60439;15,14932;24,22158;15,14932;18,19033;24,60439;18,43252;18,19033;18,19033;14,08877;24,22158;16,87197;22,33291;17,22158;17,22158;13,16494;17,22158
"609";"2000-09-01";16,54678;18,06436;14,04482;14,77334;14,77334;16,54678;18,06436;14,30459;15,65615;14,04482;14,05654;17,40811;14,04482;16,54678;14,04482;14,77334;13,64443;14,59756;14,77334;15,18154;14,77334;16,79678;18,75186;14,59756;15,18154;14,59756;14,04482;14,07412;14,04482;14,77334;16,54678;13,64443;16,54678;13,64443;16,54678;14,77334;14,77334;16,79678;14,07412;14,07412;14,77334;14,05654;14,05654;15,18154;15,65615;18,50381;22,65615;18,50381;17,57998;18,75772;18,75772;24,79678;13,64443;18,50381;23,94131;18,75772;18,50381;18,75772;17,57998;17,57998;17,57998;15,65615;18,746;24,79678;18,746;22,65615;18,746;24,47061;24,79678;18,75772;17,57998;18,50381;14,30459;17,57998;13,64443;14,30459;18,50381;22,65615;14,05654;18,746;18,75772;18,50381;18,75772;15,65615;18,746;17,57998;17,57998;22,65615;24,79678;15,65615;24,47061;15,65615;18,50381;24,79678;18,75772;18,50381;18,50381;14,30459;24,47061;17,40811;22,65615;17,57998;17,57998;13,64443;17,57998
"610";"2000-10-01";15,37759;16,52603;12,70962;13,9186;13,9186;15,37759;16,52603;12,8229;14,21548;12,70962;12,96157;15,89907;12,70962;15,37759;12,70962;13,9186;12,36587;13,90298;13,9186;14,61392;13,9186;16,1061;17,67251;13,90298;14,61392;13,90298;12,70962;13,16665;12,70962;13,9186;15,37759;12,36587;15,37759;12,36587;15,37759;13,9186;13,9186;16,1061;13,16665;13,16665;13,9186;12,96157;12,96157;14,61392;14,21548;16,90884;20,70962;16,90884;15,83071;17,25454;17,25454;23,21353;12,36587;16,90884;22,28774;17,25454;16,90884;17,25454;15,83071;15,83071;15,83071;14,21548;17,14517;23,21353;17,14517;20,70962;17,14517;22,98892;23,21353;17,25454;15,83071;16,90884;12,8229;15,83071;12,36587;12,8229;16,90884;20,70962;12,96157;17,14517;17,25454;16,90884;17,25454;14,21548;17,14517;15,83071;15,83071;20,70962;23,21353;14,21548;22,98892;14,21548;16,90884;23,21353;17,25454;16,90884;16,90884;12,8229;22,98892;15,89907;20,70962;15,83071;15,83071;12,36587;15,83071
"611";"2000-11-01";15,24966;16,65591;12,84146;13,652;13,652;15,24966;16,65591;13,25356;14,09146;12,84146;13,43716;15,93716;12,84146;15,24966;12,84146;13,652;12,12661;13,9938;13,652;14,17544;13,652;15,59536;17,49966;13,9938;14,17544;13,9938;12,84146;13,19497;12,84146;13,652;15,24966;12,12661;15,24966;12,12661;15,24966;13,652;13,652;15,59536;13,19497;13,19497;13,652;13,43716;13,43716;14,17544;14,09146;16,07974;19,81606;16,07974;15,32192;16,42935;16,42935;21,95669;12,12661;16,07974;21,26919;16,42935;16,07974;16,42935;15,32192;15,32192;15,32192;14,09146;16,59146;21,95669;16,59146;19,81606;16,59146;21,61489;21,95669;16,42935;15,32192;16,07974;13,25356;15,32192;12,12661;13,25356;16,07974;19,81606;13,43716;16,59146;16,42935;16,07974;16,42935;14,09146;16,59146;15,32192;15,32192;19,81606;21,95669;14,09146;21,61489;14,09146;16,07974;21,95669;16,42935;16,07974;16,07974;13,25356;21,61489;15,93716;19,81606;15,32192;15,32192;12,12661;15,32192
"612";"2000-12-01";11,97842;12,96865;9,238184;10,48818;10,48818;11,97842;12,96865;9,417871;10,7792;9,238184;9,431543;12,31045;9,238184;11,97842;9,238184;10,48818;8,925684;10,22842;10,48818;10,54873;10,48818;12,35147;14,13076;10,22842;10,54873;10,22842;9,238184;9,257715;9,238184;10,48818;11,97842;8,925684;11,97842;8,925684;11,97842;10,48818;10,48818;12,35147;9,257715;9,257715;10,48818;9,431543;9,431543;10,54873;10,7792;12,73428;16,371;12,73428;11,85928;13,1249;13,1249;18,83584;8,925684;12,73428;18,03897;13,1249;12,73428;13,1249;11,85928;11,85928;11,85928;10,7792;13,20107;18,83584;13,20107;16,371;13,20107;18,47061;18,83584;13,1249;11,85928;12,73428;9,417871;11,85928;8,925684;9,417871;12,73428;16,371;9,431543;13,20107;13,1249;12,73428;13,1249;10,7792;13,20107;11,85928;11,85928;16,371;18,83584;10,7792;18,47061;10,7792;12,73428;18,83584;13,1249;12,73428;12,73428;9,417871;18,47061;12,31045;16,371;11,85928;11,85928;8,925684;11,85928
"613";"2001-01-01";12,50576;13,5917;10,19522;11,23818;11,23818;12,50576;13,5917;10,61709;11,28506;10,19522;10,82217;12,94912;10,19522;12,50576;10,19522;11,23818;9,58584;11,36904;11,23818;11,40811;11,23818;12,94912;14,61318;11,36904;11,40811;11,36904;10,19522;10,48818;10,19522;11,23818;12,50576;9,58584;12,50576;9,58584;12,50576;11,23818;11,23818;12,94912;10,48818;10,48818;11,23818;10,82217;10,82217;11,40811;11,28506;12,89639;16,4374;12,89639;12,25381;13,26357;13,26357;18,69326;9,58584;12,89639;17,95303;13,26357;12,89639;13,26357;12,25381;12,25381;12,25381;11,28506;13,47061;18,69326;13,47061;16,4374;13,47061;18,38467;18,69326;13,26357;12,25381;12,89639;10,61709;12,25381;9,58584;10,61709;12,89639;16,4374;10,82217;13,47061;13,26357;12,89639;13,26357;11,28506;13,47061;12,25381;12,25381;16,4374;18,69326;11,28506;18,38467;11,28506;12,89639;18,69326;13,26357;12,89639;12,89639;10,61709;18,38467;12,94912;16,4374;12,25381;12,25381;9,58584;12,25381
"614";"2001-02-01";13,50503;14,58315;10,72769;11,94839;11,94839;13,50503;14,58315;11,23355;12,3644;10,72769;11,44253;14,04214;10,72769;13,50503;10,72769;11,94839;10,29605;12,06948;11,94839;12,62417;11,94839;14,02651;15,80972;12,06948;12,62417;12,06948;10,72769;11,46011;10,72769;11,94839;13,50503;10,29605;13,50503;10,29605;13,50503;11,94839;11,94839;14,02651;11,46011;11,46011;11,94839;11,44253;11,44253;12,62417;12,3644;14,52847;18,8019;14,52847;13,81362;14,94839;14,94839;21,03628;10,29605;14,52847;20,14956;14,94839;14,52847;14,94839;13,81362;13,81362;13,81362;12,3644;15,09487;21,03628;15,09487;18,8019;15,09487;20,76089;21,03628;14,94839;13,81362;14,52847;11,23355;13,81362;10,29605;11,23355;14,52847;18,8019;11,44253;15,09487;14,94839;14,52847;14,94839;12,3644;15,09487;13,81362;13,81362;18,8019;21,03628;12,3644;20,76089;12,3644;14,52847;21,03628;14,94839;14,52847;14,52847;11,23355;20,76089;14,04214;18,8019;13,81362;13,81362;10,29605;13,81362
"615";"2001-03-01";15,28774;16,84634;12,89517;13,4479;13,4479;15,28774;16,84634;13,6022;14,24478;12,89517;13,64126;16,21157;12,89517;15,28774;12,89517;13,4479;11,94204;13,95376;13,4479;13,8522;13,4479;15,30337;17,37368;13,95376;13,8522;13,95376;12,89517;12,98696;12,89517;13,4479;15,28774;11,94204;15,28774;11,94204;15,28774;13,4479;13,4479;15,30337;12,98696;12,98696;13,4479;13,64126;13,64126;13,8522;14,24478;15,60415;19,79751;15,60415;15,1354;16,00259;16,00259;21,72915;11,94204;15,60415;20,93228;16,00259;15,60415;16,00259;15,1354;15,1354;15,1354;14,24478;16,46548;21,72915;16,46548;19,79751;16,46548;21,59243;21,72915;16,00259;15,1354;15,60415;13,6022;15,1354;11,94204;13,6022;15,60415;19,79751;13,64126;16,46548;16,00259;15,60415;16,00259;14,24478;16,46548;15,1354;15,1354;19,79751;21,72915;14,24478;21,59243;14,24478;15,60415;21,72915;16,00259;15,60415;15,60415;13,6022;21,59243;16,21157;19,79751;15,1354;15,1354;11,94204;15,1354
"616";"2001-04-01";16,81069;18,17983;14,42983;15,13687;15,13687;16,81069;18,17983;15,01187;15,70327;14,42983;15,23062;17,5939;14,42983;16,81069;14,42983;15,13687;13,65835;15,65249;15,13687;15,94937;15,13687;17,08218;19,03335;15,65249;15,94937;15,65249;14,42983;15,03921;14,42983;15,13687;16,81069;13,65835;16,81069;13,65835;16,81069;15,13687;15,13687;17,08218;15,03921;15,03921;15,13687;15,23062;15,23062;15,94937;15,70327;17,61733;22,00015;17,61733;16,94741;18,09585;18,09585;24,67593;13,65835;17,61733;23,68179;18,09585;17,61733;18,09585;16,94741;16,94741;16,94741;15,70327;18,3478;24,67593;18,3478;22,00015;18,3478;24,40444;24,67593;18,09585;16,94741;17,61733;15,01187;16,94741;13,65835;15,01187;17,61733;22,00015;15,23062;18,3478;18,09585;17,61733;18,09585;15,70327;18,3478;16,94741;16,94741;22,00015;24,67593;15,70327;24,40444;15,70327;17,61733;24,67593;18,09585;17,61733;17,61733;15,01187;24,40444;17,5939;22,00015;16,94741;16,94741;13,65835;16,94741
"617";"2001-05-01";17,08999;18,66226;14,30093;15,14663;15,14663;17,08999;18,66226;14,71694;16,02358;14,30093;14,78335;18,04312;14,30093;17,08999;14,30093;15,14663;13,78921;15,22085;15,14663;15,54116;15,14663;16,80483;19,00405;15,22085;15,54116;15,22085;14,30093;14,60757;14,30093;15,14663;17,08999;13,78921;17,08999;13,78921;17,08999;15,14663;15,14663;16,80483;14,60757;14,60757;15,14663;14,78335;14,78335;15,54116;16,02358;18,04897;22,04507;18,04897;17,29312;18,48062;18,48062;24,6271;13,78921;18,04897;23,72085;18,48062;18,04897;18,48062;17,29312;17,29312;17,29312;16,02358;18,60757;24,6271;18,60757;22,04507;18,60757;24,35757;24,6271;18,48062;17,29312;18,04897;14,71694;17,29312;13,78921;14,71694;18,04897;22,04507;14,78335;18,60757;18,48062;18,04897;18,48062;16,02358;18,60757;17,29312;17,29312;22,04507;24,6271;16,02358;24,35757;16,02358;18,04897;24,6271;18,48062;18,04897;18,04897;14,71694;24,35757;18,04312;22,04507;17,29312;17,29312;13,78921;17,29312
"618";"2001-06-01";15,78555;17,28555;13,85586;14,05703;14,05703;15,78555;17,28555;14,33828;15,46523;13,85586;14,36563;17,13906;13,85586;15,78555;13,85586;14,05703;13,3168;14,48672;14,05703;15,0375;14,05703;15,77578;17,55117;14,48672;15,0375;14,48672;13,85586;14,41055;13,85586;14,05703;15,78555;13,3168;15,78555;13,3168;15,78555;14,05703;14,05703;15,77578;14,41055;14,41055;14,05703;14,36563;14,36563;15,0375;15,46523;18,3207;22,81875;18,3207;17,45547;18,60391;18,60391;24,89297;13,3168;18,3207;24,16055;18,60391;18,3207;18,60391;17,45547;17,45547;17,45547;15,46523;18,64688;24,89297;18,64688;22,81875;18,64688;24,63516;24,89297;18,60391;17,45547;18,3207;14,33828;17,45547;13,3168;14,33828;18,3207;22,81875;14,36563;18,64688;18,60391;18,3207;18,60391;15,46523;18,64688;17,45547;17,45547;22,81875;24,89297;15,46523;24,63516;15,46523;18,3207;24,89297;18,60391;18,3207;18,3207;14,33828;24,63516;17,13906;22,81875;17,45547;17,45547;13,3168;17,45547
"619";"2001-07-01";16,26382;18,0646;13,9728;14,39077;14,39077;16,26382;18,0646;14,64858;15,55679;13,9728;14,91616;17,42397;13,9728;16,26382;13,9728;14,39077;13,32632;15,17007;14,39077;15,66421;14,39077;16,3146;18,49038;15,17007;15,66421;15,17007;13,9728;14,88296;13,9728;14,39077;16,26382;13,32632;16,26382;13,32632;16,26382;14,39077;14,39077;16,3146;14,88296;14,88296;14,39077;14,91616;14,91616;15,66421;15,55679;18,42788;22,79312;18,42788;17,5978;18,74233;18,74233;25,05483;13,32632;18,42788;24,3146;18,74233;18,42788;18,74233;17,5978;17,5978;17,5978;15,55679;18,71108;25,05483;18,71108;22,79312;18,71108;24,69741;25,05483;18,74233;17,5978;18,42788;14,64858;17,5978;13,32632;14,64858;18,42788;22,79312;14,91616;18,71108;18,74233;18,42788;18,74233;15,55679;18,71108;17,5978;17,5978;22,79312;25,05483;15,55679;24,69741;15,55679;18,42788;25,05483;18,74233;18,42788;18,42788;14,64858;24,69741;17,42397;22,79312;17,5978;17,5978;13,32632;17,5978
"620";"2001-08-01";15,96279;17,69912;13,77725;14,13467;14,13467;15,96279;17,69912;14,46865;15,33779;13,77725;14,65615;17,1542;13,77725;15,96279;13,77725;14,13467;13,23232;14,621;14,13467;15,25186;14,13467;16,14248;18,13076;14,621;15,25186;14,621;13,77725;14,64053;13,77725;14,13467;15,96279;13,23232;15,96279;13,23232;15,96279;14,13467;14,13467;16,14248;14,64053;14,64053;14,13467;14,65615;14,65615;15,25186;15,33779;18,21279;22,54873;18,21279;17,45107;18,54482;18,54482;24,75576;13,23232;18,21279;24,0292;18,54482;18,21279;18,54482;17,45107;17,45107;17,45107;15,33779;18,48232;24,75576;18,48232;22,54873;18,48232;24,38076;24,75576;18,54482;17,45107;18,21279;14,46865;17,45107;13,23232;14,46865;18,21279;22,54873;14,65615;18,48232;18,54482;18,21279;18,54482;15,33779;18,48232;17,45107;17,45107;22,54873;24,75576;15,33779;24,38076;15,33779;18,21279;24,75576;18,54482;18,21279;18,21279;14,46865;24,38076;17,1542;22,54873;17,45107;17,45107;13,23232;17,45107
"621";"2001-09-01";16,19448;17,56167;14,02261;14,38003;14,38003;16,19448;17,56167;14,43667;15,59878;14,02261;14,39956;17,16714;14,02261;16,19448;14,02261;14,38003;13,6437;14,40542;14,38003;15,05386;14,38003;16,2687;18,03628;14,40542;15,05386;14,40542;14,02261;14,45425;14,02261;14,38003;16,19448;13,6437;16,19448;13,6437;16,19448;14,38003;14,38003;16,2687;14,45425;14,45425;14,38003;14,39956;14,39956;15,05386;15,59878;18,66909;22,82339;18,66909;17,74722;19,00894;19,00894;24,82925;13,6437;18,66909;24,01675;19,00894;18,66909;19,00894;17,74722;17,74722;17,74722;15,59878;18,82534;24,82925;18,82534;22,82339;18,82534;24,6105;24,82925;19,00894;17,74722;18,66909;14,43667;17,74722;13,6437;14,43667;18,66909;22,82339;14,39956;18,82534;19,00894;18,66909;19,00894;15,59878;18,82534;17,74722;17,74722;22,82339;24,82925;15,59878;24,6105;15,59878;18,66909;24,82925;19,00894;18,66909;18,66909;14,43667;24,6105;17,16714;22,82339;17,74722;17,74722;13,6437;17,74722
"622";"2001-10-01";15,1166;16,22988;12,66543;13,44668;13,44668;15,1166;16,22988;12,83926;14,23184;12,66543;12,72402;15,81191;12,66543;15,1166;12,66543;13,44668;12,25137;13,42715;13,44668;13,87637;13,44668;15,49551;17,23379;13,42715;13,87637;13,42715;12,66543;12,64004;12,66543;13,44668;15,1166;12,25137;15,1166;12,25137;15,1166;13,44668;13,44668;15,49551;12,64004;12,64004;13,44668;12,72402;12,72402;13,87637;14,23184;16,99356;21,07363;16,99356;16,02871;17,2416;17,2416;23,21426;12,25137;16,99356;22,31973;17,2416;16,99356;17,2416;16,02871;16,02871;16,02871;14,23184;17,15371;23,21426;17,15371;21,07363;17,15371;23,0209;23,21426;17,2416;16,02871;16,99356;12,83926;16,02871;12,25137;12,83926;16,99356;21,07363;12,72402;17,15371;17,2416;16,99356;17,2416;14,23184;17,15371;16,02871;16,02871;21,07363;23,21426;14,23184;23,0209;14,23184;16,99356;23,21426;17,2416;16,99356;16,99356;12,83926;23,0209;15,81191;21,07363;16,02871;16,02871;12,25137;16,02871
"623";"2001-11-01";13,32949;14,61856;10,99551;11,71621;11,71621;13,32949;14,61856;11,32754;12,46426;10,99551;11,22598;14,25723;10,99551;13,32949;10,99551;11,71621;10,40566;11,80801;11,71621;12,14004;11,71621;13,78848;15,54824;11,80801;12,14004;11,80801;10,99551;11,00918;10,99551;11,71621;13,32949;10,40566;13,32949;10,40566;13,32949;11,71621;11,71621;13,78848;11,00918;11,00918;11,71621;11,22598;11,22598;12,14004;12,46426;15,12246;19,31777;15,12246;14,34121;15,38613;15,38613;21,41738;10,40566;15,12246;20,55606;15,38613;15,12246;15,38613;14,34121;14,34121;14,34121;12,46426;15,40176;21,41738;15,40176;19,31777;15,40176;21,26309;21,41738;15,38613;14,34121;15,12246;11,32754;14,34121;10,40566;11,32754;15,12246;19,31777;11,22598;15,40176;15,38613;15,12246;15,38613;12,46426;15,40176;14,34121;14,34121;19,31777;21,41738;12,46426;21,26309;12,46426;15,12246;21,41738;15,38613;15,12246;15,12246;11,32754;21,26309;14,25723;19,31777;14,34121;14,34121;10,40566;14,34121
"624";"2001-12-01";12,83608;14,18374;10,61929;11,39272;11,39272;12,83608;14,18374;10,95913;11,92593;10,61929;11,22476;13,68569;10,61929;12,83608;10,61929;11,39272;9,984522;11,7189;11,39272;11,99624;11,39272;13,21108;14,79312;11,7189;11,99624;11,7189;10,61929;11,04312;10,61929;11,39272;12,83608;9,984522;12,83608;9,984522;12,83608;11,39272;11,39272;13,21108;11,04312;11,04312;11,39272;11,22476;11,22476;11,99624;11,92593;13,99429;18,00601;13,99429;13,26577;14,27358;14,27358;20,03726;9,984522;13,99429;19,2228;14,27358;13,99429;14,27358;13,26577;13,26577;13,26577;11,92593;14,3771;20,03726;14,3771;18,00601;14,3771;19,90249;20,03726;14,27358;13,26577;13,99429;10,95913;13,26577;9,984522;10,95913;13,99429;18,00601;11,22476;14,3771;14,27358;13,99429;14,27358;11,92593;14,3771;13,26577;13,26577;18,00601;20,03726;11,92593;19,90249;11,92593;13,99429;20,03726;14,27358;13,99429;13,99429;10,95913;19,90249;13,68569;18,00601;13,26577;13,26577;9,984522;13,26577
"625";"2002-01-01";12,72012;13,90176;10,5541;11,23379;11,23379;12,72012;13,90176;11,00918;11,74941;10,5541;11,37637;13,32754;10,5541;12,72012;10,5541;11,23379;9,975977;11,72207;11,23379;11,65566;11,23379;12,74941;14,59707;11,72207;11,65566;11,72207;10,5541;11,03262;10,5541;11,23379;12,72012;9,975977;12,72012;9,975977;12,72012;11,23379;11,23379;12,74941;11,03262;11,03262;11,23379;11,37637;11,37637;11,65566;11,74941;13,25918;17,00527;13,25918;12,65176;13,72402;13,72402;19,22793;9,975977;13,25918;18,35879;13,72402;13,25918;13,72402;12,65176;12,65176;12,65176;11,74941;13,93691;19,22793;13,93691;17,00527;13,93691;19,07559;19,22793;13,72402;12,65176;13,25918;11,00918;12,65176;9,975977;11,00918;13,25918;17,00527;11,37637;13,93691;13,72402;13,25918;13,72402;11,74941;13,93691;12,65176;12,65176;17,00527;19,22793;11,74941;19,07559;11,74941;13,25918;19,22793;13,72402;13,25918;13,25918;11,00918;19,07559;13,32754;17,00527;12,65176;12,65176;9,975977;12,65176
"626";"2002-02-01";13,28848;14,26895;10,6166;11,81973;11,81973;13,28848;14,26895;10,69668;11,97793;10,6166;11,22598;13,52676;10,6166;13,28848;10,6166;11,81973;10,17324;11,81777;11,81973;12,24356;11,81973;13,7084;15,48965;11,81777;12,24356;11,81777;10,6166;11,28262;10,6166;11,81973;13,28848;10,17324;13,28848;10,17324;13,28848;11,81973;11,81973;13,7084;11,28262;11,28262;11,81973;11,22598;11,22598;12,24356;11,97793;13,56582;17,08926;13,56582;12,57949;13,92129;13,92129;19,33731;10,17324;13,56582;18,35879;13,92129;13,56582;13,92129;12,57949;12,57949;12,57949;11,97793;13,95059;19,33731;13,95059;17,08926;13,95059;19,22793;19,33731;13,92129;12,57949;13,56582;10,69668;12,57949;10,17324;10,69668;13,56582;17,08926;11,22598;13,95059;13,92129;13,56582;13,92129;11,97793;13,95059;12,57949;12,57949;17,08926;19,33731;11,97793;19,22793;11,97793;13,56582;19,33731;13,92129;13,56582;13,56582;10,69668;19,22793;13,52676;17,08926;12,57949;12,57949;10,17324;12,57949
"627";"2002-03-01";15,66128;16,94058;13,0812;14,10269;14,10269;15,66128;16,94058;13,78433;14,37222;13,0812;14,10659;16,25503;13,0812;15,66128;13,0812;14,10269;12,38784;14,42105;14,10269;14,68081;14,10269;16,15933;18,08315;14,42105;14,68081;14,42105;13,0812;13,94644;13,0812;14,10269;15,66128;12,38784;15,66128;12,38784;15,66128;14,10269;14,10269;16,15933;13,94644;13,94644;14,10269;14,10659;14,10659;14,68081;14,37222;16,07925;20,42495;16,07925;15,65933;16,49917;16,49917;22,45034;12,38784;16,07925;21,33315;16,49917;16,07925;16,49917;15,65933;15,65933;15,65933;14,37222;16,71011;22,45034;16,71011;20,42495;16,71011;22,37417;22,45034;16,49917;15,65933;16,07925;13,78433;15,65933;12,38784;13,78433;16,07925;20,42495;14,10659;16,71011;16,49917;16,07925;16,49917;14,37222;16,71011;15,65933;15,65933;20,42495;22,45034;14,37222;22,37417;14,37222;16,07925;22,45034;16,49917;16,07925;16,07925;13,78433;22,37417;16,25503;20,42495;15,65933;15,65933;12,38784;15,65933
"628";"2002-04-01";16,42666;17,80361;13,85635;14,77236;14,77236;16,42666;17,80361;14,76455;15,21572;13,85635;15,00479;17,26064;13,85635;16,42666;13,85635;14,77236;13,02236;15,0751;14,77236;15,62979;14,77236;17,10244;18,98721;15,0751;15,62979;15,0751;13,85635;14,91689;13,85635;14,77236;16,42666;13,02236;16,42666;13,02236;16,42666;14,77236;14,77236;17,10244;14,91689;14,91689;14,77236;15,00479;15,00479;15,62979;15,21572;17,51455;22,56338;17,51455;17,00088;17,99697;17,99697;25,05361;13,02236;17,51455;23,87783;17,99697;17,51455;17,99697;17,00088;17,00088;17,00088;15,21572;18,2626;25,05361;18,2626;22,56338;18,2626;24,77236;25,05361;17,99697;17,00088;17,51455;14,76455;17,00088;13,02236;14,76455;17,51455;22,56338;15,00479;18,2626;17,99697;17,51455;17,99697;15,21572;18,2626;17,00088;17,00088;22,56338;25,05361;15,21572;24,77236;15,21572;17,51455;25,05361;17,99697;17,51455;17,51455;14,76455;24,77236;17,26064;22,56338;17,00088;17,00088;13,02236;17,00088
"629";"2002-05-01";17,22451;18,39834;14,54873;15,60732;15,60732;17,22451;18,39834;15,2792;15,94912;14,54873;15,42764;17,81826;14,54873;17,22451;14,54873;15,60732;13,80459;15,78701;15,60732;16,38272;15,60732;17,93154;19,84561;15,78701;16,38272;15,78701;14,54873;15,42373;14,54873;15,60732;17,22451;13,80459;17,22451;13,80459;17,22451;15,60732;15,60732;17,93154;15,42373;15,42373;15,60732;15,42764;15,42764;16,38272;15,94912;18,36709;23,3124;18,36709;17,81045;18,76748;18,76748;25,94912;13,80459;18,36709;24,79482;18,76748;18,36709;18,76748;17,81045;17,81045;17,81045;15,94912;19,04287;25,94912;19,04287;23,3124;19,04287;25,55654;25,94912;18,76748;17,81045;18,36709;15,2792;17,81045;13,80459;15,2792;18,36709;23,3124;15,42764;19,04287;18,76748;18,36709;18,76748;15,94912;19,04287;17,81045;17,81045;23,3124;25,94912;15,94912;25,55654;15,94912;18,36709;25,94912;18,76748;18,36709;18,36709;15,2792;25,55654;17,81826;23,3124;17,81045;17,81045;13,80459;17,81045
"630";"2002-06-01";16,71035;17,96035;14,72012;15,15762;15,15762;16,71035;17,96035;15,15176;16,14785;14,72012;15,11465;17,70645;14,72012;16,71035;14,72012;15,15762;14,2377;15,33731;15,15762;15,90957;15,15762;16,89004;18,50332;15,33731;15,90957;15,33731;14,72012;15,13223;14,72012;15,15762;16,71035;14,2377;16,71035;14,2377;16,71035;15,15762;15,15762;16,89004;15,13223;15,13223;15,15762;15,11465;15,11465;15,90957;16,14785;18,87637;23,01699;18,87637;18,01504;19,16152;19,16152;25,18887;14,2377;18,87637;24,22402;19,16152;18,87637;19,16152;18,01504;18,01504;18,01504;16,14785;19,14785;25,18887;19,14785;23,01699;19,14785;25,0541;25,18887;19,16152;18,01504;18,87637;15,15176;18,01504;14,2377;15,15176;18,87637;23,01699;15,11465;19,14785;19,16152;18,87637;19,16152;16,14785;19,14785;18,01504;18,01504;23,01699;25,18887;16,14785;25,0541;16,14785;18,87637;25,18887;19,16152;18,87637;18,87637;15,15176;25,0541;17,70645;23,01699;18,01504;18,01504;14,2377;18,01504
"631";"2002-07-01";16,04727;17,46328;13,90273;14,45938;14,45938;16,04727;17,46328;14,52773;15,43594;13,90273;14,58047;17,14688;13,90273;16,04727;13,90273;14,45938;13,35;14,95938;14,45938;15,63125;14,45938;16,45352;18,225;14,95938;15,63125;14,95938;13,90273;14,74258;13,90273;14,45938;16,04727;13,35;16,04727;13,35;16,04727;14,45938;14,45938;16,45352;14,74258;14,74258;14,45938;14,58047;14,58047;15,63125;15,43594;18,27383;22,66836;18,27383;17,54727;18,60586;18,60586;24,91055;13,35;18,27383;24,02969;18,60586;18,27383;18,60586;17,54727;17,54727;17,54727;15,43594;18,6332;24,91055;18,6332;22,66836;18,6332;24,65664;24,91055;18,60586;17,54727;18,27383;14,52773;17,54727;13,35;14,52773;18,27383;22,66836;14,58047;18,6332;18,60586;18,27383;18,60586;15,43594;18,6332;17,54727;17,54727;22,66836;24,91055;15,43594;24,65664;15,43594;18,27383;24,91055;18,60586;18,27383;18,27383;14,52773;24,65664;17,14688;22,66836;17,54727;17,54727;13,35;17,54727
"632";"2002-08-01";16,46743;18,03384;13,94985;14,75259;14,75259;16,46743;18,03384;14,7272;15,50454;13,94985;14,71743;17,48501;13,94985;16,46743;13,94985;14,75259;13,28189;15,11587;14,75259;15,75259;14,75259;17,19009;19,03579;15,11587;15,75259;15,11587;13,94985;14,68032;13,94985;14,75259;16,46743;13,28189;16,46743;13,28189;16,46743;14,75259;14,75259;17,19009;14,68032;14,68032;14,75259;14,71743;14,71743;15,75259;15,50454;18,46743;22,74673;18,46743;17,61392;18,83267;18,83267;25,43423;13,28189;18,46743;24,59634;18,83267;18,46743;18,83267;17,61392;17,61392;17,61392;15,50454;18,8229;25,43423;18,8229;22,74673;18,8229;25,06509;25,43423;18,83267;17,61392;18,46743;14,7272;17,61392;13,28189;14,7272;18,46743;22,74673;14,71743;18,8229;18,83267;18,46743;18,83267;15,50454;18,8229;17,61392;17,61392;22,74673;25,43423;15,50454;25,06509;15,50454;18,46743;25,43423;18,83267;18,46743;18,46743;14,7272;25,06509;17,48501;22,74673;17,61392;17,61392;13,28189;17,61392
"633";"2002-09-01";16,68667;18,1398;14,59292;14,94448;14,94448;16,68667;18,1398;14,84878;16,17495;14,59292;14,69839;17,77065;14,59292;16,68667;14,59292;14,94448;14,25112;14,93081;14,94448;15,40737;14,94448;16,62612;18,45425;14,93081;15,40737;14,93081;14,59292;14,7023;14,59292;14,94448;16,68667;14,25112;16,68667;14,25112;16,68667;14,94448;14,94448;16,62612;14,7023;14,7023;14,94448;14,69839;14,69839;15,40737;16,17495;18,91519;22,89761;18,91519;17,92495;19,29019;19,29019;25,16909;14,25112;18,91519;24,31558;19,29019;18,91519;19,29019;17,92495;17,92495;17,92495;16,17495;19,24136;25,16909;19,24136;22,89761;19,24136;24,95815;25,16909;19,29019;17,92495;18,91519;14,84878;17,92495;14,25112;14,84878;18,91519;22,89761;14,69839;19,24136;19,29019;18,91519;19,29019;16,17495;19,24136;17,92495;17,92495;22,89761;25,16909;16,17495;24,95815;16,17495;18,91519;25,16909;19,29019;18,91519;18,91519;14,84878;24,95815;17,77065;22,89761;17,92495;17,92495;14,25112;17,92495
"634";"2002-10-01";16,38076;17,9667;14,08584;14,6542;14,6542;16,38076;17,9667;14,49014;15,5292;14,08584;14,52139;17,39248;14,08584;16,38076;14,08584;14,6542;13,5585;14,94326;14,6542;15,39443;14,6542;16,51748;18,4042;14,94326;15,39443;14,94326;14,08584;14,50967;14,08584;14,6542;16,38076;13,5585;16,38076;13,5585;16,38076;14,6542;14,6542;16,51748;14,50967;14,50967;14,6542;14,52139;14,52139;15,39443;15,5292;18,22061;22,25186;18,22061;17,41787;18,57607;18,57607;24,60147;13,5585;18,22061;23,83389;18,57607;18,22061;18,57607;17,41787;17,41787;17,41787;15,5292;18,60928;24,60147;18,60928;22,25186;18,60928;24,25967;24,60147;18,57607;17,41787;18,22061;14,49014;17,41787;13,5585;14,49014;18,22061;22,25186;14,52139;18,60928;18,57607;18,22061;18,57607;15,5292;18,60928;17,41787;17,41787;22,25186;24,60147;15,5292;24,25967;15,5292;18,22061;24,60147;18,57607;18,22061;18,22061;14,49014;24,25967;17,39248;22,25186;17,41787;17,41787;13,5585;17,41787
"635";"2002-11-01";13,25625;14,60391;11,08242;11,725;11,725;13,25625;14,60391;11,10391;12,41836;11,08242;10,87344;14,06484;11,08242;13,25625;11,08242;11,725;10,74648;11,53164;11,725;11,80117;11,725;13,34023;15,29141;11,53164;11,80117;11,53164;11,08242;10,74844;11,08242;11,725;13,25625;10,74648;13,25625;10,74648;13,25625;11,725;11,725;13,34023;10,74844;10,74844;11,725;10,87344;10,87344;11,80117;12,41836;14,98086;18,60195;14,98086;13,95352;15,24063;15,24063;20,84414;10,74648;14,98086;20,08828;15,24063;14,98086;15,24063;13,95352;13,95352;13,95352;12,41836;15,19961;20,84414;15,19961;18,60195;15,19961;20,62344;20,84414;15,24063;13,95352;14,98086;11,10391;13,95352;10,74648;11,10391;14,98086;18,60195;10,87344;15,19961;15,24063;14,98086;15,24063;12,41836;15,19961;13,95352;13,95352;18,60195;20,84414;12,41836;20,62344;12,41836;14,98086;20,84414;15,24063;14,98086;14,98086;11,10391;20,62344;14,06484;18,60195;13,95352;13,95352;10,74648;13,95352
"636";"2002-12-01";12,80508;14,05117;10,51992;11,3207;11,3207;12,80508;14,05117;10,79141;11,76797;10,51992;10,92031;13,54727;10,51992;12,80508;10,51992;11,3207;9,933985;11,60781;11,3207;11,60586;11,3207;12,91836;14,83047;11,60781;11,60586;11,60781;10,51992;10,56094;10,51992;11,3207;12,80508;9,933985;12,80508;9,933985;12,80508;11,3207;11,3207;12,91836;10,56094;10,56094;11,3207;10,92031;10,92031;11,60586;11,76797;13,61367;17,38516;13,61367;12,8832;14,02188;14,02188;19,36758;9,933985;13,61367;18,61563;14,02188;13,61367;14,02188;12,8832;12,8832;12,8832;11,76797;14,15078;19,36758;14,15078;17,38516;14,15078;19,14688;19,36758;14,02188;12,8832;13,61367;10,79141;12,8832;9,933985;10,79141;13,61367;17,38516;10,92031;14,15078;14,02188;13,61367;14,02188;11,76797;14,15078;12,8832;12,8832;17,38516;19,36758;11,76797;19,14688;11,76797;13,61367;19,36758;14,02188;13,61367;13,61367;10,79141;19,14688;13,54727;17,38516;12,8832;12,8832;9,933985;12,8832
"637";"2003-01-01";12,00405;12,71694;9,363428;10,85366;10,85366;12,00405;12,71694;9,222803;10,50796;9,363428;9,490381;12,02554;9,363428;12,00405;9,363428;10,85366;8,980616;10,72476;10,85366;11,14468;10,85366;12,80093;14,39077;10,72476;11,14468;10,72476;9,363428;9,523584;9,363428;10,85366;12,00405;8,980616;12,00405;8,980616;12,00405;10,85366;10,85366;12,80093;9,523584;9,523584;10,85366;9,490381;9,490381;11,14468;10,50796;12,46304;15,80483;12,46304;11,42593;12,76187;12,76187;18,22671;8,980616;12,46304;17,39663;12,76187;12,46304;12,76187;11,42593;11,42593;11,42593;10,50796;12,71304;18,22671;12,71304;15,80483;12,71304;17,93765;18,22671;12,76187;11,42593;12,46304;9,222803;11,42593;8,980616;9,222803;12,46304;15,80483;9,490381;12,71304;12,76187;12,46304;12,76187;10,50796;12,71304;11,42593;11,42593;15,80483;18,22671;10,50796;17,93765;10,50796;12,46304;18,22671;12,76187;12,46304;12,46304;9,222803;17,93765;12,02554;15,80483;11,42593;11,42593;8,980616;11,42593
"638";"2003-02-01";14,72476;16,21499;12,69546;13,13296;13,13296;14,72476;16,21499;13,29312;13,70132;12,69546;13,45132;15,59585;12,69546;14,72476;12,69546;13,13296;11,72671;13,77358;13,13296;13,51187;13,13296;14,76772;16,70522;13,77358;13,51187;13,77358;12,69546;12,87319;12,69546;13,13296;14,72476;11,72671;14,72476;11,72671;14,72476;13,13296;13,13296;14,76772;12,87319;12,87319;13,13296;13,45132;13,45132;13,51187;13,70132;14,87515;18,79702;14,87515;14,48843;15,27358;15,27358;20,66812;11,72671;14,87515;19,91421;15,27358;14,87515;15,27358;14,48843;14,48843;14,48843;13,70132;15,54702;20,66812;15,54702;18,79702;15,54702;20,47671;20,66812;15,27358;14,48843;14,87515;13,29312;14,48843;11,72671;13,29312;14,87515;18,79702;13,45132;15,54702;15,27358;14,87515;15,27358;13,70132;15,54702;14,48843;14,48843;18,79702;20,66812;13,70132;20,47671;13,70132;14,87515;20,66812;15,27358;14,87515;14,87515;13,29312;20,47671;15,59585;18,79702;14,48843;14,48843;11,72671;14,48843
"639";"2003-03-01";16,35977;17,95742;14,3832;14,55313;14,55313;16,35977;17,95742;15,17617;15,46914;14,3832;15,0043;17,46719;14,3832;16,35977;14,3832;14,55313;13,30703;15,26992;14,55313;14,93789;14,55313;16,26797;18,35586;15,26992;14,93789;15,26992;14,3832;14,21328;14,3832;14,55313;16,35977;13,30703;16,35977;13,30703;16,35977;14,55313;14,55313;16,26797;14,21328;14,21328;14,55313;15,0043;15,0043;14,93789;15,46914;16,70742;21,33633;16,70742;16,52578;17,11953;17,11953;22,93008;13,30703;16,70742;22,06484;17,11953;16,70742;17,11953;16,52578;16,52578;16,52578;15,46914;17,6332;22,93008;17,6332;21,33633;17,6332;22,90273;22,93008;17,11953;16,52578;16,70742;15,17617;16,52578;13,30703;15,17617;16,70742;21,33633;15,0043;17,6332;17,11953;16,70742;17,11953;15,46914;17,6332;16,52578;16,52578;21,33633;22,93008;15,46914;22,90273;15,46914;16,70742;22,93008;17,11953;16,70742;16,70742;15,17617;22,90273;17,46719;21,33633;16,52578;16,52578;13,30703;16,52578
"640";"2003-04-01";18,05264;19,57803;15,1874;16,1542;16,1542;18,05264;19,57803;15,80654;16,66592;15,1874;15,90029;18,74209;15,1874;18,05264;15,1874;16,1542;14,38857;16,42373;16,1542;16,56631;16,1542;18,0624;20,33389;16,42373;16,56631;16,42373;15,1874;15,61709;15,1874;16,1542;18,05264;14,38857;18,05264;14,38857;18,05264;16,1542;16,1542;18,0624;15,61709;15,61709;16,1542;15,90029;15,90029;16,56631;16,66592;18,1835;22,371;18,1835;17,62686;18,47647;18,47647;24,63467;14,38857;18,1835;23,66006;18,47647;18,1835;18,47647;17,62686;17,62686;17,62686;16,66592;18,8085;24,63467;18,8085;22,371;18,8085;24,52139;24,63467;18,47647;17,62686;18,1835;15,80654;17,62686;14,38857;15,80654;18,1835;22,371;15,90029;18,8085;18,47647;18,1835;18,47647;16,66592;18,8085;17,62686;17,62686;22,371;24,63467;16,66592;24,52139;16,66592;18,1835;24,63467;18,47647;18,1835;18,1835;15,80654;24,52139;18,74209;22,371;17,62686;17,62686;14,38857;17,62686
"641";"2003-05-01";18,36782;20,06314;16,18618;16,56899;16,56899;18,36782;20,06314;16,98306;17,4147;16,18618;16,86001;19,55142;16,18618;18,36782;16,18618;16,56899;15,11001;17,28774;16,56899;17,56118;16,56899;18,63149;20,71353;17,28774;17,56118;17,28774;16,18618;16,60024;16,18618;16,56899;18,36782;15,11001;18,36782;15,11001;18,36782;16,56899;16,56899;18,63149;16,60024;16,60024;16,56899;16,86001;16,86001;17,56118;17,4147;19,97134;25,0397;19,97134;19,40689;20,30728;20,30728;27,44595;15,11001;19,97134;26,24868;20,30728;19,97134;20,30728;19,40689;19,40689;19,40689;17,4147;20,58657;27,44595;20,58657;25,0397;20,58657;27,36001;27,44595;20,30728;19,40689;19,97134;16,98306;19,40689;15,11001;16,98306;19,97134;25,0397;16,86001;20,58657;20,30728;19,97134;20,30728;17,4147;20,58657;19,40689;19,40689;25,0397;27,44595;17,4147;27,36001;17,4147;19,97134;27,44595;20,30728;19,97134;19,97134;16,98306;27,36001;19,55142;25,0397;19,40689;19,40689;15,11001;19,40689
"642";"2003-06-01";17,03677;18,59146;15,33755;15,34536;15,34536;17,03677;18,59146;15,83755;16,66177;15,33755;15,76919;18,31216;15,33755;17,03677;15,33755;15,34536;14,74185;15,73599;15,34536;16,20864;15,34536;16,93325;18,5895;15,73599;16,20864;15,73599;15,33755;15,70083;15,33755;15,34536;17,03677;14,74185;17,03677;14,74185;17,03677;15,34536;15,34536;16,93325;15,70083;15,70083;15,34536;15,76919;15,76919;16,20864;16,66177;19,58755;23,69497;19,58755;18,72622;19,87856;19,87856;25,81606;14,74185;19,58755;24,83755;19,87856;19,58755;19,87856;18,72622;18,72622;18,72622;16,66177;19,79263;25,81606;19,79263;23,69497;19,79263;25,67935;25,81606;19,87856;18,72622;19,58755;15,83755;18,72622;14,74185;15,83755;19,58755;23,69497;15,76919;19,79263;19,87856;19,58755;19,87856;16,66177;19,79263;18,72622;18,72622;23,69497;25,81606;16,66177;25,67935;16,66177;19,58755;25,81606;19,87856;19,58755;19,58755;15,83755;25,67935;18,31216;23,69497;18,72622;18,72622;14,74185;18,72622
"643";"2003-07-01";16,48086;18,06094;14,16641;14,60391;14,60391;16,48086;18,06094;15,01016;15,63516;14,16641;15,06094;17,45352;14,16641;16,48086;14,16641;14,60391;13,43008;15,26406;14,60391;15,93594;14,60391;16,69961;18,70352;15,26406;15,93594;15,26406;14,16641;15,01797;14,16641;14,60391;16,48086;13,43008;16,48086;13,43008;16,48086;14,60391;14,60391;16,69961;15,01797;15,01797;14,60391;15,06094;15,06094;15,93594;15,63516;18,27773;22,72891;18,27773;17,6332;18,72305;18,72305;25,11953;13,43008;18,27773;24,17813;18,72305;18,27773;18,72305;17,6332;17,6332;17,6332;15,63516;18,7582;25,11953;18,7582;22,72891;18,7582;24,67227;25,11953;18,72305;17,6332;18,27773;15,01016;17,6332;13,43008;15,01016;18,27773;22,72891;15,06094;18,7582;18,72305;18,27773;18,72305;15,63516;18,7582;17,6332;17,6332;22,72891;25,11953;15,63516;24,67227;15,63516;18,27773;25,11953;18,72305;18,27773;18,27773;15,01016;24,67227;17,45352;22,72891;17,6332;17,6332;13,43008;17,6332
"644";"2003-08-01";16,67153;18,20278;14,13052;14,65786;14,65786;16,67153;18,20278;14,99185;15,71255;14,13052;14,95669;17,55239;14,13052;16,67153;14,13052;14,65786;13,39419;15,15981;14,65786;15,78286;14,65786;16,83755;19,1188;15,15981;15,78286;15,15981;14,13052;14,88442;14,13052;14,65786;16,67153;13,39419;16,67153;13,39419;16,67153;14,65786;14,65786;16,83755;14,88442;14,88442;14,65786;14,95669;14,95669;15,78286;15,71255;18,52896;22,95278;18,52896;17,90981;18,94497;18,94497;25,56997;13,39419;18,52896;24,51919;18,94497;18,52896;18,94497;17,90981;17,90981;17,90981;15,71255;19,02114;25,56997;19,02114;22,95278;19,02114;24,86294;25,56997;18,94497;17,90981;18,52896;14,99185;17,90981;13,39419;14,99185;18,52896;22,95278;14,95669;19,02114;18,94497;18,52896;18,94497;15,71255;19,02114;17,90981;17,90981;22,95278;25,56997;15,71255;24,86294;15,71255;18,52896;25,56997;18,94497;18,52896;18,52896;14,99185;24,86294;17,55239;22,95278;17,90981;17,90981;13,39419;17,90981
"645";"2003-09-01";16,58706;18,34878;14,4894;14,72378;14,72378;16,58706;18,34878;14,96792;16,01675;14,4894;14,87222;17,7355;14,4894;16,58706;14,4894;14,72378;14,03433;14,91519;14,72378;15,423;14,72378;16,3898;18,19058;14,91519;15,423;14,91519;14,4894;14,86831;14,4894;14,72378;16,58706;14,03433;16,58706;14,03433;16,58706;14,72378;14,72378;16,3898;14,86831;14,86831;14,72378;14,87222;14,87222;15,423;16,01675;18,84683;22,8019;18,84683;17,97769;19,24136;19,24136;25,1398;14,03433;18,84683;24,21597;19,24136;18,84683;19,24136;17,97769;17,97769;17,97769;16,01675;19,17105;25,1398;19,17105;22,8019;19,17105;24,77065;25,1398;19,24136;17,97769;18,84683;14,96792;17,97769;14,03433;14,96792;18,84683;22,8019;14,87222;19,17105;19,24136;18,84683;19,24136;16,01675;19,17105;17,97769;17,97769;22,8019;25,1398;16,01675;24,77065;16,01675;18,84683;25,1398;19,24136;18,84683;18,84683;14,96792;24,77065;17,7355;22,8019;17,97769;17,97769;14,03433;17,97769
"646";"2003-10-01";16,24771;17,70474;13,82388;14,39028;14,39028;16,24771;17,70474;13,98794;15,39614;13,82388;13,91372;16,86489;13,82388;16,24771;13,82388;14,39028;13,48013;14,26333;14,39028;14,77114;14,39028;16,16567;18,10903;14,26333;14,77114;14,26333;13,82388;13,95669;13,82388;14,39028;16,24771;13,48013;16,24771;13,48013;16,24771;14,39028;14,39028;16,16567;13,95669;13,95669;14,39028;13,91372;13,91372;14,77114;15,39614;18,01919;21,86294;18,01919;17,01333;18,37856;18,37856;24,00356;13,48013;18,01919;23,17153;18,37856;18,01919;18,37856;17,01333;17,01333;17,01333;15,39614;18,30435;24,00356;18,30435;21,86294;18,30435;23,73989;24,00356;18,37856;17,01333;18,01919;13,98794;17,01333;13,48013;13,98794;18,01919;21,86294;13,91372;18,30435;18,37856;18,01919;18,37856;15,39614;18,30435;17,01333;17,01333;21,86294;24,00356;15,39614;23,73989;15,39614;18,01919;24,00356;18,37856;18,01919;18,01919;13,98794;23,73989;16,86489;21,86294;17,01333;17,01333;13,48013;17,01333
"647";"2003-11-01";14,6542;15,79287;11,93545;13,14639;13,14639;14,6542;15,79287;12,10342;13,32803;11,93545;12,10537;15,0292;11,93545;14,6542;11,93545;13,14639;11,43154;12,99404;13,14639;13,49404;13,14639;15,28701;17,04482;12,99404;13,49404;12,99404;11,93545;12,11318;11,93545;13,14639;14,6542;11,43154;14,6542;11,43154;14,6542;13,14639;13,14639;15,28701;12,11318;12,11318;13,14639;12,10537;12,10537;13,49404;13,32803;15,76162;19,34561;15,76162;14,7792;15,98037;15,98037;21,39248;11,43154;15,76162;20,71084;15,98037;15,76162;15,98037;14,7792;14,7792;14,7792;13,32803;15,88076;21,39248;15,88076;19,34561;15,88076;21,10537;21,39248;15,98037;14,7792;15,76162;12,10342;14,7792;11,43154;12,10342;15,76162;19,34561;12,10537;15,88076;15,98037;15,76162;15,98037;13,32803;15,88076;14,7792;14,7792;19,34561;21,39248;13,32803;21,10537;13,32803;15,76162;21,39248;15,98037;15,76162;15,76162;12,10342;21,10537;15,0292;19,34561;14,7792;14,7792;11,43154;14,7792
"648";"2003-12-01";11,42666;12,42666;8,950098;10,10635;10,10635;11,42666;12,42666;9,172754;10,19229;8,950098;9,194239;11,82119;8,950098;11,42666;8,950098;10,10635;8,434473;9,985254;10,10635;10,18838;10,10635;11,84268;13,44814;9,985254;10,18838;9,985254;8,950098;8,985254;8,950098;10,10635;11,42666;8,434473;11,42666;8,434473;11,42666;10,10635;10,10635;11,84268;8,985254;8,985254;10,10635;9,194239;9,194239;10,18838;10,19229;12,16299;15,81924;12,16299;11,36221;12,35439;12,35439;17,76455;8,434473;12,16299;17,04775;12,35439;12,16299;12,35439;11,36221;11,36221;11,36221;10,19229;12,37979;17,76455;12,37979;15,81924;12,37979;17,47158;17,76455;12,35439;11,36221;12,16299;9,172754;11,36221;8,434473;9,172754;12,16299;15,81924;9,194239;12,37979;12,35439;12,16299;12,35439;10,19229;12,37979;11,36221;11,36221;15,81924;17,76455;10,19229;17,47158;10,19229;12,16299;17,76455;12,35439;12,16299;12,16299;9,172754;17,47158;11,82119;15,81924;11,36221;11,36221;8,434473;11,36221
"649";"2004-01-01";11,74868;13,18032;9,658838;10,06118;10,06118;11,74868;13,18032;10,32681;11,1647;9,658838;10,44204;12,95571;9,658838;11,74868;9,658838;10,06118;9,086573;10,36587;10,06118;10,41665;10,06118;11,65103;13,5397;10,36587;10,41665;10,36587;9,658838;10,11196;9,658838;10,06118;11,74868;9,086573;11,74868;9,086573;11,74868;10,06118;10,06118;11,65103;10,11196;10,11196;10,06118;10,44204;10,44204;10,41665;11,1647;13,06899;17,17837;13,06899;12,50259;13,52603;13,52603;19,1979;9,086573;13,06899;18,27603;13,52603;13,06899;13,52603;12,50259;12,50259;12,50259;11,1647;13,74478;19,1979;13,74478;17,17837;13,74478;18,9772;19,1979;13,52603;12,50259;13,06899;10,32681;12,50259;9,086573;10,32681;13,06899;17,17837;10,44204;13,74478;13,52603;13,06899;13,52603;11,1647;13,74478;12,50259;12,50259;17,17837;19,1979;11,1647;18,9772;11,1647;13,06899;19,1979;13,52603;13,06899;13,06899;10,32681;18,9772;12,95571;17,17837;12,50259;12,50259;9,086573;12,50259
"650";"2004-02-01";13,3168;14,80703;11,18789;11,53555;11,53555;13,3168;14,80703;11,9125;12,34219;11,18789;12,21328;14,14883;11,18789;13,3168;11,18789;11,53555;10,21328;12,13906;11,53555;11,93008;11,53555;13,15078;15,28359;12,13906;11,93008;12,13906;11,18789;11,63125;11,18789;11,53555;13,3168;10,21328;13,3168;10,21328;13,3168;11,53555;11,53555;13,15078;11,63125;11,63125;11,53555;12,21328;12,21328;11,93008;12,34219;13,5707;17,48672;13,5707;13,12734;13,88125;13,88125;19,21719;10,21328;13,5707;18,47891;13,88125;13,5707;13,88125;13,12734;13,12734;13,12734;12,34219;14,19766;19,21719;14,19766;17,48672;14,19766;18,98086;19,21719;13,88125;13,12734;13,5707;11,9125;13,12734;10,21328;11,9125;13,5707;17,48672;12,21328;14,19766;13,88125;13,5707;13,88125;12,34219;14,19766;13,12734;13,12734;17,48672;19,21719;12,34219;18,98086;12,34219;13,5707;19,21719;13,88125;13,5707;13,5707;11,9125;18,98086;14,14883;17,48672;13,12734;13,12734;10,21328;13,12734
"651";"2004-03-01";14,77969;15,91445;12,26016;13,13711;13,13711;14,77969;15,91445;12,90273;13,62148;12,26016;13,14883;15,49648;12,26016;14,77969;12,26016;13,13711;11,5375;13,35195;13,13711;13,73086;13,13711;15,20352;17,03164;13,35195;13,73086;13,35195;12,26016;12,975;12,26016;13,13711;14,77969;11,5375;14,77969;11,5375;14,77969;13,13711;13,13711;15,20352;12,975;12,975;13,13711;13,14883;13,14883;13,73086;13,62148;15,66445;20,01797;15,66445;15,00234;15,96523;15,96523;22,2875;11,5375;15,66445;21,27188;15,96523;15,66445;15,96523;15,00234;15,00234;15,00234;13,62148;16,02383;22,2875;16,02383;20,01797;16,02383;22,1293;22,2875;15,96523;15,00234;15,66445;12,90273;15,00234;11,5375;12,90273;15,66445;20,01797;13,14883;16,02383;15,96523;15,66445;15,96523;13,62148;16,02383;15,00234;15,00234;20,01797;22,2875;13,62148;22,1293;13,62148;15,66445;22,2875;15,96523;15,66445;15,66445;12,90273;22,1293;15,49648;20,01797;15,00234;15,00234;11,5375;15,00234
"652";"2004-04-01";16,65029;18,24014;13,96475;14,68545;14,68545;16,65029;18,24014;14,45107;15,44326;13,96475;14,70693;17,61904;13,96475;16,65029;13,96475;14,68545;13,02725;14,996;14,68545;14,96475;14,68545;16,45303;18,68936;14,996;14,96475;14,996;13,96475;14,28701;13,96475;14,68545;16,65029;13,02725;16,65029;13,02725;16,65029;14,68545;14,68545;16,45303;14,28701;14,28701;14,68545;14,70693;14,70693;14,96475;15,44326;16,62295;20,98818;16,62295;16,04678;16,79873;16,79873;23,26357;13,02725;16,62295;22,36123;16,79873;16,62295;16,79873;16,04678;16,04678;16,04678;15,44326;17,23623;23,26357;17,23623;20,98818;17,23623;23,06045;23,26357;16,79873;16,04678;16,62295;14,45107;16,04678;13,02725;14,45107;16,62295;20,98818;14,70693;17,23623;16,79873;16,62295;16,79873;15,44326;17,23623;16,04678;16,04678;20,98818;23,26357;15,44326;23,06045;15,44326;16,62295;23,26357;16,79873;16,62295;16,62295;14,45107;23,06045;17,61904;20,98818;16,04678;16,04678;13,02725;16,04678
"653";"2004-05-01";16,76357;18,03115;14,22647;15,04873;15,04873;16,76357;18,03115;14,66592;15,76553;14,22647;14,58193;17,74209;14,22647;16,76357;14,22647;15,04873;13,67373;14,83193;15,04873;15,15811;15,04873;16,78701;18,86709;14,83193;15,15811;14,83193;14,22647;14,46084;14,22647;15,04873;16,76357;13,67373;16,76357;13,67373;16,76357;15,04873;15,04873;16,78701;14,46084;14,46084;15,04873;14,58193;14,58193;15,15811;15,76553;18,33975;22,54482;18,33975;17,53506;18,6835;18,6835;25,15615;13,67373;18,33975;24,03115;18,6835;18,33975;18,6835;17,53506;17,53506;17,53506;15,76553;18,74795;25,15615;18,74795;22,54482;18,74795;24,98232;25,15615;18,6835;17,53506;18,33975;14,66592;17,53506;13,67373;14,66592;18,33975;22,54482;14,58193;18,74795;18,6835;18,33975;18,6835;15,76553;18,74795;17,53506;17,53506;22,54482;25,15615;15,76553;24,98232;15,76553;18,33975;25,15615;18,6835;18,33975;18,33975;14,66592;24,98232;17,74209;22,54482;17,53506;17,53506;13,67373;17,53506
"654";"2004-06-01";16,40957;17,72012;14,22598;14,65957;14,65957;16,40957;17,72012;14,81777;15,72988;14,22598;14,81777;17,37246;14,22598;16,40957;14,22598;14,65957;13,57363;15,13809;14,65957;15,69082;14,65957;16,41348;18,16543;15,13809;15,69082;15,13809;14,22598;14,86465;14,22598;14,65957;16,40957;13,57363;16,40957;13,57363;16,40957;14,65957;14,65957;16,41348;14,86465;14,86465;14,65957;14,81777;14,81777;15,69082;15,72988;18,69082;23,05801;18,69082;17,85879;18,95645;18,95645;25,25918;13,57363;18,69082;24,26895;18,95645;18,69082;18,95645;17,85879;17,85879;17,85879;15,72988;18,90957;25,25918;18,90957;23,05801;18,90957;25,07949;25,25918;18,95645;17,85879;18,69082;14,81777;17,85879;13,57363;14,81777;18,69082;23,05801;14,81777;18,90957;18,95645;18,69082;18,95645;15,72988;18,90957;17,85879;17,85879;23,05801;25,25918;15,72988;25,07949;15,72988;18,69082;25,25918;18,95645;18,69082;18,69082;14,81777;25,07949;17,37246;23,05801;17,85879;17,85879;13,57363;17,85879
"655";"2004-07-01";16,71084;18,16201;14,16201;14,83779;14,83779;16,71084;18,16201;14,9042;15,6249;14,16201;14,83193;17,55068;14,16201;16,71084;14,16201;14,83779;13,37881;15,26748;14,83779;15,69717;14,83779;16,76748;18,74209;15,26748;15,69717;15,26748;14,16201;14,73037;14,16201;14,83779;16,71084;13,37881;16,71084;13,37881;16,71084;14,83779;14,83779;16,76748;14,73037;14,73037;14,83779;14,83193;14,83193;15,69717;15,6249;18,62881;23,01162;18,62881;17,83389;18,90029;18,90029;25,42959;13,37881;18,62881;24,53115;18,90029;18,62881;18,90029;17,83389;17,83389;17,83389;15,6249;18,93936;25,42959;18,93936;23,01162;18,93936;24,98818;25,42959;18,90029;17,83389;18,62881;14,9042;17,83389;13,37881;14,9042;18,62881;23,01162;14,83193;18,93936;18,90029;18,62881;18,90029;15,6249;18,93936;17,83389;17,83389;23,01162;25,42959;15,6249;24,98818;15,6249;18,62881;25,42959;18,90029;18,62881;18,62881;14,9042;24,98818;17,55068;23,01162;17,83389;17,83389;13,37881;17,83389
"656";"2004-08-01";16,94082;18,38223;14,31973;15,1166;15,1166;16,94082;18,38223;14,92715;15,92324;14,31973;14,90762;17,77285;14,31973;16,94082;14,31973;15,1166;13,75332;15,3041;15,1166;16,01113;15,1166;17,31191;19,38809;15,3041;16,01113;15,3041;14,31973;15,03066;14,31973;15,1166;16,94082;13,75332;16,94082;13,75332;16,94082;15,1166;15,1166;17,31191;15,03066;15,03066;15,1166;14,90762;14,90762;16,01113;15,92324;18,86465;23,22598;18,86465;17,95059;19,28457;19,28457;25,72598;13,75332;18,86465;24,87441;19,28457;18,86465;19,28457;17,95059;17,95059;17,95059;15,92324;19,22402;25,72598;19,22402;23,22598;19,22402;25,1127;25,72598;19,28457;17,95059;18,86465;14,92715;17,95059;13,75332;14,92715;18,86465;23,22598;14,90762;19,22402;19,28457;18,86465;19,28457;15,92324;19,22402;17,95059;17,95059;23,22598;25,72598;15,92324;25,1127;15,92324;18,86465;25,72598;19,28457;18,86465;18,86465;14,92715;25,1127;17,77285;23,22598;17,95059;17,95059;13,75332;17,95059
"657";"2004-09-01";16,81533;18,1415;14,20596;15,13955;15,13955;16,81533;18,1415;14,59268;15,78213;14,20596;14,5126;17,52822;14,20596;16,81533;14,20596;15,13955;13,74307;15,18447;15,13955;15,82705;15,13955;17,1415;19,05947;15,18447;15,82705;15,18447;14,20596;14,54385;14,20596;15,13955;16,81533;13,74307;16,81533;13,74307;16,81533;15,13955;15,13955;17,1415;14,54385;14,54385;15,13955;14,5126;14,5126;15,82705;15,78213;18,59268;22,80947;18,59268;17,69229;19,0126;19,0126;25,34463;13,74307;18,59268;24,4833;19,0126;18,59268;19,0126;17,69229;17,69229;17,69229;15,78213;19,0126;25,34463;19,0126;22,80947;19,0126;24,72549;25,34463;19,0126;17,69229;18,59268;14,59268;17,69229;13,74307;14,59268;18,59268;22,80947;14,5126;19,0126;19,0126;18,59268;19,0126;15,78213;19,0126;17,69229;17,69229;22,80947;25,34463;15,78213;24,72549;15,78213;18,59268;25,34463;19,0126;18,59268;18,59268;14,59268;24,72549;17,52822;22,80947;17,69229;17,69229;13,74307;17,69229
"658";"2004-10-01";16,58047;18,04141;14,20547;14,96523;14,96523;16,58047;18,04141;14,56875;15,60391;14,20547;14,47109;17,46523;14,20547;16,58047;14,20547;14,96523;13,73086;14,87734;14,96523;15,35586;14,96523;16,58828;18,30508;14,87734;15,35586;14,87734;14,20547;14,54531;14,20547;14,96523;16,58047;13,73086;16,58047;13,73086;16,58047;14,96523;14,96523;16,58828;14,54531;14,54531;14,96523;14,47109;14,47109;15,35586;15,60391;18,3207;22,5668;18,3207;17,55508;18,62344;18,62344;24,9457;13,73086;18,3207;24,01406;18,62344;18,3207;18,62344;17,55508;17,55508;17,55508;15,60391;18,64883;24,9457;18,64883;22,5668;18,64883;24,48477;24,9457;18,62344;17,55508;18,3207;14,56875;17,55508;13,73086;14,56875;18,3207;22,5668;14,47109;18,64883;18,62344;18,3207;18,62344;15,60391;18,64883;17,55508;17,55508;22,5668;24,9457;15,60391;24,48477;15,60391;18,3207;24,9457;18,62344;18,3207;18,3207;14,56875;24,48477;17,46523;22,5668;17,55508;17,55508;13,73086;17,55508
"659";"2004-11-01";14,20376;15,35024;11,75259;12,89907;12,89907;14,20376;15,35024;12,4147;12,94399;11,75259;12,38345;14,70767;11,75259;14,20376;11,75259;12,89907;11,11587;12,93814;12,89907;13,20767;12,89907;14,63345;16,31118;12,93814;13,20767;12,93814;11,75259;12,26626;11,75259;12,89907;14,20376;11,11587;14,20376;11,11587;14,20376;12,89907;12,89907;14,63345;12,26626;12,26626;12,89907;12,38345;12,38345;13,20767;12,94399;15,32485;20,01821;15,32485;14,95181;15,59048;15,59048;22,2604;11,11587;15,32485;21,33071;15,59048;15,32485;15,59048;14,95181;14,95181;14,95181;12,94399;15,80532;22,2604;15,80532;20,01821;15,80532;21,45181;22,2604;15,59048;14,95181;15,32485;12,4147;14,95181;11,11587;12,4147;15,32485;20,01821;12,38345;15,80532;15,59048;15,32485;15,59048;12,94399;15,80532;14,95181;14,95181;20,01821;22,2604;12,94399;21,45181;12,94399;15,32485;22,2604;15,59048;15,32485;15,32485;12,4147;21,45181;14,70767;20,01821;14,95181;14,95181;11,11587;14,95181
"660";"2004-12-01";11,99258;12,91445;9,642969;10,80508;10,80508;11,99258;12,91445;10,09414;10,75234;9,642969;10,36367;12,2875;9,642969;11,99258;9,642969;10,80508;9,127344;10,95742;10,80508;11,26016;10,80508;12,52188;14,10391;10,95742;11,26016;10,95742;9,642969;10,34805;9,642969;10,80508;11,99258;9,127344;11,99258;9,127344;11,99258;10,80508;10,80508;12,52188;10,34805;10,34805;10,80508;10,36367;10,36367;11,26016;10,75234;12,90469;17,43789;12,90469;12,37148;13,18203;13,18203;19,2875;9,127344;12,90469;18,32461;13,18203;12,90469;13,18203;12,37148;12,37148;12,37148;10,75234;13,31484;19,2875;13,31484;17,43789;13,31484;18,84023;19,2875;13,18203;12,37148;12,90469;10,09414;12,37148;9,127344;10,09414;12,90469;17,43789;10,36367;13,31484;13,18203;12,90469;13,18203;10,75234;13,31484;12,37148;12,37148;17,43789;19,2875;10,75234;18,84023;10,75234;12,90469;19,2875;13,18203;12,90469;12,90469;10,09414;18,84023;12,2875;17,43789;12,37148;12,37148;9,127344;12,37148
"661";"2005-01-01";12,00845;12,78774;9,863916;10,90103;10,90103;12,00845;12,78774;10,44595;10,84243;9,863916;10,61001;12,30532;9,863916;12,00845;9,863916;10,90103;9,24087;11,20767;10,90103;11,64321;10,90103;12,75454;14,06704;11,20767;11,64321;11,20767;9,863916;10,63345;9,863916;10,90103;12,00845;9,24087;12,00845;9,24087;12,00845;10,90103;10,90103;12,75454;10,63345;10,63345;10,90103;10,61001;10,61001;11,64321;10,84243;13,18032;17,80728;13,18032;12,78774;13,39712;13,39712;19,74673;9,24087;13,18032;18,58657;13,39712;13,18032;13,39712;12,78774;12,78774;12,78774;10,84243;13,44204;19,74673;13,44204;17,80728;13,44204;19,38931;19,74673;13,39712;12,78774;13,18032;10,44595;12,78774;9,24087;10,44595;13,18032;17,80728;10,61001;13,44204;13,39712;13,18032;13,39712;10,84243;13,44204;12,78774;12,78774;17,80728;19,74673;10,84243;19,38931;10,84243;13,18032;19,74673;13,39712;13,18032;13,18032;10,44595;19,38931;12,30532;17,80728;12,78774;12,78774;9,24087;12,78774
"662";"2005-02-01";14,20864;15,19302;11,61685;12,7145;12,7145;14,20864;15,19302;12,17153;12,95474;11,61685;12,76528;14,56021;11,61685;14,20864;11,61685;12,7145;10,95474;13,14028;12,7145;13,51724;12,7145;14,60513;16,31997;13,14028;13,51724;13,14028;11,61685;12,67153;11,61685;12,7145;14,20864;10,95474;14,20864;10,95474;14,20864;12,7145;12,7145;14,60513;12,67153;12,67153;12,7145;12,76528;12,76528;13,51724;12,95474;14,4313;18,45083;14,4313;13,82778;14,81411;14,81411;20,527;10,95474;14,4313;19,46255;14,81411;14,4313;14,81411;13,82778;13,82778;13,82778;12,95474;14,95474;20,527;14,95474;18,45083;14,95474;20,37856;20,527;14,81411;13,82778;14,4313;12,17153;13,82778;10,95474;12,17153;14,4313;18,45083;12,76528;14,95474;14,81411;14,4313;14,81411;12,95474;14,95474;13,82778;13,82778;18,45083;20,527;12,95474;20,37856;12,95474;14,4313;20,527;14,81411;14,4313;14,4313;12,17153;20,37856;14,56021;18,45083;13,82778;13,82778;10,95474;13,82778
"663";"2005-03-01";16,58242;18,14297;14,76016;14,58047;14,58047;16,58242;18,14297;15,62734;15,86367;14,76016;15,79531;17,76797;14,76016;16,58242;14,76016;14,58047;13,45352;15,39297;14,58047;14,77188;14,58047;15,99648;18,26016;15,39297;14,77188;15,39297;14,76016;14,72695;14,76016;14,58047;16,58242;13,45352;16,58242;13,45352;16,58242;14,58047;14,58047;15,99648;14,72695;14,72695;14,58047;15,79531;15,79531;14,77188;15,86367;16,47891;20,46523;16,47891;16,04141;16,85781;16,85781;22,05703;13,45352;16,47891;21,24453;16,85781;16,47891;16,85781;16,04141;16,04141;16,04141;15,86367;17,43008;22,05703;17,43008;20,46523;17,43008;21,92617;22,05703;16,85781;16,04141;16,47891;15,62734;16,04141;13,45352;15,62734;16,47891;20,46523;15,79531;17,43008;16,85781;16,47891;16,85781;15,86367;17,43008;16,04141;16,04141;20,46523;22,05703;15,86367;21,92617;15,86367;16,47891;22,05703;16,85781;16,47891;16,47891;15,62734;21,92617;17,76797;20,46523;16,04141;16,04141;13,45352;16,04141
"664";"2005-04-01";17,76992;18,85391;14,90078;15,93789;15,93789;17,76992;18,85391;15,68984;16,38711;14,90078;15,98672;18,31875;14,90078;17,76992;14,90078;15,93789;14,15273;16,05313;15,93789;16,35391;15,93789;17,85;20,11172;16,05313;16,35391;16,05313;14,90078;15,73281;14,90078;15,93789;17,76992;14,15273;17,76992;14,15273;17,76992;15,93789;15,93789;17,85;15,73281;15,73281;15,93789;15,98672;15,98672;16,35391;16,38711;17,84609;22,29336;17,84609;17,4125;18,14102;18,14102;24,15078;14,15273;17,84609;23,17031;18,14102;17,84609;18,14102;17,4125;17,4125;17,4125;16,38711;18,56289;24,15078;18,56289;22,29336;18,56289;23,92031;24,15078;18,14102;17,4125;17,84609;15,68984;17,4125;14,15273;15,68984;17,84609;22,29336;15,98672;18,56289;18,14102;17,84609;18,14102;16,38711;18,56289;17,4125;17,4125;22,29336;24,15078;16,38711;23,92031;16,38711;17,84609;24,15078;18,14102;17,84609;17,84609;15,68984;23,92031;18,31875;22,29336;17,4125;17,4125;14,15273;17,4125
"665";"2005-05-01";17,24917;18,49917;14,87808;15,4562;15,4562;17,24917;18,49917;15,83315;16,24722;14,87808;15,97183;18,22769;14,87808;17,24917;14,87808;15,4562;14,04995;15,94253;15,4562;15,96011;15,4562;17,14565;19,3605;15,94253;15,96011;15,94253;14,87808;15,5187;14,87808;15,4562;17,24917;14,04995;17,24917;14,04995;17,24917;15,4562;15,4562;17,14565;15,5187;15,5187;15,4562;15,97183;15,97183;15,96011;16,24722;18,34097;22,673;18,34097;17,77651;18,69644;18,69644;25,11245;14,04995;18,34097;24,1105;18,69644;18,34097;18,69644;17,77651;17,77651;17,77651;16,24722;18,90347;25,11245;18,90347;22,673;18,90347;24,84097;25,11245;18,69644;17,77651;18,34097;15,83315;17,77651;14,04995;15,83315;18,34097;22,673;15,97183;18,90347;18,69644;18,34097;18,69644;16,24722;18,90347;17,77651;17,77651;22,673;25,11245;16,24722;24,84097;16,24722;18,34097;25,11245;18,69644;18,34097;18,34097;15,83315;24,84097;18,22769;22,673;17,77651;17,77651;14,04995;17,77651
"666";"2005-06-01";18,08779;18,97842;15,79678;16,47061;16,47061;18,08779;18,97842;16,38467;16,98232;15,79678;16,41592;18,67373;15,79678;18,08779;15,79678;16,47061;15,03701;16,67959;16,47061;17,0917;16,47061;18,25186;20,48818;16,67959;17,0917;16,67959;15,79678;16,36904;15,79678;16,47061;18,08779;15,03701;18,08779;15,03701;18,08779;16,47061;16,47061;18,25186;16,36904;16,36904;16,47061;16,41592;16,41592;17,0917;16,98232;19,8124;23,97061;19,8124;18,93936;20,07998;20,07998;26,37686;15,03701;19,8124;25,32803;20,07998;19,8124;20,07998;18,93936;18,93936;18,93936;16,98232;20,12881;26,37686;20,12881;23,97061;20,12881;26,16201;26,37686;20,07998;18,93936;19,8124;16,38467;18,93936;15,03701;16,38467;19,8124;23,97061;16,41592;20,12881;20,07998;19,8124;20,07998;16,98232;20,12881;18,93936;18,93936;23,97061;26,37686;16,98232;26,16201;16,98232;19,8124;26,37686;20,07998;19,8124;19,8124;16,38467;26,16201;18,67373;23,97061;18,93936;18,93936;15,03701;18,93936
"667";"2005-07-01";17,5021;18,69741;14,94937;15,67202;15,67202;17,5021;18,69741;15,42983;16,41226;14,94937;15,42007;18,10757;14,94937;17,5021;14,94937;15,67202;14,38687;15,61929;15,67202;16,23452;15,67202;17,51382;19,50796;15,61929;16,23452;15,61929;14,94937;15,51187;14,94937;15,67202;17,5021;14,38687;17,5021;14,38687;17,5021;15,67202;15,67202;17,51382;15,51187;15,51187;15,67202;15,42007;15,42007;16,23452;16,41226;19,26772;23,38296;19,26772;18,38101;19,53726;19,53726;25,58608;14,38687;19,26772;24,70913;19,53726;19,26772;19,53726;18,38101;18,38101;18,38101;16,41226;19,49038;25,58608;19,49038;23,38296;19,49038;25,34585;25,58608;19,53726;18,38101;19,26772;15,42983;18,38101;14,38687;15,42983;19,26772;23,38296;15,42007;19,49038;19,53726;19,26772;19,53726;16,41226;19,49038;18,38101;18,38101;23,38296;25,58608;16,41226;25,34585;16,41226;19,26772;25,58608;19,53726;19,26772;19,26772;15,42983;25,34585;18,10757;23,38296;18,38101;18,38101;14,38687;18,38101
"668";"2005-08-01";16,81021;18,08755;14,54653;15,20864;15,20864;16,81021;18,08755;15,21255;15,902;14,54653;15,28286;17,60513;14,54653;16,81021;14,54653;15,20864;13,85708;15,527;15,20864;15,97817;15,20864;17,09341;18,91177;15,527;15,97817;15,527;14,54653;15,2145;14,54653;15,20864;16,81021;13,85708;16,81021;13,85708;16,81021;15,20864;15,20864;17,09341;15,2145;15,2145;15,20864;15,28286;15,28286;15,97817;15,902;18,90396;23,00356;18,90396;18,02896;19,19497;19,19497;25,19302;13,85708;18,90396;24,27505;19,19497;18,90396;19,19497;18,02896;18,02896;18,02896;15,902;19,04067;25,19302;19,04067;23,00356;19,04067;25,05239;25,19302;19,19497;18,02896;18,90396;15,21255;18,02896;13,85708;15,21255;18,90396;23,00356;15,28286;19,04067;19,19497;18,90396;19,19497;15,902;19,04067;18,02896;18,02896;23,00356;25,19302;15,902;25,05239;15,902;18,90396;25,19302;19,19497;18,90396;18,90396;15,21255;25,05239;17,60513;23,00356;18,02896;18,02896;13,85708;18,02896
"669";"2005-09-01";16,79824;18,02285;14,2709;15,1127;15,1127;16,79824;18,02285;14,65176;15,93887;14,2709;14,67129;17,61465;14,2709;16,79824;14,2709;15,1127;13,90762;14,91152;15,1127;15,6459;15,1127;17,19277;19,00918;14,91152;15,6459;14,91152;14,2709;14,8666;14,2709;15,1127;16,79824;13,90762;16,79824;13,90762;16,79824;15,1127;15,1127;17,19277;14,8666;14,8666;15,1127;14,67129;14,67129;15,6459;15,93887;18,76113;23,09512;18,76113;17,88418;19,12832;19,12832;25,14199;13,90762;18,76113;24,28262;19,12832;18,76113;19,12832;17,88418;17,88418;17,88418;15,93887;19,00918;25,14199;19,00918;23,09512;19,00918;24,88027;25,14199;19,12832;17,88418;18,76113;14,65176;17,88418;13,90762;14,65176;18,76113;23,09512;14,67129;19,00918;19,12832;18,76113;19,12832;15,93887;19,00918;17,88418;17,88418;23,09512;25,14199;15,93887;24,88027;15,93887;18,76113;25,14199;19,12832;18,76113;18,76113;14,65176;24,88027;17,61465;23,09512;17,88418;17,88418;13,90762;17,88418
"670";"2005-10-01";15,87832;16,99941;13,41934;14,19863;14,19863;15,87832;16,99941;13,6459;15,1127;13,41934;13,33145;16,65371;13,41934;15,87832;13,41934;14,19863;13,13223;13,81973;14,19863;14,26504;14,19863;15,98965;17,87246;13,81973;14,26504;13,81973;13,41934;13,23965;13,41934;14,19863;15,87832;13,13223;15,87832;13,13223;15,87832;14,19863;14,19863;15,98965;13,23965;13,23965;14,19863;13,33145;13,33145;14,26504;15,1127;17,56973;21,62832;17,56973;16,76113;17,96231;17,96231;23,75723;13,13223;17,56973;22,93301;17,96231;17,56973;17,96231;16,76113;16,76113;16,76113;15,1127;17,98379;23,75723;17,98379;21,62832;17,98379;23,49941;23,75723;17,96231;16,76113;17,56973;13,6459;16,76113;13,13223;13,6459;17,56973;21,62832;13,33145;17,98379;17,96231;17,56973;17,96231;15,1127;17,98379;16,76113;16,76113;21,62832;23,75723;15,1127;23,49941;15,1127;17,56973;23,75723;17,96231;17,56973;17,56973;13,6459;23,49941;16,65371;21,62832;16,76113;16,76113;13,13223;16,76113
"671";"2005-11-01";14,11831;15,12808;11,55972;12,76089;12,76089;14,11831;15,12808;11,66323;12,86245;11,55972;11,67105;14,60659;11,55972;14,11831;11,55972;12,76089;11,01089;12,56362;12,76089;12,84292;12,76089;14,77456;16,48159;12,56362;12,84292;12,56362;11,55972;11,6144;11,55972;12,76089;14,11831;11,01089;14,11831;11,01089;14,11831;12,76089;12,76089;14,77456;11,6144;11,6144;12,76089;11,67105;11,67105;12,84292;12,86245;15,173;18,82925;15,173;14,2394;15,4269;15,4269;21,11831;11,01089;15,173;20,26675;15,4269;15,173;15,4269;14,2394;14,2394;14,2394;12,86245;15,51675;21,11831;15,51675;18,82925;15,51675;20,87026;21,11831;15,4269;14,2394;15,173;11,66323;14,2394;11,01089;11,66323;15,173;18,82925;11,67105;15,51675;15,4269;15,173;15,4269;12,86245;15,51675;14,2394;14,2394;18,82925;21,11831;12,86245;20,87026;12,86245;15,173;21,11831;15,4269;15,173;15,173;11,66323;20,87026;14,60659;18,82925;14,2394;14,2394;11,01089;14,2394
"672";"2005-12-01";13,46426;14,89785;10,8666;11,95449;11,95449;13,46426;14,89785;11,38418;12,36074;10,8666;11,39199;14,21621;10,8666;13,46426;10,8666;11,95449;10,45059;11,94082;11,95449;12,1166;11,95449;13,75527;15,50723;11,94082;12,1166;11,94082;10,8666;11,11074;10,8666;11,95449;13,46426;10,45059;13,46426;10,45059;13,46426;11,95449;11,95449;13,75527;11,11074;11,11074;11,95449;11,39199;11,39199;12,1166;12,36074;14,38809;18,33535;14,38809;13,71035;14,73379;14,73379;20,21426;10,45059;14,38809;19,4877;14,73379;14,38809;14,73379;13,71035;13,71035;13,71035;12,36074;14,92715;20,21426;14,92715;18,33535;14,92715;19,97598;20,21426;14,73379;13,71035;14,38809;11,38418;13,71035;10,45059;11,38418;14,38809;18,33535;11,39199;14,92715;14,73379;14,38809;14,73379;12,36074;14,92715;13,71035;13,71035;18,33535;20,21426;12,36074;19,97598;12,36074;14,38809;20,21426;14,73379;14,38809;14,38809;11,38418;19,97598;14,21621;18,33535;13,71035;13,71035;10,45059;13,71035
"673";"2006-01-01";12,63149;13,84829;10,20181;11,23892;11,23892;12,63149;13,84829;10,5436;11,39907;10,20181;10,48696;13,15103;10,20181;12,63149;10,20181;11,23892;9,574854;11,29556;11,23892;11,51235;11,23892;13,0729;14,74868;11,29556;11,51235;11,29556;10,20181;10,31899;10,20181;11,23892;12,63149;9,574854;12,63149;9,574854;12,63149;11,23892;11,23892;13,0729;10,31899;10,31899;11,23892;10,48696;10,48696;11,51235;11,39907;13,49478;17,67642;13,49478;12,85024;13,68032;13,68032;19,37954;9,574854;13,49478;18,60415;13,68032;13,49478;13,68032;12,85024;12,85024;12,85024;11,39907;13,76626;19,37954;13,76626;17,67642;13,76626;19,18032;19,37954;13,68032;12,85024;13,49478;10,5436;12,85024;9,574854;10,5436;13,49478;17,67642;10,48696;13,76626;13,68032;13,49478;13,68032;11,39907;13,76626;12,85024;12,85024;17,67642;19,37954;11,39907;19,18032;11,39907;13,49478;19,37954;13,68032;13,49478;13,49478;10,5436;19,18032;13,15103;17,67642;12,85024;12,85024;9,574854;12,85024
"674";"2006-02-01";13,79775;14,86611;11,14346;12,49893;12,49893;13,79775;14,86611;11,64541;12,37393;11,14346;11,8915;14,06924;11,14346;13,79775;11,14346;12,49893;10,51064;12,58877;12,49893;12,99307;12,49893;14,55166;16,07314;12,58877;12,99307;12,58877;11,14346;11,8583;11,14346;12,49893;13,79775;10,51064;13,79775;10,51064;13,79775;12,49893;12,49893;14,55166;11,8583;11,8583;12,49893;11,8915;11,8915;12,99307;12,37393;14,04385;18,21768;14,04385;13,49502;14,2958;14,2958;19,80557;10,51064;14,04385;19,0165;14,2958;14,04385;14,2958;13,49502;13,49502;13,49502;12,37393;14,49502;19,80557;14,49502;18,21768;14,49502;19,59463;19,80557;14,2958;13,49502;14,04385;11,64541;13,49502;10,51064;11,64541;14,04385;18,21768;11,8915;14,49502;14,2958;14,04385;14,2958;12,37393;14,49502;13,49502;13,49502;18,21768;19,80557;12,37393;19,59463;12,37393;14,04385;19,80557;14,2958;14,04385;14,04385;11,64541;19,59463;14,06924;18,21768;13,49502;13,49502;10,51064;13,49502
"675";"2006-03-01";15,57363;16,88223;13,13613;13,9916;13,9916;15,57363;16,88223;13,85684;14,42324;13,13613;13,87832;16,27871;13,13613;15,57363;13,13613;13,9916;12,31387;14,32559;13,9916;14,50137;13,9916;15,93887;17,68887;14,32559;14,50137;14,32559;13,13613;13,59902;13,13613;13,9916;15,57363;12,31387;15,57363;12,31387;15,57363;13,9916;13,9916;15,93887;13,59902;13,59902;13,9916;13,87832;13,87832;14,50137;14,42324;16,21035;20,98965;16,21035;15,85098;16,62051;16,62051;22,86074;12,31387;16,21035;21,99941;16,62051;16,21035;16,62051;15,85098;15,85098;15,85098;14,42324;16,93106;22,86074;16,93106;20,98965;16,93106;22,70449;22,86074;16,62051;15,85098;16,21035;13,85684;15,85098;12,31387;13,85684;16,21035;20,98965;13,87832;16,93106;16,62051;16,21035;16,62051;14,42324;16,93106;15,85098;15,85098;20,98965;22,86074;14,42324;22,70449;14,42324;16,21035;22,86074;16,62051;16,21035;16,21035;13,85684;22,70449;16,27871;20,98965;15,85098;15,85098;12,31387;15,85098
"676";"2006-04-01";16,92959;18,5624;14,07998;15,17373;15,17373;16,92959;18,5624;15,0917;15,80264;14,07998;15,05264;17,98232;14,07998;16,92959;14,07998;15,17373;13,35928;15,38662;15,17373;15,74209;15,17373;17,35147;19,21475;15,38662;15,74209;15,38662;14,07998;14,84756;14,07998;15,17373;16,92959;13,35928;16,92959;13,35928;16,92959;15,17373;15,17373;17,35147;14,84756;14,84756;15,17373;15,05264;15,05264;15,74209;15,80264;18,00967;23,371;18,00967;17,69131;18,41982;18,41982;25,60342;13,35928;18,00967;24,6542;18,41982;18,00967;18,41982;17,69131;17,69131;17,69131;15,80264;18,82412;25,60342;18,82412;23,371;18,82412;25,26943;25,60342;18,41982;17,69131;18,00967;15,0917;17,69131;13,35928;15,0917;18,00967;23,371;15,05264;18,82412;18,41982;18,00967;18,41982;15,80264;18,82412;17,69131;17,69131;23,371;25,60342;15,80264;25,26943;15,80264;18,00967;25,60342;18,41982;18,00967;18,00967;15,0917;25,26943;17,98232;23,371;17,69131;17,69131;13,35928;17,69131
"677";"2006-05-01";16,60195;18,23867;14,3793;14,86758;14,86758;16,60195;18,23867;14,92031;16,05117;14,3793;14,89102;18,16445;14,3793;16,60195;14,3793;14,86758;13,84414;15,04531;14,86758;15,35195;14,86758;16,58828;18,56484;15,04531;15,35195;15,04531;14,3793;14,67422;14,3793;14,86758;16,60195;13,84414;16,60195;13,84414;16,60195;14,86758;14,86758;16,58828;14,67422;14,67422;14,86758;14,89102;14,89102;15,35195;16,05117;18,6918;23,61953;18,6918;17,93984;19,0043;19,0043;25,85781;13,84414;18,6918;24,79531;19,0043;18,6918;19,0043;17,93984;17,93984;17,93984;16,05117;19,09023;25,85781;19,09023;23,61953;19,09023;25,74844;25,85781;19,0043;17,93984;18,6918;14,92031;17,93984;13,84414;14,92031;18,6918;23,61953;14,89102;19,09023;19,0043;18,6918;19,0043;16,05117;19,09023;17,93984;17,93984;23,61953;25,85781;16,05117;25,74844;16,05117;18,6918;25,85781;19,0043;18,6918;18,6918;14,92031;25,74844;18,16445;23,61953;17,93984;17,93984;13,84414;17,93984
"678";"2006-06-01";16,64053;17,83389;14,41592;15,17959;15,17959;16,64053;17,83389;14,74209;15,89639;14,41592;14,76748;17,68545;14,41592;16,64053;14,41592;15,17959;13,93545;15,33779;15,17959;15,86904;15,17959;17,08975;18,78311;15,33779;15,86904;15,33779;14,41592;14,76943;14,41592;15,17959;16,64053;13,93545;16,64053;13,93545;16,64053;15,17959;15,17959;17,08975;14,76943;14,76943;15,17959;14,76748;14,76748;15,86904;15,89639;18,62686;22,66006;18,62686;17,65615;18,9374;18,9374;25,0292;13,93545;18,62686;24,121;18,9374;18,62686;18,9374;17,65615;17,65615;17,65615;15,89639;18,87686;25,0292;18,87686;22,66006;18,87686;24,81045;25,0292;18,9374;17,65615;18,62686;14,74209;17,65615;13,93545;14,74209;18,62686;22,66006;14,76748;18,87686;18,9374;18,62686;18,9374;15,89639;18,87686;17,65615;17,65615;22,66006;25,0292;15,89639;24,81045;15,89639;18,62686;25,0292;18,9374;18,62686;18,62686;14,74209;24,81045;17,68545;22,66006;17,65615;17,65615;13,93545;17,65615
"679";"2006-07-01";16,41348;17,77481;14,05606;14,8334;14,8334;16,41348;17,77481;14,47988;15,60098;14,05606;14,47988;17,35684;14,05606;16,41348;14,05606;14,8334;13,59902;14,83731;14,8334;15,51113;14,8334;16,86074;18,64199;14,83731;15,51113;14,83731;14,05606;14,6127;14,05606;14,8334;16,41348;13,59902;16,41348;13,59902;16,41348;14,8334;14,8334;16,86074;14,6127;14,6127;14,8334;14,47988;14,47988;15,51113;15,60098;18,46231;22,61465;18,46231;17,51504;18,74941;18,74941;24,7084;13,59902;18,46231;23,85879;18,74941;18,46231;18,74941;17,51504;17,51504;17,51504;15,60098;18,65957;24,7084;18,65957;22,61465;18,65957;24,57168;24,7084;18,74941;17,51504;18,46231;14,47988;17,51504;13,59902;14,47988;18,46231;22,61465;14,47988;18,65957;18,74941;18,46231;18,74941;15,60098;18,65957;17,51504;17,51504;22,61465;24,7084;15,60098;24,57168;15,60098;18,46231;24,7084;18,74941;18,46231;18,46231;14,47988;24,57168;17,35684;22,61465;17,51504;17,51504;13,59902;17,51504
"680";"2006-08-01";16,53042;18,13394;14,39175;14,83511;14,83511;16,53042;18,13394;14,78042;15,93081;14,39175;14,68862;17,71011;14,39175;16,53042;14,39175;14,83511;13,89565;15,10464;14,83511;15,548;14,83511;16,56362;18,5187;15,10464;15,548;15,10464;14,39175;14,7023;14,39175;14,83511;16,53042;13,89565;16,53042;13,89565;16,53042;14,83511;14,83511;16,56362;14,7023;14,7023;14,83511;14,68862;14,68862;15,548;15,93081;18,7687;22,83315;18,7687;17,82534;19,12612;19,12612;25,2394;13,89565;18,7687;24,35073;19,12612;18,7687;19,12612;17,82534;17,82534;17,82534;15,93081;19,08706;25,2394;19,08706;22,83315;19,08706;25,05972;25,2394;19,12612;17,82534;18,7687;14,78042;17,82534;13,89565;14,78042;18,7687;22,83315;14,68862;19,08706;19,12612;18,7687;19,12612;15,93081;19,08706;17,82534;17,82534;22,83315;25,2394;15,93081;25,05972;15,93081;18,7687;25,2394;19,12612;18,7687;18,7687;14,78042;25,05972;17,71011;22,83315;17,82534;17,82534;13,89565;17,82534
"681";"2006-09-01";17,13784;18,99722;14,7062;15,18862;15,18862;17,13784;18,99722;15,07144;16,32534;14,7062;15,01675;18,23159;14,7062;17,13784;14,7062;15,18862;14,25112;15,41323;15,18862;15,97964;15,18862;16,9269;18,81362;15,41323;15,97964;15,41323;14,7062;15,07925;14,7062;15,18862;17,13784;14,25112;17,13784;14,25112;17,13784;15,18862;15,18862;16,9269;15,07925;15,07925;15,18862;15,01675;15,01675;15,97964;16,32534;19,12026;23,15737;19,12026;18,16323;19,47378;19,47378;25,45815;14,25112;19,12026;24,62808;19,47378;19,12026;19,47378;18,16323;18,16323;18,16323;16,32534;19,41519;25,45815;19,41519;23,15737;19,41519;25,22964;25,45815;19,47378;18,16323;19,12026;15,07144;18,16323;14,25112;15,07144;19,12026;23,15737;15,01675;19,41519;19,47378;19,12026;19,47378;16,32534;19,41519;18,16323;18,16323;23,15737;25,45815;16,32534;25,22964;16,32534;19,12026;25,45815;19,47378;19,12026;19,12026;15,07144;25,22964;18,23159;23,15737;18,16323;18,16323;14,25112;18,16323
"682";"2006-10-01";16,67349;18,25942;14,23989;14,89419;14,89419;16,67349;18,25942;14,47622;15,74966;14,23989;14,43716;17,59341;14,23989;16,67349;14,23989;14,89419;13,81411;15,20864;14,89419;15,70083;14,89419;16,65786;18,52896;15,20864;15,70083;15,20864;14,23989;14,50747;14,23989;14,89419;16,67349;13,81411;16,67349;13,81411;16,67349;14,89419;14,89419;16,65786;14,50747;14,50747;14,89419;14,43716;14,43716;15,70083;15,74966;18,56021;22,46646;18,56021;17,59927;18,98794;18,98794;24,69106;13,81411;18,56021;23,85903;18,98794;18,56021;18,98794;17,59927;17,59927;17,59927;15,74966;18,83364;24,69106;18,83364;22,46646;18,83364;24,52505;24,69106;18,98794;17,59927;18,56021;14,47622;17,59927;13,81411;14,47622;18,56021;22,46646;14,43716;18,83364;18,98794;18,56021;18,98794;15,74966;18,83364;17,59927;17,59927;22,46646;24,69106;15,74966;24,52505;15,74966;18,56021;24,69106;18,98794;18,56021;18,56021;14,47622;24,52505;17,59341;22,46646;17,59927;17,59927;13,81411;17,59927
"683";"2006-11-01";13,57168;14,68691;11,16348;12,13418;12,13418;13,57168;14,68691;11,43106;12,65566;11,16348;11,43887;14,26113;11,16348;13,57168;11,16348;12,13418;10,79434;12,01895;12,13418;12,2709;12,13418;13,84512;15,48574;12,01895;12,2709;12,01895;11,16348;11,30215;11,16348;12,13418;13,57168;10,79434;13,57168;10,79434;13,57168;12,13418;12,13418;13,84512;11,30215;11,30215;12,13418;11,43887;11,43887;12,2709;12,65566;15,14981;19,09121;15,14981;14,27285;15,51309;15,51309;21,31582;10,79434;15,14981;20,44668;15,51309;15,14981;15,51309;14,27285;14,27285;14,27285;12,65566;15,48965;21,31582;15,48965;19,09121;15,48965;21,0834;21,31582;15,51309;14,27285;15,14981;11,43106;14,27285;10,79434;11,43106;15,14981;19,09121;11,43887;15,48965;15,51309;15,14981;15,51309;12,65566;15,48965;14,27285;14,27285;19,09121;21,31582;12,65566;21,0834;12,65566;15,14981;21,31582;15,51309;15,14981;15,14981;11,43106;21,0834;14,26113;19,09121;14,27285;14,27285;10,79434;14,27285
"684";"2006-12-01";13,04116;14,47671;10,69741;11,48062;11,48062;13,04116;14,47671;10,9396;12,17593;10,69741;11,1564;13,99819;10,69741;13,04116;10,69741;11,48062;10,21499;11,66421;11,48062;11,77944;11,48062;13,14663;14,92983;11,66421;11,77944;11,66421;10,69741;10,8439;10,69741;11,48062;13,04116;10,21499;13,04116;10,21499;13,04116;11,48062;11,48062;13,14663;10,8439;10,8439;11,48062;11,1564;11,1564;11,77944;12,17593;14,14077;17,73062;14,14077;13,33413;14,52358;14,52358;19,88296;10,21499;14,14077;19,15054;14,52358;14,14077;14,52358;13,33413;13,33413;13,33413;12,17593;14,66226;19,88296;14,66226;17,73062;14,66226;19,65054;19,88296;14,52358;13,33413;14,14077;10,9396;13,33413;10,21499;10,9396;14,14077;17,73062;11,1564;14,66226;14,52358;14,14077;14,52358;12,17593;14,66226;13,33413;13,33413;17,73062;19,88296;12,17593;19,65054;12,17593;14,14077;19,88296;14,52358;14,14077;14,14077;10,9396;19,65054;13,99819;17,73062;13,33413;13,33413;10,21499;13,33413
"685";"2007-01-01";13,35806;14,38735;10,68618;11,91079;11,91079;13,35806;14,38735;11,03579;12,22134;10,68618;11,62368;13,84634;10,68618;13,35806;10,68618;11,91079;10,30728;12,08267;11,91079;12,45962;11,91079;13,73306;15,35806;12,08267;12,45962;12,08267;10,68618;11,57876;10,68618;11,91079;13,35806;10,30728;13,35806;10,30728;13,35806;11,91079;11,91079;13,73306;11,57876;11,57876;11,91079;11,62368;11,62368;12,45962;12,22134;13,73892;17,42642;13,73892;13,02407;14,14907;14,14907;19,41079;10,30728;13,73892;18,62564;14,14907;13,73892;14,14907;13,02407;13,02407;13,02407;12,22134;14,35024;19,41079;14,35024;17,42642;14,35024;19,13345;19,41079;14,14907;13,02407;13,73892;11,03579;13,02407;10,30728;11,03579;13,73892;17,42642;11,62368;14,35024;14,14907;13,73892;14,14907;12,22134;14,35024;13,02407;13,02407;17,42642;19,41079;12,22134;19,13345;12,22134;13,73892;19,41079;14,14907;13,73892;13,73892;11,03579;19,13345;13,84634;17,42642;13,02407;13,02407;10,30728;13,02407
"686";"2007-02-01";14,66689;15,94619;11,97939;12,94033;12,94033;14,66689;15,94619;12,50479;13,58682;11,97939;12,7665;15,39541;11,97939;14,66689;11,97939;12,94033;11,36416;13,12393;12,94033;13,15908;12,94033;14,69229;16,44033;13,12393;13,15908;13,12393;11,97939;12,34854;11,97939;12,94033;14,66689;11,36416;14,66689;11,36416;14,66689;12,94033;12,94033;14,69229;12,34854;12,34854;12,94033;12,7665;12,7665;13,15908;13,58682;14,72354;18,54385;14,72354;14,17861;15,04385;15,04385;20,20596;11,36416;14,72354;19,60049;15,04385;14,72354;15,04385;14,17861;14,17861;14,17861;13,58682;15,40518;20,20596;15,40518;18,54385;15,40518;19,8876;20,20596;15,04385;14,17861;14,72354;12,50479;14,17861;11,36416;12,50479;14,72354;18,54385;12,7665;15,40518;15,04385;14,72354;15,04385;13,58682;15,40518;14,17861;14,17861;18,54385;20,20596;13,58682;19,8876;13,58682;14,72354;20,20596;15,04385;14,72354;14,72354;12,50479;19,8876;15,39541;18,54385;14,17861;14,17861;11,36416;14,17861
"687";"2007-03-01";15,41274;16,56314;12,49282;13,7936;13,7936;15,41274;16,56314;13,33657;14,00845;12,49282;13,52017;15,87564;12,49282;15,41274;12,49282;13,7936;11,90103;13,83267;13,7936;14,19595;13,7936;15,91274;17,6686;13,83267;14,19595;13,83267;12,49282;13,26431;12,49282;13,7936;15,41274;11,90103;15,41274;11,90103;15,41274;13,7936;13,7936;15,91274;13,26431;13,26431;13,7936;13,52017;13,52017;14,19595;14,00845;15,59048;20,08267;15,59048;15,11782;16,02407;16,02407;22,18032;11,90103;15,59048;21,24478;16,02407;15,59048;16,02407;15,11782;15,11782;15,11782;14,00845;16,19204;22,18032;16,19204;20,08267;16,19204;21,89517;22,18032;16,02407;15,11782;15,59048;13,33657;15,11782;11,90103;13,33657;15,59048;20,08267;13,52017;16,19204;16,02407;15,59048;16,02407;14,00845;16,19204;15,11782;15,11782;20,08267;22,18032;14,00845;21,89517;14,00845;15,59048;22,18032;16,02407;15,59048;15,59048;13,33657;21,89517;15,87564;20,08267;15,11782;15,11782;11,90103;15,11782
"688";"2007-04-01";16,80874;18,2853;14,10952;14,85366;14,85366;16,80874;18,2853;15,18374;15,88882;14,10952;15,29702;17,91616;14,10952;16,80874;14,10952;14,85366;13,39858;15,04702;14,85366;15,23452;14,85366;16,8146;18,79702;15,04702;15,23452;15,04702;14,10952;14,7189;14,10952;14,85366;16,80874;13,39858;16,80874;13,39858;16,80874;14,85366;14,85366;16,8146;14,7189;14,7189;14,85366;15,29702;15,29702;15,23452;15,88882;17,40249;21,75601;17,40249;16,96499;17,84585;17,84585;24,0939;13,39858;17,40249;23,3439;17,84585;17,40249;17,84585;16,96499;16,96499;16,96499;15,88882;18,21499;24,0939;18,21499;21,75601;18,21499;23,81851;24,0939;17,84585;16,96499;17,40249;15,18374;16,96499;13,39858;15,18374;17,40249;21,75601;15,29702;18,21499;17,84585;17,40249;17,84585;15,88882;18,21499;16,96499;16,96499;21,75601;24,0939;15,88882;23,81851;15,88882;17,40249;24,0939;17,84585;17,40249;17,40249;15,18374;23,81851;17,91616;21,75601;16,96499;16,96499;13,39858;16,96499
"689";"2007-05-01";16,75576;18,05264;14,37295;15,24014;15,24014;16,75576;18,05264;15,01357;15,86709;14,37295;15,08584;17,83389;14,37295;16,75576;14,37295;15,24014;13,79092;15,32217;15,24014;15,50772;15,24014;16,9042;18,7499;15,32217;15,50772;15,32217;14,37295;14,74209;14,37295;15,24014;16,75576;13,79092;16,75576;13,79092;16,75576;15,24014;15,24014;16,9042;14,74209;14,74209;15,24014;15,08584;15,08584;15,50772;15,86709;18,24404;22,5917;18,24404;17,58975;18,70498;18,70498;25,46865;13,79092;18,24404;24,4042;18,70498;18,24404;18,70498;17,58975;17,58975;17,58975;15,86709;18,84951;25,46865;18,84951;22,5917;18,84951;25,27139;25,46865;18,70498;17,58975;18,24404;15,01357;17,58975;13,79092;15,01357;18,24404;22,5917;15,08584;18,84951;18,70498;18,24404;18,70498;15,86709;18,84951;17,58975;17,58975;22,5917;25,46865;15,86709;25,27139;15,86709;18,24404;25,46865;18,70498;18,24404;18,24404;15,01357;25,27139;17,83389;22,5917;17,58975;17,58975;13,79092;17,58975
"690";"2007-06-01";17,02236;18,4501;14,81338;15,37979;15,37979;17,02236;18,4501;15,75088;16,28799;14,81338;16,05557;18,24111;14,81338;17,02236;14,81338;15,37979;14,16299;15,98916;15,37979;16,41885;15,37979;17,10049;18,78018;15,98916;16,41885;15,98916;14,81338;15,84658;14,81338;15,37979;17,02236;14,16299;17,02236;14,16299;17,02236;15,37979;15,37979;17,10049;15,84658;15,84658;15,37979;16,05557;16,05557;16,41885;16,28799;18,92471;23,25869;18,92471;18,18838;19,37979;19,37979;25,88564;14,16299;18,92471;25,05947;19,37979;18,92471;19,37979;18,18838;18,18838;18,18838;16,28799;19,45596;25,88564;19,45596;23,25869;19,45596;25,55947;25,88564;19,37979;18,18838;18,92471;15,75088;18,18838;14,16299;15,75088;18,92471;23,25869;16,05557;19,45596;19,37979;18,92471;19,37979;16,28799;19,45596;18,18838;18,18838;23,25869;25,88564;16,28799;25,55947;16,28799;18,92471;25,88564;19,37979;18,92471;18,92471;15,75088;25,55947;18,24111;23,25869;18,18838;18,18838;14,16299;18,18838
"691";"2007-07-01";16,54019;18,28433;14,39956;14,65151;14,65151;16,54019;18,28433;15,22378;15,8312;14,39956;15,3898;17,85073;14,39956;16,54019;14,39956;14,65151;13,73745;15,24136;14,65151;15,7355;14,65151;16,4562;18,35073;15,24136;15,7355;15,24136;14,39956;15,35464;14,39956;14,65151;16,54019;13,73745;16,54019;13,73745;16,54019;14,65151;14,65151;16,4562;15,35464;15,35464;14,65151;15,3898;15,3898;15,7355;15,8312;18,69644;23,14761;18,69644;17,98745;19,08511;19,08511;25,47183;13,73745;18,69644;24,7687;19,08511;18,69644;19,08511;17,98745;17,98745;17,98745;15,8312;19,10855;25,47183;19,10855;23,14761;19,10855;25,08315;25,47183;19,08511;17,98745;18,69644;15,22378;17,98745;13,73745;15,22378;18,69644;23,14761;15,3898;19,10855;19,08511;18,69644;19,08511;15,8312;19,10855;17,98745;17,98745;23,14761;25,47183;15,8312;25,08315;15,8312;18,69644;25,47183;19,08511;18,69644;18,69644;15,22378;25,08315;17,85073;23,14761;17,98745;17,98745;13,73745;17,98745
"692";"2007-08-01";16,80386;18,3019;14,37417;15,00894;15,00894;16,80386;18,3019;14,90542;15,87808;14,37417;14,9562;17,62417;14,37417;16,80386;14,37417;15,00894;13,88003;15,34292;15,00894;15,90737;15,00894;16,8644;18,67105;15,34292;15,90737;15,34292;14,37417;14,9855;14,37417;15,00894;16,80386;13,88003;16,80386;13,88003;16,80386;15,00894;15,00894;16,8644;14,9855;14,9855;15,00894;14,9562;14,9562;15,90737;15,87808;18,75894;22,90933;18,75894;17,88394;19,14565;19,14565;25,14565;13,88003;18,75894;24,3644;19,14565;18,75894;19,14565;17,88394;17,88394;17,88394;15,87808;19,07339;25,14565;19,07339;22,90933;19,07339;24,8312;25,14565;19,14565;17,88394;18,75894;14,90542;17,88394;13,88003;14,90542;18,75894;22,90933;14,9562;19,07339;19,14565;18,75894;19,14565;15,87808;19,07339;17,88394;17,88394;22,90933;25,14565;15,87808;24,8312;15,87808;18,75894;25,14565;19,14565;18,75894;18,75894;14,90542;24,8312;17,62417;22,90933;17,88394;17,88394;13,88003;17,88394
"693";"2007-09-01";16,50527;17,75137;14,28652;14,78652;14,78652;16,50527;17,75137;14,57754;15,8334;14,28652;14,48379;17,35684;14,28652;16,50527;14,28652;14,78652;13,88418;14,81387;14,78652;15,28652;14,78652;16,40371;18,24356;14,81387;15,28652;14,81387;14,28652;14,4584;14,28652;14,78652;16,50527;13,88418;16,50527;13,88418;16,50527;14,78652;14,78652;16,40371;14,4584;14,4584;14,78652;14,48379;14,48379;15,28652;15,8334;18,6166;22,54238;18,6166;17,65176;18,96426;18,96426;24,92715;13,88418;18,6166;24,12051;18,96426;18,6166;18,96426;17,65176;17,65176;17,65176;15,8334;18,90566;24,92715;18,90566;22,54238;18,90566;24,70449;24,92715;18,96426;17,65176;18,6166;14,57754;17,65176;13,88418;14,57754;18,6166;22,54238;14,48379;18,90566;18,96426;18,6166;18,96426;15,8334;18,90566;17,65176;17,65176;22,54238;24,92715;15,8334;24,70449;15,8334;18,6166;24,92715;18,96426;18,6166;18,6166;14,57754;24,70449;17,35684;22,54238;17,65176;17,65176;13,88418;17,65176
"694";"2007-10-01";15,47354;16,80557;12,8915;13,61807;13,61807;15,47354;16,80557;12,96963;14,74307;12,8915;12,66885;16,34854;12,8915;15,47354;12,8915;13,61807;12,71572;13,34854;13,61807;13,77822;13,61807;15,19619;17,06924;13,34854;13,77822;13,34854;12,8915;12,6376;12,8915;13,61807;15,47354;12,71572;15,47354;12,71572;15,47354;13,61807;13,61807;15,19619;12,6376;12,6376;13,61807;12,66885;12,66885;13,77822;14,74307;17,31143;21,33486;17,31143;16,26846;17,72549;17,72549;23,52432;12,71572;17,31143;22,70986;17,72549;17,31143;17,72549;16,26846;16,26846;16,26846;14,74307;17,66885;23,52432;17,66885;21,33486;17,66885;23,37783;23,52432;17,72549;16,26846;17,31143;12,96963;16,26846;12,71572;12,96963;17,31143;21,33486;12,66885;17,66885;17,72549;17,31143;17,72549;14,74307;17,66885;16,26846;16,26846;21,33486;23,52432;14,74307;23,37783;14,74307;17,31143;23,52432;17,72549;17,31143;17,31143;12,96963;23,37783;16,34854;21,33486;16,26846;16,26846;12,71572;16,26846
"695";"2007-11-01";13,90981;14,77896;11,3688;12,45278;12,45278;13,90981;14,77896;11,55825;12,75161;11,3688;11,46255;14,36489;11,3688;13,90981;11,3688;12,45278;10,8981;12,25942;12,45278;12,61099;12,45278;14,27896;16,0856;12,25942;12,61099;12,25942;11,3688;11,38247;11,3688;12,45278;13,90981;10,8981;13,90981;10,8981;13,90981;12,45278;12,45278;14,27896;11,38247;11,38247;12,45278;11,46255;11,46255;12,61099;12,75161;15,33755;19,15981;15,33755;14,4313;15,56802;15,56802;21,48989;10,8981;15,33755;20,63833;15,56802;15,33755;15,56802;14,4313;14,4313;14,4313;12,75161;15,51919;21,48989;15,51919;19,15981;15,51919;21,20083;21,48989;15,56802;14,4313;15,33755;11,55825;14,4313;10,8981;11,55825;15,33755;19,15981;11,46255;15,51919;15,56802;15,33755;15,56802;12,75161;15,51919;14,4313;14,4313;19,15981;21,48989;12,75161;21,20083;12,75161;15,33755;21,48989;15,56802;15,33755;15,33755;11,55825;21,20083;14,36489;19,15981;14,4313;14,4313;10,8981;14,4313
"696";"2007-12-01";13,61831;14,82925;11,2648;12,26284;12,26284;13,61831;14,82925;11,74526;12,51284;11,2648;11,68472;14,28042;11,2648;13,61831;11,2648;12,26284;10,77847;12,3019;12,26284;12,5519;12,26284;13,96597;15,65933;12,3019;12,5519;12,3019;11,2648;11,59292;11,2648;12,26284;13,61831;10,77847;13,61831;10,77847;13,61831;12,26284;12,26284;13,96597;11,59292;11,59292;12,26284;11,68472;11,68472;12,5519;12,51284;14,99917;19,06167;14,99917;14,43081;15,19839;15,19839;20,85659;10,77847;14,99917;20,14175;15,19839;14,99917;15,19839;14,43081;14,43081;14,43081;12,51284;15,22573;20,85659;15,22573;19,06167;15,22573;20,59683;20,85659;15,19839;14,43081;14,99917;11,74526;14,43081;10,77847;11,74526;14,99917;19,06167;11,68472;15,22573;15,19839;14,99917;15,19839;12,51284;15,22573;14,43081;14,43081;19,06167;20,85659;12,51284;20,59683;12,51284;14,99917;20,85659;15,19839;14,99917;14,99917;11,74526;20,59683;14,28042;19,06167;14,43081;14,43081;10,77847;14,43081
"697";"2008-01-01";12,45864;13,87075;10,15786;10,9645;10,9645;12,45864;13,87075;10,47622;11,51333;10,15786;10,59731;13,34731;10,15786;12,45864;10,15786;10,9645;9,610987;11,20474;10,9645;11,50161;10,9645;12,70083;14,40396;11,20474;11,50161;11,20474;10,15786;10,4645;10,15786;10,9645;12,45864;9,610987;12,45864;9,610987;12,45864;10,9645;10,9645;12,70083;10,4645;10,4645;10,9645;10,59731;10,59731;11,50161;11,51333;13,51333;17,52896;13,51333;12,82974;13,78286;13,78286;19,56216;9,610987;13,51333;18,82388;13,78286;13,51333;13,78286;12,82974;12,82974;12,82974;11,51333;13,94497;19,56216;13,94497;17,52896;13,94497;19,3356;19,56216;13,78286;12,82974;13,51333;10,47622;12,82974;9,610987;10,47622;13,51333;17,52896;10,59731;13,94497;13,78286;13,51333;13,78286;11,51333;13,94497;12,82974;12,82974;17,52896;19,56216;11,51333;19,3356;11,51333;13,51333;19,56216;13,78286;13,51333;13,51333;10,47622;19,3356;13,34731;17,52896;12,82974;12,82974;9,610987;12,82974
"698";"2008-02-01";15,01724;16,54458;12,3688;13,27114;13,27114;15,01724;16,54458;13,15786;13,94497;12,3688;13,26724;15,92153;12,3688;15,01724;12,3688;13,27114;11,69106;13,58364;13,27114;13,7106;13,27114;15,07974;17,03481;13,58364;13,7106;13,58364;12,3688;12,77505;12,3688;13,27114;15,01724;11,69106;15,01724;11,69106;15,01724;13,27114;13,27114;15,07974;12,77505;12,77505;13,27114;13,26724;13,26724;13,7106;13,94497;15,62075;19,9313;15,62075;15,17349;15,95474;15,95474;21,6481;11,69106;15,62075;20,87661;15,95474;15,62075;15,95474;15,17349;15,17349;15,17349;13,94497;16,22231;21,6481;16,22231;19,9313;16,22231;21,56802;21,6481;15,95474;15,17349;15,62075;13,15786;15,17349;11,69106;13,15786;15,62075;19,9313;13,26724;16,22231;15,95474;15,62075;15,95474;13,94497;16,22231;15,17349;15,17349;19,9313;21,6481;13,94497;21,56802;13,94497;15,62075;21,6481;15,95474;15,62075;15,62075;13,15786;21,56802;15,92153;19,9313;15,17349;15,17349;11,69106;15,17349
"699";"2008-03-01";15,18496;16,74746;12,72793;13,46426;13,46426;15,18496;16,74746;13,4584;14,01309;12,72793;13,7416;16,05801;12,72793;15,18496;12,72793;13,46426;11,8334;13,99746;13,46426;14,15957;13,46426;15,46816;17,50723;13,99746;14,15957;13,99746;12,72793;13,35098;12,72793;13,46426;15,18496;11,8334;15,18496;11,8334;15,18496;13,46426;13,46426;15,46816;13,35098;13,35098;13,46426;13,7416;13,7416;14,15957;14,01309;15,64004;19,87441;15,64004;15,04043;16,03262;16,03262;21,94082;11,8334;15,64004;21,04824;16,03262;15,64004;16,03262;15,04043;15,04043;15,04043;14,01309;16,36856;21,94082;16,36856;19,87441;16,36856;21,87246;21,94082;16,03262;15,04043;15,64004;13,4584;15,04043;11,8334;13,4584;15,64004;19,87441;13,7416;16,36856;16,03262;15,64004;16,03262;14,01309;16,36856;15,04043;15,04043;19,87441;21,94082;14,01309;21,87246;14,01309;15,64004;21,94082;16,03262;15,64004;15,64004;13,4584;21,87246;16,05801;19,87441;15,04043;15,04043;11,8334;15,04043
"700";"2008-04-01";16,91104;18,704;14,33682;14,99502;14,99502;16,91104;18,704;15,18252;15,90908;14,33682;15,29189;18,08486;14,33682;16,91104;14,33682;14,99502;13,52236;15,32314;14,99502;15,57705;14,99502;16,9833;19,07314;15,32314;15,57705;15,32314;14,33682;15,0126;14,33682;14,99502;16,91104;13,52236;16,91104;13,52236;16,91104;14,99502;14,99502;16,9833;15,0126;15,0126;14,99502;15,29189;15,29189;15,57705;15,90908;17,97549;22,47549;17,97549;17,50283;18,31533;18,31533;24,83096;13,52236;17,97549;23,85439;18,31533;17,97549;18,31533;17,50283;17,50283;17,50283;15,90908;18,69033;24,83096;18,69033;22,47549;18,69033;24,56143;24,83096;18,31533;17,50283;17,97549;15,18252;17,50283;13,52236;15,18252;17,97549;22,47549;15,29189;18,69033;18,31533;17,97549;18,31533;15,90908;18,69033;17,50283;17,50283;22,47549;24,83096;15,90908;24,56143;15,90908;17,97549;24,83096;18,31533;17,97549;17,97549;15,18252;24,56143;18,08486;22,47549;17,50283;17,50283;13,52236;17,50283
"701";"2008-05-01";17,46548;19,42251;14,98696;15,51235;15,51235;17,46548;19,42251;16,04751;16,73696;14,98696;16,0397;19,01235;14,98696;17,46548;14,98696;15,51235;14,23892;15,94204;15,51235;16,52993;15,51235;17,73306;19,70571;15,94204;16,52993;15,94204;14,98696;15,8561;14,98696;15,51235;17,46548;14,23892;17,46548;14,23892;17,46548;15,51235;15,51235;17,73306;15,8561;15,8561;15,51235;16,0397;16,0397;16,52993;16,73696;19,51235;24,50259;19,51235;18,93228;19,79556;19,79556;26,68032;14,23892;19,51235;25,64517;19,79556;19,51235;19,79556;18,93228;18,93228;18,93228;16,73696;20,07876;26,68032;20,07876;24,50259;20,07876;26,45376;26,68032;19,79556;18,93228;19,51235;16,04751;18,93228;14,23892;16,04751;19,51235;24,50259;16,0397;20,07876;19,79556;19,51235;19,79556;16,73696;20,07876;18,93228;18,93228;24,50259;26,68032;16,73696;26,45376;16,73696;19,51235;26,68032;19,79556;19,51235;19,51235;16,04751;26,45376;19,01235;24,50259;18,93228;18,93228;14,23892;18,93228
"702";"2008-06-01";16,34854;17,78799;14,28604;14,579;14,579;16,34854;17,78799;14,69814;15,85049;14,28604;14,61611;17,49893;14,28604;16,34854;14,28604;14,579;13,81924;14,69033;14,579;15,16104;14,579;16,34268;18,29189;14,69033;15,16104;14,69033;14,28604;14,55557;14,28604;14,579;16,34854;13,81924;16,34854;13,81924;16,34854;14,579;14,579;16,34268;14,55557;14,55557;14,579;14,61611;14,61611;15,16104;15,85049;18,7001;22,71572;18,7001;17,75674;19,00869;19,00869;24,90713;13,81924;18,7001;23,96182;19,00869;18,7001;19,00869;17,75674;17,75674;17,75674;15,85049;18,93838;24,90713;18,93838;22,71572;18,93838;24,79189;24,90713;19,00869;17,75674;18,7001;14,69814;17,75674;13,81924;14,69814;18,7001;22,71572;14,61611;18,93838;19,00869;18,7001;19,00869;15,85049;18,93838;17,75674;17,75674;22,71572;24,90713;15,85049;24,79189;15,85049;18,7001;24,90713;19,00869;18,7001;18,7001;14,69814;24,79189;17,49893;22,71572;17,75674;17,75674;13,81924;17,75674
"703";"2008-07-01";16,05654;17,43545;14,04482;14,2792;14,2792;16,05654;17,43545;14,54873;15,57803;14,04482;14,46865;17,11904;14,04482;16,05654;14,04482;14,2792;13,57607;14,5624;14,2792;15,07022;14,2792;15,9999;18,03115;14,5624;15,07022;14,5624;14,04482;14,48037;14,04482;14,2792;16,05654;13,57607;16,05654;13,57607;16,05654;14,2792;14,2792;15,9999;14,48037;14,48037;14,2792;14,46865;14,46865;15,07022;15,57803;18,53701;22,81436;18,53701;17,7167;18,89053;18,89053;24,94522;13,57607;18,53701;23,98037;18,89053;18,53701;18,89053;17,7167;17,7167;17,7167;15,57803;18,82412;24,94522;18,82412;22,81436;18,82412;24,83193;24,94522;18,89053;17,7167;18,53701;14,54873;17,7167;13,57607;14,54873;18,53701;22,81436;14,46865;18,82412;18,89053;18,53701;18,89053;15,57803;18,82412;17,7167;17,7167;22,81436;24,94522;15,57803;24,83193;15,57803;18,53701;24,94522;18,89053;18,53701;18,53701;14,54873;24,83193;17,11904;22,81436;17,7167;17,7167;13,57607;17,7167
"704";"2008-08-01";17,26382;19,02554;15,13296;15,16421;15,16421;17,26382;19,02554;15,99233;16,42788;15,13296;16,01577;18,33804;15,13296;17,26382;15,13296;15,16421;14,4064;15,81655;15,16421;16,23843;15,16421;16,82046;18,91226;15,81655;16,23843;15,81655;15,13296;15,84194;15,13296;15,16421;17,26382;14,4064;17,26382;14,4064;17,26382;15,16421;15,16421;16,82046;15,84194;15,84194;15,16421;16,01577;16,01577;16,23843;16,42788;19,5353;23,6896;19,5353;18,73062;19,82046;19,82046;26,22866;14,4064;19,5353;25,43179;19,82046;19,5353;19,82046;18,73062;18,73062;18,73062;16,42788;19,76187;26,22866;19,76187;23,6896;19,76187;25,80679;26,22866;19,82046;18,73062;19,5353;15,99233;18,73062;14,4064;15,99233;19,5353;23,6896;16,01577;19,76187;19,82046;19,5353;19,82046;16,42788;19,76187;18,73062;18,73062;23,6896;26,22866;16,42788;25,80679;16,42788;19,5353;26,22866;19,82046;19,5353;19,5353;15,99233;25,80679;18,33804;23,6896;18,73062;18,73062;14,4064;18,73062
"705";"2008-09-01";16,52871;17,74551;14,50332;14,87637;14,87637;16,52871;17,74551;14,69082;15,9291;14,50332;14,47402;17,3627;14,50332;16,52871;14,50332;14,87637;14,12832;14,81973;14,87637;15,31387;14,87637;16,58145;18,2709;14,81973;15,31387;14,81973;14,50332;14,45254;14,50332;14,87637;16,52871;14,12832;16,52871;14,12832;16,52871;14,87637;14,87637;16,58145;14,45254;14,45254;14,87637;14,47402;14,47402;15,31387;15,9291;18,90566;22,87441;18,90566;17,92129;19,14981;19,14981;24,9252;14,12832;18,90566;24,02285;19,14981;18,90566;19,14981;17,92129;17,92129;17,92129;15,9291;19,02481;24,9252;19,02481;22,87441;19,02481;24,79434;24,9252;19,14981;17,92129;18,90566;14,69082;17,92129;14,12832;14,69082;18,90566;22,87441;14,47402;19,02481;19,14981;18,90566;19,14981;15,9291;19,02481;17,92129;17,92129;22,87441;24,9252;15,9291;24,79434;15,9291;18,90566;24,9252;19,14981;18,90566;18,90566;14,69082;24,79434;17,3627;22,87441;17,92129;17,92129;14,12832;17,92129
"706";"2008-10-01";15,35391;16,31094;12,69375;13,63516;13,63516;15,35391;16,31094;12,75039;14,22109;12,69375;12,5707;15,77188;12,69375;15,35391;12,69375;13,63516;12,32461;13,26211;13,63516;13,87344;13,63516;15,67031;17,81484;13,26211;13,87344;13,26211;12,69375;12,59219;12,69375;13,63516;15,35391;12,32461;15,35391;12,32461;15,35391;13,63516;13,63516;15,67031;12,59219;12,59219;13,63516;12,5707;12,5707;13,87344;14,22109;17,0707;21,05117;17,0707;15,98867;17,2875;17,2875;23,32266;12,32461;17,0707;22,36172;17,2875;17,0707;17,2875;15,98867;15,98867;15,98867;14,22109;17,10977;23,32266;17,10977;21,05117;17,10977;23,16641;23,32266;17,2875;15,98867;17,0707;12,75039;15,98867;12,32461;12,75039;17,0707;21,05117;12,5707;17,10977;17,2875;17,0707;17,2875;14,22109;17,10977;15,98867;15,98867;21,05117;23,32266;14,22109;23,16641;14,22109;17,0707;23,32266;17,2875;17,0707;17,0707;12,75039;23,16641;15,77188;21,05117;15,98867;15,98867;12,32461;15,98867
"707";"2008-11-01";13,78018;14,8915;11,16885;12,204;12,204;13,78018;14,8915;11,2626;12,59268;11,16885;11,21768;14,34463;11,16885;13,78018;11,16885;12,204;10,62197;12,17861;12,204;12,58486;12,204;14,17275;15,84658;12,17861;12,58486;12,17861;11,16885;11,12588;11,16885;12,204;13,78018;10,62197;13,78018;10,62197;13,78018;12,204;12,204;14,17275;11,12588;11,12588;12,204;11,21768;11,21768;12,58486;12,59268;14,71572;18,54971;14,71572;13,88369;14,91299;14,91299;20,83877;10,62197;14,71572;19,9501;14,91299;14,71572;14,91299;13,88369;13,88369;13,88369;12,59268;14,96963;20,83877;14,96963;18,54971;14,96963;20,54971;20,83877;14,91299;13,88369;14,71572;11,2626;13,88369;10,62197;11,2626;14,71572;18,54971;11,21768;14,96963;14,91299;14,71572;14,91299;12,59268;14,96963;13,88369;13,88369;18,54971;20,83877;12,59268;20,54971;12,59268;14,71572;20,83877;14,91299;14,71572;14,71572;11,2626;20,54971;14,34463;18,54971;13,88369;13,88369;10,62197;13,88369
"708";"2008-12-01";12,73281;13,96523;10,80313;11,3832;11,3832;12,73281;13,96523;10,97891;11,81094;10,80313;11,01797;13,51602;10,80313;12,73281;10,80313;11,3832;10,12148;11,81094;11,3832;11,87148;11,3832;12,9125;14,55898;11,81094;11,87148;11,81094;10,80313;10,78359;10,80313;11,3832;12,73281;10,12148;12,73281;10,12148;12,73281;11,3832;11,3832;12,9125;10,78359;10,78359;11,3832;11,01797;11,01797;11,87148;11,81094;13,77578;17,73086;13,77578;13,12344;14,02383;14,02383;19,71328;10,12148;13,77578;19,00234;14,02383;13,77578;14,02383;13,12344;13,12344;13,12344;11,81094;14,11563;19,71328;14,11563;17,73086;14,11563;19,48281;19,71328;14,02383;13,12344;13,77578;10,97891;13,12344;10,12148;10,97891;13,77578;17,73086;11,01797;14,11563;14,02383;13,77578;14,02383;11,81094;14,11563;13,12344;13,12344;17,73086;19,71328;11,81094;19,48281;11,81094;13,77578;19,71328;14,02383;13,77578;13,77578;10,97891;19,48281;13,51602;17,73086;13,12344;13,12344;10,12148;13,12344
"709";"2009-01-01";12,86074;13,8627;10,54824;11,55606;11,55606;12,86074;13,8627;10,80215;11,63223;10,54824;10,83535;13,26504;10,54824;12,86074;10,54824;11,55606;9,962305;11,67324;11,55606;12,03457;11,55606;13,43301;15,08731;11,67324;12,03457;11,67324;10,54824;10,68106;10,54824;11,55606;12,86074;9,962305;12,86074;9,962305;12,86074;11,55606;11,55606;13,43301;10,68106;10,68106;11,55606;10,83535;10,83535;12,03457;11,63223;13,53262;17,30606;13,53262;12,88418;13,80996;13,80996;19,63809;9,962305;13,53262;18,81777;13,80996;13,53262;13,80996;12,88418;12,88418;12,88418;11,63223;13,94668;19,63809;13,94668;17,30606;13,94668;19,29434;19,63809;13,80996;12,88418;13,53262;10,80215;12,88418;9,962305;10,80215;13,53262;17,30606;10,83535;13,94668;13,80996;13,53262;13,80996;11,63223;13,94668;12,88418;12,88418;17,30606;19,63809;11,63223;19,29434;11,63223;13,53262;19,63809;13,80996;13,53262;13,53262;10,80215;19,29434;13,26504;17,30606;12,88418;12,88418;9,962305;12,88418
"710";"2009-02-01";13,49771;14,55239;11,28872;12,277;12,277;13,49771;14,55239;11,65786;12,2438;11,28872;11,85122;14,01919;11,28872;13,49771;11,28872;12,277;10,53286;12,42153;12,277;12,84927;12,277;14,31216;15,79849;12,42153;12,84927;12,42153;11,28872;11,73403;11,28872;12,277;13,49771;10,53286;13,49771;10,53286;13,49771;12,277;12,277;14,31216;11,73403;11,73403;12,277;11,85122;11,85122;12,84927;12,2438;14,39419;18,44302;14,39419;13,72231;14,58755;14,58755;20,48403;10,53286;14,39419;19,56606;14,58755;14,39419;14,58755;13,72231;13,72231;13,72231;12,2438;14,6188;20,48403;14,6188;18,44302;14,6188;20,32388;20,48403;14,58755;13,72231;14,39419;11,65786;13,72231;10,53286;11,65786;14,39419;18,44302;11,85122;14,6188;14,58755;14,39419;14,58755;12,2438;14,6188;13,72231;13,72231;18,44302;20,48403;12,2438;20,32388;12,2438;14,39419;20,48403;14,58755;14,39419;14,39419;11,65786;20,32388;14,01919;18,44302;13,72231;13,72231;10,53286;13,72231
"711";"2009-03-01";15,38735;16,47524;13,07095;13,97329;13,97329;15,38735;16,47524;13,38931;14,00064;13,07095;13,69009;15,77017;13,07095;15,38735;13,07095;13,97329;12,14321;14,31704;13,97329;14,61782;13,97329;16,0436;17,75064;14,31704;14,61782;14,31704;13,07095;13,45962;13,07095;13,97329;15,38735;12,14321;15,38735;12,14321;15,38735;13,97329;13,97329;16,0436;13,45962;13,45962;13,97329;13,69009;13,69009;14,61782;14,00064;15,71157;19,6647;15,71157;14,95767;16,09243;16,09243;22,36392;12,14321;15,71157;21,3854;16,09243;15,71157;16,09243;14,95767;14,95767;14,95767;14,00064;16,32876;22,36392;16,32876;19,6647;16,32876;21,95571;22,36392;16,09243;14,95767;15,71157;13,38931;14,95767;12,14321;13,38931;15,71157;19,6647;13,69009;16,32876;16,09243;15,71157;16,09243;14,00064;16,32876;14,95767;14,95767;19,6647;22,36392;14,00064;21,95571;14,00064;15,71157;22,36392;16,09243;15,71157;15,71157;13,38931;21,95571;15,77017;19,6647;14,95767;14,95767;12,14321;14,95767
"712";"2009-04-01";17,51626;18,99673;14,90298;15,71743;15,71743;17,51626;18,99673;15,54946;16,35024;14,90298;15,7897;18,54165;14,90298;17,51626;14,90298;15,71743;14,03189;16,22915;15,71743;16,59439;15,71743;17,81118;19,7272;16,22915;16,59439;16,22915;14,90298;15,59634;14,90298;15,71743;17,51626;14,03189;17,51626;14,03189;17,51626;15,71743;15,71743;17,81118;15,59634;15,59634;15,71743;15,7897;15,7897;16,59439;16,35024;18,14517;22,77407;18,14517;17,67837;18,49673;18,49673;24,97915;14,03189;18,14517;24,06314;18,49673;18,14517;18,49673;17,67837;17,67837;17,67837;16,35024;18,90689;24,97915;18,90689;22,77407;18,90689;24,70962;24,97915;18,49673;17,67837;18,14517;15,54946;17,67837;14,03189;15,54946;18,14517;22,77407;15,7897;18,90689;18,49673;18,14517;18,49673;16,35024;18,90689;17,67837;17,67837;22,77407;24,97915;16,35024;24,70962;16,35024;18,14517;24,97915;18,49673;18,14517;18,14517;15,54946;24,70962;18,54165;22,77407;17,67837;17,67837;14,03189;17,67837
"713";"2009-05-01";17,30947;18,87197;14,95791;15,46768;15,46768;17,30947;18,87197;15,43838;16,44424;14,95791;15,57314;18,52627;14,95791;17,30947;14,95791;15,46768;14,2665;15,94424;15,46768;16,45791;15,46768;17,35244;19,35049;15,94424;16,45791;15,94424;14,95791;15,53604;14,95791;15,46768;17,30947;14,2665;17,30947;14,2665;17,30947;15,46768;15,46768;17,35244;15,53604;15,53604;15,46768;15,57314;15,57314;16,45791;16,44424;18,84268;23,16299;18,84268;18,11807;19,16494;19,16494;25,6376;14,2665;18,84268;24,74697;19,16494;18,84268;19,16494;18,11807;18,11807;18,11807;16,44424;19,35635;25,6376;19,35635;23,16299;19,35635;25,3251;25,6376;19,16494;18,11807;18,84268;15,43838;18,11807;14,2665;15,43838;18,84268;23,16299;15,57314;19,35635;19,16494;18,84268;19,16494;16,44424;19,35635;18,11807;18,11807;23,16299;25,6376;16,44424;25,3251;16,44424;18,84268;25,6376;19,16494;18,84268;18,84268;15,43838;25,3251;18,52627;23,16299;18,11807;18,11807;14,2665;18,11807
"714";"2009-06-01";17,50015;18,98062;15,16421;15,7853;15,7853;17,50015;18,98062;15,64468;16,7189;15,16421;15,64858;18,71108;15,16421;17,50015;15,16421;15,7853;14,66616;16,10171;15,7853;16,57827;15,7853;17,48062;19,38687;16,10171;16,57827;16,10171;15,16421;15,60366;15,16421;15,7853;17,50015;14,66616;17,50015;14,66616;17,50015;15,7853;15,7853;17,48062;15,60366;15,60366;15,7853;15,64858;15,64858;16,57827;16,7189;19,2853;23,38687;19,2853;18,4728;19,71694;19,71694;25,78335;14,66616;19,2853;24,93569;19,71694;19,2853;19,71694;18,4728;18,4728;18,4728;16,7189;19,77358;25,78335;19,77358;23,38687;19,77358;25,52358;25,78335;19,71694;18,4728;19,2853;15,64468;18,4728;14,66616;15,64468;19,2853;23,38687;15,64858;19,77358;19,71694;19,2853;19,71694;16,7189;19,77358;18,4728;18,4728;23,38687;25,78335;16,7189;25,52358;16,7189;19,2853;25,78335;19,71694;19,2853;19,2853;15,64468;25,52358;18,71108;23,38687;18,4728;18,4728;14,66616;18,4728
"715";"2009-07-01";17,11782;18,14907;14,59829;15,49868;15,49868;17,11782;18,14907;15,25649;16,15298;14,59829;15,40884;17,87564;14,59829;17,11782;14,59829;15,49868;14,00845;15,90689;15,49868;16,59048;15,49868;17,54556;19,31509;15,90689;16,59048;15,90689;14,59829;15,44204;14,59829;15,49868;17,11782;14,00845;17,11782;14,00845;17,11782;15,49868;15,49868;17,54556;15,44204;15,44204;15,49868;15,40884;15,40884;16,59048;16,15298;18,94595;23,27407;18,94595;18,14126;19,28774;19,28774;25,59439;14,00845;18,94595;24,77407;19,28774;18,94595;19,28774;18,14126;18,14126;18,14126;16,15298;19,29556;25,59439;19,29556;23,27407;19,29556;25,3522;25,59439;19,28774;18,14126;18,94595;15,25649;18,14126;14,00845;15,25649;18,94595;23,27407;15,40884;19,29556;19,28774;18,94595;19,28774;16,15298;19,29556;18,14126;18,14126;23,27407;25,59439;16,15298;25,3522;16,15298;18,94595;25,59439;19,28774;18,94595;18,94595;15,25649;25,3522;17,87564;23,27407;18,14126;18,14126;14,00845;18,14126
"716";"2009-08-01";17,121;18,47647;14,23232;15,29092;15,29092;17,121;18,47647;15,00772;15,95498;14,23232;15,121;17,84365;14,23232;17,121;14,23232;15,29092;13,59756;15,4335;15,29092;16,20107;15,29092;17,66787;19,70107;15,4335;16,20107;15,4335;14,23232;15,16397;14,23232;15,29092;17,121;13,59756;17,121;13,59756;17,121;15,29092;15,29092;17,66787;15,16397;15,16397;15,29092;15,121;15,121;16,20107;15,95498;18,71865;22,94912;18,71865;17,77334;19,10537;19,10537;25,39443;13,59756;18,71865;24,62686;19,10537;18,71865;19,10537;17,77334;17,77334;17,77334;15,95498;19,04092;25,39443;19,04092;22,94912;19,04092;25,0292;25,39443;19,10537;17,77334;18,71865;15,00772;17,77334;13,59756;15,00772;18,71865;22,94912;15,121;19,04092;19,10537;18,71865;19,10537;15,95498;19,04092;17,77334;17,77334;22,94912;25,39443;15,95498;25,0292;15,95498;18,71865;25,39443;19,10537;18,71865;18,71865;15,00772;25,0292;17,84365;22,94912;17,77334;17,77334;13,59756;17,77334
"717";"2009-09-01";16,63784;18,00894;14,71987;15,00503;15,00503;16,63784;18,00894;15,04214;16,21206;14,71987;14,91323;17,7394;14,71987;16,63784;14,71987;15,00503;14,29409;15,02847;15,00503;15,55972;15,00503;16,69448;18,31167;15,02847;15,55972;15,02847;14,71987;14,93862;14,71987;15,00503;16,63784;14,29409;16,63784;14,29409;16,63784;15,00503;15,00503;16,69448;14,93862;14,93862;15,00503;14,91323;14,91323;15,55972;16,21206;19,10073;23,03823;19,10073;18,05972;19,44839;19,44839;25,25308;14,29409;19,10073;24,47378;19,44839;19,10073;19,44839;18,05972;18,05972;18,05972;16,21206;19,28823;25,25308;19,28823;23,03823;19,28823;25,07534;25,25308;19,44839;18,05972;19,10073;15,04214;18,05972;14,29409;15,04214;19,10073;23,03823;14,91323;19,28823;19,44839;19,10073;19,44839;16,21206;19,28823;18,05972;18,05972;23,03823;25,25308;16,21206;25,07534;16,21206;19,10073;25,25308;19,44839;19,10073;19,10073;15,04214;25,07534;17,7394;23,03823;18,05972;18,05972;14,29409;18,05972
"718";"2009-10-01";16,94863;18,34512;14,68106;15,24356;15,24356;16,94863;18,34512;15,01895;16,21621;14,68106;15,01699;17,85293;14,68106;16,94863;14,68106;15,24356;14,2709;15,32559;15,24356;15,86856;15,24356;17,07949;18,90957;15,32559;15,86856;15,32559;14,68106;15,05996;14,68106;15,24356;16,94863;14,2709;16,94863;14,2709;16,94863;15,24356;15,24356;17,07949;15,05996;15,05996;15,24356;15,01699;15,01699;15,86856;16,21621;18,72793;22,6127;18,72793;17,84512;19,20059;19,20059;25,02676;14,2709;18,72793;24,33731;19,20059;18,72793;19,20059;17,84512;17,84512;17,84512;16,21621;19,24551;25,02676;19,24551;22,6127;19,24551;24,68301;25,02676;19,20059;17,84512;18,72793;15,01895;17,84512;14,2709;15,01895;18,72793;22,6127;15,01699;19,24551;19,20059;18,72793;19,20059;16,21621;19,24551;17,84512;17,84512;22,6127;25,02676;16,21621;24,68301;16,21621;18,72793;25,02676;19,20059;18,72793;18,72793;15,01895;24,68301;17,85293;22,6127;17,84512;17,84512;14,2709;17,84512
"719";"2009-11-01";14,17495;15,61245;11,6105;12,43472;12,43472;14,17495;15,61245;11,47964;13,26089;11,6105;11,27065;15,00894;11,6105;14,17495;11,6105;12,43472;11,30386;12,01284;12,43472;12,26284;12,43472;14,02261;16,06558;12,01284;12,26284;12,01284;11,6105;11,18862;11,6105;12,43472;14,17495;11,30386;14,17495;11,30386;14,17495;12,43472;12,43472;14,02261;11,18862;11,18862;12,43472;11,27065;11,27065;12,26284;13,26089;15,56948;19,2648;15,56948;14,47769;15,78628;15,78628;21,43472;11,30386;15,56948;20,54995;15,78628;15,56948;15,78628;14,47769;14,47769;14,47769;13,26089;15,798;21,43472;15,798;19,2648;15,798;21,11245;21,43472;15,78628;14,47769;15,56948;11,47964;14,47769;11,30386;11,47964;15,56948;19,2648;11,27065;15,798;15,78628;15,56948;15,78628;13,26089;15,798;14,47769;14,47769;19,2648;21,43472;13,26089;21,11245;13,26089;15,56948;21,43472;15,78628;15,56948;15,56948;11,47964;21,11245;15,00894;19,2648;14,47769;14,47769;11,30386;14,47769
"720";"2009-12-01";13,65298;15,15103;11,50454;12,07485;12,07485;13,65298;15,15103;11,84829;12,80337;11,50454;12,12759;14,63149;11,50454;13,65298;11,50454;12,07485;10,83071;12,53774;12,07485;12,46353;12,07485;13,61392;15,59243;12,53774;12,46353;12,53774;11,50454;11,71548;11,50454;12,07485;13,65298;10,83071;13,65298;10,83071;13,65298;12,07485;12,07485;13,61392;11,71548;11,71548;12,07485;12,12759;12,12759;12,46353;12,80337;14,53774;17,8561;14,53774;13,77603;14,94204;14,94204;20,11392;10,83071;14,53774;19,4772;14,94204;14,53774;14,94204;13,77603;13,77603;13,77603;12,80337;15,23696;20,11392;15,23696;17,8561;15,23696;19,72524;20,11392;14,94204;13,77603;14,53774;11,84829;13,77603;10,83071;11,84829;14,53774;17,8561;12,12759;15,23696;14,94204;14,53774;14,94204;12,80337;15,23696;13,77603;13,77603;17,8561;20,11392;12,80337;19,72524;12,80337;14,53774;20,11392;14,94204;14,53774;14,53774;11,84829;19,72524;14,63149;17,8561;13,77603;13,77603;10,83071;13,77603
"721";"2010-01-01";11,51797;12,61758;9,482813;10,18594;10,18594;11,51797;12,61758;9,63711;10,67422;9,482813;9,797266;12,10391;9,482813;11,51797;9,482813;10,18594;8,951563;10,25234;10,18594;10,49844;10,18594;11,89883;13,53945;10,25234;10,49844;10,25234;9,482813;9,582422;9,482813;10,18594;11,51797;8,951563;11,51797;8,951563;11,51797;10,18594;10,18594;11,89883;9,582422;9,582422;10,18594;9,797266;9,797266;10,49844;10,67422;12,60391;15,87344;12,60391;11,68789;13,00039;13,00039;18,12734;8,951563;12,60391;17,42813;13,00039;12,60391;13,00039;11,68789;11,68789;11,68789;10,67422;13,15078;18,12734;13,15078;15,87344;13,15078;17,80313;18,12734;13,00039;11,68789;12,60391;9,63711;11,68789;8,951563;9,63711;12,60391;15,87344;9,797266;13,15078;13,00039;12,60391;13,00039;10,67422;13,15078;11,68789;11,68789;15,87344;18,12734;10,67422;17,80313;10,67422;12,60391;18,12734;13,00039;12,60391;12,60391;9,63711;17,80313;12,10391;15,87344;11,68789;11,68789;8,951563;11,68789
"722";"2010-02-01";12,86758;14,11172;10,79922;11,225;11,225;12,86758;14,11172;11,02578;12,22305;10,79922;11,24844;13,82656;10,79922;12,86758;10,79922;11,225;10,19766;11,53359;11,225;11,30703;11,225;12,58438;14,6918;11,53359;11,30703;11,53359;10,79922;10,69375;10,79922;11,225;12,86758;10,19766;12,86758;10,19766;12,86758;11,225;11,225;12,58438;10,69375;10,69375;11,225;11,24844;11,24844;11,30703;12,22305;13,15273;15,95547;13,15273;12,43789;13,61172;13,61172;18,23281;10,19766;13,15273;17,62148;13,61172;13,15273;13,61172;12,43789;12,43789;12,43789;12,22305;14,02969;18,23281;14,02969;15,95547;14,02969;17,90469;18,23281;13,61172;12,43789;13,15273;11,02578;12,43789;10,19766;11,02578;13,15273;15,95547;11,24844;14,02969;13,61172;13,15273;13,61172;12,22305;14,02969;12,43789;12,43789;15,95547;18,23281;12,22305;17,90469;12,22305;13,15273;18,23281;13,61172;13,15273;13,15273;11,02578;17,90469;13,82656;15,95547;12,43789;12,43789;10,19766;12,43789
"723";"2010-03-01";16,13442;17,13052;14,09341;14,70864;14,70864;16,13442;17,13052;14,2438;14,74575;14,09341;14,60708;16,34927;14,09341;16,13442;14,09341;14,70864;12,94106;15,42349;14,70864;14,91372;14,70864;16,23208;18,37271;15,42349;14,91372;15,42349;14,09341;13,9313;14,09341;14,70864;16,13442;12,94106;16,13442;12,94106;16,13442;14,70864;14,70864;16,23208;13,9313;13,9313;14,70864;14,60708;14,60708;14,91372;14,74575;15,09146;18,14614;15,09146;14,51138;15,41372;15,41372;20,17935;12,94106;15,09146;19,37466;15,41372;15,09146;15,41372;14,51138;14,51138;14,51138;14,74575;15,79849;20,17935;15,79849;18,14614;15,79849;20,02505;20,17935;15,41372;14,51138;15,09146;14,2438;14,51138;12,94106;14,2438;15,09146;18,14614;14,60708;15,79849;15,41372;15,09146;15,41372;14,74575;15,79849;14,51138;14,51138;18,14614;20,17935;14,74575;20,02505;14,74575;15,09146;20,17935;15,41372;15,09146;15,09146;14,2438;20,02505;16,34927;18,14614;14,51138;14,51138;12,94106;14,51138
"724";"2010-04-01";17,61099;19,19302;15,37856;15,69692;15,69692;17,61099;19,19302;15,72036;16,84341;15,37856;15,85708;18,83169;15,37856;17,61099;15,37856;15,69692;14,66958;16,13638;15,69692;15,78872;15,69692;17,09536;19,71255;16,13638;15,78872;16,13638;15,37856;15,1813;15,37856;15,69692;17,61099;14,66958;17,61099;14,66958;17,61099;15,69692;15,69692;17,09536;15,1813;15,1813;15,69692;15,85708;15,85708;15,78872;16,84341;18,01138;21,97622;18,01138;17,41372;18,51528;18,51528;24,00356;14,66958;18,01138;23,27114;18,51528;18,01138;18,51528;17,41372;17,41372;17,41372;16,84341;18,95669;24,00356;18,95669;21,97622;18,95669;23,82778;24,00356;18,51528;17,41372;18,01138;15,72036;17,41372;14,66958;15,72036;18,01138;21,97622;15,85708;18,95669;18,51528;18,01138;18,51528;16,84341;18,95669;17,41372;17,41372;21,97622;24,00356;16,84341;23,82778;16,84341;18,01138;24,00356;18,51528;18,01138;18,01138;15,72036;23,82778;18,83169;21,97622;17,41372;17,41372;14,66958;17,41372
"725";"2010-05-01";19,04971;20,40713;16,55361;17,47744;17,47744;19,04971;20,40713;17,21377;17,77041;16,55361;17,28994;19,82314;16,55361;19,04971;16,55361;17,47744;15,73525;17,84658;17,47744;18,00088;17,47744;19,34463;21,33291;17,84658;18,00088;17,84658;16,55361;16,91299;16,55361;17,47744;19,04971;15,73525;19,04971;15,73525;19,04971;17,47744;17,47744;19,34463;16,91299;16,91299;17,47744;17,28994;17,28994;18,00088;17,77041;19,49502;23,62197;19,49502;18,91885;19,98135;19,98135;26,24502;15,73525;19,49502;25,32119;19,98135;19,49502;19,98135;18,91885;18,91885;18,91885;17,77041;20,2958;26,24502;20,2958;23,62197;20,2958;25,92471;26,24502;19,98135;18,91885;19,49502;17,21377;18,91885;15,73525;17,21377;19,49502;23,62197;17,28994;20,2958;19,98135;19,49502;19,98135;17,77041;20,2958;18,91885;18,91885;23,62197;26,24502;17,77041;25,92471;17,77041;19,49502;26,24502;19,98135;19,49502;19,49502;17,21377;25,92471;19,82314;23,62197;18,91885;18,91885;15,73525;18,91885
"726";"2010-06-01";18,50015;19,76382;15,81851;16,86929;16,86929;18,50015;19,76382;16,71499;17,30679;15,81851;16,81851;19,30093;15,81851;18,50015;15,81851;16,86929;15,07827;17,22671;16,86929;17,7228;16,86929;18,75991;20,70522;17,22671;17,7228;17,22671;15,81851;16,59585;15,81851;16,86929;18,50015;15,07827;18,50015;15,07827;18,50015;16,86929;16,86929;18,75991;16,59585;16,59585;16,86929;16,81851;16,81851;17,7228;17,30679;19,73843;24,23062;19,73843;19,07241;20,10171;20,10171;26,75405;15,07827;19,73843;25,86538;20,10171;19,73843;20,10171;19,07241;19,07241;19,07241;17,30679;20,30093;26,75405;20,30093;24,23062;20,30093;26,47671;26,75405;20,10171;19,07241;19,73843;16,71499;19,07241;15,07827;16,71499;19,73843;24,23062;16,81851;20,30093;20,10171;19,73843;20,10171;17,30679;20,30093;19,07241;19,07241;24,23062;26,75405;17,30679;26,47671;17,30679;19,73843;26,75405;20,10171;19,73843;19,73843;16,71499;26,47671;19,30093;24,23062;19,07241;19,07241;15,07827;19,07241
"727";"2010-07-01";16,81582;18,08145;15,16543;15,25723;15,25723;16,81582;18,08145;15,5834;16,62246;15,16543;15,43887;18,05215;15,16543;16,81582;15,16543;15,25723;14,73184;15,46621;15,25723;15,94473;15,25723;16,81582;18,35293;15,46621;15,94473;15,46621;15,16543;15,36074;15,16543;15,25723;16,81582;14,73184;16,81582;14,73184;16,81582;15,25723;15,25723;16,81582;15,36074;15,36074;15,25723;15,43887;15,43887;15,94473;16,62246;19,43691;23,30215;19,43691;18,51699;19,82168;19,82168;25,48574;14,73184;19,43691;24,69277;19,82168;19,43691;19,82168;18,51699;18,51699;18,51699;16,62246;19,80606;25,48574;19,80606;23,30215;19,80606;25,30606;25,48574;19,82168;18,51699;19,43691;15,5834;18,51699;14,73184;15,5834;19,43691;23,30215;15,43887;19,80606;19,82168;19,43691;19,82168;16,62246;19,80606;18,51699;18,51699;23,30215;25,48574;16,62246;25,30606;16,62246;19,43691;25,48574;19,82168;19,43691;19,43691;15,5834;25,30606;18,05215;23,30215;18,51699;18,51699;14,73184;18,51699
"728";"2010-08-01";17,04214;18,31362;15,04995;15,46206;15,46206;17,04214;18,31362;15,3644;16,49917;15,04995;15,31362;17,9523;15,04995;17,04214;15,04995;15,46206;14,6144;15,52456;15,46206;16,1437;15,46206;17,24526;18,86636;15,52456;16,1437;15,52456;15,04995;15,3644;15,04995;15,46206;17,04214;14,6144;17,04214;14,6144;17,04214;15,46206;15,46206;17,24526;15,3644;15,3644;15,46206;15,31362;15,31362;16,1437;16,49917;19,44644;23,39565;19,44644;18,44839;19,71011;19,71011;25,51284;14,6144;19,44644;24,55581;19,71011;19,44644;19,71011;18,44839;18,44839;18,44839;16,49917;19,57534;25,51284;19,57534;23,39565;19,57534;25,41519;25,51284;19,71011;18,44839;19,44644;15,3644;18,44839;14,6144;15,3644;19,44644;23,39565;15,31362;19,57534;19,71011;19,44644;19,71011;16,49917;19,57534;18,44839;18,44839;23,39565;25,51284;16,49917;25,41519;16,49917;19,44644;25,51284;19,71011;19,44644;19,44644;15,3644;25,41519;17,9523;23,39565;18,44839;18,44839;14,6144;18,44839
"729";"2010-09-01";16,53677;17,88833;14,73403;14,95278;14,95278;16,53677;17,88833;14,95278;16,23794;14,73403;14,7145;17,60513;14,73403;16,53677;14,73403;14,95278;14,40786;14,92349;14,95278;15,48208;14,95278;16,56216;18,05044;14,92349;15,48208;14,92349;14,73403;14,75552;14,73403;14,95278;16,53677;14,40786;16,53677;14,40786;16,53677;14,95278;14,95278;16,56216;14,75552;14,75552;14,95278;14,7145;14,7145;15,48208;16,23794;19,11294;22,96841;19,11294;18,12856;19,42349;19,42349;25,00942;14,40786;19,11294;24,21841;19,42349;19,11294;19,42349;18,12856;18,12856;18,12856;16,23794;19,32778;25,00942;19,32778;22,96841;19,32778;24,85708;25,00942;19,42349;18,12856;19,11294;14,95278;18,12856;14,40786;14,95278;19,11294;22,96841;14,7145;19,32778;19,42349;19,11294;19,42349;16,23794;19,32778;18,12856;18,12856;22,96841;25,00942;16,23794;24,85708;16,23794;19,11294;25,00942;19,42349;19,11294;19,11294;14,95278;24,85708;17,60513;22,96841;18,12856;18,12856;14,40786;18,12856
"730";"2010-10-01";15,36563;16,67813;12,78359;13,83438;13,83438;15,36563;16,67813;12,78945;14,27188;12,78359;12,57266;15,94961;12,78359;15,36563;12,78359;13,83438;12,38125;13,80898;13,83438;14,2543;13,83438;15,63125;17,51992;13,80898;14,2543;13,80898;12,78359;12,55508;12,78359;13,83438;15,36563;12,38125;15,36563;12,38125;15,36563;13,83438;13,83438;15,63125;12,55508;12,55508;13,83438;12,57266;12,57266;14,2543;14,27188;16,3793;20,40078;16,3793;15,69375;16,69961;16,69961;22,68789;12,38125;16,3793;21,82266;16,69961;16,3793;16,69961;15,69375;15,69375;15,69375;14,27188;16,82266;22,68789;16,82266;20,40078;16,82266;22,42617;22,68789;16,69961;15,69375;16,3793;12,78945;15,69375;12,38125;12,78945;16,3793;20,40078;12,57266;16,82266;16,69961;16,3793;16,69961;14,27188;16,82266;15,69375;15,69375;20,40078;22,68789;14,27188;22,42617;14,27188;16,3793;22,68789;16,69961;16,3793;16,3793;12,78945;22,42617;15,94961;20,40078;15,69375;15,69375;12,38125;15,69375
"731";"2010-11-01";13,46719;14,67227;11,16836;12,09609;12,09609;13,46719;14,67227;11,40078;12,57461;11,16836;11,17813;14,28555;11,16836;13,46719;11,16836;12,09609;10,74063;12,0707;12,09609;12,32266;12,09609;13,65078;15,36563;12,0707;12,32266;12,0707;11,16836;11,01797;11,16836;12,09609;13,46719;10,74063;13,46719;10,74063;13,46719;12,09609;12,09609;13,65078;11,01797;11,01797;12,09609;11,17813;11,17813;12,32266;12,57461;14,8793;19,28945;14,8793;14,31484;15,17422;15,17422;21,27773;10,74063;14,8793;20,4125;15,17422;14,8793;15,17422;14,31484;14,31484;14,31484;12,57461;15,26211;21,27773;15,26211;19,28945;15,26211;21,1625;21,27773;15,17422;14,31484;14,8793;11,40078;14,31484;10,74063;11,40078;14,8793;19,28945;11,17813;15,26211;15,17422;14,8793;15,17422;12,57461;15,26211;14,31484;14,31484;19,28945;21,27773;12,57461;21,1625;12,57461;14,8793;21,27773;15,17422;14,8793;14,8793;11,40078;21,1625;14,28555;19,28945;14,31484;14,31484;10,74063;14,31484
"732";"2010-12-01";11,43106;12,63223;9,495508;10,24746;10,24746;11,43106;12,63223;9,505274;10,46035;9,495508;9,349024;12,0834;9,495508;11,43106;9,495508;10,24746;9,001368;10,32949;10,24746;10,32363;10,24746;11,62832;13,24551;10,32949;10,32363;10,32949;9,495508;9,022852;9,495508;10,24746;11,43106;9,001368;11,43106;9,001368;11,43106;10,24746;10,24746;11,62832;9,022852;9,022852;10,24746;9,349024;9,349024;10,32363;10,46035;12,34902;16,16152;12,34902;11,79629;12,57949;12,57949;18,36074;9,001368;12,34902;17,57168;12,57949;12,34902;12,57949;11,79629;11,79629;11,79629;10,46035;12,72598;18,36074;12,72598;16,16152;12,72598;18,04238;18,36074;12,57949;11,79629;12,34902;9,505274;11,79629;9,001368;9,505274;12,34902;16,16152;9,349024;12,72598;12,57949;12,34902;12,57949;10,46035;12,72598;11,79629;11,79629;16,16152;18,36074;10,46035;18,04238;10,46035;12,34902;18,36074;12,57949;12,34902;12,34902;9,505274;18,04238;12,0834;16,16152;11,79629;11,79629;9,001368;11,79629
"733";"2011-01-01";13,28652;14,98379;11,37637;11,66348;11,66348;13,28652;14,98379;11,90566;12,5209;11,37637;11,82559;14,30996;11,37637;13,28652;11,37637;11,66348;10,58535;12,13809;11,66348;11,97598;11,66348;13,12246;15,04629;12,13809;11,97598;12,13809;11,37637;11,18496;11,37637;11,66348;13,28652;10,58535;13,28652;10,58535;13,28652;11,66348;11,66348;13,12246;11,18496;11,18496;11,66348;11,82559;11,82559;11,97598;12,5209;13,93887;18,00723;13,93887;13,62441;14,28066;14,28066;19,90566;10,58535;13,93887;19,06191;14,28066;13,93887;14,28066;13,62441;13,62441;13,62441;12,5209;14,59707;19,90566;14,59707;18,00723;14,59707;19,81387;19,90566;14,28066;13,62441;13,93887;11,90566;13,62441;10,58535;11,90566;13,93887;18,00723;11,82559;14,59707;14,28066;13,93887;14,28066;12,5209;14,59707;13,62441;13,62441;18,00723;19,90566;12,5209;19,81387;12,5209;13,93887;19,90566;14,28066;13,93887;13,93887;11,90566;19,81387;14,30996;18,00723;13,62441;13,62441;10,58535;13,62441
"734";"2011-02-01";14,30459;15,63467;12,23232;12,79678;12,79678;14,30459;15,63467;12,87686;13,27529;12,23232;13,15029;14,91982;12,23232;14,30459;12,23232;12,79678;11,42568;13,36709;12,79678;13,496;12,79678;14,50576;16,33584;13,36709;13,496;13,36709;12,23232;12,81436;12,23232;12,79678;14,30459;11,42568;14,30459;11,42568;14,30459;12,79678;12,79678;14,50576;12,81436;12,81436;12,79678;13,15029;13,15029;13,496;13,27529;14,38076;18,05459;14,38076;14,01553;14,78506;14,78506;20,03506;11,42568;14,38076;19,28897;14,78506;14,38076;14,78506;14,01553;14,01553;14,01553;13,27529;15,11123;20,03506;15,11123;18,05459;15,11123;19,79482;20,03506;14,78506;14,01553;14,38076;12,87686;14,01553;11,42568;12,87686;14,38076;18,05459;13,15029;15,11123;14,78506;14,38076;14,78506;13,27529;15,11123;14,01553;14,01553;18,05459;20,03506;13,27529;19,79482;13,27529;14,38076;20,03506;14,78506;14,38076;14,38076;12,87686;19,79482;14,91982;18,05459;14,01553;14,01553;11,42568;14,01553
"735";"2011-03-01";15,55239;17,12271;13,19106;13,84731;13,84731;15,55239;17,12271;13,87661;14,43521;13,19106;13,88247;16,44692;13,19106;15,55239;13,19106;13,84731;12,36294;14,33169;13,84731;14,56216;13,84731;15,74966;17,7731;14,33169;14,56216;14,33169;13,19106;13,57388;13,19106;13,84731;15,55239;12,36294;15,55239;12,36294;15,55239;13,84731;13,84731;15,74966;13,57388;13,57388;13,84731;13,88247;13,88247;14,56216;14,43521;16,48208;20,89028;16,48208;16,027;16,77896;16,77896;23,37075;12,36294;16,48208;22,44302;16,77896;16,48208;16,77896;16,027;16,027;16,027;14,43521;17,09927;23,37075;17,09927;20,89028;17,09927;23,10122;23,37075;16,77896;16,027;16,48208;13,87661;16,027;12,36294;13,87661;16,48208;20,89028;13,88247;17,09927;16,77896;16,48208;16,77896;14,43521;17,09927;16,027;16,027;20,89028;23,37075;14,43521;23,10122;14,43521;16,48208;23,37075;16,77896;16,48208;16,48208;13,87661;23,10122;16,44692;20,89028;16,027;16,027;12,36294;16,027
"736";"2011-04-01";17,69985;19,49868;15,44399;15,92642;15,92642;17,69985;19,49868;16,45962;16,87173;15,44399;16,35415;19,08657;15,44399;17,69985;15,44399;15,92642;14,6022;16,65689;15,92642;16,8561;15,92642;17,69985;19,75259;16,65689;16,8561;16,65689;15,44399;16,02407;15,44399;15,92642;17,69985;14,6022;17,69985;14,6022;17,69985;15,92642;15,92642;17,69985;16,02407;16,02407;15,92642;16,35415;16,35415;16,8561;16,87173;19,34829;24,40884;19,34829;19,03189;19,79556;19,79556;26,78189;14,6022;19,34829;25,85806;19,79556;19,34829;19,79556;19,03189;19,03189;19,03189;16,87173;20,18228;26,78189;20,18228;24,40884;20,18228;26,50259;26,78189;19,79556;19,03189;19,34829;16,45962;19,03189;14,6022;16,45962;19,34829;24,40884;16,35415;20,18228;19,79556;19,34829;19,79556;16,87173;20,18228;19,03189;19,03189;24,40884;26,78189;16,87173;26,50259;16,87173;19,34829;26,78189;19,79556;19,34829;19,34829;16,45962;26,50259;19,08657;24,40884;19,03189;19,03189;14,6022;19,03189
"737";"2011-05-01";17,91689;19,53018;15,94814;16,16689;16,16689;17,91689;19,53018;16,78604;17,11025;15,94814;16,67666;19,1376;15,94814;17,91689;15,94814;16,16689;14,92471;17,10635;16,16689;17,24502;16,16689;17,88174;20,15127;17,10635;17,24502;17,10635;15,94814;16,31338;15,94814;16,16689;17,91689;14,92471;17,91689;14,92471;17,91689;16,16689;16,16689;17,88174;16,31338;16,31338;16,16689;16,67666;16,67666;17,24502;17,11025;19,80752;24,43057;19,80752;19,26455;20,21377;20,21377;27,329;14,92471;19,80752;26,2958;20,21377;19,80752;20,21377;19,26455;19,26455;19,26455;17,11025;20,51064;27,329;20,51064;24,43057;20,51064;27,08682;27,329;20,21377;19,26455;19,80752;16,78604;19,26455;14,92471;16,78604;19,80752;24,43057;16,67666;20,51064;20,21377;19,80752;20,21377;17,11025;20,51064;19,26455;19,26455;24,43057;27,329;17,11025;27,08682;17,11025;19,80752;27,329;20,21377;19,80752;19,80752;16,78604;27,08682;19,1376;24,43057;19,26455;19,26455;14,92471;19,26455
"738";"2011-06-01";16,90469;18,30313;14,79531;15,20742;15,20742;16,90469;18,30313;15,30898;16,19375;14,79531;15,13516;18,00234;14,79531;16,90469;14,79531;15,20742;14,1625;15,62344;15,20742;16,22305;15,20742;17,13125;19,03945;15,62344;16,22305;15,62344;14,79531;15,09805;14,79531;15,20742;16,90469;14,1625;16,90469;14,1625;16,90469;15,20742;15,20742;17,13125;15,09805;15,09805;15,20742;15,13516;15,13516;16,22305;16,19375;18,92227;23,23477;18,92227;18,07852;19,31875;19,31875;25,71914;14,1625;18,92227;24,87734;19,31875;18,92227;19,31875;18,07852;18,07852;18,07852;16,19375;19,35195;25,71914;19,35195;23,23477;19,35195;25,57461;25,71914;19,31875;18,07852;18,92227;15,30898;18,07852;14,1625;15,30898;18,92227;23,23477;15,13516;19,35195;19,31875;18,92227;19,31875;16,19375;19,35195;18,07852;18,07852;23,23477;25,71914;16,19375;25,57461;16,19375;18,92227;25,71914;19,31875;18,92227;18,92227;15,30898;25,57461;18,00234;23,23477;18,07852;18,07852;14,1625;18,07852
"739";"2011-07-01";16,31851;17,55874;14,57827;14,76968;14,76968;16,31851;17,55874;14,98452;15,95132;14,57827;14,88101;17,3478;14,57827;16,31851;14,57827;14,76968;14,04897;15,02749;14,76968;15,57632;14,76968;16,46694;18,02358;15,02749;15,57632;15,02749;14,57827;14,88687;14,57827;14,76968;16,31851;14,04897;16,31851;14,04897;16,31851;14,76968;14,76968;16,46694;14,88687;14,88687;14,76968;14,88101;14,88101;15,57632;15,95132;18,95132;22,91616;18,95132;17,99624;19,18374;19,18374;25,06851;14,04897;18,95132;24,20327;19,18374;18,95132;19,18374;17,99624;17,99624;17,99624;15,95132;19,11343;25,06851;19,11343;22,91616;19,11343;24,91226;25,06851;19,18374;17,99624;18,95132;14,98452;17,99624;14,04897;14,98452;18,95132;22,91616;14,88101;19,11343;19,18374;18,95132;19,18374;15,95132;19,11343;17,99624;17,99624;22,91616;25,06851;15,95132;24,91226;15,95132;18,95132;25,06851;19,18374;18,95132;18,95132;14,98452;24,91226;17,3478;22,91616;17,99624;17,99624;14,04897;17,99624
"740";"2011-08-01";17,3312;18,99722;15,19839;15,53237;15,53237;17,3312;18,99722;15,63198;16,68081;15,19839;15,63003;18,27456;15,19839;17,3312;15,19839;15,53237;14,63003;16,3644;15,53237;16,923;15,53237;17,29409;19,08706;16,3644;16,923;16,3644;15,19839;15,63589;15,19839;15,53237;17,3312;14,63003;17,3312;14,63003;17,3312;15,53237;15,53237;17,29409;15,63589;15,63589;15,53237;15,63003;15,63003;16,923;16,68081;19,44058;23,52065;19,44058;18,60269;19,82534;19,82534;25,77065;14,63003;19,44058;24,95815;19,82534;19,44058;19,82534;18,60269;18,60269;18,60269;16,68081;19,77065;25,77065;19,77065;23,52065;19,77065;25,53433;25,77065;19,82534;18,60269;19,44058;15,63198;18,60269;14,63003;15,63198;19,44058;23,52065;15,63003;19,77065;19,82534;19,44058;19,82534;16,68081;19,77065;18,60269;18,60269;23,52065;25,77065;16,68081;25,53433;16,68081;19,44058;25,77065;19,82534;19,44058;19,44058;15,63198;25,53433;18,27456;23,52065;18,60269;18,60269;14,63003;18,60269
"741";"2011-09-01";16,43081;18,28628;14,16714;14,62026;14,62026;16,43081;18,28628;14,44058;16,02847;14,16714;14,22769;17,74136;14,16714;16,43081;14,16714;14,62026;13,90347;14,7687;14,62026;15,47964;14,62026;16,43472;18,1769;14,7687;15,47964;14,7687;14,16714;14,31362;14,16714;14,62026;16,43081;13,90347;16,43081;13,90347;16,43081;14,62026;14,62026;16,43472;14,31362;14,31362;14,62026;14,22769;14,22769;15,47964;16,02847;18,67105;22,81753;18,67105;17,7355;19,10464;19,10464;25,26089;13,90347;18,67105;24,46792;19,10464;18,67105;19,10464;17,7355;17,7355;17,7355;16,02847;19,18667;25,26089;19,18667;22,81753;19,18667;24,96597;25,26089;19,10464;17,7355;18,67105;14,44058;17,7355;13,90347;14,44058;18,67105;22,81753;14,22769;19,18667;19,10464;18,67105;19,10464;16,02847;19,18667;17,7355;17,7355;22,81753;25,26089;16,02847;24,96597;16,02847;18,67105;25,26089;19,10464;18,67105;18,67105;14,44058;24,96597;17,74136;22,81753;17,7355;17,7355;13,90347;17,7355
"742";"2011-10-01";15,10439;16,38174;12,58682;13,48525;13,48525;15,10439;16,38174;12,66104;14,15908;12,58682;12,40908;15,86025;12,58682;15,10439;12,58682;13,48525;12,21572;13,43447;13,48525;13,84268;13,48525;15,21572;17,10049;13,43447;13,84268;13,43447;12,58682;12,28213;12,58682;13,48525;15,10439;12,21572;15,10439;12,21572;15,10439;13,48525;13,48525;15,21572;12,28213;12,28213;13,48525;12,40908;12,40908;13,84268;14,15908;16,61025;20,59854;16,61025;15,73721;16,97158;16,97158;23,06924;12,21572;16,61025;22,14346;16,97158;16,61025;16,97158;15,73721;15,73721;15,73721;14,15908;17,02236;23,06924;17,02236;20,59854;17,02236;22,82705;23,06924;16,97158;15,73721;16,61025;12,66104;15,73721;12,21572;12,66104;16,61025;20,59854;12,40908;17,02236;16,97158;16,61025;16,97158;14,15908;17,02236;15,73721;15,73721;20,59854;23,06924;14,15908;22,82705;14,15908;16,61025;23,06924;16,97158;16,61025;16,61025;12,66104;22,82705;15,86025;20,59854;15,73721;15,73721;12,21572;15,73721
"743";"2011-11-01";14,24893;15,56143;11,61221;12,65713;12,65713;14,24893;15,56143;11,86221;13,13955;11,61221;11,73721;14,94619;11,61221;14,24893;11,61221;12,65713;11,21768;12,61221;12,65713;13,09658;12,65713;14,47549;16,37393;12,61221;13,09658;12,61221;11,61221;11,75479;11,61221;12,65713;14,24893;11,21768;14,24893;11,21768;14,24893;12,65713;12,65713;14,47549;11,75479;11,75479;12,65713;11,73721;11,73721;13,09658;13,13955;15,44619;19,25674;15,44619;14,71768;15,74502;15,74502;21,38564;11,21768;15,44619;20,64541;15,74502;15,44619;15,74502;14,71768;14,71768;14,71768;13,13955;15,78018;21,38564;15,78018;19,25674;15,78018;21,05361;21,38564;15,74502;14,71768;15,44619;11,86221;14,71768;11,21768;11,86221;15,44619;19,25674;11,73721;15,78018;15,74502;15,44619;15,74502;13,13955;15,78018;14,71768;14,71768;19,25674;21,38564;13,13955;21,05361;13,13955;15,44619;21,38564;15,74502;15,44619;15,44619;11,86221;21,05361;14,94619;19,25674;14,71768;14,71768;11,21768;14,71768
"744";"2011-12-01";12,55581;13,71401;10,23355;11,2394;11,2394;12,55581;13,71401;10,77456;11,4562;10,23355;11,09097;13,08315;10,23355;12,55581;10,23355;11,2394;9,737452;11,76675;11,2394;12,29019;11,2394;12,98159;14,52456;11,76675;12,29019;11,76675;10,23355;11,17495;10,23355;11,2394;12,55581;9,737452;12,55581;9,737452;12,55581;11,2394;11,2394;12,98159;11,17495;11,17495;11,2394;11,09097;11,09097;12,29019;11,4562;13,4562;17,22378;13,4562;13,07534;13,76089;13,76089;19,30386;9,737452;13,4562;18,56753;13,76089;13,4562;13,76089;13,07534;13,07534;13,07534;11,4562;13,82144;19,30386;13,82144;17,22378;13,82144;18,95815;19,30386;13,76089;13,07534;13,4562;10,77456;13,07534;9,737452;10,77456;13,4562;17,22378;11,09097;13,82144;13,76089;13,4562;13,76089;11,4562;13,82144;13,07534;13,07534;17,22378;19,30386;11,4562;18,95815;11,4562;13,4562;19,30386;13,76089;13,4562;13,4562;10,77456;18,95815;13,08315;17,22378;13,07534;13,07534;9,737452;13,07534
"745";"2012-01-01";13,1979;14,61001;10,54946;11,41665;11,41665;13,1979;14,61001;10,90298;12,22524;10,54946;10,97524;14,0397;10,54946;13,1979;10,54946;11,41665;10,04556;11,64126;11,41665;11,95376;11,41665;13,22524;15,12173;11,64126;11,95376;11,64126;10,54946;10,77798;10,54946;11,41665;13,1979;10,04556;13,1979;10,04556;13,1979;11,41665;11,41665;13,22524;10,77798;10,77798;11,41665;10,97524;10,97524;11,95376;12,22524;14,05532;17,99673;14,05532;13,37759;14,39321;14,39321;19,96743;10,04556;14,05532;19,20181;14,39321;14,05532;14,39321;13,37759;13,37759;13,37759;12,22524;14,56314;19,96743;14,56314;17,99673;14,56314;19,71743;19,96743;14,39321;13,37759;14,05532;10,90298;13,37759;10,04556;10,90298;14,05532;17,99673;10,97524;14,56314;14,39321;14,05532;14,39321;12,22524;14,56314;13,37759;13,37759;17,99673;19,96743;12,22524;19,71743;12,22524;14,05532;19,96743;14,39321;14,05532;14,05532;10,90298;19,71743;14,0397;17,99673;13,37759;13,37759;10,04556;13,37759
"746";"2012-02-01";14,06997;15,45864;11,3356;12,28091;12,28091;14,06997;15,45864;11,97427;13,19888;11,3356;12,29653;15,0231;11,3356;14,06997;11,3356;12,28091;10,91372;12,4606;12,28091;12,82778;12,28091;14,17349;16,06606;12,4606;12,82778;12,4606;11,3356;12,06216;11,3356;12,28091;14,06997;10,91372;14,06997;10,91372;14,06997;12,28091;12,28091;14,17349;12,06216;12,06216;12,28091;12,29653;12,29653;12,82778;13,19888;14,97036;19,09146;14,97036;14,29067;15,40396;15,40396;21,14224;10,91372;14,97036;20,3356;15,40396;14,97036;15,40396;14,29067;14,29067;14,29067;13,19888;15,6813;21,14224;15,6813;19,09146;15,6813;20,902;21,14224;15,40396;14,29067;14,97036;11,97427;14,29067;10,91372;11,97427;14,97036;19,09146;12,29653;15,6813;15,40396;14,97036;15,40396;13,19888;15,6813;14,29067;14,29067;19,09146;21,14224;13,19888;20,902;13,19888;14,97036;21,14224;15,40396;14,97036;14,97036;11,97427;20,902;15,0231;19,09146;14,29067;14,29067;10,91372;14,29067
"747";"2012-03-01";15,48232;16,77139;12,54678;13,66397;13,66397;15,48232;16,77139;13,49795;14,27529;12,54678;13,87295;16,22061;12,54678;15,48232;12,54678;13,66397;11,91397;13,98623;13,66397;14,32803;13,66397;15,78115;17,68154;13,98623;14,32803;13,98623;12,54678;13,56826;12,54678;13,66397;15,48232;11,91397;15,48232;11,91397;15,48232;13,66397;13,66397;15,78115;13,56826;13,56826;13,66397;13,87295;13,87295;14,32803;14,27529;16,07022;21,06631;16,07022;15,5917;16,58389;16,58389;23,20889;11,91397;16,07022;22,18154;16,58389;16,07022;16,58389;15,5917;15,5917;15,5917;14,27529;16,746;23,20889;16,746;21,06631;16,746;23,16397;23,20889;16,58389;15,5917;16,07022;13,49795;15,5917;11,91397;13,49795;16,07022;21,06631;13,87295;16,746;16,58389;16,07022;16,58389;14,27529;16,746;15,5917;15,5917;21,06631;23,20889;14,27529;23,16397;14,27529;16,07022;23,20889;16,58389;16,07022;16,07022;13,49795;23,16397;16,22061;21,06631;15,5917;15,5917;11,91397;15,5917
"748";"2012-04-01";15,99331;17,66519;13,29409;14,05972;14,05972;15,99331;17,66519;13,95034;15,06167;13,29409;14,07534;17,16128;13,29409;15,99331;13,29409;14,05972;12,68276;14,31362;14,05972;14,45815;14,05972;15,97769;18,1769;14,31362;14,45815;14,31362;13,29409;13,58706;13,29409;14,05972;15,99331;12,68276;15,99331;12,68276;15,99331;14,05972;14,05972;15,97769;13,58706;13,58706;14,05972;14,07534;14,07534;14,45815;15,06167;17,08706;22,12808;17,08706;16,48159;17,54605;17,54605;24,19839;12,68276;17,08706;23,13784;17,54605;17,08706;17,54605;16,48159;16,48159;16,48159;15,06167;17,84683;24,19839;17,84683;22,12808;17,84683;24,09487;24,19839;17,54605;16,48159;17,08706;13,95034;16,48159;12,68276;13,95034;17,08706;22,12808;14,07534;17,84683;17,54605;17,08706;17,54605;15,06167;17,84683;16,48159;16,48159;22,12808;24,19839;15,06167;24,09487;15,06167;17,08706;24,19839;17,54605;17,08706;17,08706;13,95034;24,09487;17,16128;22,12808;16,48159;16,48159;12,68276;16,48159
"749";"2012-05-01";17,50723;18,78652;14,79629;15,86856;15,86856;17,50723;18,78652;15,55801;16,38809;14,79629;15,82168;18,38418;14,79629;17,50723;14,79629;15,86856;14,13418;16,10098;15,86856;16,51895;15,86856;17,87832;19,70254;16,10098;16,51895;16,10098;14,79629;15,57168;14,79629;15,86856;17,50723;14,13418;17,50723;14,13418;17,50723;15,86856;15,86856;17,87832;15,57168;15,57168;15,86856;15,82168;15,82168;16,51895;16,38809;18,70059;23,35098;18,70059;17,98574;19,09902;19,09902;25,97988;14,13418;18,70059;24,77285;19,09902;18,70059;19,09902;17,98574;17,98574;17,98574;16,38809;19,22598;25,97988;19,22598;23,35098;19,22598;25,90566;25,97988;19,09902;17,98574;18,70059;15,55801;17,98574;14,13418;15,55801;18,70059;23,35098;15,82168;19,22598;19,09902;18,70059;19,09902;16,38809;19,22598;17,98574;17,98574;23,35098;25,97988;16,38809;25,90566;16,38809;18,70059;25,97988;19,09902;18,70059;18,70059;15,55801;25,90566;18,38418;23,35098;17,98574;17,98574;14,13418;17,98574
"750";"2012-06-01";16,88296;18,19741;14,80288;15,2853;15,2853;16,88296;18,19741;15,58999;16,27944;14,80288;15,67202;18,10562;14,80288;16,88296;14,80288;15,2853;14,20327;15,66226;15,2853;16,12319;15,2853;17,10171;18,80483;15,66226;16,12319;15,66226;14,80288;15,49624;14,80288;15,2853;16,88296;14,20327;16,88296;14,20327;16,88296;15,2853;15,2853;17,10171;15,49624;15,49624;15,2853;15,67202;15,67202;16,12319;16,27944;18,99429;23,16812;18,99429;18,20913;19,28921;19,28921;25,36147;14,20327;18,99429;24,50015;19,28921;18,99429;19,28921;18,20913;18,20913;18,20913;16,27944;19,32241;25,36147;19,32241;23,16812;19,32241;25,17983;25,36147;19,28921;18,20913;18,99429;15,58999;18,20913;14,20327;15,58999;18,99429;23,16812;15,67202;19,32241;19,28921;18,99429;19,28921;16,27944;19,32241;18,20913;18,20913;23,16812;25,36147;16,27944;25,17983;16,27944;18,99429;25,36147;19,28921;18,99429;18,99429;15,58999;25,17983;18,10562;23,16812;18,20913;18,20913;14,20327;18,20913
"751";"2012-07-01";15,80361;17,27041;13,81533;14,11221;14,11221;15,80361;17,27041;14,37002;15,30947;13,81533;14,48135;16,90518;13,81533;15,80361;13,81533;14,11221;13,25869;14,41689;14,11221;15,04971;14,11221;15,98135;17,72939;14,41689;15,04971;14,41689;13,81533;14,53018;13,81533;14,11221;15,80361;13,25869;15,80361;13,25869;15,80361;14,11221;14,11221;15,98135;14,53018;14,53018;14,11221;14,48135;14,48135;15,04971;15,30947;18,19033;22,36221;18,19033;17,29775;18,53213;18,53213;24,74111;13,25869;18,19033;23,92275;18,53213;18,19033;18,53213;17,29775;17,29775;17,29775;15,30947;18,48525;24,74111;18,48525;22,36221;18,48525;24,49111;24,74111;18,53213;17,29775;18,19033;14,37002;17,29775;13,25869;14,37002;18,19033;22,36221;14,48135;18,48525;18,53213;18,19033;18,53213;15,30947;18,48525;17,29775;17,29775;22,36221;24,74111;15,30947;24,49111;15,30947;18,19033;24,74111;18,53213;18,19033;18,19033;14,37002;24,49111;16,90518;22,36221;17,29775;17,29775;13,25869;17,29775
"752";"2012-08-01";16,56753;18,05386;14,72378;14,84487;14,84487;16,56753;18,05386;15,10073;16,11245;14,72378;15,02847;17,73745;14,72378;16,56753;14,72378;14,84487;14,16714;15,23159;14,84487;15,68081;14,84487;16,54605;18,3605;15,23159;15,68081;15,23159;14,72378;14,94253;14,72378;14,84487;16,56753;14,16714;16,56753;14,16714;16,56753;14,84487;14,84487;16,54605;14,94253;14,94253;14,84487;15,02847;15,02847;15,68081;16,11245;18,97378;22,89761;18,97378;18,00894;19,3312;19,3312;25,16323;14,16714;18,97378;24,35269;19,3312;18,97378;19,3312;18,00894;18,00894;18,00894;16,11245;19,26284;25,16323;19,26284;22,89761;19,26284;24,99331;25,16323;19,3312;18,00894;18,97378;15,10073;18,00894;14,16714;15,10073;18,97378;22,89761;15,02847;19,26284;19,3312;18,97378;19,3312;16,11245;19,26284;18,00894;18,00894;22,89761;25,16323;16,11245;24,99331;16,11245;18,97378;25,16323;19,3312;18,97378;18,97378;15,10073;24,99331;17,73745;22,89761;18,00894;18,00894;14,16714;18,00894
"753";"2012-09-01";16,27603;17,77993;14,3561;14,69204;14,69204;16,27603;17,77993;14,65493;15,80728;14,3561;14,58267;17,3522;14,3561;16,27603;14,3561;14,69204;13,91274;14,9479;14,69204;15,48501;14,69204;16,43423;18,11001;14,9479;15,48501;14,9479;14,3561;14,55923;14,3561;14,69204;16,27603;13,91274;16,27603;13,91274;16,27603;14,69204;14,69204;16,43423;14,55923;14,55923;14,69204;14,58267;14,58267;15,48501;15,80728;18,71743;22,77212;18,71743;17,7897;19,01626;19,01626;24,99282;13,91274;18,71743;24,13149;19,01626;18,71743;19,01626;17,7897;17,7897;17,7897;15,80728;18,93814;24,99282;18,93814;22,77212;18,93814;24,84048;24,99282;19,01626;17,7897;18,71743;14,65493;17,7897;13,91274;14,65493;18,71743;22,77212;14,58267;18,93814;19,01626;18,71743;19,01626;15,80728;18,93814;17,7897;17,7897;22,77212;24,99282;15,80728;24,84048;15,80728;18,71743;24,99282;19,01626;18,71743;18,71743;14,65493;24,84048;17,3522;22,77212;17,7897;17,7897;13,91274;17,7897
"754";"2012-10-01";15,56899;17,00259;13,22134;14,06704;14,06704;15,56899;17,00259;13,41079;14,74087;13,22134;13,32681;16,44009;13,22134;15,56899;13,22134;14,06704;12,81704;14,20571;14,06704;14,76235;14,06704;15,87173;17,6647;14,20571;14,76235;14,20571;13,22134;13,29751;13,22134;14,06704;15,56899;12,81704;15,56899;12,81704;15,56899;14,06704;14,06704;15,87173;13,29751;13,29751;14,06704;13,32681;13,32681;14,76235;14,74087;17,39907;21,34634;17,39907;16,42642;17,7936;17,7936;23,87564;12,81704;17,39907;23,00064;17,7936;17,39907;17,7936;16,42642;16,42642;16,42642;14,74087;17,80142;23,87564;17,80142;21,34634;17,80142;23,55337;23,87564;17,7936;16,42642;17,39907;13,41079;16,42642;12,81704;13,41079;17,39907;21,34634;13,32681;17,80142;17,7936;17,39907;17,7936;14,74087;17,80142;16,42642;16,42642;21,34634;23,87564;14,74087;23,55337;14,74087;17,39907;23,87564;17,7936;17,39907;17,39907;13,41079;23,55337;16,44009;21,34634;16,42642;16,42642;12,81704;16,42642
"755";"2012-11-01";13,42837;14,33853;10,88735;12,17642;12,17642;13,42837;14,33853;11,1354;12,1647;10,88735;11,2272;13,81118;10,88735;13,42837;10,88735;12,17642;10,42056;12,14907;12,17642;12,80337;12,17642;14,24868;15,78384;12,14907;12,80337;12,14907;10,88735;11,28579;10,88735;12,17642;13,42837;10,42056;13,42837;10,42056;13,42837;12,17642;12,17642;14,24868;11,28579;11,28579;12,17642;11,2272;11,2272;12,80337;12,1647;14,80337;18,56899;14,80337;13,89907;15,09243;15,09243;21,16274;10,42056;14,80337;20,15103;15,09243;14,80337;15,09243;13,89907;13,89907;13,89907;12,1647;14,96353;21,16274;14,96353;18,56899;14,96353;21,01235;21,16274;15,09243;13,89907;14,80337;11,1354;13,89907;10,42056;11,1354;14,80337;18,56899;11,2272;14,96353;15,09243;14,80337;15,09243;12,1647;14,96353;13,89907;13,89907;18,56899;21,16274;12,1647;21,01235;12,1647;14,80337;21,16274;15,09243;14,80337;14,80337;11,1354;21,01235;13,81118;18,56899;13,89907;13,89907;10,42056;13,89907
"756";"2012-12-01";13,41006;14,83193;11,36514;11,9999;11,9999;13,41006;14,83193;11,82022;12,58584;11,36514;11,79873;14,39248;11,36514;13,41006;11,36514;11,9999;10,76553;12,46475;11,9999;12,5292;11,9999;13,44717;15,19717;12,46475;12,5292;12,46475;11,36514;11,41592;11,36514;11,9999;13,41006;10,76553;13,41006;10,76553;13,41006;11,9999;11,9999;13,44717;11,41592;11,41592;11,9999;11,79873;11,79873;12,5292;12,58584;14,53115;18,45498;14,53115;13,90029;14,82803;14,82803;20,4999;10,76553;14,53115;19,74404;14,82803;14,53115;14,82803;13,90029;13,90029;13,90029;12,58584;14,9667;20,4999;14,9667;18,45498;14,9667;20,31045;20,4999;14,82803;13,90029;14,53115;11,82022;13,90029;10,76553;11,82022;14,53115;18,45498;11,79873;14,9667;14,82803;14,53115;14,82803;12,58584;14,9667;13,90029;13,90029;18,45498;20,4999;12,58584;20,31045;12,58584;14,53115;20,4999;14,82803;14,53115;14,53115;11,82022;20,31045;14,39248;18,45498;13,90029;13,90029;10,76553;13,90029
"757";"2013-01-01";13,10732;14,16787;10,70693;11,72256;11,72256;13,10732;14,16787;11,08975;12,01943;10,70693;11,33584;13,63272;10,70693;13,10732;10,70693;11,72256;10,15225;11,94326;11,72256;12,36123;11,72256;13,5624;15,11318;11,94326;12,36123;11,94326;10,70693;11,16201;10,70693;11,72256;13,10732;10,15225;13,10732;10,15225;13,10732;11,72256;11,72256;13,5624;11,16201;11,16201;11,72256;11,33584;11,33584;12,36123;12,01943;13,79287;17,7167;13,79287;13,13076;14,17568;14,17568;19,76748;10,15225;13,79287;18,92373;14,17568;13,79287;14,17568;13,13076;13,13076;13,13076;12,01943;14,31631;19,76748;14,31631;17,7167;14,31631;19,53506;19,76748;14,17568;13,13076;13,79287;11,08975;13,13076;10,15225;11,08975;13,79287;17,7167;11,33584;14,31631;14,17568;13,79287;14,17568;12,01943;14,31631;13,13076;13,13076;17,7167;19,76748;12,01943;19,53506;12,01943;13,79287;19,76748;14,17568;13,79287;13,79287;11,08975;19,53506;13,63272;17,7167;13,13076;13,13076;10,15225;13,13076
"758";"2013-02-01";15,57974;17,01724;13,58364;14,09731;14,09731;15,57974;17,01724;14,05825;14,4938;13,58364;14,30435;16,32583;13,58364;15,57974;13,58364;14,09731;12,65005;14,80044;14,09731;14,7106;14,09731;15,68325;17,52114;14,80044;14,7106;14,80044;13,58364;13,84536;13,58364;14,09731;15,57974;12,65005;15,57974;12,65005;15,57974;14,09731;14,09731;15,68325;13,84536;13,84536;14,09731;14,30435;14,30435;14,7106;14,4938;15,63052;19,70278;15,63052;15,26528;15,92544;15,92544;21,44497;12,65005;15,63052;20,79653;15,92544;15,63052;15,92544;15,26528;15,26528;15,26528;14,4938;16,24575;21,44497;16,24575;19,70278;16,24575;21,26919;21,44497;15,92544;15,26528;15,63052;14,05825;15,26528;12,65005;14,05825;15,63052;19,70278;14,30435;16,24575;15,92544;15,63052;15,92544;14,4938;16,24575;15,26528;15,26528;19,70278;21,44497;14,4938;21,26919;14,4938;15,63052;21,44497;15,92544;15,63052;15,63052;14,05825;21,26919;16,32583;19,70278;15,26528;15,26528;12,65005;15,26528
"759";"2013-03-01";14,53091;15,71646;12,16372;13,13833;13,13833;14,53091;15,71646;12,49771;13,31606;12,16372;12,73794;14,98403;12,16372;14,53091;12,16372;13,13833;11,52114;13,46255;13,13833;13,70474;13,13833;15,01919;16,79653;13,46255;13,70474;13,46255;12,16372;12,57583;12,16372;13,13833;14,53091;11,52114;14,53091;11,52114;14,53091;13,13833;13,13833;15,01919;12,57583;12,57583;13,13833;12,73794;12,73794;13,70474;13,31606;14,71255;18,97817;14,71255;14,17544;15,16567;15,16567;21,09341;11,52114;14,71255;20,16372;15,16567;14,71255;15,16567;14,17544;14,17544;14,17544;13,31606;15,47036;21,09341;15,47036;18,97817;15,47036;20,83755;21,09341;15,16567;14,17544;14,71255;12,49771;14,17544;11,52114;12,49771;14,71255;18,97817;12,73794;15,47036;15,16567;14,71255;15,16567;13,31606;15,47036;14,17544;14,17544;18,97817;21,09341;13,31606;20,83755;13,31606;14,71255;21,09341;15,16567;14,71255;14,71255;12,49771;20,83755;14,98403;18,97817;14,17544;14,17544;11,52114;14,17544
"760";"2013-04-01";18,21939;19,96353;15,68618;16,20376;16,20376;18,21939;19,96353;16,52798;17,13345;15,68618;16,8522;19,29751;15,68618;18,21939;15,68618;16,20376;14,6979;16,89712;16,20376;16,70376;16,20376;18,07095;20,23696;16,89712;16,70376;16,89712;15,68618;16,20767;15,68618;16,20376;18,21939;14,6979;18,21939;14,6979;18,21939;16,20376;16,20376;18,07095;16,20767;16,20767;16,20376;16,8522;16,8522;16,70376;17,13345;18,15103;22,71939;18,15103;17,85806;18,51431;18,51431;24,22915;14,6979;18,15103;23,35415;18,51431;18,15103;18,51431;17,85806;17,85806;17,85806;17,13345;18,91079;24,22915;18,91079;22,71939;18,91079;24,18228;24,22915;18,51431;17,85806;18,15103;16,52798;17,85806;14,6979;16,52798;18,15103;22,71939;16,8522;18,91079;18,51431;18,15103;18,51431;17,13345;18,91079;17,85806;17,85806;22,71939;24,22915;17,13345;24,18228;17,13345;18,15103;24,22915;18,51431;18,15103;18,15103;16,52798;24,18228;19,29751;22,71939;17,85806;17,85806;14,6979;17,85806
"761";"2013-05-01";17,69033;19,44033;14,82119;15,86025;15,86025;17,69033;19,44033;15,55166;16,56143;14,82119;15,9833;18,73916;14,82119;17,69033;14,82119;15,86025;14,11025;16,15713;15,86025;16,52432;15,86025;17,89736;19,83291;16,15713;16,52432;16,15713;14,82119;15,87393;14,82119;15,86025;17,69033;14,11025;17,69033;14,11025;17,69033;15,86025;15,86025;17,89736;15,87393;15,87393;15,86025;15,9833;15,9833;16,52432;16,56143;18,5458;23,06729;18,5458;17,88564;18,81729;18,81729;25,23721;14,11025;18,5458;24,20791;18,81729;18,5458;18,81729;17,88564;17,88564;17,88564;16,56143;18,92861;25,23721;18,92861;23,06729;18,92861;25,14541;25,23721;18,81729;17,88564;18,5458;15,55166;17,88564;14,11025;15,55166;18,5458;23,06729;15,9833;18,92861;18,81729;18,5458;18,81729;16,56143;18,92861;17,88564;17,88564;23,06729;25,23721;16,56143;25,14541;16,56143;18,5458;25,23721;18,81729;18,5458;18,5458;15,55166;25,14541;18,73916;23,06729;17,88564;17,88564;14,11025;17,88564
"762";"2013-06-01";17,2665;18,73721;14,97939;15,75283;15,75283;17,2665;18,73721;15,44424;16,56338;14,97939;15,62197;18,3583;14,97939;17,2665;14,97939;15,75283;14,59072;15,83096;15,75283;16,4501;15,75283;17,579;19,27236;15,83096;16,4501;15,83096;14,97939;15,71963;14,97939;15,75283;17,2665;14,59072;17,2665;14,59072;17,2665;15,75283;15,75283;17,579;15,71963;15,71963;15,75283;15,62197;15,62197;16,4501;16,56338;19,22354;23,40908;19,22354;18,32314;19,63955;19,63955;25,73916;14,59072;19,22354;24,83096;19,63955;19,22354;19,63955;18,32314;18,32314;18,32314;16,56338;19,63564;25,73916;19,63564;23,40908;19,63564;25,49697;25,73916;19,63955;18,32314;19,22354;15,44424;18,32314;14,59072;15,44424;19,22354;23,40908;15,62197;19,63564;19,63955;19,22354;19,63955;16,56338;19,63564;18,32314;18,32314;23,40908;25,73916;16,56338;25,49697;16,56338;19,22354;25,73916;19,63955;19,22354;19,22354;15,44424;25,49697;18,3583;23,40908;18,32314;18,32314;14,59072;18,32314
"763";"2013-07-01";16,85366;18,55874;14,57241;15,24429;15,24429;16,85366;18,55874;15,02358;16,1564;14,57241;15,14077;18,04897;14,57241;16,85366;14,57241;15,24429;14,13491;15,38491;15,24429;15,98452;15,24429;17,05483;18,80874;15,38491;15,98452;15,38491;14,57241;15,25015;14,57241;15,24429;16,85366;14,13491;16,85366;14,13491;16,85366;15,24429;15,24429;17,05483;15,25015;15,25015;15,24429;15,14077;15,14077;15,98452;16,1564;18,93374;23,08022;18,93374;18,0353;19,33608;19,33608;25,44546;14,13491;18,93374;24,57241;19,33608;18,93374;19,33608;18,0353;18,0353;18,0353;16,1564;19,31655;25,44546;19,31655;23,08022;19,31655;25,19155;25,44546;19,33608;18,0353;18,93374;15,02358;18,0353;14,13491;15,02358;18,93374;23,08022;15,14077;19,31655;19,33608;18,93374;19,33608;16,1564;19,31655;18,0353;18,0353;23,08022;25,44546;16,1564;25,19155;16,1564;18,93374;25,44546;19,33608;18,93374;18,93374;15,02358;25,19155;18,04897;23,08022;18,0353;18,0353;14,13491;18,0353
"764";"2013-08-01";16,98208;18,45864;14,30825;15,34146;15,34146;16,98208;18,45864;14,6481;15,97817;14,30825;14,79263;17,85317;14,30825;16,98208;14,30825;15,34146;13,89224;15,42935;15,34146;16,01333;15,34146;17,2145;19,03286;15,42935;16,01333;15,42935;14,30825;14,91567;14,30825;15,34146;16,98208;13,89224;16,98208;13,89224;16,98208;15,34146;15,34146;17,2145;14,91567;14,91567;15,34146;14,79263;14,79263;16,01333;15,97817;18,72817;22,87661;18,72817;17,72036;19,15981;19,15981;25,32192;13,89224;18,72817;24,55435;19,15981;18,72817;19,15981;17,72036;17,72036;17,72036;15,97817;19,07192;25,32192;19,07192;22,87661;19,07192;24,91958;25,32192;19,15981;17,72036;18,72817;14,6481;17,72036;13,89224;14,6481;18,72817;22,87661;14,79263;19,07192;19,15981;18,72817;19,15981;15,97817;19,07192;17,72036;17,72036;22,87661;25,32192;15,97817;24,91958;15,97817;18,72817;25,32192;19,15981;18,72817;18,72817;14,6481;24,91958;17,85317;22,87661;17,72036;17,72036;13,89224;17,72036
"765";"2013-09-01";16,43716;17,74771;14,94692;14,91567;14,91567;16,43716;17,74771;15,20864;16,28677;14,94692;14,9606;17,63638;14,94692;16,43716;14,94692;14,91567;14,55435;15,09536;14,91567;15,4645;14,91567;16,31021;17,84341;15,09536;15,4645;15,09536;14,94692;14,85903;14,94692;14,91567;16,43716;14,55435;16,43716;14,55435;16,43716;14,91567;14,91567;16,31021;14,85903;14,85903;14,91567;14,9606;14,9606;15,4645;16,28677;19,10708;22,79458;19,10708;18,17153;19,45278;19,45278;24,8395;14,55435;19,10708;24,02505;19,45278;19,10708;19,45278;18,17153;18,17153;18,17153;16,28677;19,38052;24,8395;19,38052;22,79458;19,38052;24,72817;24,8395;19,45278;18,17153;19,10708;15,20864;18,17153;14,55435;15,20864;19,10708;22,79458;14,9606;19,38052;19,45278;19,10708;19,45278;16,28677;19,38052;18,17153;18,17153;22,79458;24,8395;16,28677;24,72817;16,28677;19,10708;24,8395;19,45278;19,10708;19,10708;15,20864;24,72817;17,63638;22,79458;18,17153;18,17153;14,55435;18,17153
"766";"2013-10-01";16,33999;17,80874;14,33804;14,69155;14,69155;16,33999;17,80874;14,42202;15,81655;14,33804;14,31655;17,3478;14,33804;16,33999;14,33804;14,69155;13,9728;14,69937;14,69155;15,17202;14,69155;16,32241;18,13491;14,69937;15,17202;14,69937;14,33804;14,32632;14,33804;14,69155;16,33999;13,9728;16,33999;13,9728;16,33999;14,69155;14,69155;16,32241;14,32632;14,32632;14,69155;14,31655;14,31655;15,17202;15,81655;18,57241;22,21304;18,57241;17,41616;18,92788;18,92788;24,74624;13,9728;18,57241;23,89468;18,92788;18,57241;18,92788;17,41616;17,41616;17,41616;15,81655;18,87319;24,74624;18,87319;22,21304;18,87319;24,50405;24,74624;18,92788;17,41616;18,57241;14,42202;17,41616;13,9728;14,42202;18,57241;22,21304;14,31655;18,87319;18,92788;18,57241;18,92788;15,81655;18,87319;17,41616;17,41616;22,21304;24,74624;15,81655;24,50405;15,81655;18,57241;24,74624;18,92788;18,57241;18,57241;14,42202;24,50405;17,3478;22,21304;17,41616;17,41616;13,9728;17,41616
"767";"2013-11-01";14,67544;15,97231;12,11294;13,00161;13,00161;14,67544;15,97231;12,00356;13,60903;12,11294;11,93716;15,19106;12,11294;14,67544;12,11294;13,00161;11,76333;12,72036;13,00161;13,19888;13,00161;14,78091;16,73989;12,72036;13,19888;12,72036;12,11294;11,95864;12,11294;13,00161;14,67544;11,76333;14,67544;11,76333;14,67544;13,00161;13,00161;14,78091;11,95864;11,95864;13,00161;11,93716;11,93716;13,19888;13,60903;16,06021;19,39419;16,06021;14,81606;16,28872;16,28872;21,74575;11,76333;16,06021;20,89224;16,28872;16,06021;16,28872;14,81606;14,81606;14,81606;13,60903;16,18911;21,74575;16,18911;19,39419;16,18911;21,52505;21,74575;16,28872;14,81606;16,06021;12,00356;14,81606;11,76333;12,00356;16,06021;19,39419;11,93716;16,18911;16,28872;16,06021;16,28872;13,60903;16,18911;14,81606;14,81606;19,39419;21,74575;13,60903;21,52505;13,60903;16,06021;21,74575;16,28872;16,06021;16,06021;12,00356;21,52505;15,19106;19,39419;14,81606;14,81606;11,76333;14,81606
"768";"2013-12-01";13,91812;15,04312;11,25405;12,40835;12,40835;13,91812;15,04312;11,28726;12,8771;11,25405;11,24624;14,45522;11,25405;13,91812;11,25405;12,40835;10,82437;12,37319;12,40835;12,68765;12,40835;14,23452;15,91812;12,37319;12,68765;12,37319;11,25405;11,1271;11,25405;12,40835;13,91812;10,82437;13,91812;10,82437;13,91812;12,40835;12,40835;14,23452;11,1271;11,1271;12,40835;11,24624;11,24624;12,68765;12,8771;14,77749;18,3478;14,77749;13,88491;15,07632;15,07632;20,21304;10,82437;14,77749;19,41812;15,07632;14,77749;15,07632;13,88491;13,88491;13,88491;12,8771;15,18374;20,21304;15,18374;18,3478;15,18374;19,88491;20,21304;15,07632;13,88491;14,77749;11,28726;13,88491;10,82437;11,28726;14,77749;18,3478;11,24624;15,18374;15,07632;14,77749;15,07632;12,8771;15,18374;13,88491;13,88491;18,3478;20,21304;12,8771;19,88491;12,8771;14,77749;20,21304;15,07632;14,77749;14,77749;11,28726;19,88491;14,45522;18,3478;13,88491;13,88491;10,82437;13,88491
"769";"2014-01-01";11,89468;12,9396;9,150537;10,5314;10,5314;11,89468;12,9396;9,324366;10,52163;9,150537;9,5021;12,14077;9,150537;11,89468;9,150537;10,5314;8,650537;10,62124;10,5314;11,00015;10,5314;12,4103;14,06069;10,62124;11,00015;10,62124;9,150537;9,451319;9,150537;10,5314;11,89468;8,650537;11,89468;8,650537;11,89468;10,5314;10,5314;12,4103;9,451319;9,451319;10,5314;9,5021;9,5021;11,00015;10,52163;12,36733;16,02944;12,36733;11,58022;12,65249;12,65249;17,95718;8,650537;12,36733;17,14663;12,65249;12,36733;12,65249;11,58022;11,58022;11,58022;10,52163;12,64272;17,95718;12,64272;16,02944;12,64272;17,75991;17,95718;12,65249;11,58022;12,36733;9,324366;11,58022;8,650537;9,324366;12,36733;16,02944;9,5021;12,64272;12,65249;12,36733;12,65249;10,52163;12,64272;11,58022;11,58022;16,02944;17,95718;10,52163;17,75991;10,52163;12,36733;17,95718;12,65249;12,36733;12,36733;9,324366;17,75991;12,14077;16,02944;11,58022;11,58022;8,650537;11,58022
"770";"2014-02-01";14,99111;16,33486;12,5751;13,50674;13,50674;14,99111;16,33486;13,28018;13,7626;12,5751;13,25869;15,55752;12,5751;14,99111;12,5751;13,50674;11,8583;14,06143;13,50674;14,2958;13,50674;15,28799;17,06143;14,06143;14,2958;14,06143;12,5751;12,98525;12,5751;13,50674;14,99111;11,8583;14,99111;11,8583;14,99111;13,50674;13,50674;15,28799;12,98525;12,98525;13,50674;13,25869;13,25869;14,2958;13,7626;15,16689;19,44814;15,16689;14,98916;15,57705;15,57705;20,93838;11,8583;15,16689;20,19424;15,57705;15,16689;15,57705;14,98916;14,98916;14,98916;13,7626;15,75869;20,93838;15,75869;19,44814;15,75869;20,76064;20,93838;15,57705;14,98916;15,16689;13,28018;14,98916;11,8583;13,28018;15,16689;19,44814;13,25869;15,75869;15,57705;15,16689;15,57705;13,7626;15,75869;14,98916;14,98916;19,44814;20,93838;13,7626;20,76064;13,7626;15,16689;20,93838;15,57705;15,16689;15,16689;13,28018;20,76064;15,55752;19,44814;14,98916;14,98916;11,8583;14,98916
"771";"2014-03-01";16,69619;18,33096;13,7665;14,74697;14,74697;16,69619;18,33096;14,62002;15,53213;13,7665;14,75088;17,54775;13,7665;16,69619;13,7665;14,74697;13,06729;15,16299;14,74697;15,49893;14,74697;16,80947;18,90518;15,16299;15,49893;15,16299;13,7665;14,47549;13,7665;14,74697;16,69619;13,06729;16,69619;13,06729;16,69619;14,74697;14,74697;16,80947;14,47549;14,47549;14,74697;14,75088;14,75088;15,49893;15,53213;16,61221;20,76455;16,61221;16,2333;16,93252;16,93252;22,50088;13,06729;16,61221;21,75088;16,93252;16,61221;16,93252;16,2333;16,2333;16,2333;15,53213;17,35635;22,50088;17,35635;20,76455;17,35635;22,18643;22,50088;16,93252;16,2333;16,61221;14,62002;16,2333;13,06729;14,62002;16,61221;20,76455;14,75088;17,35635;16,93252;16,61221;16,93252;15,53213;17,35635;16,2333;16,2333;20,76455;22,50088;15,53213;22,18643;15,53213;16,61221;22,50088;16,93252;16,61221;16,61221;14,62002;22,18643;17,54775;20,76455;16,2333;16,2333;13,06729;16,2333
"772";"2014-04-01";17,55264;19,26943;14,69326;15,61123;15,61123;17,55264;19,26943;15,37686;16,29678;14,69326;15,54092;18,56826;14,69326;17,55264;14,69326;15,61123;13,88662;15,88857;15,61123;16,28506;15,61123;17,71865;19,78897;15,88857;16,28506;15,88857;14,69326;15,30459;14,69326;15,61123;17,55264;13,88662;17,55264;13,88662;17,55264;15,61123;15,61123;17,71865;15,30459;15,30459;15,61123;15,54092;15,54092;16,28506;16,29678;18,01748;22,82412;18,01748;17,50576;18,3085;18,3085;24,6542;13,88662;18,01748;23,76748;18,3085;18,01748;18,3085;17,50576;17,50576;17,50576;16,29678;18,65029;24,6542;18,65029;22,82412;18,65029;24,32022;24,6542;18,3085;17,50576;18,01748;15,37686;17,50576;13,88662;15,37686;18,01748;22,82412;15,54092;18,65029;18,3085;18,01748;18,3085;16,29678;18,65029;17,50576;17,50576;22,82412;24,6542;16,29678;24,32022;16,29678;18,01748;24,6542;18,3085;18,01748;18,01748;15,37686;24,32022;18,56826;22,82412;17,50576;17,50576;13,88662;17,50576
"773";"2014-05-01";16,65396;17,85122;14,25161;15,02505;15,02505;16,65396;17,85122;14,61685;15,79067;14,25161;14,8356;17,56997;14,25161;16,65396;14,25161;15,02505;13,81021;15,06997;15,02505;15,55044;15,02505;16,85513;18,66567;15,06997;15,55044;15,06997;14,25161;14,7731;14,25161;15,02505;16,65396;13,81021;16,65396;13,81021;16,65396;15,02505;15,02505;16,85513;14,7731;14,7731;15,02505;14,8356;14,8356;15,55044;15,79067;17,99575;21,97622;17,99575;17,15981;18,37856;18,37856;24,29458;13,81021;17,99575;23,31021;18,37856;17,99575;18,37856;17,15981;17,15981;17,15981;15,79067;18,39028;24,29458;18,39028;21,97622;18,39028;24,05239;24,29458;18,37856;17,15981;17,99575;14,61685;17,15981;13,81021;14,61685;17,99575;21,97622;14,8356;18,39028;18,37856;17,99575;18,37856;15,79067;18,39028;17,15981;17,15981;21,97622;24,29458;15,79067;24,05239;15,79067;17,99575;24,29458;18,37856;17,99575;17,99575;14,61685;24,05239;17,56997;21,97622;17,15981;17,15981;13,81021;17,15981
"774";"2014-06-01";17,05825;18,32778;15,16177;15,45083;15,45083;17,05825;18,32778;15,48794;16,74575;15,16177;15,43911;18,21255;15,16177;17,05825;15,16177;15,45083;14,80825;15,61489;15,45083;16,17544;15,45083;17,0895;18,70669;15,61489;16,17544;15,61489;15,16177;15,50161;15,16177;15,45083;17,05825;14,80825;17,05825;14,80825;17,05825;15,45083;15,45083;17,0895;15,50161;15,50161;15,45083;15,43911;15,43911;16,17544;16,74575;19,4645;23,35708;19,4645;18,53286;19,87661;19,87661;25,68911;14,80825;19,4645;24,76528;19,87661;19,4645;19,87661;18,53286;18,53286;18,53286;16,74575;19,81216;25,68911;19,81216;23,35708;19,81216;25,51528;25,68911;19,87661;18,53286;19,4645;15,48794;18,53286;14,80825;15,48794;19,4645;23,35708;15,43911;19,81216;19,87661;19,4645;19,87661;16,74575;19,81216;18,53286;18,53286;23,35708;25,68911;16,74575;25,51528;16,74575;19,4645;25,68911;19,87661;19,4645;19,4645;15,48794;25,51528;18,21255;23,35708;18,53286;18,53286;14,80825;18,53286
"775";"2014-07-01";16,14297;17,48477;14,1918;14,49453;14,49453;16,14297;17,48477;14,725;15,74453;14,1918;14,6;17,32852;14,1918;16,14297;14,1918;14,49453;13,64102;14,83633;14,49453;15,38906;14,49453;16,2875;18,0082;14,83633;15,38906;14,83633;14,1918;14,60781;14,1918;14,49453;16,14297;13,64102;16,14297;13,64102;16,14297;14,49453;14,49453;16,2875;14,60781;14,60781;14,49453;14,6;14,6;15,38906;15,74453;18,57656;23,04336;18,57656;17,77578;18,91641;18,91641;25,39102;13,64102;18,57656;24,58633;18,91641;18,57656;18,91641;17,77578;17,77578;17,77578;15,74453;18,9418;25,39102;18,9418;23,04336;18,9418;25,08438;25,39102;18,91641;17,77578;18,57656;14,725;17,77578;13,64102;14,725;18,57656;23,04336;14,6;18,9418;18,91641;18,57656;18,91641;15,74453;18,9418;17,77578;17,77578;23,04336;25,39102;15,74453;25,08438;15,74453;18,57656;25,39102;18,91641;18,57656;18,57656;14,725;25,08438;17,32852;23,04336;17,77578;17,77578;13,64102;17,77578
"776";"2014-08-01";17,10391;18,65469;14,49648;15,30703;15,30703;17,10391;18,65469;15,33242;16,15273;14,49648;15,21133;18,1332;14,49648;17,10391;14,49648;15,30703;13,88125;15,76602;15,30703;16,37344;15,30703;17,48867;19,37539;15,76602;16,37344;15,76602;14,49648;15,12734;14,49648;15,30703;17,10391;13,88125;17,10391;13,88125;17,10391;15,30703;15,30703;17,48867;15,12734;15,12734;15,30703;15,21133;15,21133;16,37344;16,15273;19,07656;23,7582;19,07656;18,35;19,42617;19,42617;26,01602;13,88125;19,07656;25,35391;19,42617;19,07656;19,42617;18,35;18,35;18,35;16,15273;19,43008;26,01602;19,43008;23,7582;19,43008;25,52773;26,01602;19,42617;18,35;19,07656;15,33242;18,35;13,88125;15,33242;19,07656;23,7582;15,21133;19,43008;19,42617;19,07656;19,42617;16,15273;19,43008;18,35;18,35;23,7582;26,01602;16,15273;25,52773;16,15273;19,07656;26,01602;19,42617;19,07656;19,07656;15,33242;25,52773;18,1332;23,7582;18,35;18,35;13,88125;18,35
"777";"2014-09-01";16,9313;18,47231;14,75552;15,15786;15,15786;16,9313;18,47231;15,06021;16,26724;14,75552;14,89614;17,91567;14,75552;16,9313;14,75552;15,15786;14,29458;15,24185;15,15786;15,78091;15,15786;16,99575;18,83364;15,24185;15,78091;15,24185;14,75552;14,8688;14,75552;15,15786;16,9313;14,29458;16,9313;14,29458;16,9313;15,15786;15,15786;16,99575;14,8688;14,8688;15,15786;14,89614;14,89614;15,78091;16,26724;19,06021;23,01724;19,06021;18,06802;19,38638;19,38638;25,18911;14,29458;19,06021;24,30825;19,38638;19,06021;19,38638;18,06802;18,06802;18,06802;16,26724;19,30825;25,18911;19,30825;23,01724;19,30825;24,92935;25,18911;19,38638;18,06802;19,06021;15,06021;18,06802;14,29458;15,06021;19,06021;23,01724;14,89614;19,30825;19,38638;19,06021;19,38638;16,26724;19,30825;18,06802;18,06802;23,01724;25,18911;16,26724;24,92935;16,26724;19,06021;25,18911;19,38638;19,06021;19,06021;15,06021;24,92935;17,91567;23,01724;18,06802;18,06802;14,29458;18,06802
"778";"2014-10-01";15,96572;17,04385;13,72158;14,30557;14,30557;15,96572;17,04385;13,90713;15,2001;13,72158;13,72744;16,58682;13,72158;15,96572;13,72158;14,30557;13,33486;14,2001;14,30557;14,69033;14,30557;16,12002;17,9501;14,2001;14,69033;14,2001;13,72158;13,71377;13,72158;14,30557;15,96572;13,33486;15,96572;13,33486;15,96572;14,30557;14,30557;16,12002;13,71377;13,71377;14,30557;13,72744;13,72744;14,69033;15,2001;17,94229;22,00674;17,94229;17,02822;18,24502;18,24502;24,05361;13,33486;17,94229;23,19424;18,24502;17,94229;18,24502;17,02822;17,02822;17,02822;15,2001;18,16494;24,05361;18,16494;22,00674;18,16494;23,79189;24,05361;18,24502;17,02822;17,94229;13,90713;17,02822;13,33486;13,90713;17,94229;22,00674;13,72744;18,16494;18,24502;17,94229;18,24502;15,2001;18,16494;17,02822;17,02822;22,00674;24,05361;15,2001;23,79189;15,2001;17,94229;24,05361;18,24502;17,94229;17,94229;13,90713;23,79189;16,58682;22,00674;17,02822;17,02822;13,33486;17,02822
"779";"2014-11-01";14,35659;15,09683;11,79019;13,14956;13,14956;14,35659;15,09683;11,71792;13,02847;11,79019;12,09487;14,54605;11,79019;14,35659;11,79019;13,14956;11,3273;13,31753;13,14956;13,69253;13,14956;15,16909;16,64175;13,31753;13,69253;13,31753;11,79019;12,12026;11,79019;13,14956;14,35659;11,3273;14,35659;11,3273;14,35659;13,14956;13,14956;15,16909;12,12026;12,12026;13,14956;12,09487;12,09487;13,69253;13,02847;15,02065;18,36831;15,02065;13,97183;15,38394;15,38394;20,70425;11,3273;15,02065;19,8644;15,38394;15,02065;15,38394;13,97183;13,97183;13,97183;13,02847;15,39565;20,70425;15,39565;18,36831;15,39565;20,39565;20,70425;15,38394;13,97183;15,02065;11,71792;13,97183;11,3273;11,71792;15,02065;18,36831;12,09487;15,39565;15,38394;15,02065;15,38394;13,02847;15,39565;13,97183;13,97183;18,36831;20,70425;13,02847;20,39565;13,02847;15,02065;20,70425;15,38394;15,02065;15,02065;11,71792;20,39565;14,54605;18,36831;13,97183;13,97183;11,3273;13,97183
"780";"2014-12-01";13,22109;14,33438;10,8207;11,90469;11,90469;13,22109;14,33438;11,09609;12,11953;10,8207;11,43984;13,77188;10,8207;13,22109;10,8207;11,90469;10,33438;12,02969;11,90469;12,35;11,90469;13,80508;15,27773;12,02969;12,35;12,02969;10,8207;11,34219;10,8207;11,90469;13,22109;10,33438;13,22109;10,33438;13,22109;11,90469;11,90469;13,80508;11,34219;11,34219;11,90469;11,43984;11,43984;12,35;12,11953;14,05117;17,6918;14,05117;13,29531;14,38125;14,38125;19,9125;10,33438;14,05117;19,03164;14,38125;14,05117;14,38125;13,29531;13,29531;13,29531;12,11953;14,42031;19,9125;14,42031;17,6918;14,42031;19,63125;19,9125;14,38125;13,29531;14,05117;11,09609;13,29531;10,33438;11,09609;14,05117;17,6918;11,43984;14,42031;14,38125;14,05117;14,38125;12,11953;14,42031;13,29531;13,29531;17,6918;19,9125;12,11953;19,63125;12,11953;14,05117;19,9125;14,38125;14,05117;14,05117;11,09609;19,63125;13,77188;17,6918;13,29531;13,29531;10,33438;13,29531
"781";"2015-01-01";12,42324;13,2377;9,847071;11,12051;11,12051;12,42324;13,2377;9,901758;11,09707;9,847071;10,04434;12,57168;9,847071;12,42324;9,847071;11,12051;9,382227;10,93496;11,12051;11,26895;11,12051;13,0541;14,63027;10,93496;11,26895;10,93496;9,847071;9,936914;9,847071;11,12051;12,42324;9,382227;12,42324;9,382227;12,42324;11,12051;11,12051;13,0541;9,936914;9,936914;11,12051;10,04434;10,04434;11,26895;11,09707;12,94863;16,09316;12,94863;12,00918;13,25723;13,25723;18,39785;9,382227;12,94863;17,60488;13,25723;12,94863;13,25723;12,00918;12,00918;12,00918;11,09707;13,28066;18,39785;13,28066;16,09316;13,28066;18,1459;18,39785;13,25723;12,00918;12,94863;9,901758;12,00918;9,382227;9,901758;12,94863;16,09316;10,04434;13,28066;13,25723;12,94863;13,25723;11,09707;13,28066;12,00918;12,00918;16,09316;18,39785;11,09707;18,1459;11,09707;12,94863;18,39785;13,25723;12,94863;12,94863;9,901758;18,1459;12,57168;16,09316;12,00918;12,00918;9,382227;12,00918
"782";"2015-02-01";13,80581;14,8898;11,05581;12,35073;12,35073;13,80581;14,8898;11,37222;12,33315;11,05581;11,66128;14,0773;11,05581;13,80581;11,05581;12,35073;10,42495;12,45815;12,35073;12,71597;12,35073;14,2394;15,9523;12,45815;12,71597;12,45815;11,05581;11,50112;11,05581;12,35073;13,80581;10,42495;13,80581;10,42495;13,80581;12,35073;12,35073;14,2394;11,50112;11,50112;12,35073;11,66128;11,66128;12,71597;12,33315;13,3644;16,83511;13,3644;12,73745;13,76675;13,76675;19,06753;10,42495;13,3644;18,23745;13,76675;13,3644;13,76675;12,73745;12,73745;12,73745;12,33315;13,99526;19,06753;13,99526;16,83511;13,99526;18,86636;19,06753;13,76675;12,73745;13,3644;11,37222;12,73745;10,42495;11,37222;13,3644;16,83511;11,66128;13,99526;13,76675;13,3644;13,76675;12,33315;13,99526;12,73745;12,73745;16,83511;19,06753;12,33315;18,86636;12,33315;13,3644;19,06753;13,76675;13,3644;13,3644;11,37222;18,86636;14,0773;16,83511;12,73745;12,73745;10,42495;12,73745
"783";"2015-03-01";14,62539;15,87539;11,96328;12,97695;12,97695;14,62539;15,87539;12,3793;13,49844;11,96328;12,73281;15,25039;11,96328;14,62539;11,96328;12,97695;11,39688;13,15078;12,97695;13,62148;12,97695;14,98086;16,77383;13,15078;13,62148;13,15078;11,96328;12,76797;11,96328;12,97695;14,62539;11,39688;14,62539;11,39688;14,62539;12,97695;12,97695;14,98086;12,76797;12,76797;12,97695;12,73281;12,73281;13,62148;13,49844;15,1957;18,76602;15,1957;14,37148;15,55898;15,55898;21,18203;11,39688;15,1957;20,3168;15,55898;15,1957;15,55898;14,37148;14,37148;14,37148;13,49844;15,66836;21,18203;15,66836;18,76602;15,66836;20,99648;21,18203;15,55898;14,37148;15,1957;12,3793;14,37148;11,39688;12,3793;15,1957;18,76602;12,73281;15,66836;15,55898;15,1957;15,55898;13,49844;15,66836;14,37148;14,37148;18,76602;21,18203;13,49844;20,99648;13,49844;15,1957;21,18203;15,55898;15,1957;15,1957;12,3793;20,99648;15,25039;18,76602;14,37148;14,37148;11,39688;14,37148
"784";"2015-04-01";17,58657;18,8854;14,89321;15,7897;15,7897;17,58657;18,8854;15,70767;16,59829;14,89321;15,75845;18,72329;14,89321;17,58657;14,89321;15,7897;14,22915;16,00649;15,7897;16,27212;15,7897;17,83462;19,87564;16,00649;16,27212;16,00649;14,89321;15,51235;14,89321;15,7897;17,58657;14,22915;17,58657;14,22915;17,58657;15,7897;15,7897;17,83462;15,51235;15,51235;15,7897;15,75845;15,75845;16,27212;16,59829;18,53189;22,99282;18,53189;17,95571;18,99087;18,99087;25,49673;14,22915;18,53189;24,6061;18,99087;18,53189;18,99087;17,95571;17,95571;17,95571;16,59829;19,25259;25,49673;19,25259;22,99282;19,25259;25,29165;25,49673;18,99087;17,95571;18,53189;15,70767;17,95571;14,22915;15,70767;18,53189;22,99282;15,75845;19,25259;18,99087;18,53189;18,99087;16,59829;19,25259;17,95571;17,95571;22,99282;25,49673;16,59829;25,29165;16,59829;18,53189;25,49673;18,99087;18,53189;18,53189;15,70767;25,29165;18,72329;22,99282;17,95571;17,95571;14,22915;17,95571
"785";"2015-05-01";16,81777;18,41348;14,50918;15,15762;15,15762;16,81777;18,41348;15,02676;16,12051;14,50918;14,98379;18,23965;14,50918;16,81777;14,50918;15,15762;13,96816;15,37441;15,15762;15,79043;15,15762;16,94473;18,73574;15,37441;15,79043;15,37441;14,50918;14,94082;14,50918;15,15762;16,81777;13,96816;16,81777;13,96816;16,81777;15,15762;15,15762;16,94473;14,94082;14,94082;15,15762;14,98379;14,98379;15,79043;16,12051;18,64004;22,78262;18,64004;17,80996;19,09512;19,09512;25,50723;13,96816;18,64004;24,68301;19,09512;18,64004;19,09512;17,80996;17,80996;17,80996;16,12051;19,08926;25,50723;19,08926;22,78262;19,08926;25,24941;25,50723;19,09512;17,80996;18,64004;15,02676;17,80996;13,96816;15,02676;18,64004;22,78262;14,98379;19,08926;19,09512;18,64004;19,09512;16,12051;19,08926;17,80996;17,80996;22,78262;25,50723;16,12051;25,24941;16,12051;18,64004;25,50723;19,09512;18,64004;18,64004;15,02676;25,24941;18,23965;22,78262;17,80996;17,80996;13,96816;17,80996
"786";"2015-06-01";16,88296;18,2228;14,74038;15,30679;15,30679;16,88296;18,2228;15,07046;16,19546;14,74038;15,09976;17,96108;14,74038;16,88296;14,74038;15,30679;14,26968;15,5646;15,30679;16,04507;15,30679;17,03335;18,83413;15,5646;16,04507;15,5646;14,74038;15,14858;14,74038;15,30679;16,88296;14,26968;16,88296;14,26968;16,88296;15,30679;15,30679;17,03335;15,14858;15,14858;15,30679;15,09976;15,09976;16,04507;16,19546;18,83413;22,80679;18,83413;17,9064;19,21694;19,21694;25,17593;14,26968;18,83413;24,24038;19,21694;18,83413;19,21694;17,9064;17,9064;17,9064;16,19546;19,10366;25,17593;19,10366;22,80679;19,10366;25,05483;25,17593;19,21694;17,9064;18,83413;15,07046;17,9064;14,26968;15,07046;18,83413;22,80679;15,09976;19,10366;19,21694;18,83413;19,21694;16,19546;19,10366;17,9064;17,9064;22,80679;25,17593;16,19546;25,05483;16,19546;18,83413;25,17593;19,21694;18,83413;18,83413;15,07046;25,05483;17,96108;22,80679;17,9064;17,9064;14,26968;17,9064
"787";"2015-07-01";16,96426;18,65762;14,3959;14,97402;14,97402;16,96426;18,65762;14,9584;15,95449;14,3959;14,85293;17,97793;14,3959;16,96426;14,3959;14,97402;13,87246;15,3627;14,97402;15,99551;14,97402;16,8002;18,93691;15,3627;15,99551;15,3627;14,3959;15,00723;14,3959;14,97402;16,96426;13,87246;16,96426;13,87246;16,96426;14,97402;14,97402;16,8002;15,00723;15,00723;14,97402;14,85293;14,85293;15,99551;15,95449;18,82363;23,22988;18,82363;17,98965;19,21816;19,21816;25,52285;13,87246;18,82363;24,72793;19,21816;18,82363;19,21816;17,98965;17,98965;17,98965;15,95449;19,14785;25,52285;19,14785;23,22988;19,14785;25,24356;25,52285;19,21816;17,98965;18,82363;14,9584;17,98965;13,87246;14,9584;18,82363;23,22988;14,85293;19,14785;19,21816;18,82363;19,21816;15,95449;19,14785;17,98965;17,98965;23,22988;25,52285;15,95449;25,24356;15,95449;18,82363;25,52285;19,21816;18,82363;18,82363;14,9584;25,24356;17,97793;23,22988;17,98965;17,98965;13,87246;17,98965
"788";"2015-08-01";17,43936;18,98623;14,87686;15,63272;15,63272;17,43936;18,98623;15,49209;16,36123;14,87686;15,33584;18,37881;14,87686;17,43936;14,87686;15,63272;14,25576;15,88467;15,63272;16,49404;15,63272;17,63857;19,72256;15,88467;16,49404;15,88467;14,87686;15,29092;14,87686;15,63272;17,43936;14,25576;17,43936;14,25576;17,43936;15,63272;15,63272;17,63857;15,29092;15,29092;15,63272;15,33584;15,33584;16,49404;16,36123;19,28115;23,55459;19,28115;18,33193;19,67178;19,67178;25,66592;14,25576;19,28115;24,98818;19,67178;19,28115;19,67178;18,33193;18,33193;18,33193;16,36123;19,4999;25,66592;19,4999;23,55459;19,4999;25,38272;25,66592;19,67178;18,33193;19,28115;15,49209;18,33193;14,25576;15,49209;19,28115;23,55459;15,33584;19,4999;19,67178;19,28115;19,67178;16,36123;19,4999;18,33193;18,33193;23,55459;25,66592;16,36123;25,38272;16,36123;19,28115;25,66592;19,67178;19,28115;19,28115;15,49209;25,38272;18,37881;23,55459;18,33193;18,33193;14,25576;18,33193
"789";"2015-09-01";16,93667;18,5187;14,84878;15,13198;15,13198;16,93667;18,5187;15,12026;16,33901;14,84878;14,91128;18,07144;14,84878;16,93667;14,84878;15,13198;14,4523;15,15933;15,13198;15,64565;15,13198;16,69253;18,44839;15,15933;15,64565;15,15933;14,84878;14,91128;14,84878;15,13198;16,93667;14,4523;16,93667;14,4523;16,93667;15,13198;15,13198;16,69253;14,91128;14,91128;15,13198;14,91128;14,91128;15,64565;16,33901;19,2648;23,25112;19,2648;18,15542;19,67495;19,67495;25,46206;14,4523;19,2648;24,75308;19,67495;19,2648;19,67495;18,15542;18,15542;18,15542;16,33901;19,4523;25,46206;19,4523;23,25112;19,4523;25,2355;25,46206;19,67495;18,15542;19,2648;15,12026;18,15542;14,4523;15,12026;19,2648;23,25112;14,91128;19,4523;19,67495;19,2648;19,67495;16,33901;19,4523;18,15542;18,15542;23,25112;25,46206;16,33901;25,2355;16,33901;19,2648;25,46206;19,67495;19,2648;19,2648;15,12026;25,2355;18,07144;23,25112;18,15542;18,15542;14,4523;18,15542
"790";"2015-10-01";16,91738;18,21231;14,51113;15,18691;15,18691;16,91738;18,21231;14,66543;16,1127;14,51113;14,36465;17,7084;14,51113;16,91738;14,51113;15,18691;14,20645;14,89981;15,18691;15,28262;15,18691;16,73184;18,61856;14,89981;15,28262;14,89981;14,51113;14,27285;14,51113;15,18691;16,91738;14,20645;16,91738;14,20645;16,91738;15,18691;15,18691;16,73184;14,27285;14,27285;15,18691;14,36465;14,36465;15,28262;16,1127;18,59512;22,55996;18,59512;17,68887;18,98184;18,98184;24,7084;14,20645;18,59512;23,90176;18,98184;18,59512;18,98184;17,68887;17,68887;17,68887;16,1127;18,97207;24,7084;18,97207;22,55996;18,97207;24,44668;24,7084;18,98184;17,68887;18,59512;14,66543;17,68887;14,20645;14,66543;18,59512;22,55996;14,36465;18,97207;18,98184;18,59512;18,98184;16,1127;18,97207;17,68887;17,68887;22,55996;24,7084;16,1127;24,44668;16,1127;18,59512;24,7084;18,98184;18,59512;18,59512;14,66543;24,44668;17,7084;22,55996;17,68887;17,68887;14,20645;17,68887
"791";"2015-11-01";15,85513;16,63052;13,60513;14,39224;14,39224;15,85513;16,63052;13,8063;15,00552;13,60513;13,79263;16,29263;13,60513;15,85513;13,60513;14,39224;13,2438;14,11099;14,39224;14,76724;14,39224;16,2106;17,73989;14,11099;14,76724;14,11099;13,60513;13,95669;13,60513;14,39224;15,85513;13,2438;15,85513;13,2438;15,85513;14,39224;14,39224;16,2106;13,95669;13,95669;14,39224;13,79263;13,79263;14,76724;15,00552;17,67935;21,3395;17,67935;16,65005;17,99771;17,99771;23,5856;13,2438;17,67935;22,66958;17,99771;17,67935;17,99771;16,65005;16,65005;16,65005;15,00552;17,86489;23,5856;17,86489;21,3395;17,86489;23,43716;23,5856;17,99771;16,65005;17,67935;13,8063;16,65005;13,2438;13,8063;17,67935;21,3395;13,79263;17,86489;17,99771;17,67935;17,99771;15,00552;17,86489;16,65005;16,65005;21,3395;23,5856;15,00552;23,43716;15,00552;17,67935;23,5856;17,99771;17,67935;17,67935;13,8063;23,43716;16,29263;21,3395;16,65005;16,65005;13,2438;16,65005
"792";"2015-12-01";14,56729;15,82314;12,32705;13,07705;13,07705;14,56729;15,82314;12,5126;13,55166;12,32705;12,39932;15,29385;12,32705;14,56729;12,32705;13,07705;11,74307;13,13174;13,07705;13,25674;13,07705;14,79385;16,56924;13,13174;13,25674;13,13174;12,32705;12,13955;12,32705;13,07705;14,56729;11,74307;14,56729;11,74307;14,56729;13,07705;13,07705;14,79385;12,13955;12,13955;13,07705;12,39932;12,39932;13,25674;13,55166;15,76064;19,56729;15,76064;14,98135;16,01064;16,01064;21,43447;11,74307;15,76064;20,64541;16,01064;15,76064;16,01064;14,98135;14,98135;14,98135;13,55166;16,11807;21,43447;16,11807;19,56729;16,11807;21,18057;21,43447;16,01064;14,98135;15,76064;12,5126;14,98135;11,74307;12,5126;15,76064;19,56729;12,39932;16,11807;16,01064;15,76064;16,01064;13,55166;16,11807;14,98135;14,98135;19,56729;21,43447;13,55166;21,18057;13,55166;15,76064;21,43447;16,01064;15,76064;15,76064;12,5126;21,18057;15,29385;19,56729;14,98135;14,98135;11,74307;14,98135
"793";"2016-01-01";12,4833;13,68252;10,4208;11,04385;11,04385;12,4833;13,68252;10,46377;11,69619;10,4208;10,80752;13,31729;10,4208;12,4833;10,4208;11,04385;9,791895;11,43838;11,04385;11,38369;11,04385;12,5126;14,23525;11,43838;11,38369;11,43838;10,4208;10,454;10,4208;11,04385;12,4833;9,791895;12,4833;9,791895;12,4833;11,04385;11,04385;12,5126;10,454;10,454;11,04385;10,80752;10,80752;11,38369;11,69619;13,03018;16,28994;13,03018;12,10635;13,43252;13,43252;18,48135;9,791895;13,03018;17,66689;13,43252;13,03018;13,43252;12,10635;12,10635;12,10635;11,69619;13,67666;18,48135;13,67666;16,28994;13,67666;18,34268;18,48135;13,43252;12,10635;13,03018;10,46377;12,10635;9,791895;10,46377;13,03018;16,28994;10,80752;13,67666;13,43252;13,03018;13,43252;11,69619;13,67666;12,10635;12,10635;16,28994;18,48135;11,69619;18,34268;11,69619;13,03018;18,48135;13,43252;13,03018;13,03018;10,46377;18,34268;13,31729;16,28994;12,10635;12,10635;9,791895;12,10635
"794";"2016-02-01";12,95278;13,62075;10,62466;11,93521;11,93521;12,95278;13,62075;10,59536;11,43325;10,62466;10,80044;12,94888;10,62466;12,95278;10,62466;11,93521;9,935205;11,99575;11,93521;12,44692;11,93521;14,07778;15,27114;11,99575;12,44692;11,99575;10,62466;10,84536;10,62466;11,93521;12,95278;9,935205;12,95278;9,935205;12,95278;11,93521;11,93521;14,07778;10,84536;10,84536;11,93521;10,80044;10,80044;12,44692;11,43325;13,23794;16,81606;13,23794;12,41567;13,50161;13,50161;19,30044;9,935205;13,23794;18,29458;13,50161;13,23794;13,50161;12,41567;12,41567;12,41567;11,43325;13,55435;19,30044;13,55435;16,81606;13,55435;19,18521;19,30044;13,50161;12,41567;13,23794;10,59536;12,41567;9,935205;10,59536;13,23794;16,81606;10,80044;13,55435;13,50161;13,23794;13,50161;11,43325;13,55435;12,41567;12,41567;16,81606;19,30044;11,43325;19,18521;11,43325;13,23794;19,30044;13,50161;13,23794;13,23794;10,59536;19,18521;12,94888;16,81606;12,41567;12,41567;9,935205;12,41567
"795";"2016-03-01";15,93252;17,53408;13,64736;13,8915;13,8915;15,93252;17,53408;14,22549;15,40518;13,64736;14,1376;17,5458;13,64736;15,93252;13,64736;13,8915;12,97744;14,21768;13,8915;14,02627;13,8915;15,32705;17,43838;14,21768;14,02627;14,21768;13,64736;13,49111;13,64736;13,8915;15,93252;12,97744;15,93252;12,97744;15,93252;13,8915;13,8915;15,32705;13,49111;13,49111;13,8915;14,1376;14,1376;14,02627;15,40518;16,85049;20,98135;16,85049;16,25283;17,27041;17,27041;23,01455;12,97744;16,85049;22,25479;17,27041;16,85049;17,27041;16,25283;16,25283;16,25283;15,40518;17,77041;23,01455;17,77041;20,98135;17,77041;22,81729;23,01455;17,27041;16,25283;16,85049;14,22549;16,25283;12,97744;14,22549;16,85049;20,98135;14,1376;17,77041;17,27041;16,85049;17,27041;15,40518;17,77041;16,25283;16,25283;20,98135;23,01455;15,40518;22,81729;15,40518;16,85049;23,01455;17,27041;16,85049;16,85049;14,22549;22,81729;17,5458;20,98135;16,25283;16,25283;12,97744;16,25283
"796";"2016-04-01";18,24868;19,41079;15,62173;16,5104;16,5104;18,24868;19,41079;16,28189;17,08267;15,62173;16,56899;18,97915;15,62173;18,24868;15,62173;16,5104;14,87564;17,00259;16,5104;17,06118;16,5104;18,37564;20,38931;17,00259;17,06118;17,00259;15,62173;16,08853;15,62173;16,5104;18,24868;14,87564;18,24868;14,87564;18,24868;16,5104;16,5104;18,37564;16,08853;16,08853;16,5104;16,56899;16,56899;17,06118;17,08267;18,25259;22,52603;18,25259;17,75259;18,69399;18,69399;24,6354;14,87564;18,25259;23,84829;18,69399;18,25259;18,69399;17,75259;17,75259;17,75259;17,08267;19,11196;24,6354;19,11196;22,52603;19,11196;24,37173;24,6354;18,69399;17,75259;18,25259;16,28189;17,75259;14,87564;16,28189;18,25259;22,52603;16,56899;19,11196;18,69399;18,25259;18,69399;17,08267;19,11196;17,75259;17,75259;22,52603;24,6354;17,08267;24,37173;17,08267;18,25259;24,6354;18,69399;18,25259;18,25259;16,28189;24,37173;18,97915;22,52603;17,75259;17,75259;14,87564;17,75259
"797";"2016-05-01";18,60659;19,82925;16,21792;17,0187;17,0187;18,60659;19,82925;16,91714;17,67105;16,21792;17,16909;19,57925;16,21792;18,60659;16,21792;17,0187;15,5812;17,71401;17,0187;17,8605;17,0187;18,61245;20,50894;17,71401;17,8605;17,71401;16,21792;16,93081;16,21792;17,0187;18,60659;15,5812;18,60659;15,5812;18,60659;17,0187;17,0187;18,61245;16,93081;16,93081;17,0187;17,16909;17,16909;17,8605;17,67105;19,70815;24,19253;19,70815;19,09292;20,10855;20,10855;26,55386;15,5812;19,70815;25,69253;20,10855;19,70815;20,10855;19,09292;19,09292;19,09292;17,67105;20,2648;26,55386;20,2648;24,19253;20,2648;26,31167;26,55386;20,10855;19,09292;19,70815;16,91714;19,09292;15,5812;16,91714;19,70815;24,19253;17,16909;20,2648;20,10855;19,70815;20,10855;17,67105;20,2648;19,09292;19,09292;24,19253;26,55386;17,67105;26,31167;17,67105;19,70815;26,55386;20,10855;19,70815;19,70815;16,91714;26,31167;19,57925;24,19253;19,09292;19,09292;15,5812;19,09292
"798";"2016-06-01";17,08755;18,40591;15,01919;15,32778;15,32778;17,08755;18,40591;15,51138;16,53481;15,01919;15,53091;18,33755;15,01919;17,08755;15,01919;15,32778;14,51724;15,62075;15,32778;16,0895;15,32778;17,01138;18,83364;15,62075;16,0895;15,62075;15,01919;15,46646;15,01919;15,32778;17,08755;14,51724;17,08755;14,51724;17,08755;15,32778;15,32778;17,01138;15,46646;15,46646;15,32778;15,53091;15,53091;16,0895;16,53481;19,30239;23,63247;19,30239;18,41372;19,62466;19,62466;25,72817;14,51724;19,30239;24,95669;19,62466;19,30239;19,62466;18,41372;18,41372;18,41372;16,53481;19,54653;25,72817;19,54653;23,63247;19,54653;25,46255;25,72817;19,62466;18,41372;19,30239;15,51138;18,41372;14,51724;15,51138;19,30239;23,63247;15,53091;19,54653;19,62466;19,30239;19,62466;16,53481;19,54653;18,41372;18,41372;23,63247;25,72817;16,53481;25,46255;16,53481;19,30239;25,72817;19,62466;19,30239;19,30239;15,51138;25,46255;18,33755;23,63247;18,41372;18,41372;14,51724;18,41372
"799";"2016-07-01";17,43008;19,09609;14,85;15,34023;15,34023;17,43008;19,09609;15,35195;16,475;14,85;15,49258;18,41641;14,85;17,43008;14,85;15,34023;14,35977;15,90078;15,34023;16,46914;15,34023;17,28164;19,83828;15,90078;16,46914;15,90078;14,85;15,59609;14,85;15,34023;17,43008;14,35977;17,43008;14,35977;17,43008;15,34023;15,34023;17,28164;15,59609;15,59609;15,34023;15,49258;15,49258;16,46914;16,475;19,22109;23,6293;19,22109;18,33047;19,73867;19,73867;25,76211;14,35977;19,22109;25,09023;19,73867;19,22109;19,73867;18,33047;18,33047;18,33047;16,475;19,58047;25,76211;19,58047;23,6293;19,58047;25,54141;25,76211;19,73867;18,33047;19,22109;15,35195;18,33047;14,35977;15,35195;19,22109;23,6293;15,49258;19,58047;19,73867;19,22109;19,73867;16,475;19,58047;18,33047;18,33047;23,6293;25,76211;16,475;25,54141;16,475;19,22109;25,76211;19,73867;19,22109;19,22109;15,35195;25,54141;18,41641;23,6293;18,33047;18,33047;14,35977;18,33047
"800";"2016-08-01";17,40737;19,06948;15,19644;15,53823;15,53823;17,40737;19,06948;15,62026;16,75698;15,19644;15,69644;18,45425;15,19644;17,40737;15,19644;15,53823;14,75112;16,05972;15,53823;16,65151;15,53823;17,34878;19,48745;16,05972;16,65151;16,05972;15,19644;15,73355;15,19644;15,53823;17,40737;14,75112;17,40737;14,75112;17,40737;15,53823;15,53823;17,34878;15,73355;15,73355;15,53823;15,69644;15,69644;16,65151;16,75698;19,5773;23,63784;19,5773;18,64175;19,96987;19,96987;25,86636;14,75112;19,5773;25,18667;19,96987;19,5773;19,96987;18,64175;18,64175;18,64175;16,75698;19,89565;25,86636;19,89565;23,63784;19,89565;25,63784;25,86636;19,96987;18,64175;19,5773;15,62026;18,64175;14,75112;15,62026;19,5773;23,63784;15,69644;19,89565;19,96987;19,5773;19,96987;16,75698;19,89565;18,64175;18,64175;23,63784;25,86636;16,75698;25,63784;16,75698;19,5773;25,86636;19,96987;19,5773;19,5773;15,62026;25,63784;18,45425;23,63784;18,64175;18,64175;14,75112;18,64175
"801";"2016-09-01";16,84365;18,46865;14,746;15,1249;15,1249;16,84365;18,46865;15,0917;16,1835;14,746;15,06436;17,92178;14,746;16,84365;14,746;15,1249;14,32803;15,33389;15,1249;15,99209;15,1249;16,98428;18,83779;15,33389;15,99209;15,33389;14,746;15,08975;14,746;15,1249;16,84365;14,32803;16,84365;14,32803;16,84365;15,1249;15,1249;16,98428;15,08975;15,08975;15,1249;15,06436;15,06436;15,99209;16,1835;19,10537;23,14443;19,10537;18,11318;19,52334;19,52334;25,41982;14,32803;19,10537;24,76748;19,52334;19,10537;19,52334;18,11318;18,11318;18,11318;16,1835;19,34365;25,41982;19,34365;23,14443;19,34365;25,1874;25,41982;19,52334;18,11318;19,10537;15,0917;18,11318;14,32803;15,0917;19,10537;23,14443;15,06436;19,34365;19,52334;19,10537;19,52334;16,1835;19,34365;18,11318;18,11318;23,14443;25,41982;16,1835;25,1874;16,1835;19,10537;25,41982;19,52334;19,10537;19,10537;15,0917;25,1874;17,92178;23,14443;18,11318;18,11318;14,32803;18,11318
"802";"2016-10-01";16,14077;17,62515;13,66226;14,40835;14,40835;16,14077;17,62515;13,82437;15,2189;13,66226;13,59976;17,01772;13,66226;16,14077;13,66226;14,40835;13,33022;14,36343;14,40835;15,00405;14,40835;16,37124;18,28726;14,36343;15,00405;14,36343;13,66226;13,60366;13,66226;14,40835;16,14077;13,33022;16,14077;13,33022;16,14077;14,40835;14,40835;16,37124;13,60366;13,60366;14,40835;13,59976;13,59976;15,00405;15,2189;18,08999;22,30288;18,08999;17,13491;18,45327;18,45327;24,3146;13,33022;18,08999;23,54312;18,45327;18,08999;18,45327;17,13491;17,13491;17,13491;15,2189;18,21694;24,3146;18,21694;22,30288;18,21694;24,21304;24,3146;18,45327;17,13491;18,08999;13,82437;17,13491;13,33022;13,82437;18,08999;22,30288;13,59976;18,21694;18,45327;18,08999;18,45327;15,2189;18,21694;17,13491;17,13491;22,30288;24,3146;15,2189;24,21304;15,2189;18,08999;24,3146;18,45327;18,08999;18,08999;13,82437;24,21304;17,01772;22,30288;17,13491;17,13491;13,33022;17,13491
"803";"2016-11-01";14,44692;15,58169;11,9938;12,91372;12,91372;14,44692;15,58169;12,12661;13,4313;11,9938;11,92935;15,07192;11,9938;14,44692;11,9938;12,91372;11,62466;12,59536;12,91372;13,10122;12,91372;14,91372;16,78091;12,59536;13,10122;12,59536;11,9938;11,84731;11,9938;12,91372;14,44692;11,62466;14,44692;11,62466;14,44692;12,91372;12,91372;14,91372;11,84731;11,84731;12,91372;11,92935;11,92935;13,10122;13,4313;16,22036;20,34731;16,22036;15,28481;16,49185;16,49185;22,25356;11,62466;16,22036;21,42739;16,49185;16,22036;16,49185;15,28481;15,28481;15,28481;13,4313;16,35708;22,25356;16,35708;20,34731;16,35708;22,07388;22,25356;16,49185;15,28481;16,22036;12,12661;15,28481;11,62466;12,12661;16,22036;20,34731;11,92935;16,35708;16,49185;16,22036;16,49185;13,4313;16,35708;15,28481;15,28481;20,34731;22,25356;13,4313;22,07388;13,4313;16,22036;22,25356;16,49185;16,22036;16,22036;12,12661;22,07388;15,07192;20,34731;15,28481;15,28481;11,62466;15,28481
"804";"2016-12-01";14,56362;15,87612;12,07144;12,89761;12,89761;14,56362;15,87612;12,4894;13,66519;12,07144;12,68081;15,45034;12,07144;14,56362;12,07144;12,89761;11,53042;13,05386;12,89761;13,5187;12,89761;14,94448;16,65933;13,05386;13,5187;13,05386;12,07144;12,60073;12,07144;12,89761;14,56362;11,53042;14,56362;11,53042;14,56362;12,89761;12,89761;14,94448;12,60073;12,60073;12,89761;12,68081;12,68081;13,5187;13,66519;15,96401;19,8898;15,96401;15,18276;16,24917;16,24917;21,77651;11,53042;15,96401;21,00503;16,24917;15,96401;16,24917;15,18276;15,18276;15,18276;13,66519;16,34097;21,77651;16,34097;19,8898;16,34097;21,49526;21,77651;16,24917;15,18276;15,96401;12,4894;15,18276;11,53042;12,4894;15,96401;19,8898;12,68081;16,34097;16,24917;15,96401;16,24917;13,66519;16,34097;15,18276;15,18276;19,8898;21,77651;13,66519;21,49526;13,66519;15,96401;21,77651;16,24917;15,96401;15,96401;12,4894;21,49526;15,45034;19,8898;15,18276;15,18276;11,53042;15,18276
"805";"2017-01-01";13,28262;14,65176;11,19473;11,74356;11,74356;13,28262;14,65176;11,64395;12,47402;11,19473;11,72207;14,18691;11,19473;13,28262;11,19473;11,74356;10,52676;12,30215;11,74356;12,47793;11,74356;13,45059;15,11856;12,30215;12,47793;12,30215;11,19473;11,42129;11,19473;11,74356;13,28262;10,52676;13,28262;10,52676;13,28262;11,74356;11,74356;13,45059;11,42129;11,42129;11,74356;11,72207;11,72207;12,47793;12,47402;14,46621;18,71621;14,46621;14,01309;14,76309;14,76309;20,30801;10,52676;14,46621;19,57559;14,76309;14,46621;14,76309;14,01309;14,01309;14,01309;12,47402;14,94277;20,30801;14,94277;18,71621;14,94277;20,01309;20,30801;14,76309;14,01309;14,46621;11,64395;14,01309;10,52676;11,64395;14,46621;18,71621;11,72207;14,94277;14,76309;14,46621;14,76309;12,47402;14,94277;14,01309;14,01309;18,71621;20,30801;12,47402;20,01309;12,47402;14,46621;20,30801;14,76309;14,46621;14,46621;11,64395;20,01309;14,18691;18,71621;14,01309;14,01309;10,52676;14,01309
"806";"2017-02-01";14,50527;16,05606;12,36465;12,7377;12,7377;14,50527;16,05606;13,14785;13,63418;12,36465;13,28066;15,63418;12,36465;14,50527;12,36465;12,7377;11,45645;13,49356;12,7377;13,67715;12,7377;14,65176;16,51699;13,49356;13,67715;13,49356;12,36465;12,93301;12,36465;12,7377;14,50527;11,45645;14,50527;11,45645;14,50527;12,7377;12,7377;14,65176;12,93301;12,93301;12,7377;13,28066;13,28066;13,67715;13,63418;15,52285;20,52481;15,52285;15,34902;15,91738;15,91738;22,09512;11,45645;15,52285;21,01309;15,91738;15,52285;15,91738;15,34902;15,34902;15,34902;13,63418;16,18691;22,09512;16,18691;20,52481;16,18691;22,06582;22,09512;15,91738;15,34902;15,52285;13,14785;15,34902;11,45645;13,14785;15,52285;20,52481;13,28066;16,18691;15,91738;15,52285;15,91738;13,63418;16,18691;15,34902;15,34902;20,52481;22,09512;13,63418;22,06582;13,63418;15,52285;22,09512;15,91738;15,52285;15,52285;13,14785;22,06582;15,63418;20,52481;15,34902;15,34902;11,45645;15,34902
"807";"2017-03-01";15,33071;16,42446;12,46548;13,62564;13,62564;15,33071;16,42446;13,15884;14,03774;12,46548;13,35024;15,95571;12,46548;15,33071;12,46548;13,62564;11,77798;13,73696;13,62564;14,16079;13,62564;15,74868;17,61782;13,73696;14,16079;13,73696;12,46548;13,12954;12,46548;13,62564;15,33071;11,77798;15,33071;11,77798;15,33071;13,62564;13,62564;15,74868;13,12954;13,12954;13,62564;13,35024;13,35024;14,16079;14,03774;16,0397;20,55728;16,0397;15,52603;16,3522;16,3522;22,97915;11,77798;16,0397;21,9186;16,3522;16,0397;16,3522;15,52603;15,52603;15,52603;14,03774;16,5104;22,97915;16,5104;20,55728;16,5104;22,76626;22,97915;16,3522;15,52603;16,0397;13,15884;15,52603;11,77798;13,15884;16,0397;20,55728;13,35024;16,5104;16,3522;16,0397;16,3522;14,03774;16,5104;15,52603;15,52603;20,55728;22,97915;14,03774;22,76626;14,03774;16,0397;22,97915;16,3522;16,0397;16,0397;13,15884;22,76626;15,95571;20,55728;15,52603;15,52603;11,77798;15,52603
"808";"2017-04-01";17,17227;18,44766;14,77188;15,27383;15,27383;17,17227;18,44766;15,67031;16,09609;14,77188;15,73477;18,14297;14,77188;17,17227;14,77188;15,27383;13,68398;15,86758;15,27383;15,90469;15,27383;17,1625;19,34805;15,86758;15,90469;15,86758;14,77188;15,16836;14,77188;15,27383;17,17227;13,68398;17,17227;13,68398;17,17227;15,27383;15,27383;17,1625;15,16836;15,16836;15,27383;15,73477;15,73477;15,90469;16,09609;17,93984;22,79336;17,93984;17,51992;18,27969;18,27969;24,6957;13,68398;17,93984;23,76797;18,27969;17,93984;18,27969;17,51992;17,51992;17,51992;16,09609;18,59805;24,6957;18,59805;22,79336;18,59805;24,55703;24,6957;18,27969;17,51992;17,93984;15,67031;17,51992;13,68398;15,67031;17,93984;22,79336;15,73477;18,59805;18,27969;17,93984;18,27969;16,09609;18,59805;17,51992;17,51992;22,79336;24,6957;16,09609;24,55703;16,09609;17,93984;24,6957;18,27969;17,93984;17,93984;15,67031;24,55703;18,14297;22,79336;17,51992;17,51992;13,68398;17,51992
"809";"2017-05-01";18,39126;20,01626;16,22524;16,61587;16,61587;18,39126;20,01626;17,33071;17,70767;16,22524;17,57095;19,70767;16,22524;18,39126;16,22524;16,61587;15,42446;17,4772;16,61587;17,5729;16,61587;18,2897;20,29751;17,4772;17,5729;17,4772;16,22524;17,11782;16,22524;16,61587;18,39126;15,42446;18,39126;15,42446;18,39126;16,61587;16,61587;18,2897;17,11782;17,11782;16,61587;17,57095;17,57095;17,5729;17,70767;19,7897;24,21157;19,7897;19,24282;20,28774;20,28774;26,74282;15,42446;19,7897;25,6022;20,28774;19,7897;20,28774;19,24282;19,24282;19,24282;17,70767;20,42251;26,74282;20,42251;24,21157;20,42251;26,52993;26,74282;20,28774;19,24282;19,7897;17,33071;19,24282;15,42446;17,33071;19,7897;24,21157;17,57095;20,42251;20,28774;19,7897;20,28774;17,70767;20,42251;19,24282;19,24282;24,21157;26,74282;17,70767;26,52993;17,70767;19,7897;26,74282;20,28774;19,7897;19,7897;17,33071;26,52993;19,70767;24,21157;19,24282;19,24282;15,42446;19,24282
"810";"2017-06-01";17,37832;18,59707;15,63223;15,89199;15,89199;17,37832;18,59707;16,07949;16,99746;15,63223;16,18691;18,48965;15,63223;17,37832;15,63223;15,89199;15,14395;16,31777;15,89199;16,82754;15,89199;17,46035;18,9877;16,31777;16,82754;16,31777;15,63223;16,16348;15,63223;15,89199;17,37832;15,14395;17,37832;15,14395;17,37832;15,89199;15,89199;17,46035;16,16348;16,16348;15,89199;16,18691;16,18691;16,82754;16,99746;19,81777;23,85293;19,81777;18,98965;20,17715;20,17715;26,19082;15,14395;19,81777;25,1459;20,17715;19,81777;20,17715;18,98965;18,98965;18,98965;16,99746;20,13613;26,19082;20,13613;23,85293;20,13613;26,02285;26,19082;20,17715;18,98965;19,81777;16,07949;18,98965;15,14395;16,07949;19,81777;23,85293;16,18691;20,13613;20,17715;19,81777;20,17715;16,99746;20,13613;18,98965;18,98965;23,85293;26,19082;16,99746;26,02285;16,99746;19,81777;26,19082;20,17715;19,81777;19,81777;16,07949;26,02285;18,48965;23,85293;18,98965;18,98965;15,14395;18,98965
"811";"2017-07-01";16,4457;17,90664;14,45352;14,77188;14,77188;16,4457;17,90664;14,88906;15,90859;14,45352;15,01406;17,57461;14,45352;16,4457;14,45352;14,77188;13,92031;15,27578;14,77188;15,77773;14,77188;16,50625;18,34023;15,27578;15,77773;15,27578;14,45352;15,06289;14,45352;14,77188;16,4457;13,92031;16,4457;13,92031;16,4457;14,77188;14,77188;16,50625;15,06289;15,06289;14,77188;15,01406;15,01406;15,77773;15,90859;18,72891;22,94766;18,72891;17,89102;19,12539;19,12539;25,36953;13,92031;18,72891;24,40273;19,12539;18,72891;19,12539;17,89102;17,89102;17,89102;15,90859;19,08828;25,36953;19,08828;22,94766;19,08828;25,08633;25,36953;19,12539;17,89102;18,72891;14,88906;17,89102;13,92031;14,88906;18,72891;22,94766;15,01406;19,08828;19,12539;18,72891;19,12539;15,90859;19,08828;17,89102;17,89102;22,94766;25,36953;15,90859;25,08633;15,90859;18,72891;25,36953;19,12539;18,72891;18,72891;14,88906;25,08633;17,57461;22,94766;17,89102;17,89102;13,92031;17,89102
"812";"2017-08-01";17,44448;19,22573;15,3937;15,60855;15,60855;17,44448;19,22573;15,83901;16,8644;15,3937;15,81948;18,63394;15,3937;17,44448;15,3937;15,60855;14,87808;16,14956;15,60855;16,65151;15,60855;17,31753;19,3019;16,14956;16,65151;16,14956;15,3937;15,84487;15,3937;15,60855;17,44448;14,87808;17,44448;14,87808;17,44448;15,60855;15,60855;17,31753;15,84487;15,84487;15,60855;15,81948;15,81948;16,65151;16,8644;19,6769;23,79019;19,6769;18,82144;20,13589;20,13589;26,44253;14,87808;19,6769;25,5812;20,13589;19,6769;20,13589;18,82144;18,82144;18,82144;16,8644;20,17886;26,44253;20,17886;23,79019;20,17886;25,78042;26,44253;20,13589;18,82144;19,6769;15,83901;18,82144;14,87808;15,83901;19,6769;23,79019;15,81948;20,17886;20,13589;19,6769;20,13589;16,8644;20,17886;18,82144;18,82144;23,79019;26,44253;16,8644;25,78042;16,8644;19,6769;26,44253;20,13589;19,6769;19,6769;15,83901;25,78042;18,63394;23,79019;18,82144;18,82144;14,87808;18,82144
"813";"2017-09-01";16,92788;18,11343;15,15444;15,36147;15,36147;16,92788;18,11343;15,35952;16,64272;15,15444;15,14272;17,98452;15,15444;16,92788;15,15444;15,36147;14,83022;15,43374;15,36147;15,86733;15,36147;16,84194;18,35952;15,43374;15,86733;15,43374;15,15444;15,09585;15,15444;15,36147;16,92788;14,83022;16,92788;14,83022;16,92788;15,36147;15,36147;16,84194;15,09585;15,09585;15,36147;15,14272;15,14272;15,86733;16,64272;19,42788;23,19937;19,42788;18,39858;19,75015;19,75015;25,28921;14,83022;19,42788;24,36929;19,75015;19,42788;19,75015;18,39858;18,39858;18,39858;16,64272;19,65835;25,28921;19,65835;23,19937;19,65835;25,23647;25,28921;19,75015;18,39858;19,42788;15,35952;18,39858;14,83022;15,35952;19,42788;23,19937;15,14272;19,65835;19,75015;19,42788;19,75015;16,64272;19,65835;18,39858;18,39858;23,19937;25,28921;16,64272;25,23647;16,64272;19,42788;25,28921;19,75015;19,42788;19,42788;15,35952;25,23647;17,98452;23,19937;18,39858;18,39858;14,83022;18,39858
"814";"2017-10-01";16,01333;17,08755;13,93716;14,43521;14,43521;16,01333;17,08755;14,027;15,39224;13,93716;13,76138;16,71646;13,93716;16,01333;13,93716;14,43521;13,53677;14,32778;14,43521;14,80435;14,43521;16,16372;17,97427;14,32778;14,80435;14,32778;13,93716;13,72622;13,93716;14,43521;16,01333;13,53677;16,01333;13,53677;16,01333;14,43521;14,43521;16,16372;13,72622;13,72622;14,43521;13,76138;13,76138;14,80435;15,39224;18,17349;22,0856;18,17349;17,1813;18,35122;18,35122;23,97817;13,53677;18,17349;23,10122;18,35122;18,17349;18,35122;17,1813;17,1813;17,1813;15,39224;18,27114;23,97817;18,27114;22,0856;18,27114;23,87271;23,97817;18,35122;17,1813;18,17349;14,027;17,1813;13,53677;14,027;18,17349;22,0856;13,76138;18,27114;18,35122;18,17349;18,35122;15,39224;18,27114;17,1813;17,1813;22,0856;23,97817;15,39224;23,87271;15,39224;18,17349;23,97817;18,35122;18,17349;18,17349;14,027;23,87271;16,71646;22,0856;17,1813;17,1813;13,53677;17,1813
"815";"2017-11-01";14,42739;15,3981;11,93521;13,05825;13,05825;14,42739;15,3981;12,12661;13,36294;11,93521;11,85317;14,85317;11,93521;14,42739;11,93521;13,05825;11,59341;12,93716;13,05825;13,31411;13,05825;14,84536;16,54653;12,93716;13,31411;12,93716;11,93521;11,70278;11,93521;13,05825;14,42739;11,59341;14,42739;11,59341;14,42739;13,05825;13,05825;14,84536;11,70278;11,70278;13,05825;11,85317;11,85317;13,31411;13,36294;15,49575;19,85513;15,49575;14,93325;15,85122;15,85122;21,82583;11,59341;15,49575;21,01333;15,85122;15,49575;15,85122;14,93325;14,93325;14,93325;13,36294;15,95669;21,82583;15,95669;19,85513;15,95669;21,527;21,82583;15,85122;14,93325;15,49575;12,12661;14,93325;11,59341;12,12661;15,49575;19,85513;11,85317;15,95669;15,85122;15,49575;15,85122;13,36294;15,95669;14,93325;14,93325;19,85513;21,82583;13,36294;21,527;13,36294;15,49575;21,82583;15,85122;15,49575;15,49575;12,12661;21,527;14,85317;19,85513;14,93325;14,93325;11,59341;14,93325
"816";"2017-12-01";12,62246;13,57363;10,60879;11,49551;11,49551;12,62246;13,57363;10,96426;11,61074;10,60879;10,92129;12,95254;10,60879;12,62246;10,60879;11,49551;10,07363;11,75137;11,49551;11,91152;11,49551;13,03848;14,4584;11,75137;11,91152;11,75137;10,60879;10,69277;10,60879;11,49551;12,62246;10,07363;12,62246;10,07363;12,62246;11,49551;11,49551;13,03848;10,69277;10,69277;11,49551;10,92129;10,92129;11,91152;11,61074;13,40371;17,65176;13,40371;12,94277;13,80606;13,80606;19,64004;10,07363;13,40371;18,8002;13,80606;13,40371;13,80606;12,94277;12,94277;12,94277;11,61074;13,88809;19,64004;13,88809;17,65176;13,88809;19,4291;19,64004;13,80606;12,94277;13,40371;10,96426;12,94277;10,07363;10,96426;13,40371;17,65176;10,92129;13,88809;13,80606;13,40371;13,80606;11,61074;13,88809;12,94277;12,94277;17,65176;19,64004;11,61074;19,4291;11,61074;13,40371;19,64004;13,80606;13,40371;13,40371;10,96426;19,4291;12,95254;17,65176;12,94277;12,94277;10,07363;12,94277
"817";"2018-01-01";11,59512;12,30215;9,140039;10,34902;10,34902;11,59512;12,30215;8,989649;10,42129;9,140039;9,036524;11,72793;9,140039;11,59512;9,140039;10,34902;8,774805;10,19082;10,34902;10,54238;10,34902;12,11074;13,69473;10,19082;10,54238;10,19082;9,140039;9,020899;9,140039;10,34902;11,59512;8,774805;11,59512;8,774805;11,59512;10,34902;10,34902;12,11074;9,020899;9,020899;10,34902;9,036524;9,036524;10,54238;10,42129;12,46035;16,12637;12,46035;11,34316;12,76113;12,76113;18,51113;8,774805;12,46035;17,48574;12,76113;12,46035;12,76113;11,34316;11,34316;11,34316;10,42129;12,71035;18,51113;12,71035;16,12637;12,71035;18,34707;18,51113;12,76113;11,34316;12,46035;8,989649;11,34316;8,774805;8,989649;12,46035;16,12637;9,036524;12,71035;12,76113;12,46035;12,76113;10,42129;12,71035;11,34316;11,34316;16,12637;18,51113;10,42129;18,34707;10,42129;12,46035;18,51113;12,76113;12,46035;12,46035;8,989649;18,34707;11,72793;16,12637;11,34316;11,34316;8,774805;11,34316
"818";"2018-02-01";14,76455;15,93838;12,14346;13,21768;13,21768;14,76455;15,93838;12,7626;13,70205;12,14346;13,04775;15,36221;12,14346;14,76455;12,14346;13,21768;11,68252;13,57314;13,21768;14,03408;13,21768;15,06533;16,78213;13,57314;14,03408;13,57314;12,14346;13,07314;12,14346;13,21768;14,76455;11,68252;14,76455;11,68252;14,76455;13,21768;13,21768;15,06533;13,07314;13,07314;13,21768;13,04775;13,04775;14,03408;13,70205;15,59854;19,954;15,59854;15,0165;15,95791;15,95791;21,96768;11,68252;15,59854;21,04775;15,95791;15,59854;15,95791;15,0165;15,0165;15,0165;13,70205;16,11221;21,96768;16,11221;19,954;16,11221;21,77236;21,96768;15,95791;15,0165;15,59854;12,7626;15,0165;11,68252;12,7626;15,59854;19,954;13,04775;16,11221;15,95791;15,59854;15,95791;13,70205;16,11221;15,0165;15,0165;19,954;21,96768;13,70205;21,77236;13,70205;15,59854;21,96768;15,95791;15,59854;15,59854;12,7626;21,77236;15,36221;19,954;15,0165;15,0165;11,68252;15,0165
"819";"2018-03-01";16,80972;18,10659;14,13394;15,12026;15,12026;16,80972;18,10659;14,83706;15,52456;14,13394;15,25503;17,38589;14,13394;16,80972;14,13394;15,12026;13,34683;15,59292;15,12026;15,92105;15,12026;17,13784;18,96206;15,59292;15,92105;15,59292;14,13394;15,15151;14,13394;15,12026;16,80972;13,34683;16,80972;13,34683;16,80972;15,12026;15,12026;17,13784;15,15151;15,15151;15,12026;15,25503;15,25503;15,92105;15,52456;17,24917;21,60464;17,24917;16,70425;17,60855;17,60855;23,45425;13,34683;17,24917;22,53433;17,60855;17,24917;17,60855;16,70425;16,70425;16,70425;15,52456;17,78823;23,45425;17,78823;21,60464;17,78823;23,39175;23,45425;17,60855;16,70425;17,24917;14,83706;16,70425;13,34683;14,83706;17,24917;21,60464;15,25503;17,78823;17,60855;17,24917;17,60855;15,52456;17,78823;16,70425;16,70425;21,60464;23,45425;15,52456;23,39175;15,52456;17,24917;23,45425;17,60855;17,24917;17,24917;14,83706;23,39175;17,38589;21,60464;16,70425;16,70425;13,34683;16,70425
"820";"2018-04-01";16,95498;18,43154;14,22061;15,05459;15,05459;16,95498;18,43154;14,68936;15,98037;14,22061;14,76553;17,83193;14,22061;16,95498;14,22061;15,05459;13,71084;14,91592;15,05459;15,2167;15,05459;16,80459;18,8085;14,91592;15,2167;14,91592;14,22061;14,71279;14,22061;15,05459;16,95498;13,71084;16,95498;13,71084;16,95498;15,05459;15,05459;16,80459;14,71279;14,71279;15,05459;14,76553;14,76553;15,2167;15,98037;17,8749;22,04287;17,8749;17,10732;18,22647;18,22647;24,20693;13,71084;17,8749;23,26943;18,22647;17,8749;18,22647;17,10732;17,10732;17,10732;15,98037;18,35147;24,20693;18,35147;22,04287;18,35147;24,03701;24,20693;18,22647;17,10732;17,8749;14,68936;17,10732;13,71084;14,68936;17,8749;22,04287;14,76553;18,35147;18,22647;17,8749;18,22647;15,98037;18,35147;17,10732;17,10732;22,04287;24,20693;15,98037;24,03701;15,98037;17,8749;24,20693;18,22647;17,8749;17,8749;14,68936;24,03701;17,83193;22,04287;17,10732;17,10732;13,71084;17,10732
"821";"2018-05-01";17,63516;18,97891;15,3832;15,95156;15,95156;17,63516;18,97891;15,88125;16,87539;15,3832;15,88906;18,73672;15,3832;17,63516;15,3832;15,95156;14,80313;16,225;15,95156;16,475;15,95156;17,49648;19,34219;16,225;16,475;16,225;15,3832;15,76406;15,3832;15,95156;17,63516;14,80313;17,63516;14,80313;17,63516;15,95156;15,95156;17,49648;15,76406;15,76406;15,95156;15,88906;15,88906;16,475;16,87539;18,85977;22,93789;18,85977;18,18203;19,34219;19,34219;25,78555;14,80313;18,85977;24,80508;19,34219;18,85977;19,34219;18,18203;18,18203;18,18203;16,87539;19,5668;25,78555;19,5668;22,93789;19,5668;25,42031;25,78555;19,34219;18,18203;18,85977;15,88125;18,18203;14,80313;15,88125;18,85977;22,93789;15,88906;19,5668;19,34219;18,85977;19,34219;16,87539;19,5668;18,18203;18,18203;22,93789;25,78555;16,87539;25,42031;16,87539;18,85977;25,78555;19,34219;18,85977;18,85977;15,88125;25,42031;18,73672;22,93789;18,18203;18,18203;14,80313;18,18203
"822";"2018-06-01";16,85147;18,2792;15,14639;15,20693;15,20693;16,85147;18,2792;15,65615;16,43936;15,14639;15,59561;18,16787;15,14639;16,85147;15,14639;15,20693;14,49795;15,64834;15,20693;15,996;15,20693;16,80459;18,52334;15,64834;15,996;15,64834;15,14639;15,49404;15,14639;15,20693;16,85147;14,49795;16,85147;14,49795;16,85147;15,20693;15,20693;16,80459;15,49404;15,49404;15,20693;15,59561;15,59561;15,996;16,43936;19,31631;23,54873;19,31631;18,496;19,69717;19,69717;25,82998;14,49795;19,31631;24,99404;19,69717;19,31631;19,69717;18,496;18,496;18,496;16,43936;19,76162;25,82998;19,76162;23,54873;19,76162;25,60928;25,82998;19,69717;18,496;19,31631;15,65615;18,496;14,49795;15,65615;19,31631;23,54873;15,59561;19,76162;19,69717;19,31631;19,69717;16,43936;19,76162;18,496;18,496;23,54873;25,82998;16,43936;25,60928;16,43936;19,31631;25,82998;19,69717;19,31631;19,31631;15,65615;25,60928;18,16787;23,54873;18,496;18,496;14,49795;18,496
"823";"2018-07-01";16,75405;18,34976;14,39858;14,86343;14,86343;16,75405;18,34976;15,08218;15,90444;14,39858;15,15444;17,90054;14,39858;16,75405;14,39858;14,86343;13,71499;15,58804;14,86343;16,14077;14,86343;16,85366;19,07827;15,58804;16,14077;15,58804;14,39858;15,17983;14,39858;14,86343;16,75405;13,71499;16,75405;13,71499;16,75405;14,86343;14,86343;16,85366;15,17983;15,17983;14,86343;15,15444;15,15444;16,14077;15,90444;18,7521;23,48452;18,7521;17,96108;19,22085;19,22085;25,88296;13,71499;18,7521;25,07632;19,22085;18,7521;19,22085;17,96108;17,96108;17,96108;15,90444;19,25015;25,88296;19,25015;23,48452;19,25015;25,43374;25,88296;19,22085;17,96108;18,7521;15,08218;17,96108;13,71499;15,08218;18,7521;23,48452;15,15444;19,25015;19,22085;18,7521;19,22085;15,90444;19,25015;17,96108;17,96108;23,48452;25,88296;15,90444;25,43374;15,90444;18,7521;25,88296;19,22085;18,7521;18,7521;15,08218;25,43374;17,90054;23,48452;17,96108;17,96108;13,71499;17,96108
"824";"2018-08-01";16,7731;18,22817;14,31606;14,92349;14,92349;16,7731;18,22817;14,88052;15,94106;14,31606;14,95864;17,72622;14,31606;16,7731;14,31606;14,92349;13,85122;15,08755;14,92349;15,68716;14,92349;16,70474;18,64028;15,08755;15,68716;15,08755;14,31606;14,99575;14,31606;14,92349;16,7731;13,85122;16,7731;13,85122;16,7731;14,92349;14,92349;16,70474;14,99575;14,99575;14,92349;14,95864;14,95864;15,68716;15,94106;18,92544;23,05044;18,92544;17,94106;19,36294;19,36294;25,2731;13,85122;18,92544;24,41177;19,36294;18,92544;19,36294;17,94106;17,94106;17,94106;15,94106;19,11099;25,2731;19,11099;23,05044;19,11099;25,02896;25,2731;19,36294;17,94106;18,92544;14,88052;17,94106;13,85122;14,88052;18,92544;23,05044;14,95864;19,11099;19,36294;18,92544;19,36294;15,94106;19,11099;17,94106;17,94106;23,05044;25,2731;15,94106;25,02896;15,94106;18,92544;25,2731;19,36294;18,92544;18,92544;14,88052;25,02896;17,72622;23,05044;17,94106;17,94106;13,85122;17,94106
"825";"2018-09-01";17,47524;19,07876;15,18032;15,56314;15,56314;17,47524;19,07876;15,7936;16,71743;15,18032;15,86001;18,3229;15,18032;17,47524;15,18032;15,56314;14,74673;15,95376;15,56314;16,49087;15,56314;17,17446;19,11782;15,95376;16,49087;15,95376;15,18032;15,8229;15,18032;15,56314;17,47524;14,74673;17,47524;14,74673;17,47524;15,56314;15,56314;17,17446;15,8229;15,8229;15,56314;15,86001;15,86001;16,49087;16,71743;19,68814;23,49478;19,68814;18,63931;20,27993;20,27993;26,10024;14,74673;19,68814;25,4479;20,27993;19,68814;20,27993;18,63931;18,63931;18,63931;16,71743;20,0104;26,10024;20,0104;23,49478;20,0104;25,62564;26,10024;20,27993;18,63931;19,68814;15,7936;18,63931;14,74673;15,7936;19,68814;23,49478;15,86001;20,0104;20,27993;19,68814;20,27993;16,71743;20,0104;18,63931;18,63931;23,49478;26,10024;16,71743;25,62564;16,71743;19,68814;26,10024;20,27993;19,68814;19,68814;15,7936;25,62564;18,3229;23,49478;18,63931;18,63931;14,74673;18,63931
"826";"2018-10-01";16,67886;17,89565;14,423;15,02456;15,02456;16,67886;17,89565;14,64565;15,8312;14,423;14,72573;17,38003;14,423;16,67886;14,423;15,02456;13,98159;15,13198;15,02456;15,5812;15,02456;16,65151;18,53237;15,13198;15,5812;15,13198;14,423;14,69839;14,423;15,02456;16,67886;13,98159;16,67886;13,98159;16,67886;15,02456;15,02456;16,65151;14,69839;14,69839;15,02456;14,72573;14,72573;15,5812;15,8312;18,70034;22,42886;18,70034;17,58315;19,02847;19,02847;24,64761;13,98159;18,70034;23,78237;19,02847;18,70034;19,02847;17,58315;17,58315;17,58315;15,8312;18,7648;24,64761;18,7648;22,42886;18,7648;24,5187;24,64761;19,02847;17,58315;18,70034;14,64565;17,58315;13,98159;14,64565;18,70034;22,42886;14,72573;18,7648;19,02847;18,70034;19,02847;15,8312;18,7648;17,58315;17,58315;22,42886;24,64761;15,8312;24,5187;15,8312;18,70034;24,64761;19,02847;18,70034;18,70034;14,64565;24,5187;17,38003;22,42886;17,58315;17,58315;13,98159;17,58315
"827";"2018-11-01";15,27969;16,61563;12,89297;13,76992;13,76992;15,27969;16,61563;12,9418;14,24844;12,89297;13,22305;15,99258;12,89297;15,27969;12,89297;13,76992;12,42617;14,04531;13,76992;14,10586;13,76992;15,03555;16,975;14,04531;14,10586;14,04531;12,89297;13,01211;12,89297;13,76992;15,27969;12,42617;15,27969;12,42617;15,27969;13,76992;13,76992;15,03555;13,01211;13,01211;13,76992;13,22305;13,22305;14,10586;14,24844;16,18789;19,6332;16,18789;15,24063;16,60781;16,60781;21,9418;12,42617;16,18789;21,20742;16,60781;16,18789;16,60781;15,24063;15,24063;15,24063;14,24844;16,73281;21,9418;16,73281;19,6332;16,73281;21,62344;21,9418;16,60781;15,24063;16,18789;12,9418;15,24063;12,42617;12,9418;16,18789;19,6332;13,22305;16,73281;16,60781;16,18789;16,60781;14,24844;16,73281;15,24063;15,24063;19,6332;21,9418;14,24844;21,62344;14,24844;16,18789;21,9418;16,60781;16,18789;16,18789;12,9418;21,62344;15,99258;19,6332;15,24063;15,24063;12,42617;15,24063
"828";"2018-12-01";13,25234;14,5668;11,27383;11,83828;11,83828;13,25234;14,5668;11,83438;12,39492;11,27383;12,12148;14,10977;11,27383;13,25234;11,27383;11,83828;10,54336;12,45156;11,83828;12,38125;11,83828;13,16055;15,04336;12,45156;12,38125;12,45156;11,27383;11,71914;11,27383;11,83828;13,25234;10,54336;13,25234;10,54336;13,25234;11,83828;11,83828;13,16055;11,71914;11,71914;11,83828;12,12148;12,12148;12,38125;12,39492;14,45352;18,31484;14,45352;13,87344;14,73086;14,73086;20,16055;10,54336;14,45352;19,41445;14,73086;14,45352;14,73086;13,87344;13,87344;13,87344;12,39492;14,84609;20,16055;14,84609;18,31484;14,84609;19,8832;20,16055;14,73086;13,87344;14,45352;11,83438;13,87344;10,54336;11,83438;14,45352;18,31484;12,12148;14,84609;14,73086;14,45352;14,73086;12,39492;14,84609;13,87344;13,87344;18,31484;20,16055;12,39492;19,8832;12,39492;14,45352;20,16055;14,73086;14,45352;14,45352;11,83438;19,8832;14,10977;18,31484;13,87344;13,87344;10,54336;13,87344
"829";"2019-01-01";13,2792;14,33975;10,84365;11,87686;11,87686;13,2792;14,33975;11,33389;12,15029;10,84365;11,8124;13,76162;10,84365;13,2792;10,84365;11,87686;10,3124;12,21865;11,87686;12,29092;11,87686;13,42178;15,21475;12,21865;12,29092;12,21865;10,84365;11,54287;10,84365;11,87686;13,2792;10,3124;13,2792;10,3124;13,2792;11,87686;11,87686;13,42178;11,54287;11,54287;11,87686;11,8124;11,8124;12,29092;12,15029;13,5585;17,246;13,5585;12,9999;13,97061;13,97061;19,54482;10,3124;13,5585;18,73623;13,97061;13,5585;13,97061;12,9999;12,9999;12,9999;12,15029;14,08193;19,54482;14,08193;17,246;14,08193;19,19717;19,54482;13,97061;12,9999;13,5585;11,33389;12,9999;10,3124;11,33389;13,5585;17,246;11,8124;14,08193;13,97061;13,5585;13,97061;12,15029;14,08193;12,9999;12,9999;17,246;19,54482;12,15029;19,19717;12,15029;13,5585;19,54482;13,97061;13,5585;13,5585;11,33389;19,19717;13,76162;17,246;12,9999;12,9999;10,3124;12,9999
"830";"2019-02-01";16,57095;18,04946;14,06704;14,76235;14,76235;16,57095;18,04946;14,97524;15,42056;14,06704;15,15298;17,43032;14,06704;16,57095;14,06704;14,76235;13,16274;15,19399;14,76235;15,05337;14,76235;16,22329;18,21548;15,19399;15,05337;15,19399;14,06704;14,54556;14,06704;14,76235;16,57095;13,16274;16,57095;13,16274;16,57095;14,76235;14,76235;16,22329;14,54556;14,54556;14,76235;15,15298;15,15298;15,05337;15,42056;16,63931;20,73306;16,63931;16,49087;16,91665;16,91665;22,39517;13,16274;16,63931;21,57876;16,91665;16,63931;16,91665;16,49087;16,49087;16,49087;15,42056;17,20181;22,39517;17,20181;20,73306;17,20181;22,23696;22,39517;16,91665;16,49087;16,63931;14,97524;16,49087;13,16274;14,97524;16,63931;20,73306;15,15298;17,20181;16,91665;16,63931;16,91665;15,42056;17,20181;16,49087;16,49087;20,73306;22,39517;15,42056;22,23696;15,42056;16,63931;22,39517;16,91665;16,63931;16,63931;14,97524;22,23696;17,43032;20,73306;16,49087;16,49087;13,16274;16,49087
"831";"2019-03-01";16,18618;17,29165;13,4811;14,88345;14,88345;16,18618;17,29165;14,2936;14,63735;13,4811;14,94009;16,52798;13,4811;16,18618;13,4811;14,88345;12,74087;15,44399;14,88345;15,88149;14,88345;16,87759;18,51431;15,44399;15,88149;15,44399;13,4811;15,00064;13,4811;14,88345;16,18618;12,74087;16,18618;12,74087;16,18618;14,88345;14,88345;16,87759;15,00064;15,00064;14,88345;14,94009;14,94009;15,88149;14,63735;16,27017;20,5436;16,27017;15,93423;16,71157;16,71157;22,70962;12,74087;16,27017;21,81509;16,71157;16,27017;16,71157;15,93423;15,93423;15,93423;14,63735;16,93814;22,70962;16,93814;20,5436;16,93814;22,43423;22,70962;16,71157;15,93423;16,27017;14,2936;15,93423;12,74087;14,2936;16,27017;20,5436;14,94009;16,93814;16,71157;16,27017;16,71157;14,63735;16,93814;15,93423;15,93423;20,5436;22,70962;14,63735;22,43423;14,63735;16,27017;22,70962;16,71157;16,27017;16,27017;14,2936;22,43423;16,52798;20,5436;15,93423;15,93423;12,74087;15,93423
"832";"2019-04-01";17,60928;19,11123;14,8749;15,82412;15,82412;17,60928;19,11123;15,9374;16,25381;14,8749;16,13857;18,31631;14,8749;17,60928;14,8749;15,82412;14,05068;16,3085;15,82412;16,43936;15,82412;17,79287;19,92373;16,3085;16,43936;16,3085;14,8749;15,74404;14,8749;15,82412;17,60928;14,05068;17,60928;14,05068;17,60928;15,82412;15,82412;17,79287;15,74404;15,74404;15,82412;16,13857;16,13857;16,43936;16,25381;18,00186;23,10342;18,00186;17,80459;18,48037;18,48037;24,81436;14,05068;18,00186;23,69522;18,48037;18,00186;18,48037;17,80459;17,80459;17,80459;16,25381;18,82607;24,81436;18,82607;23,10342;18,82607;24,5917;24,81436;18,48037;17,80459;18,00186;15,9374;17,80459;14,05068;15,9374;18,00186;23,10342;16,13857;18,82607;18,48037;18,00186;18,48037;16,25381;18,82607;17,80459;17,80459;23,10342;24,81436;16,25381;24,5917;16,25381;18,00186;24,81436;18,48037;18,00186;18,00186;15,9374;24,5917;18,31631;23,10342;17,80459;17,80459;14,05068;17,80459
"833";"2019-05-01";18,79385;20,37002;16,69033;16,92666;16,92666;18,79385;20,37002;17,74111;17,9208;16,69033;17,91299;20,09463;16,69033;18,79385;16,69033;16,92666;15,56924;17,82314;16,92666;17,80361;16,92666;18,60635;20,68057;17,82314;17,80361;17,82314;16,69033;17,37783;16,69033;16,92666;18,79385;15,56924;18,79385;15,56924;18,79385;16,92666;16,92666;18,60635;17,37783;17,37783;16,92666;17,91299;17,91299;17,80361;17,9208;20,21182;25,66494;20,21182;19,81143;20,61025;20,61025;28,03799;15,56924;20,21182;26,79189;20,61025;20,21182;20,61025;19,81143;19,81143;19,81143;17,9208;21,00674;28,03799;21,00674;25,66494;21,00674;27,74893;28,03799;20,61025;19,81143;20,21182;17,74111;19,81143;15,56924;17,74111;20,21182;25,66494;17,91299;21,00674;20,61025;20,21182;20,61025;17,9208;21,00674;19,81143;19,81143;25,66494;28,03799;17,9208;27,74893;17,9208;20,21182;28,03799;20,61025;20,21182;20,21182;17,74111;27,74893;20,09463;25,66494;19,81143;19,81143;15,56924;19,81143
"834";"2019-06-01";17,58853;19,02407;15,82681;15,90884;15,90884;17,58853;19,02407;16,33462;17,29165;15,82681;16,17837;18,86587;15,82681;17,58853;15,82681;15,90884;15,2936;16,13345;15,90884;16,59243;15,90884;17,53384;19,11978;16,13345;16,59243;16,13345;15,82681;16,08267;15,82681;15,90884;17,58853;15,2936;17,58853;15,2936;17,58853;15,90884;15,90884;17,53384;16,08267;16,08267;15,90884;16,17837;16,17837;16,59243;17,29165;20,15493;24,48306;20,15493;19,32485;20,44985;20,44985;26,52017;15,2936;20,15493;25,67837;20,44985;20,15493;20,44985;19,32485;19,32485;19,32485;17,29165;20,49868;26,52017;20,49868;24,48306;20,49868;26,23696;26,52017;20,44985;19,32485;20,15493;16,33462;19,32485;15,2936;16,33462;20,15493;24,48306;16,17837;20,49868;20,44985;20,15493;20,44985;17,29165;20,49868;19,32485;19,32485;24,48306;26,52017;17,29165;26,23696;17,29165;20,15493;26,52017;20,44985;20,15493;20,15493;16,33462;26,23696;18,86587;24,48306;19,32485;19,32485;15,2936;19,32485
"835";"2019-07-01";16,56704;18,32681;14,51626;14,71939;14,71939;16,56704;18,32681;15,29165;16,00259;14,51626;15,22915;17,88931;14,51626;16,56704;14,51626;14,71939;13,92251;15,07485;14,71939;15,65689;14,71939;16,48501;18,25259;15,07485;15,65689;15,07485;14,51626;15,17642;14,51626;14,71939;16,56704;13,92251;16,56704;13,92251;16,56704;14,71939;14,71939;16,48501;15,17642;15,17642;14,71939;15,22915;15,22915;15,65689;16,00259;18,9186;23,51626;18,9186;18,18814;19,28579;19,28579;25,77212;13,92251;18,9186;24,94009;19,28579;18,9186;19,28579;18,18814;18,18814;18,18814;16,00259;19,27993;25,77212;19,27993;23,51626;19,27993;25,33267;25,77212;19,28579;18,18814;18,9186;15,29165;18,18814;13,92251;15,29165;18,9186;23,51626;15,22915;19,27993;19,28579;18,9186;19,28579;16,00259;19,27993;18,18814;18,18814;23,51626;25,77212;16,00259;25,33267;16,00259;18,9186;25,77212;19,28579;18,9186;18,9186;15,29165;25,33267;17,88931;23,51626;18,18814;18,18814;13,92251;18,18814
"836";"2019-08-01";17,55776;19,50894;15,33315;15,48159;15,48159;17,55776;19,50894;16,23745;16,79605;15,33315;16,28042;18,75308;15,33315;17,55776;15,33315;15,48159;14,64761;16,24917;15,48159;16,71401;15,48159;17,14565;18,97769;16,24917;16,71401;16,24917;15,33315;16,08901;15,33315;15,48159;17,55776;14,64761;17,55776;14,64761;17,55776;15,48159;15,48159;17,14565;16,08901;16,08901;15,48159;16,28042;16,28042;16,71401;16,79605;19,70425;24,25503;19,70425;19,01089;20,05972;20,05972;26,548;14,64761;19,70425;25,87612;20,05972;19,70425;20,05972;19,01089;19,01089;19,01089;16,79605;20,07144;26,548;20,07144;24,25503;20,07144;25,95815;26,548;20,05972;19,01089;19,70425;16,23745;19,01089;14,64761;16,23745;19,70425;24,25503;16,28042;20,07144;20,05972;19,70425;20,05972;16,79605;20,07144;19,01089;19,01089;24,25503;26,548;16,79605;25,95815;16,79605;19,70425;26,548;20,05972;19,70425;19,70425;16,23745;25,95815;18,75308;24,25503;19,01089;19,01089;14,64761;19,01089
"837";"2019-09-01";17,02017;18,50064;15,00064;15,29556;15,29556;17,02017;18,50064;15,65884;16,3561;15,00064;15,67642;18,01431;15,00064;17,02017;15,00064;15,29556;14,44985;15,69204;15,29556;16,21548;15,29556;17,02798;18,69204;15,69204;16,21548;15,69204;15,00064;15,52798;15,00064;15,29556;17,02017;14,44985;17,02017;14,44985;17,02017;15,29556;15,29556;17,02798;15,52798;15,52798;15,29556;15,67642;15,67642;16,21548;16,3561;19,36782;23,57485;19,36782;18,58657;19,67251;19,67251;25,87173;14,44985;19,36782;25,1686;19,67251;19,36782;19,67251;18,58657;18,58657;18,58657;16,3561;19,56118;25,87173;19,56118;23,57485;19,56118;25,45571;25,87173;19,67251;18,58657;19,36782;15,65884;18,58657;14,44985;15,65884;19,36782;23,57485;15,67642;19,56118;19,67251;19,36782;19,67251;16,3561;19,56118;18,58657;18,58657;23,57485;25,87173;16,3561;25,45571;16,3561;19,36782;25,87173;19,67251;19,36782;19,36782;15,65884;25,45571;18,01431;23,57485;18,58657;18,58657;14,44985;18,58657
"838";"2019-10-01";16,65249;17,92593;14,82632;15,09585;15,09585;16,65249;17,92593;15,08608;16,31265;14,82632;15,01187;17,73257;14,82632;16,65249;14,82632;15,09585;14,49624;15,13491;15,09585;15,68179;15,09585;16,69741;18,15249;15,13491;15,68179;15,13491;14,82632;14,99819;14,82632;15,09585;16,65249;14,49624;16,65249;14,49624;16,65249;15,09585;15,09585;16,69741;14,99819;14,99819;15,09585;15,01187;15,01187;15,68179;16,31265;19,01382;22,96304;19,01382;18,08999;19,36538;19,36538;25,0353;14,49624;19,01382;24,28921;19,36538;19,01382;19,36538;18,08999;18,08999;18,08999;16,31265;19,35171;25,0353;19,35171;22,96304;19,35171;24,7853;25,0353;19,36538;18,08999;19,01382;15,08608;18,08999;14,49624;15,08608;19,01382;22,96304;15,01187;19,35171;19,36538;19,01382;19,36538;16,31265;19,35171;18,08999;18,08999;22,96304;25,0353;16,31265;24,7853;16,31265;19,01382;25,0353;19,36538;19,01382;19,01382;15,08608;24,7853;17,73257;22,96304;18,08999;18,08999;14,49624;18,08999
"839";"2019-11-01";15,60855;16,8312;13,33315;14,09097;14,09097;15,60855;16,8312;13,43276;14,74136;13,33315;13,58706;16,25112;13,33315;15,60855;13,33315;14,09097;12,93862;14,2394;14,09097;14,61831;14,09097;15,65347;17,30776;14,2394;14,61831;14,2394;13,33315;13,54214;13,33315;14,09097;15,60855;12,93862;15,60855;12,93862;15,60855;14,09097;14,09097;15,65347;13,54214;13,54214;14,09097;13,58706;13,58706;14,61831;14,74136;16,86831;20,36831;16,86831;15,99526;17,18862;17,18862;22,40542;12,93862;16,86831;21,60855;17,18862;16,86831;17,18862;15,99526;15,99526;15,99526;14,74136;17,19253;22,40542;17,19253;20,36831;17,19253;22,10659;22,40542;17,18862;15,99526;16,86831;13,43276;15,99526;12,93862;13,43276;16,86831;20,36831;13,58706;17,19253;17,18862;16,86831;17,18862;14,74136;17,19253;15,99526;15,99526;20,36831;22,40542;14,74136;22,10659;14,74136;16,86831;22,40542;17,18862;16,86831;16,86831;13,43276;22,10659;16,25112;20,36831;15,99526;15,99526;12,93862;15,99526
"840";"2019-12-01";13,92568;15,24404;11,72842;12,42178;12,42178;13,92568;15,24404;11,77529;12,94326;11,72842;11,86123;14,69912;11,72842;13,92568;11,72842;12,42178;11,16006;12,79873;12,42178;12,79873;12,42178;13,88662;15,68936;12,79873;12,79873;12,79873;11,72842;11,55264;11,72842;12,42178;13,92568;11,16006;13,92568;11,16006;13,92568;12,42178;12,42178;13,88662;11,55264;11,55264;12,42178;11,86123;11,86123;12,79873;12,94326;14,70107;18,69912;14,70107;14,02725;15,02334;15,02334;20,40811;11,16006;14,70107;19,71865;15,02334;14,70107;15,02334;14,02725;14,02725;14,02725;12,94326;15,16787;20,40811;15,16787;18,69912;15,16787;20,09561;20,40811;15,02334;14,02725;14,70107;11,77529;14,02725;11,16006;11,77529;14,70107;18,69912;11,86123;15,16787;15,02334;14,70107;15,02334;12,94326;15,16787;14,02725;14,02725;18,69912;20,40811;12,94326;20,09561;12,94326;14,70107;20,40811;15,02334;14,70107;14,70107;11,77529;20,09561;14,69912;18,69912;14,02725;14,02725;11,16006;14,02725
"841";"2020-01-01";13,32852;14,82656;11,06484;11,69375;11,69375;13,32852;14,82656;11,34219;12,58633;11,06484;11,475;14,43203;11,06484;13,32852;11,06484;11,69375;10,5707;11,86953;11,69375;11,98086;11,69375;13,27969;15,14492;11,86953;11,98086;11,86953;11,06484;11,27578;11,06484;11,69375;13,32852;10,5707;13,32852;10,5707;13,32852;11,69375;11,69375;13,27969;11,27578;11,27578;11,69375;11,475;11,475;11,98086;12,58633;14,32461;18,60195;14,32461;13,70742;14,7543;14,7543;20,53945;10,5707;14,32461;19,74453;14,7543;14,32461;14,7543;13,70742;13,70742;13,70742;12,58633;14,91641;20,53945;14,91641;18,60195;14,91641;20,24648;20,53945;14,7543;13,70742;14,32461;11,34219;13,70742;10,5707;11,34219;14,32461;18,60195;11,475;14,91641;14,7543;14,32461;14,7543;12,58633;14,91641;13,70742;13,70742;18,60195;20,53945;12,58633;20,24648;12,58633;14,32461;20,53945;14,7543;14,32461;14,32461;11,34219;20,24648;14,43203;18,60195;13,70742;13,70742;10,5707;13,70742
"842";"2020-02-01";15,23672;16,52969;12,92227;13,76211;13,76211;15,23672;16,52969;13,31484;14,18398;12,92227;13,68203;15,94766;12,92227;15,23672;12,92227;13,76211;12,3168;14,12539;13,76211;14,19961;13,76211;15,43398;17,12539;14,12539;14,19961;14,12539;12,92227;13,47109;12,92227;13,76211;15,23672;12,3168;15,23672;12,3168;15,23672;13,76211;13,76211;15,43398;13,47109;13,47109;13,76211;13,68203;13,68203;14,19961;14,18398;15,57461;19,31875;15,57461;14,86367;15,90664;15,90664;21,37148;12,3168;15,57461;20,51797;15,90664;15,57461;15,90664;14,86367;14,86367;14,86367;14,18398;16,11172;21,37148;16,11172;19,31875;16,11172;21,11172;21,37148;15,90664;14,86367;15,57461;13,31484;14,86367;12,3168;13,31484;15,57461;19,31875;13,68203;16,11172;15,90664;15,57461;15,90664;14,18398;16,11172;14,86367;14,86367;19,31875;21,37148;14,18398;21,11172;14,18398;15,57461;21,37148;15,90664;15,57461;15,57461;13,31484;21,11172;15,94766;19,31875;14,86367;14,86367;12,3168;14,86367
"843";"2020-03-01";16,88369;18,20596;14,71182;15,50479;15,50479;16,88369;18,20596;15,47744;15,68838;14,71182;15,89541;17,57314;14,71182;16,88369;14,71182;15,50479;13,93252;16,29775;15,50479;16,75674;15,50479;17,46377;19,08877;16,29775;16,75674;16,29775;14,71182;15,93838;14,71182;15,50479;16,88369;13,93252;16,88369;13,93252;16,88369;15,50479;15,50479;17,46377;15,93838;15,93838;15,50479;15,89541;15,89541;16,75674;15,68838;17,37197;22,12783;17,37197;17,12588;17,88564;17,88564;24,13564;13,93252;17,37197;23,14541;17,88564;17,37197;17,88564;17,12588;17,12588;17,12588;15,68838;18,08486;24,13564;18,08486;22,12783;18,08486;23,79189;24,13564;17,88564;17,12588;17,37197;15,47744;17,12588;13,93252;15,47744;17,37197;22,12783;15,89541;18,08486;17,88564;17,37197;17,88564;15,68838;18,08486;17,12588;17,12588;22,12783;24,13564;15,68838;23,79189;15,68838;17,37197;24,13564;17,88564;17,37197;17,37197;15,47744;23,79189;17,57314;22,12783;17,12588;17,12588;13,93252;17,12588
"844";"2020-04-01";18,94668;21,03848;16,53066;16,84316;16,84316;18,94668;21,03848;17,74746;18,19277;16,53066;18,03457;20,39981;16,53066;18,94668;16,53066;16,84316;15,70449;17,68496;16,84316;17,81582;16,84316;18,76895;21,0209;17,68496;17,81582;17,68496;16,53066;17,64199;16,53066;16,84316;18,94668;15,70449;18,94668;15,70449;18,94668;16,84316;16,84316;18,76895;17,64199;17,64199;16,84316;18,03457;18,03457;17,81582;18,19277;20,24356;25,49941;20,24356;19,98574;20,7084;20,7084;27,28457;15,70449;20,24356;26,30215;20,7084;20,24356;20,7084;19,98574;19,98574;19,98574;18,19277;21,01699;27,28457;21,01699;25,49941;21,01699;26,97402;27,28457;20,7084;19,98574;20,24356;17,74746;19,98574;15,70449;17,74746;20,24356;25,49941;18,03457;21,01699;20,7084;20,24356;20,7084;18,19277;21,01699;19,98574;19,98574;25,49941;27,28457;18,19277;26,97402;18,19277;20,24356;27,28457;20,7084;20,24356;20,24356;17,74746;26,97402;20,39981;25,49941;19,98574;19,98574;15,70449;19,98574
"845";"2020-05-01";18,32461;20,17422;15,51016;16,20352;16,20352;18,32461;20,17422;16,2875;17,23281;15,51016;16,33438;19,49453;15,51016;18,32461;15,51016;16,20352;14,74844;16,62734;16,20352;16,67227;16,20352;18,04141;20,55313;16,62734;16,67227;16,62734;15,51016;15,93789;15,51016;16,20352;18,32461;14,74844;18,32461;14,74844;18,32461;16,20352;16,20352;18,04141;15,93789;15,93789;16,20352;16,33438;16,33438;16,67227;17,23281;19,38125;24,65859;19,38125;18,84219;19,72695;19,72695;26,42617;14,74844;19,38125;25,41641;19,72695;19,38125;19,72695;18,84219;18,84219;18,84219;17,23281;19,92813;26,42617;19,92813;24,65859;19,92813;26,2582;26,42617;19,72695;18,84219;19,38125;16,2875;18,84219;14,74844;16,2875;19,38125;24,65859;16,33438;19,92813;19,72695;19,38125;19,72695;17,23281;19,92813;18,84219;18,84219;24,65859;26,42617;17,23281;26,2582;17,23281;19,38125;26,42617;19,72695;19,38125;19,38125;16,2875;26,2582;19,49453;24,65859;18,84219;18,84219;14,74844;18,84219
"846";"2020-06-01";17,77676;19,09512;15,51699;16,15762;16,15762;17,77676;19,09512;15,89981;16,90566;15,51699;16,05801;18,71231;15,51699;17,77676;15,51699;16,15762;14,97598;16,41348;16,15762;16,93301;16,15762;18,10488;19,91152;16,41348;16,93301;16,41348;15,51699;16,16152;15,51699;16,15762;17,77676;14,97598;17,77676;14,97598;17,77676;16,15762;16,15762;18,10488;16,16152;16,16152;16,15762;16,05801;16,05801;16,93301;16,90566;19,75332;24,52285;19,75332;19,00332;20,03066;20,03066;26,07754;14,97598;19,75332;25,07559;20,03066;19,75332;20,03066;19,00332;19,00332;19,00332;16,90566;19,9877;26,07754;19,9877;24,52285;19,9877;25,98574;26,07754;20,03066;19,00332;19,75332;15,89981;19,00332;14,97598;15,89981;19,75332;24,52285;16,05801;19,9877;20,03066;19,75332;20,03066;16,90566;19,9877;19,00332;19,00332;24,52285;26,07754;16,90566;25,98574;16,90566;19,75332;26,07754;20,03066;19,75332;19,75332;15,89981;25,98574;18,71231;24,52285;19,00332;19,00332;14,97598;19,00332
"847";"2020-07-01";17,37271;19,03286;15,16372;15,40786;15,40786;17,37271;19,03286;16,20278;16,61489;15,16372;16,47622;18,56997;15,16372;17,37271;15,16372;15,40786;14,45669;16,23013;15,40786;16,68716;15,40786;17,23403;19,17153;16,23013;16,68716;16,23013;15,16372;16,40981;15,16372;15,40786;17,37271;14,45669;17,37271;14,45669;17,37271;15,40786;15,40786;17,23403;16,40981;16,40981;15,40786;16,47622;16,47622;16,68716;16,61489;19,53481;24,527;19,53481;18,98989;19,97817;19,97817;26,5856;14,45669;19,53481;25,69302;19,97817;19,53481;19,97817;18,98989;18,98989;18,98989;16,61489;20,06021;26,5856;20,06021;24,527;20,06021;26,02896;26,5856;19,97817;18,98989;19,53481;16,20278;18,98989;14,45669;16,20278;19,53481;24,527;16,47622;20,06021;19,97817;19,53481;19,97817;16,61489;20,06021;18,98989;18,98989;24,527;26,5856;16,61489;26,02896;16,61489;19,53481;26,5856;19,97817;19,53481;19,53481;16,20278;26,02896;18,56997;24,527;18,98989;18,98989;14,45669;18,98989
"848";"2020-08-01";17,47622;18,777;15,18521;15,64419;15,64419;17,47622;18,777;15,69497;16,63833;15,18521;15,65591;18,25942;15,18521;17,47622;15,18521;15,64419;14,6481;15,91763;15,64419;16,4938;15,64419;17,44888;19,39614;15,91763;16,4938;15,91763;15,18521;15,67544;15,18521;15,64419;17,47622;14,6481;17,47622;14,6481;17,47622;15,64419;15,64419;17,44888;15,67544;15,67544;15,64419;15,65591;15,65591;16,4938;16,63833;19,56411;23,95474;19,56411;18,70474;19,902;19,902;26,20474;14,6481;19,56411;25,19888;19,902;19,56411;19,902;18,70474;18,70474;18,70474;16,63833;19,87661;26,20474;19,87661;23,95474;19,87661;25,75552;26,20474;19,902;18,70474;19,56411;15,69497;18,70474;14,6481;15,69497;19,56411;23,95474;15,65591;19,87661;19,902;19,56411;19,902;16,63833;19,87661;18,70474;18,70474;23,95474;26,20474;16,63833;25,75552;16,63833;19,56411;26,20474;19,902;19,56411;19,56411;15,69497;25,75552;18,25942;23,95474;18,70474;18,70474;14,6481;18,70474
"849";"2020-09-01";16,89932;18,37002;14,91299;15,1708;15,1708;16,89932;18,37002;15,14541;16,46182;14,91299;14,90518;17,97744;14,91299;16,89932;14,91299;15,1708;14,57705;15,30947;15,1708;15,77041;15,1708;16,73135;18,41104;15,30947;15,77041;15,30947;14,91299;14,91104;14,91299;15,1708;16,89932;14,57705;16,89932;14,57705;16,89932;15,1708;15,1708;16,73135;14,91104;14,91104;15,1708;14,90518;14,90518;15,77041;16,46182;19,43057;23,65713;19,43057;18,45791;19,81533;19,81533;25,87197;14,57705;19,43057;24,93643;19,81533;19,43057;19,81533;18,45791;18,45791;18,45791;16,46182;19,75088;25,87197;19,75088;23,65713;19,75088;25,53213;25,87197;19,81533;18,45791;19,43057;15,14541;18,45791;14,57705;15,14541;19,43057;23,65713;14,90518;19,75088;19,81533;19,43057;19,81533;16,46182;19,75088;18,45791;18,45791;23,65713;25,87197;16,46182;25,53213;16,46182;19,43057;25,87197;19,81533;19,43057;19,43057;15,14541;25,53213;17,97744;23,65713;18,45791;18,45791;14,57705;18,45791
"850";"2020-10-01";16,18691;17,74356;13,56973;14,40762;14,40762;16,18691;17,74356;13,84902;15,38418;13,56973;13,49746;17,09121;13,56973;16,18691;13,56973;14,40762;13,30215;14,37246;14,40762;14,7416;14,40762;16,01895;17,85488;14,37246;14,7416;14,37246;13,56973;13,39199;13,56973;14,40762;16,18691;13,30215;16,18691;13,30215;16,18691;14,40762;14,40762;16,01895;13,39199;13,39199;14,40762;13,49746;13,49746;14,7416;15,38418;17,73965;22,45254;17,73965;17,23379;18,26895;18,26895;24,99551;13,30215;17,73965;23,87637;18,26895;17,73965;18,26895;17,23379;17,23379;17,23379;15,38418;18,5502;24,99551;18,5502;22,45254;18,5502;24,15566;24,99551;18,26895;17,23379;17,73965;13,84902;17,23379;13,30215;13,84902;17,73965;22,45254;13,49746;18,5502;18,26895;17,73965;18,26895;15,38418;18,5502;17,23379;17,23379;22,45254;24,99551;15,38418;24,15566;15,38418;17,73965;24,99551;18,26895;17,73965;17,73965;13,84902;24,15566;17,09121;22,45254;17,23379;17,23379;13,30215;17,23379
"851";"2020-11-01";15,12393;16,24307;12,46182;13,56143;13,56143;15,12393;16,24307;12,62783;14,03604;12,46182;12,29775;15,579;12,46182;15,12393;12,46182;13,56143;12,19619;13,33291;13,56143;13,71377;13,56143;15,25674;17,16104;13,33291;13,71377;13,33291;12,46182;12,24111;12,46182;13,56143;15,12393;12,19619;15,12393;12,19619;15,12393;13,56143;13,56143;15,25674;12,24111;12,24111;13,56143;12,29775;12,29775;13,71377;14,03604;16,37197;20,68447;16,37197;15,77041;16,64736;16,64736;22,68252;12,19619;16,37197;21,66885;16,64736;16,37197;16,64736;15,77041;15,77041;15,77041;14,03604;16,65908;22,68252;16,65908;20,68447;16,65908;22,17471;22,68252;16,64736;15,77041;16,37197;12,62783;15,77041;12,19619;12,62783;16,37197;20,68447;12,29775;16,65908;16,64736;16,37197;16,64736;14,03604;16,65908;15,77041;15,77041;20,68447;22,68252;14,03604;22,17471;14,03604;16,37197;22,68252;16,64736;16,37197;16,37197;12,62783;22,17471;15,579;20,68447;15,77041;15,77041;12,19619;15,77041
"852";"2020-12-01";13,48306;14,61587;11,11196;12,17056;12,17056;13,48306;14,61587;11,39517;12,33267;11,11196;11,81509;13,88149;11,11196;13,48306;11,11196;12,17056;10,56314;12,49478;12,17056;12,78189;12,17056;13,83267;15,46548;12,49478;12,78189;12,49478;11,11196;11,84048;11,11196;12,17056;13,48306;10,56314;13,48306;10,56314;13,48306;12,17056;12,17056;13,83267;11,84048;11,84048;12,17056;11,81509;11,81509;12,78189;12,33267;13,9147;17,6686;13,9147;13,36001;14,22524;14,22524;19,49282;10,56314;13,9147;18,6979;14,22524;13,9147;14,22524;13,36001;13,36001;13,36001;12,33267;14,36782;19,49282;14,36782;17,6686;14,36782;19,19399;19,49282;14,22524;13,36001;13,9147;11,39517;13,36001;10,56314;11,39517;13,9147;17,6686;11,81509;14,36782;14,22524;13,9147;14,22524;12,33267;14,36782;13,36001;13,36001;17,6686;19,49282;12,33267;19,19399;12,33267;13,9147;19,49282;14,22524;13,9147;13,9147;11,39517;19,19399;13,88149;17,6686;13,36001;13,36001;10,56314;13,36001
"853";"2021-01-01";13,69106;14,97427;11,44497;12,18716;12,18716;13,69106;14,97427;12,01919;12,69692;11,44497;12,44692;14,29458;11,44497;13,69106;11,44497;12,18716;10,85513;12,69888;12,18716;12,70669;12,18716;13,70278;15,47427;12,69888;12,70669;12,69888;11,44497;12,19106;11,44497;12,18716;13,69106;10,85513;13,69106;10,85513;13,69106;12,18716;12,18716;13,70278;12,19106;12,19106;12,18716;12,44692;12,44692;12,70669;12,69692;14,402;18,25161;14,402;13,87075;14,75552;14,75552;20,20083;10,85513;14,402;19,42935;14,75552;14,402;14,75552;13,87075;13,87075;13,87075;12,69692;14,88442;20,20083;14,88442;18,25161;14,88442;19,85513;20,20083;14,75552;13,87075;14,402;12,01919;13,87075;10,85513;12,01919;14,402;18,25161;12,44692;14,88442;14,75552;14,402;14,75552;12,69692;14,88442;13,87075;13,87075;18,25161;20,20083;12,69692;19,85513;12,69692;14,402;20,20083;14,75552;14,402;14,402;12,01919;19,85513;14,29458;18,25161;13,87075;13,87075;10,85513;13,87075
"854";"2021-02-01";14,94961;16,54141;12,99844;13,31094;13,31094;14,94961;16,54141;13,63906;14,00625;12,99844;13,89688;15,8832;12,99844;14,94961;12,99844;13,31094;12,02969;13,96133;13,31094;13,56289;13,31094;14,74648;16,58242;13,96133;13,56289;13,96133;12,99844;13,35781;12,99844;13,31094;14,94961;12,02969;14,94961;12,02969;14,94961;13,31094;13,31094;14,74648;13,35781;13,35781;13,31094;13,89688;13,89688;13,56289;14,00625;14,86953;18,52188;14,86953;14,54336;15,11367;15,11367;20,33242;12,02969;14,86953;19,64688;15,11367;14,86953;15,11367;14,54336;14,54336;14,54336;14,00625;15,43008;20,33242;15,43008;18,52188;15,43008;20,10195;20,33242;15,11367;14,54336;14,86953;13,63906;14,54336;12,02969;13,63906;14,86953;18,52188;13,89688;15,43008;15,11367;14,86953;15,11367;14,00625;15,43008;14,54336;14,54336;18,52188;20,33242;14,00625;20,10195;14,00625;14,86953;20,33242;15,11367;14,86953;14,86953;13,63906;20,10195;15,8832;18,52188;14,54336;14,54336;12,02969;14,54336
"855";"2021-03-01";16,46987;17,71401;14,11245;15,13394;15,13394;16,46987;17,71401;14,99136;15,19644;14,11245;15,29019;17,03237;14,11245;16,46987;14,11245;15,13394;13,40933;15,58511;15,13394;15,93081;15,13394;17,07925;18,56558;15,58511;15,93081;15,58511;14,11245;15,16323;14,11245;15,13394;16,46987;13,40933;16,46987;13,40933;16,46987;15,13394;15,13394;17,07925;15,16323;15,16323;15,13394;15,29019;15,29019;15,93081;15,19644;16,82339;21,42105;16,82339;16,68667;17,2023;17,2023;23,12222;13,40933;16,82339;22,16128;17,2023;16,82339;17,2023;16,68667;16,68667;16,68667;15,19644;17,38784;23,12222;17,38784;21,42105;17,38784;22,86831;23,12222;17,2023;16,68667;16,82339;14,99136;16,68667;13,40933;14,99136;16,82339;21,42105;15,29019;17,38784;17,2023;16,82339;17,2023;15,19644;17,38784;16,68667;16,68667;21,42105;23,12222;15,19644;22,86831;15,19644;16,82339;23,12222;17,2023;16,82339;16,82339;14,99136;22,86831;17,03237;21,42105;16,68667;16,68667;13,40933;16,68667
"856";"2021-04-01";17,87905;19,62905;15,05093;15,98843;15,98843;17,87905;19,62905;16,05288;16,59194;15,05093;16,39858;18,76968;15,05093;17,87905;15,05093;15,98843;14,20327;16,47476;15,98843;16,66616;15,98843;18,07241;20,09585;16,47476;16,66616;16,47476;15,05093;16,12515;15,05093;15,98843;17,87905;14,20327;17,87905;14,20327;17,87905;15,98843;15,98843;18,07241;16,12515;16,12515;15,98843;16,39858;16,39858;16,66616;16,59194;18,65054;24,05874;18,65054;18,48062;18,93179;18,93179;25,49429;14,20327;18,65054;24,49819;18,93179;18,65054;18,93179;18,48062;18,48062;18,48062;16,59194;19,18179;25,49429;19,18179;24,05874;19,18179;25,27358;25,49429;18,93179;18,48062;18,65054;16,05288;18,48062;14,20327;16,05288;18,65054;24,05874;16,39858;19,18179;18,93179;18,65054;18,93179;16,59194;19,18179;18,48062;18,48062;24,05874;25,49429;16,59194;25,27358;16,59194;18,65054;25,49429;18,93179;18,65054;18,65054;16,05288;25,27358;18,76968;24,05874;18,48062;18,48062;14,20327;18,48062
"857";"2021-05-01";17,55142;19,27798;15,35806;15,70376;15,70376;17,55142;19,27798;16,02017;16,98892;15,35806;16,01431;18,92642;15,35806;17,55142;15,35806;15,70376;14,71743;16,15689;15,70376;16,45962;15,70376;17,42446;19,18423;16,15689;16,45962;16,15689;15,35806;15,87368;15,35806;15,70376;17,55142;14,71743;17,55142;14,71743;17,55142;15,70376;15,70376;17,42446;15,87368;15,87368;15,70376;16,01431;16,01431;16,45962;16,98892;19,51626;24,54165;19,51626;18,91079;19,90689;19,90689;26,6979;14,71743;19,51626;25,70571;19,90689;19,51626;19,90689;18,91079;18,91079;18,91079;16,98892;20,07876;26,6979;20,07876;24,54165;20,07876;26,26821;26,6979;19,90689;18,91079;19,51626;16,02017;18,91079;14,71743;16,02017;19,51626;24,54165;16,01431;20,07876;19,90689;19,51626;19,90689;16,98892;20,07876;18,91079;18,91079;24,54165;26,6979;16,98892;26,26821;16,98892;19,51626;26,6979;19,90689;19,51626;19,51626;16,02017;26,26821;18,92642;24,54165;18,91079;18,91079;14,71743;18,91079
"858";"2021-06-01";16,70962;18,19399;14,95181;14,95962;14,95962;16,70962;18,19399;15,34829;16,43814;14,95181;15,23306;18,0397;14,95181;16,70962;14,95181;14,95962;14,46353;15,23501;14,95962;15,68228;14,95962;16,57681;18,29165;15,23501;15,68228;15,23501;14,95181;15,19204;14,95181;14,95962;16,70962;14,46353;16,70962;14,46353;16,70962;14,95962;14,95962;16,57681;15,19204;15,19204;14,95962;15,23306;15,23306;15,68228;16,43814;19,38149;23,86392;19,38149;18,53384;19,74478;19,74478;25,83853;14,46353;19,38149;24,90884;19,74478;19,38149;19,74478;18,53384;18,53384;18,53384;16,43814;19,71157;25,83853;19,71157;23,86392;19,71157;25,63345;25,83853;19,74478;18,53384;19,38149;15,34829;18,53384;14,46353;15,34829;19,38149;23,86392;15,23306;19,71157;19,74478;19,38149;19,74478;16,43814;19,71157;18,53384;18,53384;23,86392;25,83853;16,43814;25,63345;16,43814;19,38149;25,83853;19,74478;19,38149;19,38149;15,34829;25,63345;18,0397;23,86392;18,53384;18,53384;14,46353;18,53384
"859";"2021-07-01";16,77432;18,33682;14,78799;15,03213;15,03213;16,77432;18,33682;15,32705;16,32119;14,78799;15,28994;17,99111;14,78799;16,77432;14,78799;15,03213;14,24697;15,46768;15,03213;15,97939;15,03213;16,78604;18,68057;15,46768;15,97939;15,46768;14,78799;15,29385;14,78799;15,03213;16,77432;14,24697;16,77432;14,24697;16,77432;15,03213;15,03213;16,78604;15,29385;15,29385;15,03213;15,28994;15,28994;15,97939;16,32119;19,16494;23,64736;19,16494;18,37002;19,53018;19,53018;25,86416;14,24697;19,16494;24,97354;19,53018;19,16494;19,53018;18,37002;18,37002;18,37002;16,32119;19,56924;25,86416;19,56924;23,64736;19,56924;25,53799;25,86416;19,53018;18,37002;19,16494;15,32705;18,37002;14,24697;15,32705;19,16494;23,64736;15,28994;19,56924;19,53018;19,16494;19,53018;16,32119;19,56924;18,37002;18,37002;23,64736;25,86416;16,32119;25,53799;16,32119;19,16494;25,86416;19,53018;19,16494;19,16494;15,32705;25,53799;17,99111;23,64736;18,37002;18,37002;14,24697;18,37002
"860";"2021-08-01";17,09512;18,71426;14,80996;15,18691;15,18691;17,09512;18,71426;15,32949;16,34902;14,80996;15,45254;18,14785;14,80996;17,09512;14,80996;15,18691;14,22598;15,71035;15,18691;16,19863;15,18691;17,00527;19,08145;15,71035;16,19863;15,71035;14,80996;15,4584;14,80996;15,18691;17,09512;14,22598;17,09512;14,22598;17,09512;15,18691;15,18691;17,00527;15,4584;15,4584;15,18691;15,45254;15,45254;16,19863;16,34902;19,2377;23,60098;19,2377;18,31387;19,61074;19,61074;25,70059;14,22598;19,2377;24,80801;19,61074;19,2377;19,61074;18,31387;18,31387;18,31387;16,34902;19,50332;25,70059;19,50332;23,60098;19,50332;25,32754;25,70059;19,61074;18,31387;19,2377;15,32949;18,31387;14,22598;15,32949;19,2377;23,60098;15,45254;19,50332;19,61074;19,2377;19,61074;16,34902;19,50332;18,31387;18,31387;23,60098;25,70059;16,34902;25,32754;16,34902;19,2377;25,70059;19,61074;19,2377;19,2377;15,32949;25,32754;18,14785;23,60098;18,31387;18,31387;14,22598;18,31387
"861";"2021-09-01";16,73355;18,18081;15,05972;15,08901;15,08901;16,73355;18,18081;15,43472;16,52456;15,05972;15,23355;18,02065;15,05972;16,73355;15,05972;15,08901;14,6398;15,25894;15,08901;15,67495;15,08901;16,58511;18,15347;15,25894;15,67495;15,25894;15,05972;15,16714;15,05972;15,08901;16,73355;14,6398;16,73355;14,6398;16,73355;15,08901;15,08901;16,58511;15,16714;15,16714;15,08901;15,23355;15,23355;15,67495;16,52456;19,34878;23,58511;19,34878;18,51675;19,69253;19,69253;25,59878;14,6398;19,34878;24,7394;19,69253;19,34878;19,69253;18,51675;18,51675;18,51675;16,52456;19,67886;25,59878;19,67886;23,58511;19,67886;25,37026;25,59878;19,69253;18,51675;19,34878;15,43472;18,51675;14,6398;15,43472;19,34878;23,58511;15,23355;19,67886;19,69253;19,34878;19,69253;16,52456;19,67886;18,51675;18,51675;23,58511;25,59878;16,52456;25,37026;16,52456;19,34878;25,59878;19,69253;19,34878;19,34878;15,43472;25,37026;18,02065;23,58511;18,51675;18,51675;14,6398;18,51675
"862";"2021-10-01";16,88955;18,69424;14,51064;15,06143;15,06143;16,88955;18,69424;14,81729;16,15713;14,51064;14,70986;18,10635;14,51064;16,88955;14,51064;15,06143;14,14932;15,06338;15,06143;15,49111;15,06143;16,72158;18,58682;15,06338;15,49111;15,06338;14,51064;14,64736;14,51064;15,06143;16,88955;14,14932;16,88955;14,14932;16,88955;15,06143;15,06143;16,72158;14,64736;14,64736;15,06143;14,70986;14,70986;15,49111;16,15713;18,69814;23,12979;18,69814;17,81924;19,10049;19,10049;24,96768;14,14932;18,69814;24,12783;19,10049;18,69814;19,10049;17,81924;17,81924;17,81924;16,15713;19,06338;24,96768;19,06338;23,12979;19,06338;24,68838;24,96768;19,10049;17,81924;18,69814;14,81729;17,81924;14,14932;14,81729;18,69814;23,12979;14,70986;19,06338;19,10049;18,69814;19,10049;16,15713;19,06338;17,81924;17,81924;23,12979;24,96768;16,15713;24,68838;16,15713;18,69814;24,96768;19,10049;18,69814;18,69814;14,81729;24,68838;18,10635;23,12979;17,81924;17,81924;14,14932;17,81924
"863";"2021-11-01";13,90737;14,99917;11,15347;12,40933;12,40933;13,90737;14,99917;11,5187;12,65542;11,15347;11,52847;14,40933;11,15347;13,90737;11,15347;12,40933;10,75503;12,3019;12,40933;12,84487;12,40933;14,3312;16,04605;12,3019;12,84487;12,3019;11,15347;11,4562;11,15347;12,40933;13,90737;10,75503;13,90737;10,75503;13,90737;12,40933;12,40933;14,3312;11,4562;11,4562;12,40933;11,52847;11,52847;12,84487;12,65542;15,04605;19,30776;15,04605;14,31167;15,41128;15,41128;21,45034;10,75503;15,04605;20,53042;15,41128;15,04605;15,41128;14,31167;14,31167;14,31167;12,65542;15,43667;21,45034;15,43667;19,30776;15,43667;21,0519;21,45034;15,41128;14,31167;15,04605;11,5187;14,31167;10,75503;11,5187;15,04605;19,30776;11,52847;15,43667;15,41128;15,04605;15,41128;12,65542;15,43667;14,31167;14,31167;19,30776;21,45034;12,65542;21,0519;12,65542;15,04605;21,45034;15,41128;15,04605;15,04605;11,5187;21,0519;14,40933;19,30776;14,31167;14,31167;10,75503;14,31167
"864";"2021-12-01";14,07534;15,60659;11,90542;12,64175;12,64175;14,07534;15,60659;12,53237;13,19253;11,90542;12,47378;15,0519;11,90542;14,07534;11,90542;12,64175;11,3312;13,07144;12,64175;13,34683;12,64175;14,25503;15,90542;13,07144;13,34683;13,07144;11,90542;12,18276;11,90542;12,64175;14,07534;11,3312;14,07534;11,3312;14,07534;12,64175;12,64175;14,25503;12,18276;12,18276;12,64175;12,47378;12,47378;13,34683;13,19253;15,26284;19,90542;15,26284;14,88003;15,62417;15,62417;21,40151;11,3312;15,26284;20,7023;15,62417;15,26284;15,62417;14,88003;14,88003;14,88003;13,19253;15,77261;21,40151;15,77261;19,90542;15,77261;21,06753;21,40151;15,62417;14,88003;15,26284;12,53237;14,88003;11,3312;12,53237;15,26284;19,90542;12,47378;15,77261;15,62417;15,26284;15,62417;13,19253;15,77261;14,88003;14,88003;19,90542;21,40151;13,19253;21,06753;13,19253;15,26284;21,40151;15,62417;15,26284;15,26284;12,53237;21,06753;15,0519;19,90542;14,88003;14,88003;11,3312;14,88003
"865";"2022-01-01";13,12808;14,59683;10,87026;11,59097;11,59097;13,12808;14,59683;11,09487;12,17886;10,87026;11,19839;13,95815;10,87026;13,12808;10,87026;11,59097;10,28823;11,85464;11,59097;11,96401;11,59097;13,17105;15,03433;11,85464;11,96401;11,85464;10,87026;10,84487;10,87026;11,59097;13,12808;10,28823;13,12808;10,28823;13,12808;11,59097;11,59097;13,17105;10,84487;10,84487;11,59097;11,19839;11,19839;11,96401;12,17886;13,96597;17,84683;13,96597;13,19448;14,32144;14,32144;19,65347;10,28823;13,96597;18,91519;14,32144;13,96597;14,32144;13,19448;13,19448;13,19448;12,17886;14,46987;19,65347;14,46987;17,84683;14,46987;19,3937;19,65347;14,32144;13,19448;13,96597;11,09487;13,19448;10,28823;11,09487;13,96597;17,84683;11,19839;14,46987;14,32144;13,96597;14,32144;12,17886;14,46987;13,19448;13,19448;17,84683;19,65347;12,17886;19,3937;12,17886;13,96597;19,65347;14,32144;13,96597;13,96597;11,09487;19,3937;13,95815;17,84683;13,19448;13,19448;10,28823;13,19448
"866";"2022-02-01";13,31338;14,48916;10,95986;11,94424;11,94424;13,31338;14,48916;11,33096;12,13174;10,95986;11,68447;13,79385;10,95986;13,31338;10,95986;11,94424;10,34072;12,36611;11,94424;12,63174;11,94424;13,84072;15,47158;12,36611;12,63174;12,36611;10,95986;11,45596;10,95986;11,94424;13,31338;10,34072;13,31338;10,34072;13,31338;11,94424;11,94424;13,84072;11,45596;11,45596;11,94424;11,68447;11,68447;12,63174;12,13174;13,7626;17,71963;13,7626;13,03213;14,14932;14,14932;19,53604;10,34072;13,7626;18,59658;14,14932;13,7626;14,14932;13,03213;13,03213;13,03213;12,13174;14,24502;19,53604;14,24502;17,71963;14,24502;19,37979;19,53604;14,14932;13,03213;13,7626;11,33096;13,03213;10,34072;11,33096;13,7626;17,71963;11,68447;14,24502;14,14932;13,7626;14,14932;12,13174;14,24502;13,03213;13,03213;17,71963;19,53604;12,13174;19,37979;12,13174;13,7626;19,53604;14,14932;13,7626;13,7626;11,33096;19,37979;13,79385;17,71963;13,03213;13,03213;10,34072;13,03213
"867";"2022-03-01";15,72744;17,24111;13,50088;14,18643;14,18643;15,72744;17,24111;14,34854;14,4833;13,50088;14,53213;16,34072;13,50088;15,72744;13,50088;14,18643;12,60439;14,8915;14,18643;14,93838;14,18643;15,99111;17,89346;14,8915;14,93838;14,8915;13,50088;14,06143;13,50088;14,18643;15,72744;12,60439;15,72744;12,60439;15,72744;14,18643;14,18643;15,99111;14,06143;14,06143;14,18643;14,53213;14,53213;14,93838;14,4833;15,98916;20,3583;15,98916;15,67861;16,31533;16,31533;21,93838;12,60439;15,98916;21,0458;16,31533;15,98916;16,31533;15,67861;15,67861;15,67861;14,4833;16,57314;21,93838;16,57314;20,3583;16,57314;21,74111;21,93838;16,31533;15,67861;15,98916;14,34854;15,67861;12,60439;14,34854;15,98916;20,3583;14,53213;16,57314;16,31533;15,98916;16,31533;14,4833;16,57314;15,67861;15,67861;20,3583;21,93838;14,4833;21,74111;14,4833;15,98916;21,93838;16,31533;15,98916;15,98916;14,34854;21,74111;16,34072;20,3583;15,67861;15,67861;12,60439;15,67861
"868";"2022-04-01";17,47964;19,22964;15,08511;15,67886;15,67886;17,47964;19,22964;16,09683;16,49917;15,08511;16,12808;18,57144;15,08511;17,47964;15,08511;15,67886;14,21401;16,27456;15,67886;16,42105;15,67886;17,57144;19,56558;16,27456;16,42105;16,27456;15,08511;15,68081;15,08511;15,67886;17,47964;14,21401;17,47964;14,21401;17,47964;15,67886;15,67886;17,57144;15,68081;15,68081;15,67886;16,12808;16,12808;16,42105;16,49917;18,60855;23,65151;18,60855;18,2355;18,98355;18,98355;25,72769;14,21401;18,60855;24,68862;18,98355;18,60855;18,98355;18,2355;18,2355;18,2355;16,49917;19,27651;25,72769;19,27651;23,65151;19,27651;25,39761;25,72769;18,98355;18,2355;18,60855;16,09683;18,2355;14,21401;16,09683;18,60855;23,65151;16,12808;19,27651;18,98355;18,60855;18,98355;16,49917;19,27651;18,2355;18,2355;23,65151;25,72769;16,49917;25,39761;16,49917;18,60855;25,72769;18,98355;18,60855;18,60855;16,09683;25,39761;18,57144;23,65151;18,2355;18,2355;14,21401;18,2355
"869";"2022-05-01";18,03799;20,00088;15,954;16,14541;16,14541;18,03799;20,00088;17,0458;17,31143;15,954;16,954;19,38174;15,954;18,03799;15,954;16,14541;14,93643;17,1083;16,14541;17,16885;16,14541;17,92471;20,28018;17,1083;17,16885;17,1083;15,954;16,5165;15,954;16,14541;18,03799;14,93643;18,03799;14,93643;18,03799;16,14541;16,14541;17,92471;16,5165;16,5165;16,14541;16,954;16,954;17,16885;17,31143;20,03994;25,14346;20,03994;19,53799;20,31924;20,31924;27,34658;14,93643;20,03994;26,34072;20,31924;20,03994;20,31924;19,53799;19,53799;19,53799;17,31143;20,61416;27,34658;20,61416;25,14346;20,61416;26,90908;27,34658;20,31924;19,53799;20,03994;17,0458;19,53799;14,93643;17,0458;20,03994;25,14346;16,954;20,61416;20,31924;20,03994;20,31924;17,31143;20,61416;19,53799;19,53799;25,14346;27,34658;17,31143;26,90908;17,31143;20,03994;27,34658;20,31924;20,03994;20,03994;17,0458;26,90908;19,38174;25,14346;19,53799;19,53799;14,93643;19,53799
"870";"2022-06-01";16,96401;18,31753;14,55776;15,43472;15,43472;16,96401;18,31753;15,1398;16,0812;14,55776;15,15737;17,80581;14,55776;16,96401;14,55776;15,43472;13,94839;15,72573;15,43472;16,32339;15,43472;17,44839;19,18862;15,72573;16,32339;15,72573;14,55776;15,2023;14,55776;15,43472;16,96401;13,94839;16,96401;13,94839;16,96401;15,43472;15,43472;17,44839;15,2023;15,2023;15,43472;15,15737;15,15737;16,32339;16,0812;18,90347;23,3937;18,90347;18,01089;19,21206;19,21206;25,46987;13,94839;18,90347;24,47964;19,21206;18,90347;19,21206;18,01089;18,01089;18,01089;16,0812;19,19448;25,46987;19,19448;23,3937;19,19448;25,27261;25,46987;19,21206;18,01089;18,90347;15,1398;18,01089;13,94839;15,1398;18,90347;23,3937;15,15737;19,19448;19,21206;18,90347;19,21206;16,0812;19,19448;18,01089;18,01089;23,3937;25,46987;16,0812;25,27261;16,0812;18,90347;25,46987;19,21206;18,90347;18,90347;15,1398;25,27261;17,80581;23,3937;18,01089;18,01089;13,94839;18,01089
"871";"2022-07-01";17,33706;18,96011;14,78237;15,4523;15,4523;17,33706;18,96011;15,43472;16,36831;14,78237;15,47183;18,30776;14,78237;17,33706;14,78237;15,4523;14,09292;16,04019;15,4523;16,67495;15,4523;17,68472;19,75112;16,04019;16,67495;16,04019;14,78237;15,55972;14,78237;15,4523;17,33706;14,09292;17,33706;14,09292;17,33706;15,4523;15,4523;17,68472;15,55972;15,55972;15,4523;15,47183;15,47183;16,67495;16,36831;19,20034;23,6398;19,20034;18,31753;19,52261;19,52261;25,84097;14,09292;19,20034;25,03823;19,52261;19,20034;19,52261;18,31753;18,31753;18,31753;16,36831;19,53042;25,84097;19,53042;23,6398;19,53042;25,44644;25,84097;19,52261;18,31753;19,20034;15,43472;18,31753;14,09292;15,43472;19,20034;23,6398;15,47183;19,53042;19,52261;19,20034;19,52261;16,36831;19,53042;18,31753;18,31753;23,6398;25,84097;16,36831;25,44644;16,36831;19,20034;25,84097;19,52261;19,20034;19,20034;15,43472;25,44644;18,30776;23,6398;18,31753;18,31753;14,09292;18,31753
"872";"2022-08-01";16,79824;18,53066;14,70645;14,95449;14,95449;16,79824;18,53066;15,49941;16,16348;14,70645;15,44082;17,9584;14,70645;16,79824;14,70645;14,95449;14,05801;15,51895;14,95449;16,08926;14,95449;16,96621;18,76504;15,51895;16,08926;15,51895;14,70645;15,39785;14,70645;14,95449;16,79824;14,05801;16,79824;14,05801;16,79824;14,95449;14,95449;16,96621;15,39785;15,39785;14,95449;15,44082;15,44082;16,08926;16,16348;19,34707;23,62441;19,34707;18,47207;19,6127;19,6127;26,04629;14,05801;19,34707;25,34707;19,6127;19,34707;19,6127;18,47207;18,47207;18,47207;16,16348;19,49746;26,04629;19,49746;23,62441;19,49746;25,32363;26,04629;19,6127;18,47207;19,34707;15,49941;18,47207;14,05801;15,49941;19,34707;23,62441;15,44082;19,49746;19,6127;19,34707;19,6127;16,16348;19,49746;18,47207;18,47207;23,62441;26,04629;16,16348;25,32363;16,16348;19,34707;26,04629;19,6127;19,34707;19,34707;15,49941;25,32363;17,9584;23,62441;18,47207;18,47207;14,05801;18,47207
"873";"2022-09-01";16,27993;17,35806;14,16665;14,72329;14,72329;16,27993;17,35806;14,34243;15,68423;14,16665;14,14907;17,06704;14,16665;16,27993;14,16665;14,72329;13,86782;14,56118;14,72329;15,19595;14,72329;16,55532;18,11587;14,56118;15,19595;14,56118;14,16665;14,23892;14,16665;14,72329;16,27993;13,86782;16,27993;13,86782;16,27993;14,72329;14,72329;16,55532;14,23892;14,23892;14,72329;14,14907;14,14907;15,19595;15,68423;18,57681;22,55337;18,57681;17,56704;18,8561;18,8561;24,60024;13,86782;18,57681;23,65884;18,8561;18,57681;18,8561;17,56704;17,56704;17,56704;15,68423;18,67251;24,60024;18,67251;22,55337;18,67251;24,48892;24,60024;18,8561;17,56704;18,57681;14,34243;17,56704;13,86782;14,34243;18,57681;22,55337;14,14907;18,67251;18,8561;18,57681;18,8561;15,68423;18,67251;17,56704;17,56704;22,55337;24,60024;15,68423;24,48892;15,68423;18,57681;24,60024;18,8561;18,57681;18,57681;14,34243;24,48892;17,06704;22,55337;17,56704;17,56704;13,86782;17,56704
"874";"2022-10-01";16,45864;18,0856;14,09341;14,72036;14,72036;16,45864;18,0856;14,1481;15,65786;14,09341;14,13442;17,43325;14,09341;16,45864;14,09341;14,72036;13,73403;14,94302;14,72036;15,31997;14,72036;16,41372;18,43911;14,94302;15,31997;14,94302;14,09341;14,17935;14,09341;14,72036;16,45864;13,73403;16,45864;13,73403;16,45864;14,72036;14,72036;16,41372;14,17935;14,17935;14,72036;14,13442;14,13442;15,31997;15,65786;17,91958;21,71841;17,91958;17,04263;18,3063;18,3063;23,98208;13,73403;17,91958;23,13247;18,3063;17,91958;18,3063;17,04263;17,04263;17,04263;15,65786;18,35122;23,98208;18,35122;21,71841;18,35122;23,67739;23,98208;18,3063;17,04263;17,91958;14,1481;17,04263;13,73403;14,1481;17,91958;21,71841;14,13442;18,35122;18,3063;17,91958;18,3063;15,65786;18,35122;17,04263;17,04263;21,71841;23,98208;15,65786;23,67739;15,65786;17,91958;23,98208;18,3063;17,91958;17,91958;14,1481;23,67739;17,43325;21,71841;17,04263;17,04263;13,73403;17,04263
"875";"2022-11-01";15,65884;17,24868;13,20376;13,96353;13,96353;15,65884;17,24868;13,57485;14,64321;13,20376;13,71548;16,69595;13,20376;15,65884;13,20376;13,96353;12,61978;14,45962;13,96353;14,83853;13,96353;15,77212;17,7897;14,45962;14,83853;14,45962;13,20376;13,71353;13,20376;13,96353;15,65884;12,61978;15,65884;12,61978;15,65884;13,96353;13,96353;15,77212;13,71353;13,71353;13,96353;13,71548;13,71548;14,83853;14,64321;16,87564;20,81704;16,87564;16,24673;17,15298;17,15298;22,76821;12,61978;16,87564;21,98696;17,15298;16,87564;17,15298;16,24673;16,24673;16,24673;14,64321;17,25454;22,76821;17,25454;20,81704;17,25454;22,47524;22,76821;17,15298;16,24673;16,87564;13,57485;16,24673;12,61978;13,57485;16,87564;20,81704;13,71548;17,25454;17,15298;16,87564;17,15298;14,64321;17,25454;16,24673;16,24673;20,81704;22,76821;14,64321;22,47524;14,64321;16,87564;22,76821;17,15298;16,87564;16,87564;13,57485;22,47524;16,69595;20,81704;16,24673;16,24673;12,61978;16,24673
"876";"2022-12-01";12,54043;13,99941;10,47988;11,0541;11,0541;12,54043;13,99941;11,00332;11,81973;10,47988;11,20449;13,59707;10,47988;12,54043;10,47988;11,0541;9,88418;11,51309;11,0541;11,97793;11,0541;12,87637;14,4916;11,51309;11,97793;11,51309;10,47988;11,19082;10,47988;11,0541;12,54043;9,88418;12,54043;9,88418;12,54043;11,0541;11,0541;12,87637;11,19082;11,19082;11,0541;11,20449;11,20449;11,97793;11,81973;14,13223;18,37832;14,13223;13,53262;14,44277;14,44277;20,28652;9,88418;14,13223;19,53066;14,44277;14,13223;14,44277;13,53262;13,53262;13,53262;11,81973;14,5834;20,28652;14,5834;18,37832;14,5834;19,96621;20,28652;14,44277;13,53262;14,13223;11,00332;13,53262;9,88418;11,00332;14,13223;18,37832;11,20449;14,5834;14,44277;14,13223;14,44277;11,81973;14,5834;13,53262;13,53262;18,37832;20,28652;11,81973;19,96621;11,81973;14,13223;20,28652;14,44277;14,13223;14,13223;11,00332;19,96621;13,59707;18,37832;13,53262;13,53262;9,88418;13,53262
"877";"2023-01-01";13,1791;14,70645;11,19863;11,64981;11,64981;13,1791;14,70645;11,79238;12,43691;11,19863;11,98574;14,37637;11,19863;13,1791;11,19863;11,64981;10,49551;12,28262;11,64981;12,49941;11,64981;13,38418;15,1752;12,28262;12,49941;12,28262;11,19863;11,8041;11,19863;11,64981;13,1791;10,49551;13,1791;10,49551;13,1791;11,64981;11,64981;13,38418;11,8041;11,8041;11,64981;11,98574;11,98574;12,49941;12,43691;14,62637;19,09316;14,62637;14,16543;15,02285;15,02285;20,86856;10,49551;14,62637;20,08145;15,02285;14,62637;15,02285;14,16543;14,16543;14,16543;12,43691;15,25332;20,86856;15,25332;19,09316;15,25332;20,59121;20,86856;15,02285;14,16543;14,62637;11,79238;14,16543;10,49551;11,79238;14,62637;19,09316;11,98574;15,25332;15,02285;14,62637;15,02285;12,43691;15,25332;14,16543;14,16543;19,09316;20,86856;12,43691;20,59121;12,43691;14,62637;20,86856;15,02285;14,62637;14,62637;11,79238;20,59121;14,37637;19,09316;14,16543;14,16543;10,49551;14,16543
"878";"2023-02-01";14,1752;15,17715;12,05215;12,84121;12,84121;14,1752;15,17715;12,53652;13,15176;12,05215;12,74356;14,78066;12,05215;14,1752;12,05215;12,84121;11,38223;13,43106;12,84121;13,79824;12,84121;14,68301;16,32168;13,43106;13,79824;13,43106;12,05215;12,72207;12,05215;12,84121;14,1752;11,38223;14,1752;11,38223;14,1752;12,84121;12,84121;14,68301;12,72207;12,72207;12,84121;12,74356;12,74356;13,79824;13,15176;15,0834;19,1127;15,0834;14,53457;15,49356;15,49356;21,31387;11,38223;15,0834;20,43301;15,49356;15,0834;15,49356;14,53457;14,53457;14,53457;13,15176;15,74551;21,31387;15,74551;19,1127;15,74551;20,97207;21,31387;15,49356;14,53457;15,0834;12,53652;14,53457;11,38223;12,53652;15,0834;19,1127;12,74356;15,74551;15,49356;15,0834;15,49356;13,15176;15,74551;14,53457;14,53457;19,1127;21,31387;13,15176;20,97207;13,15176;15,0834;21,31387;15,49356;15,0834;15,0834;12,53652;20,97207;14,78066;19,1127;14,53457;14,53457;11,38223;14,53457
"879";"2023-03-01";16,61025;18,07314;14,22939;14,94814;14,94814;16,61025;18,07314;14,92471;15,61221;14,22939;15,20596;17,57119;14,22939;16,61025;14,22939;14,94814;13,46572;15,65127;14,94814;15,89736;14,94814;16,82119;18,77627;15,65127;15,89736;15,65127;14,22939;15,03213;14,22939;14,94814;16,61025;13,46572;16,61025;13,46572;16,61025;14,94814;14,94814;16,82119;15,03213;15,03213;14,94814;15,20596;15,20596;15,89736;15,61221;17,51846;21,92666;17,51846;17,04775;18,03408;18,03408;24,15908;13,46572;17,51846;23,2001;18,03408;17,51846;18,03408;17,04775;17,04775;17,04775;15,61221;18,33291;24,15908;18,33291;21,92666;18,33291;23,99111;24,15908;18,03408;17,04775;17,51846;14,92471;17,04775;13,46572;14,92471;17,51846;21,92666;15,20596;18,33291;18,03408;17,51846;18,03408;15,61221;18,33291;17,04775;17,04775;21,92666;24,15908;15,61221;23,99111;15,61221;17,51846;24,15908;18,03408;17,51846;17,51846;14,92471;23,99111;17,57119;21,92666;17,04775;17,04775;13,46572;17,04775
"880";"2023-04-01";17,73403;19,22427;14,79263;15,72036;15,72036;17,73403;19,22427;15,4645;16,4645;14,79263;15,79263;18,63638;14,79263;17,73403;14,79263;15,72036;14,00942;16,17349;15,72036;16,25942;15,72036;17,51333;19,902;16,17349;16,25942;16,17349;14,79263;15,54067;14,79263;15,72036;17,73403;14,00942;17,73403;14,00942;17,73403;15,72036;15,72036;17,51333;15,54067;15,54067;15,72036;15,79263;15,79263;16,25942;16,4645;17,99771;22,67544;17,99771;17,61294;18,32192;18,32192;24,89614;14,00942;17,99771;23,91372;18,32192;17,99771;18,32192;17,61294;17,61294;17,61294;16,4645;18,78481;24,89614;18,78481;22,67544;18,78481;24,64419;24,89614;18,32192;17,61294;17,99771;15,4645;17,61294;14,00942;15,4645;17,99771;22,67544;15,79263;18,78481;18,32192;17,99771;18,32192;16,4645;18,78481;17,61294;17,61294;22,67544;24,89614;16,4645;24,64419;16,4645;17,99771;24,89614;18,32192;17,99771;17,99771;15,4645;24,64419;18,63638;22,67544;17,61294;17,61294;14,00942;17,61294
"881";"2023-05-01";17,27847;18,83901;14,85659;15,47183;15,47183;17,27847;18,83901;15,6769;16,3644;14,85659;15,79019;18,5519;14,85659;17,27847;14,85659;15,47183;14,06362;15,98355;15,47183;16,16909;15,47183;17,26284;19,30581;15,98355;16,16909;15,98355;14,85659;15,4894;14,85659;15,47183;17,27847;14,06362;17,27847;14,06362;17,27847;15,47183;15,47183;17,26284;15,4894;15,4894;15,47183;15,79019;15,79019;16,16909;16,3644;18,44253;23,09487;18,44253;17,97183;18,78628;18,78628;25,6144;14,06362;18,44253;24,55972;18,78628;18,44253;18,78628;17,97183;17,97183;17,97183;16,3644;19,06753;25,6144;19,06753;23,09487;19,06753;25,37026;25,6144;18,78628;17,97183;18,44253;15,6769;17,97183;14,06362;15,6769;18,44253;23,09487;15,79019;19,06753;18,78628;18,44253;18,78628;16,3644;19,06753;17,97183;17,97183;23,09487;25,6144;16,3644;25,37026;16,3644;18,44253;25,6144;18,78628;18,44253;18,44253;15,6769;25,37026;18,5519;23,09487;17,97183;17,97183;14,06362;17,97183
"882";"2023-06-01";19,17886;20,56167;17,10855;17,3019;17,3019;19,17886;20,56167;17,84097;18,28042;17,10855;17,84878;20,49526;17,10855;19,17886;17,10855;17,3019;16,1769;18,28433;17,3019;18,39761;17,3019;19,09292;21,44839;18,28433;18,39761;18,28433;17,10855;17,60659;17,10855;17,3019;19,17886;16,1769;19,17886;16,1769;19,17886;17,3019;17,3019;19,09292;17,60659;17,60659;17,3019;17,84878;17,84878;18,39761;18,28042;20,5519;24,84683;20,5519;20,04409;20,96597;20,96597;27,56167;16,1769;20,5519;26,63003;20,96597;20,5519;20,96597;20,04409;20,04409;20,04409;18,28042;21,2355;27,56167;21,2355;24,84683;21,2355;27,1144;27,56167;20,96597;20,04409;20,5519;17,84097;20,04409;16,1769;17,84097;20,5519;24,84683;17,84878;21,2355;20,96597;20,5519;20,96597;18,28042;21,2355;20,04409;20,04409;24,84683;27,56167;18,28042;27,1144;18,28042;20,5519;27,56167;20,96597;20,5519;20,5519;17,84097;27,1144;20,49526;24,84683;20,04409;20,04409;16,1769;20,04409
"883";"2023-07-01";17,5751;19,079;15,31729;15,84268;15,84268;17,5751;19,079;15,93838;16,63174;15,31729;15,88369;18,42275;15,31729;17,5751;15,31729;15,84268;14,56143;16,35635;15,84268;16,91494;15,84268;17,90127;19,7958;16,35635;16,91494;16,35635;15,31729;15,79775;15,31729;15,84268;17,5751;14,56143;17,5751;14,56143;17,5751;15,84268;15,84268;17,90127;15,79775;15,79775;15,84268;15,88369;15,88369;16,91494;16,63174;19,64932;23,81924;19,64932;18,77041;20,03994;20,03994;26,25479;14,56143;19,64932;25,4208;20,03994;19,64932;20,03994;18,77041;18,77041;18,77041;16,63174;19,87393;26,25479;19,87393;23,81924;19,87393;25,8876;26,25479;20,03994;18,77041;19,64932;15,93838;18,77041;14,56143;15,93838;19,64932;23,81924;15,88369;19,87393;20,03994;19,64932;20,03994;16,63174;19,87393;18,77041;18,77041;23,81924;26,25479;16,63174;25,8876;16,63174;19,64932;26,25479;20,03994;19,64932;19,64932;15,93838;25,8876;18,42275;23,81924;18,77041;18,77041;14,56143;18,77041
"884";"2023-08-01";17,73013;19,26919;15,30044;15,95278;15,95278;17,73013;19,26919;15,777;16,90005;15,30044;15,5563;18,69106;15,30044;17,73013;15,30044;15,95278;14,84341;16,0563;15,95278;16,58755;15,95278;17,79263;19,68325;16,0563;16,58755;16,0563;15,30044;15,51528;15,30044;15,95278;17,73013;14,84341;17,73013;14,84341;17,73013;15,95278;15,95278;17,79263;15,51528;15,51528;15,95278;15,5563;15,5563;16,58755;16,90005;19,81021;24,01138;19,81021;18,95083;20,20669;20,20669;26,26528;14,84341;19,81021;25,34341;20,20669;19,81021;20,20669;18,95083;18,95083;18,95083;16,90005;20,05825;26,26528;20,05825;24,01138;20,05825;26,0231;26,26528;20,20669;18,95083;19,81021;15,777;18,95083;14,84341;15,777;19,81021;24,01138;15,5563;20,05825;20,20669;19,81021;20,20669;16,90005;20,05825;18,95083;18,95083;24,01138;26,26528;16,90005;26,0231;16,90005;19,81021;26,26528;20,20669;19,81021;19,81021;15,777;26,0231;18,69106;24,01138;18,95083;18,95083;14,84341;18,95083
"885";"2023-09-01";18,22939;19,60049;15,32314;16,57119;16,57119;18,22939;19,60049;15,94619;17,04971;15,32314;15,80752;18,91299;15,32314;18,22939;15,32314;16,57119;14,98721;16,38369;16,57119;17,0751;16,57119;18,38955;20,38174;16,38369;17,0751;16,38369;15,32314;15,77822;15,32314;16,57119;18,22939;14,98721;18,22939;14,98721;18,22939;16,57119;16,57119;18,38955;15,77822;15,77822;16,57119;15,80752;15,80752;17,0751;17,04971;19,80361;24,07119;19,80361;19,08682;20,55166;20,55166;27,079;14,98721;19,80361;26,4208;20,55166;19,80361;20,55166;19,08682;19,08682;19,08682;17,04971;20,57119;27,079;20,57119;24,07119;20,57119;26,20596;27,079;20,55166;19,08682;19,80361;15,94619;19,08682;14,98721;15,94619;19,80361;24,07119;15,80752;20,57119;20,55166;19,80361;20,55166;17,04971;20,57119;19,08682;19,08682;24,07119;27,079;17,04971;26,20596;17,04971;19,80361;27,079;20,55166;19,80361;19,80361;15,94619;26,20596;18,91299;24,07119;19,08682;19,08682;14,98721;19,08682
"886";"2023-10-01";17,30703;18,475;14,75234;15,71328;15,71328;17,30703;18,475;15,22305;16,23672;14,75234;15,14688;17,96328;14,75234;17,30703;14,75234;15,71328;14,36563;15,5375;15,71328;16,07461;15,71328;17,46523;19,40469;15,5375;16,07461;15,5375;14,75234;15,15273;14,75234;15,71328;17,30703;14,36563;17,30703;14,36563;17,30703;15,71328;15,71328;17,46523;15,15273;15,15273;15,71328;15,14688;15,14688;16,07461;16,23672;18,85781;22,78164;18,85781;18,18789;19,31484;19,31484;25,37734;14,36563;18,85781;24,47891;19,31484;18,85781;19,31484;18,18789;18,18789;18,18789;16,23672;19,3207;25,37734;19,3207;22,78164;19,3207;24,93789;25,37734;19,31484;18,18789;18,85781;15,22305;18,18789;14,36563;15,22305;18,85781;22,78164;15,14688;19,3207;19,31484;18,85781;19,31484;16,23672;19,3207;18,18789;18,18789;22,78164;25,37734;16,23672;24,93789;16,23672;18,85781;25,37734;19,31484;18,85781;18,85781;15,22305;24,93789;17,96328;22,78164;18,18789;18,18789;14,36563;18,18789
"887";"2023-11-01";16,00186;16,95889;13,10147;14,496;14,496;16,00186;16,95889;13,53701;14,75381;13,10147;13,55654;16,40811;13,10147;16,00186;13,10147;14,496;12,76162;14,19522;14,496;14,71279;14,496;16,43154;17,9667;14,19522;14,71279;14,19522;13,10147;13,48037;13,10147;14,496;16,00186;12,76162;16,00186;12,76162;16,00186;14,496;14,496;16,43154;13,48037;13,48037;14,496;13,55654;13,55654;14,71279;14,75381;16,52334;20,22647;16,52334;15,90225;16,87295;16,87295;22,35732;12,76162;16,52334;21,41201;16,87295;16,52334;16,87295;15,90225;15,90225;15,90225;14,75381;17,00967;22,35732;17,00967;20,22647;17,00967;21,90615;22,35732;16,87295;15,90225;16,52334;13,53701;15,90225;12,76162;13,53701;16,52334;20,22647;13,55654;17,00967;16,87295;16,52334;16,87295;14,75381;17,00967;15,90225;15,90225;20,22647;22,35732;14,75381;21,90615;14,75381;16,52334;22,35732;16,87295;16,52334;16,52334;13,53701;21,90615;16,40811;20,22647;15,90225;15,90225;12,76162;15,90225
"888";"2023-12-01";13,31973;14,27285;10,87637;11,89981;11,89981;13,31973;14,27285;11,11856;12,29434;10,87637;11,24941;13,8334;10,87637;13,31973;10,87637;11,89981;10,47207;11,75527;11,89981;11,97207;11,89981;13,6166;15,32949;11,75527;11,97207;11,75527;10,87637;11,01309;10,87637;11,89981;13,31973;10,47207;13,31973;10,47207;13,31973;11,89981;11,89981;13,6166;11,01309;11,01309;11,89981;11,24941;11,24941;11,97207;12,29434;14,40566;18,01113;14,40566;13,44863;14,71426;14,71426;20,3002;10,47207;14,40566;19,38613;14,71426;14,40566;14,71426;13,44863;13,44863;13,44863;12,29434;14,71816;20,3002;14,71816;18,01113;14,71816;20,10684;20,3002;14,71426;13,44863;14,40566;11,11856;13,44863;10,47207;11,11856;14,40566;18,01113;11,24941;14,71816;14,71426;14,40566;14,71426;12,29434;14,71816;13,44863;13,44863;18,01113;20,3002;12,29434;20,10684;12,29434;14,40566;20,3002;14,71426;14,40566;14,40566;11,11856;20,10684;13,8334;18,01113;13,44863;13,44863;10,47207;13,44863
"889";"2024-01-01";15,15347;16,54605;12,80581;13,53433;13,53433;15,15347;16,54605;13,55386;14,2023;12,80581;13,71987;15,9269;12,80581;15,15347;12,80581;13,53433;12,06558;13,87417;13,53433;13,61636;13,53433;14,99917;16,81948;13,87417;13,61636;13,87417;12,80581;12,99136;12,80581;13,53433;15,15347;12,06558;15,15347;12,06558;15,15347;13,53433;13,53433;14,99917;12,99136;12,99136;13,53433;13,71987;13,71987;13,61636;14,2023;15,15347;18,32339;15,15347;14,6398;15,44644;15,44644;20,29409;12,06558;15,15347;19,59487;15,44644;15,15347;15,44644;14,6398;14,6398;14,6398;14,2023;15,78433;20,29409;15,78433;18,32339;15,78433;19,97183;20,29409;15,44644;14,6398;15,15347;13,55386;14,6398;12,06558;13,55386;15,15347;18,32339;13,71987;15,78433;15,44644;15,15347;15,44644;14,2023;15,78433;14,6398;14,6398;18,32339;20,29409;14,2023;19,97183;14,2023;15,15347;20,29409;15,44644;15,15347;15,15347;13,55386;19,97183;15,9269;18,32339;14,6398;14,6398;12,06558;14,6398
"890";"2024-02-01";16,12734;17,11172;13,95742;14,81484;14,81484;16,12734;17,11172;14,41055;14,71133;13,95742;14,63516;16,17227;13,95742;16,12734;13,95742;14,81484;13,10977;15,1918;14,81484;14,93203;14,81484;16,23477;18,01211;15,1918;14,93203;15,1918;13,95742;14,07266;13,95742;14,81484;16,12734;13,10977;16,12734;13,10977;16,12734;14,81484;14,81484;16,23477;14,07266;14,07266;14,81484;14,63516;14,63516;14,93203;14,71133;15,51797;18,79141;15,51797;15,14102;15,80313;15,80313;20,74063;13,10977;15,51797;20,05703;15,80313;15,51797;15,80313;15,14102;15,14102;15,14102;14,71133;16,13516;20,74063;16,13516;18,79141;16,13516;20,29922;20,74063;15,80313;15,14102;15,51797;14,41055;15,14102;13,10977;14,41055;15,51797;18,79141;14,63516;16,13516;15,80313;15,51797;15,80313;14,71133;16,13516;15,14102;15,14102;18,79141;20,74063;14,71133;20,29922;14,71133;15,51797;20,74063;15,80313;15,51797;15,51797;14,41055;20,29922;16,17227;18,79141;15,14102;15,14102;13,10977;15,14102
"891";"2024-03-01";18,90127;20,26455;16,58682;17,17666;17,17666;18,90127;20,26455;17,05752;17,69619;16,58682;17,50674;19,55752;16,58682;18,90127;16,58682;17,17666;15,61807;17,99307;17,17666;17,65518;17,17666;18,64932;20,61416;17,99307;17,65518;17,99307;16,58682;17,0165;16,58682;17,17666;18,90127;15,61807;18,90127;15,61807;18,90127;17,17666;17,17666;18,64932;17,0165;17,0165;17,17666;17,50674;17,50674;17,65518;17,69619;18,11611;22,16494;18,11611;17,88564;18,45205;18,45205;23,78799;15,61807;18,11611;23,07705;18,45205;18,11611;18,45205;17,88564;17,88564;17,88564;17,69619;18,95596;23,78799;18,95596;22,16494;18,95596;23,53799;23,78799;18,45205;17,88564;18,11611;17,05752;17,88564;15,61807;17,05752;18,11611;22,16494;17,50674;18,95596;18,45205;18,11611;18,45205;17,69619;18,95596;17,88564;17,88564;22,16494;23,78799;17,69619;23,53799;17,69619;18,11611;23,78799;18,45205;18,11611;18,11611;17,05752;23,53799;19,55752;22,16494;17,88564;17,88564;15,61807;17,88564
"892";"2024-04-01";18,89346;20,25869;16,21572;17,1708;17,1708;18,89346;20,25869;17,21963;17,47354;16,21572;17,66299;19,46768;16,21572;18,89346;16,21572;17,1708;15,34658;17,91104;17,1708;18,22549;17,1708;19,11416;21,16885;17,91104;18,22549;17,91104;16,21572;17,49111;16,21572;17,1708;18,89346;15,34658;18,89346;15,34658;18,89346;17,1708;17,1708;19,11416;17,49111;17,49111;17,1708;17,66299;17,66299;18,22549;17,47354;18,92471;23,74893;18,92471;18,64932;19,35049;19,35049;25,80752;15,34658;18,92471;24,96377;19,35049;18,92471;19,35049;18,64932;18,64932;18,64932;17,47354;19,77822;25,80752;19,77822;23,74893;19,77822;25,51455;25,80752;19,35049;18,64932;18,92471;17,21963;18,64932;15,34658;17,21963;18,92471;23,74893;17,66299;19,77822;19,35049;18,92471;19,35049;17,47354;19,77822;18,64932;18,64932;23,74893;25,80752;17,47354;25,51455;17,47354;18,92471;25,80752;19,35049;18,92471;18,92471;17,21963;25,51455;19,46768;23,74893;18,64932;18,64932;15,34658;18,64932
"893";"2024-05-01";20,90322;22,95791;18,21963;18,78994;18,78994;20,90322;22,95791;19,86025;19,96768;18,21963;19,93447;22,41299;18,21963;20,90322;18,21963;18,78994;17,23135;19,73721;18,78994;19,87783;18,78994;20,69229;22,97744;19,73721;19,87783;19,73721;18,21963;19,41689;18,21963;18,78994;20,90322;17,23135;20,90322;17,23135;20,90322;18,78994;18,78994;20,69229;19,41689;19,41689;18,78994;19,93447;19,93447;19,87783;19,96768;22,34854;27,73916;22,34854;22,1376;22,71572;22,71572;29,81143;17,23135;22,34854;28,87979;22,71572;22,34854;22,71572;22,1376;22,1376;22,1376;19,96768;23,21768;29,81143;23,21768;27,73916;23,21768;29,53799;29,81143;22,71572;22,1376;22,34854;19,86025;22,1376;17,23135;19,86025;22,34854;27,73916;19,93447;23,21768;22,71572;22,34854;22,71572;19,96768;23,21768;22,1376;22,1376;27,73916;29,81143;19,96768;29,53799;19,96768;22,34854;29,81143;22,71572;22,34854;22,34854;19,86025;29,53799;22,41299;27,73916;22,1376;22,1376;17,23135;22,1376
"894";"2024-06-01";18,81558;20,26675;16,73745;17,16128;17,16128;18,81558;20,26675;17,65737;18,06167;16,73745;17,52261;19,90347;16,73745;18,81558;16,73745;17,16128;15,9562;17,70815;17,16128;18,16128;17,16128;19,03823;20,91323;17,70815;18,16128;17,70815;16,73745;17,33315;16,73745;17,16128;18,81558;15,9562;18,81558;15,9562;18,81558;17,16128;17,16128;19,03823;17,33315;17,33315;17,16128;17,52261;17,52261;18,16128;18,06167;20,78433;25,26675;20,78433;20,2023;21,13198;21,13198;27,78237;15,9562;20,78433;26,77456;21,13198;20,78433;21,13198;20,2023;20,2023;20,2023;18,06167;21,31167;27,78237;21,31167;25,26675;21,31167;27,46206;27,78237;21,13198;20,2023;20,78433;17,65737;20,2023;15,9562;17,65737;20,78433;25,26675;17,52261;21,31167;21,13198;20,78433;21,13198;18,06167;21,31167;20,2023;20,2023;25,26675;27,78237;18,06167;27,46206;18,06167;20,78433;27,78237;21,13198;20,78433;20,78433;17,65737;27,46206;19,90347;25,26675;20,2023;20,2023;15,9562;20,2023
"895";"2024-07-01";17,51406;18,89297;15,49844;15,85;15,85;17,51406;18,89297;15,91641;16,99258;15,49844;15,96328;18,53359;15,49844;17,51406;15,49844;15,85;15,04727;16,07656;15,85;16,6625;15,85;17,58828;19,32656;16,07656;16,6625;16,07656;15,49844;16,04922;15,49844;15,85;17,51406;15,04727;17,51406;15,04727;17,51406;15,85;15,85;17,58828;16,04922;16,04922;15,85;15,96328;15,96328;16,6625;16,99258;19,76602;23,81484;19,76602;18,84609;20,15859;20,15859;26,15078;15,04727;19,76602;25,26602;20,15859;19,76602;20,15859;18,84609;18,84609;18,84609;16,99258;20,10391;26,15078;20,10391;23,81484;20,10391;26,0043;26,15078;20,15859;18,84609;19,76602;15,91641;18,84609;15,04727;15,91641;19,76602;23,81484;15,96328;20,10391;20,15859;19,76602;20,15859;16,99258;20,10391;18,84609;18,84609;23,81484;26,15078;16,99258;26,0043;16,99258;19,76602;26,15078;20,15859;19,76602;19,76602;15,91641;26,0043;18,53359;23,81484;18,84609;18,84609;15,04727;18,84609
"896";"2024-08-01";17,68887;19,43496;15,36465;15,76895;15,76895;17,68887;19,43496;15,68301;16,83926;15,36465;15,62637;18,82168;15,36465;17,68887;15,36465;15,76895;14,80215;15,99356;15,76895;16,62441;15,76895;17,75332;20,03457;15,99356;16,62441;15,99356;15,36465;15,69473;15,36465;15,76895;17,68887;14,80215;17,68887;14,80215;17,68887;15,76895;15,76895;17,75332;15,69473;15,69473;15,76895;15,62637;15,62637;16,62441;16,83926;19,69082;23,72598;19,69082;18,65566;19,99356;19,99356;26,07559;14,80215;19,69082;25,22598;19,99356;19,69082;19,99356;18,65566;18,65566;18,65566;16,83926;19,90957;26,07559;19,90957;23,72598;19,90957;25,84316;26,07559;19,99356;18,65566;19,69082;15,68301;18,65566;14,80215;15,68301;19,69082;23,72598;15,62637;19,90957;19,99356;19,69082;19,99356;16,83926;19,90957;18,65566;18,65566;23,72598;26,07559;16,83926;25,84316;16,83926;19,69082;26,07559;19,99356;19,69082;19,69082;15,68301;25,84316;18,82168;23,72598;18,65566;18,65566;14,80215;18,65566
"897";"2024-09-01";17,80459;19,21279;15,94717;16,04092;16,04092;17,80459;19,21279;16,17959;17,41982;15,94717;16,04873;18,87881;15,94717;17,80459;15,94717;16,04092;15,56045;16,26162;16,04092;16,69717;16,04092;17,52529;19,20498;16,26162;16,69717;16,26162;15,94717;16,01748;15,94717;16,04092;17,80459;15,56045;17,80459;15,56045;17,80459;16,04092;16,04092;17,52529;16,01748;16,01748;16,04092;16,04873;16,04873;16,69717;17,41982;20,19131;24,10147;20,19131;19,16006;20,58389;20,58389;26,37686;15,56045;20,19131;25,55068;20,58389;20,19131;20,58389;19,16006;19,16006;19,16006;17,41982;20,49209;26,37686;20,49209;24,10147;20,49209;26,17178;26,37686;20,58389;19,16006;20,19131;16,17959;19,16006;15,56045;16,17959;20,19131;24,10147;16,04873;20,49209;20,58389;20,19131;20,58389;17,41982;20,49209;19,16006;19,16006;24,10147;26,37686;17,41982;26,17178;17,41982;20,19131;26,37686;20,58389;20,19131;20,19131;16,17959;26,17178;18,87881;24,10147;19,16006;19,16006;15,56045;19,16006
"898";"2024-10-01";15,77847;16,77847;13,41519;14,10659;14,10659;15,77847;16,77847;13,43472;15,16519;13,41519;13,02261;16,4855;13,41519;15,77847;13,41519;14,10659;13,25894;13,5812;14,10659;14,09683;14,10659;15,84487;17,52065;13,5812;14,09683;13,5812;13,41519;12,94644;13,41519;14,10659;15,77847;13,25894;15,77847;13,25894;15,77847;14,10659;14,10659;15,84487;12,94644;12,94644;14,10659;13,02261;13,02261;14,09683;15,16519;17,81362;21,80386;17,81362;16,77456;18,16909;18,16909;24,06558;13,25894;17,81362;23,12612;18,16909;17,81362;18,16909;16,77456;16,77456;16,77456;15,16519;18,09487;24,06558;18,09487;21,80386;18,09487;23,90933;24,06558;18,16909;16,77456;17,81362;13,43472;16,77456;13,25894;13,43472;17,81362;21,80386;13,02261;18,09487;18,16909;17,81362;18,16909;15,16519;18,09487;16,77456;16,77456;21,80386;24,06558;15,16519;23,90933;15,16519;17,81362;24,06558;18,16909;17,81362;17,81362;13,43472;23,90933;16,4855;21,80386;16,77456;16,77456;13,25894;16,77456
"899";"2024-11-01";15,75772;17,20303;13,42764;13,91982;13,91982;15,75772;17,20303;13,7499;14,86514;13,42764;13,42764;16,65615;13,42764;15,75772;13,42764;13,91982;13,02529;13,89639;13,91982;13,98232;13,91982;15,35732;17,50772;13,89639;13,98232;13,89639;13,42764;13,02334;13,42764;13,91982;15,75772;13,02529;15,75772;13,02529;15,75772;13,91982;13,91982;15,35732;13,02334;13,02334;13,91982;13,42764;13,42764;13,98232;14,86514;17,1835;21,17764;17,1835;16,4999;17,53506;17,53506;23,28701;13,02529;17,1835;22,60147;17,53506;17,1835;17,53506;16,4999;16,4999;16,4999;14,86514;17,621;23,28701;17,621;21,17764;17,621;22,92373;23,28701;17,53506;16,4999;17,1835;13,7499;16,4999;13,02529;13,7499;17,1835;21,17764;13,42764;17,621;17,53506;17,1835;17,53506;14,86514;17,621;16,4999;16,4999;21,17764;23,28701;14,86514;22,92373;14,86514;17,1835;23,28701;17,53506;17,1835;17,1835;13,7499;22,92373;16,65615;21,17764;16,4999;16,4999;13,02529;16,4999
"900";"2024-12-01";13,329;14,45986;10,99307;11,91494;11,91494;13,329;14,45986;11,22939;12,24307;10,99307;11,1376;13,95986;10,99307;13,329;10,99307;11,91494;10,41494;11,87588;11,91494;12,25283;11,91494;13,83877;15,37979;11,87588;12,25283;11,87588;10,99307;11,02236;10,99307;11,91494;13,329;10,41494;13,329;10,41494;13,329;11,91494;11,91494;13,83877;11,02236;11,02236;11,91494;11,1376;11,1376;12,25283;12,24307;14,67275;18,60635;14,67275;13,87002;14,88174;14,88174;20,84268;10,41494;14,67275;20,04971;14,88174;14,67275;14,88174;13,87002;13,87002;13,87002;12,24307;14,88369;20,84268;14,88369;18,60635;14,88369;20,57705;20,84268;14,88174;13,87002;14,67275;11,22939;13,87002;10,41494;11,22939;14,67275;18,60635;11,1376;14,88369;14,88174;14,67275;14,88174;12,24307;14,88369;13,87002;13,87002;18,60635;20,84268;12,24307;20,57705;12,24307;14,67275;20,84268;14,88174;14,67275;14,67275;11,22939;20,57705;13,95986;18,60635;13,87002;13,87002;10,41494;13,87002
"901";"2025-01-01";13,61831;14,72769;11,50894;12,25894;12,25894;13,61831;14,72769;11,63589;12,57534;11,50894;11,78823;14,11636;11,50894;13,61831;11,50894;12,25894;10,89761;12,43862;12,25894;12,71792;12,25894;13,96011;15,62808;12,43862;12,71792;12,43862;11,50894;11,64761;11,50894;12,25894;13,61831;10,89761;13,61831;10,89761;13,61831;12,25894;12,25894;13,96011;11,64761;11,64761;12,25894;11,78823;11,78823;12,71792;12,57534;14,47769;17,81558;14,47769;13,56167;14,75308;14,75308;19,93667;10,89761;14,47769;19,21206;14,75308;14,47769;14,75308;13,56167;13,56167;13,56167;12,57534;14,85464;19,93667;14,85464;17,81558;14,85464;19,75503;19,93667;14,75308;13,56167;14,47769;11,63589;13,56167;10,89761;11,63589;14,47769;17,81558;11,78823;14,85464;14,75308;14,47769;14,75308;12,57534;14,85464;13,56167;13,56167;17,81558;19,93667;12,57534;19,75503;12,57534;14,47769;19,93667;14,75308;14,47769;14,47769;11,63589;19,75503;14,11636;17,81558;13,56167;13,56167;10,89761;13,56167
"902";"2025-02-01";15,43154;16,64053;12,76553;13,69717;13,69717;15,43154;16,64053;13,2499;14,40811;12,76553;13,29092;16,11904;12,76553;15,43154;12,76553;13,69717;12,27529;13,61904;13,69717;13,9335;13,69717;15,55068;17,46279;13,61904;13,9335;13,61904;12,76553;13,06631;12,76553;13,69717;15,43154;12,27529;15,43154;12,27529;15,43154;13,69717;13,69717;15,55068;13,06631;13,06631;13,69717;13,29092;13,29092;13,9335;14,40811;16,38467;20,37295;16,38467;15,70107;16,74209;16,74209;22,18936;12,27529;16,38467;21,35342;16,74209;16,38467;16,74209;15,70107;15,70107;15,70107;14,40811;16,87295;22,18936;16,87295;20,37295;16,87295;21,92568;22,18936;16,74209;15,70107;16,38467;13,2499;15,70107;12,27529;13,2499;16,38467;20,37295;13,29092;16,87295;16,74209;16,38467;16,74209;14,40811;16,87295;15,70107;15,70107;20,37295;22,18936;14,40811;21,92568;14,40811;16,38467;22,18936;16,74209;16,38467;16,38467;13,2499;21,92568;16,11904;20,37295;15,70107;15,70107;12,27529;15,70107
"903";"2025-03-01";17,29092;18,82607;14,93545;15,59951;15,59951;17,29092;18,82607;15,69912;16,05264;14,93545;15,72842;18,1542;14,93545;17,29092;14,93545;15,59951;13,9335;16,13662;15,59951;16,05264;15,59951;17,51943;19,55264;16,13662;16,05264;16,13662;14,93545;15,17373;14,93545;15,59951;17,29092;13,9335;17,29092;13,9335;17,29092;15,59951;15,59951;17,51943;15,17373;15,17373;15,59951;15,72842;15,72842;16,05264;16,05264;17,8749;22,27334;17,8749;17,4374;18,17959;18,17959;24,03897;13,9335;17,8749;23,21279;18,17959;17,8749;18,17959;17,4374;17,4374;17,4374;16,05264;18,51553;24,03897;18,51553;22,27334;18,51553;23,871;24,03897;18,17959;17,4374;17,8749;15,69912;17,4374;13,9335;15,69912;17,8749;22,27334;15,72842;18,51553;18,17959;17,8749;18,17959;16,05264;18,51553;17,4374;17,4374;22,27334;24,03897;16,05264;23,871;16,05264;17,8749;24,03897;18,17959;17,8749;17,8749;15,69912;23,871;18,1542;22,27334;17,4374;17,4374;13,9335;17,4374
"904";"2025-04-01";16,90933;18,24136;14,71206;15,38784;15,38784;16,90933;18,24136;15,50308;15,76675;14,71206;15,64565;17,81558;14,71206;16,90933;14,71206;15,38784;13,76089;16,12417;15,38784;16,16519;15,38784;17,29409;19,12222;16,12417;16,16519;16,12417;14,71206;15,22769;14,71206;15,38784;16,90933;13,76089;16,90933;13,76089;16,90933;15,38784;15,38784;17,29409;15,22769;15,22769;15,38784;15,64565;15,64565;16,16519;15,76675;17,56362;22,05972;17,56362;17,12808;18,14565;18,14565;24,86831;13,76089;17,56362;23,96792;18,14565;17,56362;18,14565;17,12808;17,12808;17,12808;15,76675;18,5519;24,86831;18,5519;22,05972;18,5519;24,46987;24,86831;18,14565;17,12808;17,56362;15,50308;17,12808;13,76089;15,50308;17,56362;22,05972;15,64565;18,5519;18,14565;17,56362;18,14565;15,76675;18,5519;17,12808;17,12808;22,05972;24,86831;15,76675;24,46987;15,76675;17,56362;24,86831;18,14565;17,56362;17,56362;15,50308;24,46987;17,81558;22,05972;17,12808;17,12808;13,76089;17,12808
"905";"2025-05-01";18,23965;19,83535;16,50918;16,53262;16,53262;18,23965;19,83535;17,3334;17,64785;16,50918;17,26504;19,73965;16,50918;18,23965;16,50918;16,53262;15,54824;17,3041;16,53262;17,28262;16,53262;18,08926;20,21426;17,3041;17,28262;17,3041;16,50918;16,81777;16,50918;16,53262;18,23965;15,54824;18,23965;15,54824;18,23965;16,53262;16,53262;18,08926;16,81777;16,81777;16,53262;17,26504;17,26504;17,28262;17,64785;20,17324;25,05215;20,17324;19,70645;20,57168;20,57168;27,3002;15,54824;20,17324;26,37246;20,57168;20,17324;20,57168;19,70645;19,70645;19,70645;17,64785;20,88613;27,3002;20,88613;25,05215;20,88613;26,9584;27,3002;20,57168;19,70645;20,17324;17,3334;19,70645;15,54824;17,3334;20,17324;25,05215;17,26504;20,88613;20,57168;20,17324;20,57168;17,64785;20,88613;19,70645;19,70645;25,05215;27,3002;17,64785;26,9584;17,64785;20,17324;27,3002;20,57168;20,17324;20,17324;17,3334;26,9584;19,73965;25,05215;19,70645;19,70645;15,54824;19,70645
"906";"2025-06-01";16,72427;18,11489;15,02896;15,11489;15,11489;16,72427;18,11489;15,402;16,50356;15,02896;15,26919;18,15005;15,02896;16,72427;15,02896;15,11489;14,56606;15,35513;15,11489;15,78872;15,11489;16,69302;18,277;15,35513;15,78872;15,35513;15,02896;15,21646;15,02896;15,11489;16,72427;14,56606;16,72427;14,56606;16,72427;15,11489;15,11489;16,69302;15,21646;15,21646;15,11489;15,26919;15,26919;15,78872;16,50356;19,35122;23,54067;19,35122;18,39224;19,77505;19,77505;25,75356;14,56606;19,35122;24,89614;19,77505;19,35122;19,77505;18,39224;18,39224;18,39224;16,50356;19,71255;25,75356;19,71255;23,54067;19,71255;25,54849;25,75356;19,77505;18,39224;19,35122;15,402;18,39224;14,56606;15,402;19,35122;23,54067;15,26919;19,71255;19,77505;19,35122;19,77505;16,50356;19,71255;18,39224;18,39224;23,54067;25,75356;16,50356;25,54849;16,50356;19,35122;25,75356;19,77505;19,35122;19,35122;15,402;25,54849;18,15005;23,54067;18,39224;18,39224;14,56606;18,39224
"907";"2025-07-01";16,72207;18,04629;14,72598;14,99551;14,99551;16,72207;18,04629;15,29238;16,1752;14,72598;15,22207;17,79824;14,72598;16,72207;14,72598;14,99551;14,14199;15,51895;14,99551;16,06191;14,99551;16,80996;18,79629;15,51895;16,06191;15,51895;14,72598;15,22793;14,72598;14,99551;16,72207;14,14199;16,72207;14,14199;16,72207;14,99551;14,99551;16,80996;15,22793;15,22793;14,99551;15,22207;15,22207;16,06191;16,1752;19,03848;23,41738;19,03848;18,27676;19,46621;19,46621;25,8002;14,14199;19,03848;24,96231;19,46621;19,03848;19,46621;18,27676;18,27676;18,27676;16,1752;19,48574;25,8002;19,48574;23,41738;19,48574;25,57168;25,8002;19,46621;18,27676;19,03848;15,29238;18,27676;14,14199;15,29238;19,03848;23,41738;15,22207;19,48574;19,46621;19,03848;19,46621;16,1752;19,48574;18,27676;18,27676;23,41738;25,8002;16,1752;25,57168;16,1752;19,03848;25,8002;19,46621;19,03848;19,03848;15,29238;25,57168;17,79824;23,41738;18,27676;18,27676;14,14199;18,27676
"908";"2025-08-01";17,44351;18,94741;15,20913;15,51577;15,51577;17,44351;18,94741;15,82437;16,67007;15,20913;15,73062;18,38101;15,20913;17,44351;15,20913;15,51577;14,55288;16,28921;15,51577;16,83022;15,51577;17,31069;19,36147;16,28921;16,83022;16,28921;15,20913;15,67788;15,20913;15,51577;17,44351;14,55288;17,44351;14,55288;17,44351;15,51577;15,51577;17,31069;15,67788;15,67788;15,51577;15,73062;15,73062;16,83022;16,67007;19,67397;23,77163;19,67397;18,81851;19,98062;19,98062;25,99233;14,55288;19,67397;25,14858;19,98062;19,67397;19,98062;18,81851;18,81851;18,81851;16,67007;19,86733;25,99233;19,86733;23,77163;19,86733;25,81265;25,99233;19,98062;18,81851;19,67397;15,82437;18,81851;14,55288;15,82437;19,67397;23,77163;15,73062;19,86733;19,98062;19,67397;19,98062;16,67007;19,86733;18,81851;18,81851;23,77163;25,99233;16,67007;25,81265;16,67007;19,67397;25,99233;19,98062;19,67397;19,67397;15,82437;25,81265;18,38101;23,77163;18,81851;18,81851;14,55288;18,81851
"909";"2025-09-01";17,78677;19,20669;15,42544;15,83755;15,83755;17,78677;19,20669;15,80435;16,86294;15,42544;15,63833;18,57974;15,42544;17,78677;15,42544;15,83755;14,91567;16,25356;15,83755;16,85122;15,83755;17,56802;19,44497;16,25356;16,85122;16,25356;15,42544;15,60317;15,42544;15,83755;17,78677;14,91567;17,78677;14,91567;17,78677;15,83755;15,83755;17,56802;15,60317;15,60317;15,83755;15,63833;15,63833;16,85122;16,86294;19,75356;23,56411;19,75356;18,79263;20,12856;20,12856;25,82974;14,91567;19,75356;25,0231;20,12856;19,75356;20,12856;18,79263;18,79263;18,79263;16,86294;19,87271;25,82974;19,87271;23,56411;19,87271;25,65396;25,82974;20,12856;18,79263;19,75356;15,80435;18,79263;14,91567;15,80435;19,75356;23,56411;15,63833;19,87271;20,12856;19,75356;20,12856;16,86294;19,87271;18,79263;18,79263;23,56411;25,82974;16,86294;25,65396;16,86294;19,75356;25,82974;20,12856;19,75356;19,75356;15,80435;25,65396;18,57974;23,56411;18,79263;18,79263;14,91567;18,79263
"910";"2025-10-01";16,57314;17,90322;14,31338;14,84658;14,84658;16,57314;17,90322;14,39932;15,75869;14,31338;14,12393;17,37002;14,31338;16,57314;14,31338;14,84658;13,91299;14,91299;14,84658;15,38174;14,84658;16,47549;18,26064;14,91299;15,38174;14,91299;14,31338;14,03799;14,31338;14,84658;16,57314;13,91299;16,57314;13,91299;16,57314;14,84658;14,84658;16,47549;14,03799;14,03799;14,84658;14,12393;14,12393;15,38174;15,75869;18,35049;22,24697;18,35049;17,40322;18,70986;18,70986;24,53408;13,91299;18,35049;23,70205;18,70986;18,35049;18,70986;17,40322;17,40322;17,40322;15,75869;18,59854;24,53408;18,59854;22,24697;18,59854;24,33877;24,53408;18,70986;17,40322;18,35049;14,39932;17,40322;13,91299;14,39932;18,35049;22,24697;14,12393;18,59854;18,70986;18,35049;18,70986;15,75869;18,59854;17,40322;17,40322;22,24697;24,53408;15,75869;24,33877;15,75869;18,35049;24,53408;18,70986;18,35049;18,35049;14,39932;24,33877;17,37002;22,24697;17,40322;17,40322;13,91299;17,40322
"911";"2025-11-01";15,07998;16,31045;12,56631;13,50772;13,50772;15,07998;16,31045;12,72061;13,90615;12,56631;12,46279;15,70107;12,56631;15,07998;12,56631;13,50772;12,06436;13,69131;13,50772;14,08193;13,50772;15,2167;17,03897;13,69131;14,08193;13,69131;12,56631;12,29873;12,56631;13,50772;15,07998;12,06436;15,07998;12,06436;15,07998;13,50772;13,50772;15,2167;12,29873;12,29873;13,50772;12,46279;12,46279;14,08193;13,90615;16,0292;20,00186;16,0292;15,3417;16,45889;16,45889;22,53701;12,06436;16,0292;21,67568;16,45889;16,0292;16,45889;15,3417;15,3417;15,3417;13,90615;16,54482;22,53701;16,54482;20,00186;16,54482;22,25967;22,53701;16,45889;15,3417;16,0292;12,72061;15,3417;12,06436;12,72061;16,0292;20,00186;12,46279;16,54482;16,45889;16,0292;16,45889;13,90615;16,54482;15,3417;15,3417;20,00186;22,53701;13,90615;22,25967;13,90615;16,0292;22,53701;16,45889;16,0292;16,0292;12,72061;22,25967;15,70107;20,00186;15,3417;15,3417;12,06436;15,3417
"912";"2025-12-01";14,10684;15,51895;11,53652;12,42129;12,42129;14,10684;15,51895;11,76895;13,08731;11,53652;11,60488;14,8959;11,53652;14,10684;11,53652;12,42129;11,07949;12,41348;12,42129;12,78652;12,42129;14,18887;16,1459;12,41348;12,78652;12,41348;11,53652;11,44277;11,53652;12,42129;14,10684;11,07949;14,10684;11,07949;14,10684;12,42129;12,42129;14,18887;11,44277;11,44277;12,42129;11,60488;11,60488;12,78652;13,08731;15,46035;19,33731;15,46035;14,62832;15,79043;15,79043;21,52481;11,07949;15,46035;20,71621;15,79043;15,46035;15,79043;14,62832;14,62832;14,62832;13,08731;15,8002;21,52481;15,8002;19,33731;15,8002;21,36856;21,52481;15,79043;14,62832;15,46035;11,76895;14,62832;11,07949;11,76895;15,46035;19,33731;11,60488;15,8002;15,79043;15,46035;15,79043;13,08731;15,8002;14,62832;14,62832;19,33731;21,52481;13,08731;21,36856;13,08731;15,46035;21,52481;15,79043;15,46035;15,46035;11,76895;21,36856;14,8959;19,33731;14,62832;14,62832;11,07949;14,62832
