"";"date";"estac21020";"estac21023";"estac21025";"estac21026";"estac21027";"estac21031";"estac21033";"estac21038";"estac21039";"estac21040";"estac21052";"estac21053";"estac21056";"estac21060";"estac21067";"estac21072";"estac21073";"estac21077";"estac21079";"estac21080";"estac21081";"estac21082";"estac21093";"estac21095";"estac21100";"estac21105";"estac21117";"estac21119";"estac21145";"estac21154";"estac21157";"estac21158";"estac21159";"estac21161";"estac21170";"estac21171";"estac21173";"estac21182";"estac21184";"estac21200";"estac21221";"estac21226";"estac21244";"estac29007";"estac30004";"estac30010";"estac30015";"estac30017";"estac30026";"estac30030";"estac30032";"estac30036";"estac30042";"estac30052";"estac30053";"estac30061";"estac30066";"estac30072";"estac30075";"estac30085";"estac30087";"estac30100";"estac30115";"estac30119";"estac30120";"estac30140";"estac30151";"estac30155";"estac30156";"estac30164";"estac30175";"estac30177";"estac30178";"estac30179";"estac30181";"estac30186";"estac30187";"estac30195";"estac30198";"estac30200";"estac30206";"estac30209";"estac30210";"estac30212";"estac30227";"estac30228";"estac30238";"estac30241";"estac30259";"estac30274";"estac30296";"estac30299";"estac30311";"estac30316";"estac30330";"estac30336";"estac30342";"estac30366";"estac30387";"estac30391";"estac30395";"estac30452";"estac30453";"estac30486";"estac30487"
"1";"1950-01-01";0,3318787;0,1869202;1,684189;0,8144379;0,8144379;0,3318787;0,1869202;0,9117126;0,9288788;1,684189;0,4787445;0,5302429;1,684189;0,3318787;1,684189;0,8144379;1,670837;0,7419586;0,8144379;0,3318787;0,8144379;0,3185272;0,1506805;0,7419586;0,3318787;0,7419586;1,684189;0,2727509;1,684189;0,8144379;0,3318787;1,670837;0,3318787;1,670837;0,3318787;0,8144379;0,8144379;0,3185272;0,2727509;0,2727509;0,8144379;0,4787445;0,4787445;0,3318787;0,9288788;1,85585;1,091003;1,85585;1,268387;2,210617;2,210617;1,888275;1,670837;1,85585;1,991272;2,210617;1,85585;2,210617;1,268387;1,268387;1,268387;0,9288788;1,63269;1,888275;1,63269;1,091003;1,63269;2,113342;1,888275;2,210617;1,268387;1,85585;0,9117126;1,268387;1,670837;0,9117126;1,85585;1,091003;0,4787445;1,63269;2,210617;1,85585;2,210617;0,9288788;1,63269;1,268387;1,268387;1,091003;1,888275;0,9288788;2,113342;0,9288788;1,85585;1,888275;2,210617;1,85585;1,85585;0,9117126;2,113342;0,5302429;1,091003;1,268387;1,268387;1,670837;1,268387
"2";"1950-02-01";0,5321503;0,369072;2,038956;0,8077621;0,8077621;0,5321503;0,369072;1,311302;1,623154;2,038956;0,4739761;0,5931854;2,038956;0,5321503;2,038956;0,8077621;2,384186;0,7820129;0,8077621;1,067162;0,8077621;0,5426407;0,3242493;0,7820129;1,067162;0,7820129;2,038956;0,6570816;2,038956;0,8077621;0,5321503;2,384186;0,5321503;2,384186;0,5321503;0,8077621;0,8077621;0,5426407;0,6570816;0,6570816;0,8077621;0,4739761;0,4739761;1,067162;1,623154;5,233765;1,544952;5,233765;3,511429;4,98867;4,98867;3,01075;2,384186;5,233765;4,573822;4,98867;5,233765;4,98867;3,511429;3,511429;3,511429;1,623154;4,159927;3,01075;4,159927;1,544952;4,159927;1,68705;3,01075;4,98867;3,511429;5,233765;1,311302;3,511429;2,384186;1,311302;5,233765;1,544952;0,4739761;4,159927;4,98867;5,233765;4,98867;1,623154;4,159927;3,511429;3,511429;1,544952;3,01075;1,623154;1,68705;1,623154;5,233765;3,01075;4,98867;5,233765;5,233765;1,311302;1,68705;0,5931854;1,544952;3,511429;3,511429;2,384186;3,511429
"3";"1950-03-01";1,628876;1,133919;4,863739;2,126694;2,126694;1,628876;1,133919;3,958702;3,556252;4,863739;1,955032;1,987457;4,863739;1,628876;4,863739;2,126694;5,547523;2,077103;2,126694;2,160072;2,126694;1,317978;1,264572;2,077103;2,160072;2,077103;4,863739;2,110481;4,863739;2,126694;1,628876;5,547523;1,628876;5,547523;1,628876;2,126694;2,126694;1,317978;2,110481;2,110481;2,126694;1,955032;1,955032;2,160072;3,556252;8,276939;3,602028;8,276939;7,117271;9,048462;9,048462;5,653381;5,547523;8,276939;7,266998;9,048462;8,276939;9,048462;7,117271;7,117271;7,117271;3,556252;6,844521;5,653381;6,844521;3,602028;6,844521;4,639626;5,653381;9,048462;7,117271;8,276939;3,958702;7,117271;5,547523;3,958702;8,276939;3,602028;1,955032;6,844521;9,048462;8,276939;9,048462;3,556252;6,844521;7,117271;7,117271;3,602028;5,653381;3,556252;4,639626;3,556252;8,276939;5,653381;9,048462;8,276939;8,276939;3,958702;4,639626;1,987457;3,602028;7,117271;7,117271;5,547523;7,117271
"4";"1950-04-01";2,561569;2,428055;5,033493;3,736496;3,736496;2,561569;2,428055;4,325867;4,15802;5,033493;3,36647;2,552032;5,033493;2,561569;5,033493;3,736496;7,2155;4,125595;3,736496;5,046844;3,736496;3,240585;2,340317;4,125595;5,046844;4,125595;5,033493;3,950119;5,033493;3,736496;2,561569;7,2155;2,561569;7,2155;2,561569;3,736496;3,736496;3,240585;3,950119;3,950119;3,736496;3,36647;3,36647;5,046844;4,15802;4,570007;1,882553;4,570007;4,764557;7,123947;7,123947;2,170563;7,2155;4,570007;3,604889;7,123947;4,570007;7,123947;4,764557;4,764557;4,764557;4,15802;6,309509;2,170563;6,309509;1,882553;6,309509;0,9708405;2,170563;7,123947;4,764557;4,570007;4,325867;4,764557;7,2155;4,325867;4,570007;1,882553;3,36647;6,309509;7,123947;4,570007;7,123947;4,15802;6,309509;4,764557;4,764557;1,882553;2,170563;4,15802;0,9708405;4,15802;4,570007;2,170563;7,123947;4,570007;4,570007;4,325867;0,9708405;2,552032;1,882553;4,764557;4,764557;7,2155;4,764557
"5";"1950-05-01";4,253387;4,110336;3,738403;4,022598;4,022598;4,253387;4,110336;3,572464;5,344391;3,738403;2,710342;3,990173;3,738403;4,253387;3,738403;4,022598;6,860733;2,336502;4,022598;3,797531;4,022598;3,980637;4,104614;2,336502;3,797531;2,336502;3,738403;3,688812;3,738403;4,022598;4,253387;6,860733;4,253387;6,860733;4,253387;4,022598;4,022598;3,980637;3,688812;3,688812;4,022598;2,710342;2,710342;3,797531;5,344391;3,684998;4,415512;3,684998;4,417419;5,559921;5,559921;3,171921;6,860733;3,684998;2,866745;5,559921;3,684998;5,559921;4,417419;4,417419;4,417419;5,344391;6,048203;3,171921;6,048203;4,415512;6,048203;3,7117;3,171921;5,559921;4,417419;3,684998;3,572464;4,417419;6,860733;3,572464;3,684998;4,415512;2,710342;6,048203;5,559921;3,684998;5,559921;5,344391;6,048203;4,417419;4,417419;4,415512;3,171921;5,344391;3,7117;5,344391;3,684998;3,171921;5,559921;3,684998;3,684998;3,572464;3,7117;3,990173;4,415512;4,417419;4,417419;6,860733;4,417419
"6";"1950-06-01";3,475189;3,089905;4,785538;3,797531;3,797531;3,475189;3,089905;4,314423;5,022049;4,785538;3,089905;4,312515;4,785538;3,475189;4,785538;3,797531;4,91333;3,27301;3,797531;3,303528;3,797531;3,068924;2,912521;3,27301;3,303528;3,27301;4,785538;3,02887;4,785538;3,797531;3,475189;4,91333;3,475189;4,91333;3,475189;3,797531;3,797531;3,068924;3,02887;3,02887;3,797531;3,089905;3,089905;3,303528;5,022049;5,249023;6,916046;5,249023;5,506516;5,609512;5,609512;7,926941;4,91333;5,249023;7,78389;5,609512;5,249023;5,609512;5,506516;5,506516;5,506516;5,022049;5,38826;7,926941;5,38826;6,916046;5,38826;9,786606;7,926941;5,609512;5,506516;5,249023;4,314423;5,506516;4,91333;4,314423;5,249023;6,916046;3,089905;5,38826;5,609512;5,249023;5,609512;5,022049;5,38826;5,506516;5,506516;6,916046;7,926941;5,022049;9,786606;5,022049;5,249023;7,926941;5,609512;5,249023;5,249023;4,314423;9,786606;4,312515;6,916046;5,506516;5,506516;4,91333;5,506516
"7";"1950-07-01";2,849579;2,407074;3,864288;3,818512;3,818512;2,849579;2,407074;3,139496;3,509521;3,864288;2,391815;3,360748;3,864288;2,849579;3,864288;3,818512;5,180359;2,365112;3,818512;3,20816;3,818512;3,372192;2,975464;2,365112;3,20816;2,365112;3,864288;3,078461;3,864288;3,818512;2,849579;5,180359;2,849579;5,180359;2,849579;3,818512;3,818512;3,372192;3,078461;3,078461;3,818512;2,391815;2,391815;3,20816;3,509521;4,627228;5,290985;4,627228;4,291534;4,379272;4,379272;6,004333;5,180359;4,627228;5,332947;4,379272;4,627228;4,379272;4,291534;4,291534;4,291534;3,509521;5,096436;6,004333;5,096436;5,290985;5,096436;7,728577;6,004333;4,379272;4,291534;4,627228;3,139496;4,291534;5,180359;3,139496;4,627228;5,290985;2,391815;5,096436;4,379272;4,627228;4,379272;3,509521;5,096436;4,291534;4,291534;5,290985;6,004333;3,509521;7,728577;3,509521;4,627228;6,004333;4,379272;4,627228;4,627228;3,139496;7,728577;3,360748;5,290985;4,291534;4,291534;5,180359;4,291534
"8";"1950-08-01";0,4386902;0,2727509;1,911163;1,125336;1,125336;0,4386902;0,2727509;1,636505;0,5645752;1,911163;1,232147;0,541687;1,911163;0,4386902;1,911163;1,125336;1,873016;0,9346008;1,125336;0,6752014;1,125336;0,535965;0,5645752;0,9346008;0,6752014;0,9346008;1,911163;1,07193;1,911163;1,125336;0,4386902;1,873016;0,4386902;1,873016;0,4386902;1,125336;1,125336;0,535965;1,07193;1,07193;1,125336;1,232147;1,232147;0,6752014;0,5645752;1,531601;3,133774;1,531601;2,214432;1,012802;1,012802;1,869202;1,873016;1,531601;1,216888;1,012802;1,531601;1,012802;2,214432;2,214432;2,214432;0,5645752;1,028061;1,869202;1,028061;3,133774;1,028061;3,694534;1,869202;1,012802;2,214432;1,531601;1,636505;2,214432;1,873016;1,636505;1,531601;3,133774;1,232147;1,028061;1,012802;1,531601;1,012802;0,5645752;1,028061;2,214432;2,214432;3,133774;1,869202;0,5645752;3,694534;0,5645752;1,531601;1,869202;1,012802;1,531601;1,531601;1,636505;3,694534;0,541687;3,133774;2,214432;2,214432;1,873016;2,214432
"9";"1950-09-01";2,878189;1,880646;4,646301;4,047394;4,047394;2,878189;1,880646;2,388;2,878189;4,646301;1,852036;2,61879;4,646301;2,878189;4,646301;4,047394;5,455017;3,370285;4,047394;2,311707;4,047394;2,481461;2,876282;3,370285;2,311707;3,370285;4,646301;1,838684;4,646301;4,047394;2,878189;5,455017;2,878189;5,455017;2,878189;4,047394;4,047394;2,481461;1,838684;1,838684;4,047394;1,852036;1,852036;2,311707;2,878189;2,782822;3,334045;2,782822;2,389908;2,500534;2,500534;2,7771;5,455017;2,782822;2,523422;2,500534;2,782822;2,500534;2,389908;2,389908;2,389908;2,878189;3,038406;2,7771;3,038406;3,334045;3,038406;3,778458;2,7771;2,500534;2,389908;2,782822;2,388;2,389908;5,455017;2,388;2,782822;3,334045;1,852036;3,038406;2,500534;2,782822;2,500534;2,878189;3,038406;2,389908;2,389908;3,334045;2,7771;2,878189;3,778458;2,878189;2,782822;2,7771;2,500534;2,782822;2,782822;2,388;3,778458;2,61879;3,334045;2,389908;2,389908;5,455017;2,389908
"10";"1950-10-01";5,222321;4,831314;9,428024;5,220413;5,220413;5,222321;4,831314;8,892059;7,759094;9,428024;5,645752;6,059647;9,428024;5,222321;9,428024;5,220413;8,745193;5,214691;5,220413;3,786087;5,220413;3,637314;4,970551;5,214691;3,786087;5,214691;9,428024;3,77655;9,428024;5,220413;5,222321;8,745193;5,222321;8,745193;5,222321;5,220413;5,220413;3,637314;3,77655;3,77655;5,220413;5,645752;5,645752;3,786087;7,759094;13,70621;8,916855;13,70621;9,63974;11,48605;11,48605;13,79776;8,745193;13,70621;13,89694;11,48605;13,70621;11,48605;9,63974;9,63974;9,63974;7,759094;11,0836;13,79776;11,0836;8,916855;11,0836;12,09641;13,79776;11,48605;9,63974;13,70621;8,892059;9,63974;8,745193;8,892059;13,70621;8,916855;5,645752;11,0836;11,48605;13,70621;11,48605;7,759094;11,0836;9,63974;9,63974;8,916855;13,79776;7,759094;12,09641;7,759094;13,70621;13,79776;11,48605;13,70621;13,70621;8,892059;12,09641;6,059647;8,916855;9,63974;9,63974;8,745193;9,63974
"11";"1950-11-01";0,2250671;0,2059937;0,6599426;0,1506805;0,1506805;0,2250671;0,2059937;0,4234314;0,8182526;0,6599426;0,2937317;0,7190704;0,6599426;0,2250671;0,6599426;0,1506805;0,6980896;0,1354218;0,1506805;0,04577637;0,1506805;0,04577637;0,04005432;0,1354218;0,04577637;0,1354218;0,6599426;0,1792908;0,6599426;0,1506805;0,2250671;0,6980896;0,2250671;0,6980896;0,2250671;0,1506805;0,1506805;0,04577637;0,1792908;0,1792908;0,1506805;0,2937317;0,2937317;0,04577637;0,8182526;1,651764;0,7133484;1,651764;0,535965;1,525879;1,525879;2,61116;0,6980896;1,651764;2,601624;1,525879;1,651764;1,525879;0,535965;0,535965;0,535965;0,8182526;2,384186;2,61116;2,384186;0,7133484;2,384186;1,623154;2,61116;1,525879;0,535965;1,651764;0,4234314;0,535965;0,6980896;0,4234314;1,651764;0,7133484;0,2937317;2,384186;1,525879;1,651764;1,525879;0,8182526;2,384186;0,535965;0,535965;0,7133484;2,61116;0,8182526;1,623154;0,8182526;1,651764;2,61116;1,525879;1,651764;1,651764;0,4234314;1,623154;0,7190704;0,7133484;0,535965;0,535965;0,6980896;0,535965
"12";"1950-12-01";0,0629425;0,06866455;1,153946;0,08583069;0,08583069;0,0629425;0,06866455;0,6160736;0,7247925;1,153946;0,1106262;0,2670288;1,153946;0,0629425;1,153946;0,08583069;0,7762909;0,09155273;0,08583069;0,04005432;0,08583069;0,01144409;0,02288818;0,09155273;0,04005432;0,09155273;1,153946;0,04768372;1,153946;0,08583069;0,0629425;0,7762909;0,0629425;0,7762909;0,0629425;0,08583069;0,08583069;0,01144409;0,04768372;0,04768372;0,08583069;0,1106262;0,1106262;0,04005432;0,7247925;3,995895;0,7953644;3,995895;1,960754;2,492905;2,492905;1,125336;0,7762909;3,995895;1,76239;2,492905;3,995895;2,492905;1,960754;1,960754;1,960754;0,7247925;2,063751;1,125336;2,063751;0,7953644;2,063751;0,8602142;1,125336;2,492905;1,960754;3,995895;0,6160736;1,960754;0,7762909;0,6160736;3,995895;0,7953644;0,1106262;2,063751;2,492905;3,995895;2,492905;0,7247925;2,063751;1,960754;1,960754;0,7953644;1,125336;0,7247925;0,8602142;0,7247925;3,995895;1,125336;2,492905;3,995895;3,995895;0,6160736;0,8602142;0,2670288;0,7953644;1,960754;1,960754;0,7762909;1,960754
"13";"1951-01-01";0,3023148;0,2965927;1,606941;0,5321503;0,5321503;0,3023148;0,2965927;0,6418228;0,9527206;1,606941;0,3995895;0,5092621;1,606941;0,3023148;1,606941;0,5321503;1,498222;0,5130768;0,5321503;0,4386902;0,5321503;0,2222061;0,08201599;0,5130768;0,4386902;0,5130768;1,606941;0,3051758;1,606941;0,5321503;0,3023148;1,498222;0,3023148;1,498222;0,3023148;0,5321503;0,5321503;0,2222061;0,3051758;0,3051758;0,5321503;0,3995895;0,3995895;0,4386902;0,9527206;2,364159;0,2346039;2,364159;0,7762909;1,639366;1,639366;0,7638931;1,498222;2,364159;1,286507;1,639366;2,364159;1,639366;0,7762909;0,7762909;0,7762909;0,9527206;1,983643;0,7638931;1,983643;0,2346039;1,983643;0,3862381;0,7638931;1,639366;0,7762909;2,364159;0,6418228;0,7762909;1,498222;0,6418228;2,364159;0,2346039;0,3995895;1,983643;1,639366;2,364159;1,639366;0,9527206;1,983643;0,7762909;0,7762909;0,2346039;0,7638931;0,9527206;0,3862381;0,9527206;2,364159;0,7638931;1,639366;2,364159;2,364159;0,6418228;0,3862381;0,5092621;0,2346039;0,7762909;0,7762909;1,498222;0,7762909
"14";"1951-02-01";0,1916885;0,1220703;1,177788;0,4005432;0,4005432;0,1916885;0,1220703;0,5979538;0,5226135;1,177788;0,3156662;0,3318787;1,177788;0,1916885;1,177788;0,4005432;0,9746552;0,369072;0,4005432;0,207901;0,4005432;0,1754761;0,1878738;0,369072;0,207901;0,369072;1,177788;0,3204346;1,177788;0,4005432;0,1916885;0,9746552;0,1916885;0,9746552;0,1916885;0,4005432;0,4005432;0,1754761;0,3204346;0,3204346;0,4005432;0,3156662;0,3156662;0,207901;0,5226135;2,393723;0,5779266;2,393723;1,315117;1,384735;1,384735;2,028465;0,9746552;2,393723;2,15435;1,384735;2,393723;1,384735;1,315117;1,315117;1,315117;0,5226135;1,555443;2,028465;1,555443;0,5779266;1,555443;1,194;2,028465;1,384735;1,315117;2,393723;0,5979538;1,315117;0,9746552;0,5979538;2,393723;0,5779266;0,3156662;1,555443;1,384735;2,393723;1,384735;0,5226135;1,555443;1,315117;1,315117;0,5779266;2,028465;0,5226135;1,194;0,5226135;2,393723;2,028465;1,384735;2,393723;2,393723;0,5979538;1,194;0,3318787;0,5779266;1,315117;1,315117;0,9746552;1,315117
"15";"1951-03-01";1,031876;1,247406;2,906799;1,276016;1,276016;1,031876;1,247406;2,445221;2,42424;2,906799;1,211166;1,150131;2,906799;1,031876;2,906799;1,276016;3,168106;1,346588;1,276016;1,440048;1,276016;0,8716583;0,6847382;1,346588;1,440048;1,346588;2,906799;1,35994;2,906799;1,276016;1,031876;3,168106;1,031876;3,168106;1,031876;1,276016;1,276016;0,8716583;1,35994;1,35994;1,276016;1,211166;1,211166;1,440048;2,42424;5,397797;1,174927;5,397797;4,886627;4,728317;4,728317;1,60408;3,168106;5,397797;2,010345;4,728317;5,397797;4,728317;4,886627;4,886627;4,886627;2,42424;3,349304;1,60408;3,349304;1,174927;3,349304;1,018524;1,60408;4,728317;4,886627;5,397797;2,445221;4,886627;3,168106;2,445221;5,397797;1,174927;1,211166;3,349304;4,728317;5,397797;4,728317;2,42424;3,349304;4,886627;4,886627;1,174927;1,60408;2,42424;1,018524;2,42424;5,397797;1,60408;4,728317;5,397797;5,397797;2,445221;1,018524;1,150131;1,174927;4,886627;4,886627;3,168106;4,886627
"16";"1951-04-01";0,8716583;0,6484985;3,740311;1,371384;1,371384;0,8716583;0,6484985;2,372742;3,664017;3,740311;1,247406;1,117706;3,740311;0,8716583;3,740311;1,371384;4,911423;1,426697;1,371384;2,227783;1,371384;1,195908;0,7247925;1,426697;2,227783;1,426697;3,740311;1,308441;3,740311;1,371384;0,8716583;4,911423;0,8716583;4,911423;0,8716583;1,371384;1,371384;1,195908;1,308441;1,308441;1,371384;1,247406;1,247406;2,227783;3,664017;8,623123;1,556396;8,623123;3,852844;11,6787;11,6787;2,670288;4,911423;8,623123;3,284454;11,6787;8,623123;11,6787;3,852844;3,852844;3,852844;3,664017;8,703232;2,670288;8,703232;1,556396;8,703232;1,743317;2,670288;11,6787;3,852844;8,623123;2,372742;3,852844;4,911423;2,372742;8,623123;1,556396;1,247406;8,703232;11,6787;8,623123;11,6787;3,664017;8,703232;3,852844;3,852844;1,556396;2,670288;3,664017;1,743317;3,664017;8,623123;2,670288;11,6787;8,623123;8,623123;2,372742;1,743317;1,117706;1,556396;3,852844;3,852844;4,911423;3,852844
"17";"1951-05-01";4,873276;4,833221;7,873535;5,264282;5,264282;4,873276;4,833221;5,779266;8,108139;7,873535;3,377914;5,214691;7,873535;4,873276;7,873535;5,264282;10,27107;4,219055;5,264282;5,310059;5,264282;4,75502;4,652023;4,219055;5,310059;4,219055;7,873535;5,008698;7,873535;5,264282;4,873276;10,27107;4,873276;10,27107;4,873276;5,264282;5,264282;4,75502;5,008698;5,008698;5,264282;3,377914;3,377914;5,310059;8,108139;10,76698;4,709244;10,76698;8,188248;13,22174;13,22174;7,501602;10,27107;10,76698;9,054184;13,22174;10,76698;13,22174;8,188248;8,188248;8,188248;8,108139;11,74927;7,501602;11,74927;4,709244;11,74927;5,191803;7,501602;13,22174;8,188248;10,76698;5,779266;8,188248;10,27107;5,779266;10,76698;4,709244;3,377914;11,74927;13,22174;10,76698;13,22174;8,108139;11,74927;8,188248;8,188248;4,709244;7,501602;8,108139;5,191803;8,108139;10,76698;7,501602;13,22174;10,76698;10,76698;5,779266;5,191803;5,214691;4,709244;8,188248;8,188248;10,27107;8,188248
"18";"1951-06-01";5,22995;4,543304;6,843567;5,996704;5,996704;5,22995;4,543304;5,28717;5,653381;6,843567;3,860474;4,768372;6,843567;5,22995;6,843567;5,996704;7,007599;4,341125;5,996704;3,669739;5,996704;4,936218;5,41687;4,341125;3,669739;4,341125;6,843567;3,185272;6,843567;5,996704;5,22995;7,007599;5,22995;7,007599;5,22995;5,996704;5,996704;4,936218;3,185272;3,185272;5,996704;3,860474;3,860474;3,669739;5,653381;7,93457;9,239197;7,93457;6,93512;7,728577;7,728577;8,94928;7,007599;7,93457;9,20105;7,728577;7,93457;7,728577;6,93512;6,93512;6,93512;5,653381;7,061005;8,94928;7,061005;9,239197;7,061005;10,94437;8,94928;7,728577;6,93512;7,93457;5,28717;6,93512;7,007599;5,28717;7,93457;9,239197;3,860474;7,061005;7,728577;7,93457;7,728577;5,653381;7,061005;6,93512;6,93512;9,239197;8,94928;5,653381;10,94437;5,653381;7,93457;8,94928;7,728577;7,93457;7,93457;5,28717;10,94437;4,768372;9,239197;6,93512;6,93512;7,007599;6,93512
"19";"1951-07-01";2,71225;1,823425;3,091812;4,112244;4,112244;2,71225;1,823425;2,202988;2,613068;3,091812;1,840591;2,677917;3,091812;2,71225;3,091812;4,112244;4,182816;2,731323;4,112244;3,490448;4,112244;3,171921;2,323151;2,731323;3,490448;2,731323;3,091812;3,068924;3,091812;4,112244;2,71225;4,182816;2,71225;4,182816;2,71225;4,112244;4,112244;3,171921;3,068924;3,068924;4,112244;1,840591;1,840591;3,490448;2,613068;2,794266;5,57518;2,794266;2,737045;2,750397;2,750397;5,260468;4,182816;2,794266;4,117966;2,750397;2,794266;2,750397;2,737045;2,737045;2,737045;2,613068;3,583908;5,260468;3,583908;5,57518;3,583908;6,877899;5,260468;2,750397;2,737045;2,794266;2,202988;2,737045;4,182816;2,202988;2,794266;5,57518;1,840591;3,583908;2,750397;2,794266;2,750397;2,613068;3,583908;2,737045;2,737045;5,57518;5,260468;2,613068;6,877899;2,613068;2,794266;5,260468;2,750397;2,794266;2,794266;2,202988;6,877899;2,677917;5,57518;2,737045;2,737045;4,182816;2,737045
"20";"1951-08-01";2,664566;2,311707;3,929138;3,505707;3,505707;2,664566;2,311707;3,549576;3,118515;3,929138;2,731323;2,840042;3,929138;2,664566;3,929138;3,505707;4,312515;2,76947;3,505707;3,446579;3,505707;2,904892;2,584457;2,76947;3,446579;2,76947;3,929138;2,824783;3,929138;3,505707;2,664566;4,312515;2,664566;4,312515;2,664566;3,505707;3,505707;2,904892;2,824783;2,824783;3,505707;2,731323;2,731323;3,446579;3,118515;2,864838;4,301071;2,864838;3,198624;3,440857;3,440857;4,209518;4,312515;2,864838;3,585815;3,440857;2,864838;3,440857;3,198624;3,198624;3,198624;3,118515;3,562927;4,209518;3,562927;4,301071;3,562927;5,302429;4,209518;3,440857;3,198624;2,864838;3,549576;3,198624;4,312515;3,549576;2,864838;4,301071;2,731323;3,562927;3,440857;2,864838;3,440857;3,118515;3,562927;3,198624;3,198624;4,301071;4,209518;3,118515;5,302429;3,118515;2,864838;4,209518;3,440857;2,864838;2,864838;3,549576;5,302429;2,840042;4,301071;3,198624;3,198624;4,312515;3,198624
"21";"1951-09-01";2,498627;2,365112;3,71933;3,059387;3,059387;2,498627;2,365112;3,231049;3,395081;3,71933;2,540588;3,322601;3,71933;2,498627;3,71933;3,059387;3,730774;2,300262;3,059387;2,20871;3,059387;2,246857;1,815796;2,300262;2,20871;2,300262;3,71933;2,368927;3,71933;3,059387;2,498627;3,730774;2,498627;3,730774;2,498627;3,059387;3,059387;2,246857;2,368927;2,368927;3,059387;2,540588;2,540588;2,20871;3,395081;3,704071;5,413055;3,704071;3,955841;3,284454;3,284454;5,523682;3,730774;3,704071;4,024506;3,284454;3,704071;3,284454;3,955841;3,955841;3,955841;3,395081;3,8414;5,523682;3,8414;5,413055;3,8414;7,465363;5,523682;3,284454;3,955841;3,704071;3,231049;3,955841;3,730774;3,231049;3,704071;5,413055;2,540588;3,8414;3,284454;3,704071;3,284454;3,395081;3,8414;3,955841;3,955841;5,413055;5,523682;3,395081;7,465363;3,395081;3,704071;5,523682;3,284454;3,704071;3,704071;3,231049;7,465363;3,322601;5,413055;3,955841;3,955841;3,730774;3,955841
"22";"1951-10-01";1,041412;0,9384155;2,635956;1,245499;1,245499;1,041412;0,9384155;1,667023;3,046036;2,635956;1,314163;1,995087;2,635956;1,041412;2,635956;1,245499;3,480911;0,9822845;1,245499;0,8811951;1,245499;0,9326935;0,7095337;0,9822845;0,8811951;0,9822845;2,635956;1,039505;2,635956;1,245499;1,041412;3,480911;1,041412;3,480911;1,041412;1,245499;1,245499;0,9326935;1,039505;1,039505;1,245499;1,314163;1,314163;0,8811951;3,046036;4,322052;2,000809;4,322052;2,511978;4,837036;4,837036;4,219055;3,480911;4,322052;3,093719;4,837036;4,322052;4,837036;2,511978;2,511978;2,511978;3,046036;6,879807;4,219055;6,879807;2,000809;6,879807;3,652573;4,219055;4,837036;2,511978;4,322052;1,667023;2,511978;3,480911;1,667023;4,322052;2,000809;1,314163;6,879807;4,837036;4,322052;4,837036;3,046036;6,879807;2,511978;2,511978;2,000809;4,219055;3,046036;3,652573;3,046036;4,322052;4,219055;4,837036;4,322052;4,322052;1,667023;3,652573;1,995087;2,000809;2,511978;2,511978;3,480911;2,511978
"23";"1951-11-01";0,9288788;0,6523132;3,221512;1,451492;1,451492;0,9288788;0,6523132;1,340866;1,903534;3,221512;0,7648468;1,304626;3,221512;0,9288788;3,221512;1,451492;2,592087;1,279831;1,451492;0,7801056;1,451492;0,7915497;0,6389618;1,279831;0,7801056;1,279831;3,221512;0,5187988;3,221512;1,451492;0,9288788;2,592087;0,9288788;2,592087;0,9288788;1,451492;1,451492;0,7915497;0,5187988;0,5187988;1,451492;0,7648468;0,7648468;0,7801056;1,903534;5,319595;2,626419;5,319595;1,955032;3,385544;3,385544;3,570557;2,592087;5,319595;4,590988;3,385544;5,319595;3,385544;1,955032;1,955032;1,955032;1,903534;3,829956;3,570557;3,829956;2,626419;3,829956;3,164291;3,570557;3,385544;1,955032;5,319595;1,340866;1,955032;2,592087;1,340866;5,319595;2,626419;0,7648468;3,829956;3,385544;5,319595;3,385544;1,903534;3,829956;1,955032;1,955032;2,626419;3,570557;1,903534;3,164291;1,903534;5,319595;3,570557;3,385544;5,319595;5,319595;1,340866;3,164291;1,304626;2,626419;1,955032;1,955032;2,592087;1,955032
"24";"1951-12-01";0,09536743;0,09346008;1,121521;0,2326965;0,2326965;0,09536743;0,09346008;0,7991791;0,5722046;1,121521;0,3986359;0,4577637;1,121521;0,09536743;1,121521;0,2326965;0,831604;0,3242493;0,2326965;0,05149841;0,2326965;0,04005432;0,01335144;0,3242493;0,05149841;0,3242493;1,121521;0,2002716;1,121521;0,2326965;0,09536743;0,831604;0,09536743;0,831604;0,09536743;0,2326965;0,2326965;0,04005432;0,2002716;0,2002716;0,2326965;0,3986359;0,3986359;0,05149841;0,5722046;1,823425;0,7610321;1,823425;1,178741;1,54686;1,54686;1,653671;0,831604;1,823425;2,46048;1,54686;1,823425;1,54686;1,178741;1,178741;1,178741;0,5722046;1,779556;1,653671;1,779556;0,7610321;1,779556;0,8850098;1,653671;1,54686;1,178741;1,823425;0,7991791;1,178741;0,831604;0,7991791;1,823425;0,7610321;0,3986359;1,779556;1,54686;1,823425;1,54686;0,5722046;1,779556;1,178741;1,178741;0,7610321;1,653671;0,5722046;0,8850098;0,5722046;1,823425;1,653671;1,54686;1,823425;1,823425;0,7991791;0,8850098;0,4577637;0,7610321;1,178741;1,178741;0,831604;1,178741
"25";"1952-01-01";0,1735687;0,1420975;1,049042;0,2279282;0,2279282;0,1735687;0,1420975;0,6713867;0,9870529;1,049042;0,3890991;0,5693436;1,049042;0,1735687;1,049042;0,2279282;1,157761;0,3423691;0,2279282;0,1459122;0,2279282;0,04482269;0,06103516;0,3423691;0,1459122;0,3423691;1,049042;0,2365112;1,049042;0,2279282;0,1735687;1,157761;0,1735687;1,157761;0,1735687;0,2279282;0,2279282;0,04482269;0,2365112;0,2365112;0,2279282;0,3890991;0,3890991;0,1459122;0,9870529;1,969337;0,412941;1,969337;0,7247925;3,076553;3,076553;2,252579;1,157761;1,969337;2,57206;3,076553;1,969337;3,076553;0,7247925;0,7247925;0,7247925;0,9870529;2,490044;2,252579;2,490044;0,412941;2,490044;2,034187;2,252579;3,076553;0,7247925;1,969337;0,6713867;0,7247925;1,157761;0,6713867;1,969337;0,412941;0,3890991;2,490044;3,076553;1,969337;3,076553;0,9870529;2,490044;0,7247925;0,7247925;0,412941;2,252579;0,9870529;2,034187;0,9870529;1,969337;2,252579;3,076553;1,969337;1,969337;0,6713867;2,034187;0,5693436;0,412941;0,7247925;0,7247925;1,157761;0,7247925
"26";"1952-02-01";0,07629395;0,08773804;1,85585;0,1087189;0,1087189;0,07629395;0,08773804;0,6008148;1,373291;1,85585;0,1068115;0,3147125;1,85585;0,07629395;1,85585;0,1087189;1,472473;0,1449585;0,1087189;0,08010864;0,1087189;0,01907349;0,009536743;0,1449585;0,08010864;0,1449585;1,85585;0,05149841;1,85585;0,1087189;0,07629395;1,472473;0,07629395;1,472473;0,07629395;0,1087189;0,1087189;0,01907349;0,05149841;0,05149841;0,1087189;0,1068115;0,1068115;0,08010864;1,373291;6,58226;0,4882812;6,58226;1,895905;5,062103;5,062103;1,073837;1,472473;6,58226;2,117157;5,062103;6,58226;5,062103;1,895905;1,895905;1,895905;1,373291;3,480911;1,073837;3,480911;0,4882812;3,480911;0,4920959;1,073837;5,062103;1,895905;6,58226;0,6008148;1,895905;1,472473;0,6008148;6,58226;0,4882812;0,1068115;3,480911;5,062103;6,58226;5,062103;1,373291;3,480911;1,895905;1,895905;0,4882812;1,073837;1,373291;0,4920959;1,373291;6,58226;1,073837;5,062103;6,58226;6,58226;0,6008148;0,4920959;0,3147125;0,4882812;1,895905;1,895905;1,472473;1,895905
"27";"1952-03-01";0,125885;0,05912781;2,866745;0,1983643;0,1983643;0,125885;0,05912781;1,016617;2,223969;2,866745;0,1850128;0,2536774;2,866745;0,125885;2,866745;0,1983643;2,384186;0,3166199;0,1983643;0,08583069;0,1983643;0,05531311;0,05531311;0,3166199;0,08583069;0,3166199;2,866745;0,1106262;2,866745;0,1983643;0,125885;2,384186;0,125885;2,384186;0,125885;0,1983643;0,1983643;0,05531311;0,1106262;0,1106262;0,1983643;0,1850128;0,1850128;0,08583069;2,223969;9,714127;2,502441;9,714127;3,446579;8,972168;8,972168;3,288269;2,384186;9,714127;4,102707;8,972168;9,714127;8,972168;3,446579;3,446579;3,446579;2,223969;4,407883;3,288269;4,407883;2,502441;4,407883;3,519058;3,288269;8,972168;3,446579;9,714127;1,016617;3,446579;2,384186;1,016617;9,714127;2,502441;0,1850128;4,407883;8,972168;9,714127;8,972168;2,223969;4,407883;3,446579;3,446579;2,502441;3,288269;2,223969;3,519058;2,223969;9,714127;3,288269;8,972168;9,714127;9,714127;1,016617;3,519058;0,2536774;2,502441;3,446579;3,446579;2,384186;3,446579
"28";"1952-04-01";1,16539;0,9632111;7,785797;1,558304;1,558304;1,16539;0,9632111;4,676819;7,480621;7,785797;1,930237;1,932144;7,785797;1,16539;7,785797;1,558304;8,882523;1,924515;1,558304;2,68364;1,558304;1,342773;0,6027222;1,924515;2,68364;1,924515;7,785797;2,202988;7,785797;1,558304;1,16539;8,882523;1,16539;8,882523;1,16539;1,558304;1,558304;1,342773;2,202988;2,202988;1,558304;1,930237;1,930237;2,68364;7,480621;21,69418;6,658554;21,69418;10,76508;25,47836;25,47836;8,41713;8,882523;21,69418;9,796143;25,47836;21,69418;25,47836;10,76508;10,76508;10,76508;7,480621;16,23726;8,41713;16,23726;6,658554;16,23726;7,425308;8,41713;25,47836;10,76508;21,69418;4,676819;10,76508;8,882523;4,676819;21,69418;6,658554;1,930237;16,23726;25,47836;21,69418;25,47836;7,480621;16,23726;10,76508;10,76508;6,658554;8,41713;7,480621;7,425308;7,480621;21,69418;8,41713;25,47836;21,69418;21,69418;4,676819;7,425308;1,932144;6,658554;10,76508;10,76508;8,882523;10,76508
"29";"1952-05-01";3,585815;2,490997;8,293152;4,676819;4,676819;3,585815;2,490997;6,351471;7,534027;8,293152;3,814697;3,349304;8,293152;3,585815;8,293152;4,676819;10,34546;4,032135;4,676819;5,039215;4,676819;3,826141;3,238678;4,032135;5,039215;4,032135;8,293152;4,497528;8,293152;4,676819;3,585815;10,34546;3,585815;10,34546;3,585815;4,676819;4,676819;3,826141;4,497528;4,497528;4,676819;3,814697;3,814697;5,039215;7,534027;13,72147;6,298065;13,72147;8,235931;17,64679;17,64679;6,778717;10,34546;13,72147;6,458282;17,64679;13,72147;17,64679;8,235931;8,235931;8,235931;7,534027;11,58142;6,778717;11,58142;6,298065;11,58142;6,889343;6,778717;17,64679;8,235931;13,72147;6,351471;8,235931;10,34546;6,351471;13,72147;6,298065;3,814697;11,58142;17,64679;13,72147;17,64679;7,534027;11,58142;8,235931;8,235931;6,298065;6,778717;7,534027;6,889343;7,534027;13,72147;6,778717;17,64679;13,72147;13,72147;6,351471;6,889343;3,349304;6,298065;8,235931;8,235931;10,34546;8,235931
"30";"1952-06-01";6,031036;5,649567;7,255554;5,10025;5,10025;6,031036;5,649567;5,98526;11,18469;7,255554;5,764008;8,060455;7,255554;6,031036;7,255554;5,10025;8,834839;5,836487;5,10025;6,633759;5,10025;4,558563;3,936768;5,836487;6,633759;5,836487;7,255554;6,145477;7,255554;5,10025;6,031036;8,834839;6,031036;8,834839;6,031036;5,10025;5,10025;4,558563;6,145477;6,145477;5,10025;5,764008;5,764008;6,633759;11,18469;9,368896;12,4588;9,368896;8,590698;10,89859;10,89859;18,49747;8,834839;9,368896;18,12363;10,89859;9,368896;10,89859;8,590698;8,590698;8,590698;11,18469;12,62665;18,49747;12,62665;12,4588;12,62665;20,67566;18,49747;10,89859;8,590698;9,368896;5,98526;8,590698;8,834839;5,98526;9,368896;12,4588;5,764008;12,62665;10,89859;9,368896;10,89859;11,18469;12,62665;8,590698;8,590698;12,4588;18,49747;11,18469;20,67566;11,18469;9,368896;18,49747;10,89859;9,368896;9,368896;5,98526;20,67566;8,060455;12,4588;8,590698;8,590698;8,834839;8,590698
"31";"1952-07-01";1,69754;1,232147;2,794266;2,351761;2,351761;1,69754;1,232147;2,561569;2,094269;2,794266;2,13623;2,323151;2,794266;1,69754;2,794266;2,351761;3,65448;1,653671;2,351761;2,559662;2,351761;2,779007;1,657486;1,653671;2,559662;1,653671;2,794266;2,46048;2,794266;2,351761;1,69754;3,65448;1,69754;3,65448;1,69754;2,351761;2,351761;2,779007;2,46048;2,46048;2,351761;2,13623;2,13623;2,559662;2,094269;2,838135;5,886078;2,838135;3,511429;2,845764;2,845764;6,778717;3,65448;2,838135;5,172729;2,845764;2,838135;2,845764;3,511429;3,511429;3,511429;2,094269;3,755569;6,778717;3,755569;5,886078;3,755569;8,022308;6,778717;2,845764;3,511429;2,838135;2,561569;3,511429;3,65448;2,561569;2,838135;5,886078;2,13623;3,755569;2,845764;2,838135;2,845764;2,094269;3,755569;3,511429;3,511429;5,886078;6,778717;2,094269;8,022308;2,094269;2,838135;6,778717;2,845764;2,838135;2,838135;2,561569;8,022308;2,323151;5,886078;3,511429;3,511429;3,65448;3,511429
"32";"1952-08-01";1,087189;0,617981;1,972198;2,037048;2,037048;1,087189;0,617981;1,247406;1,255035;1,972198;1,396179;1,079559;1,972198;1,087189;1,972198;2,037048;2,731323;0,9727478;2,037048;2,056122;2,037048;2,498627;1,270294;0,9727478;2,056122;0,9727478;1,972198;2,307892;1,972198;2,037048;1,087189;2,731323;1,087189;2,731323;1,087189;2,037048;2,037048;2,498627;2,307892;2,307892;2,037048;1,396179;1,396179;2,056122;1,255035;1,266479;4,142761;1,266479;1,70517;1,220703;1,220703;2,521515;2,731323;1,266479;1,331329;1,220703;1,266479;1,220703;1,70517;1,70517;1,70517;1,255035;1,087189;2,521515;1,087189;4,142761;1,087189;5,222321;2,521515;1,220703;1,70517;1,266479;1,247406;1,70517;2,731323;1,247406;1,266479;4,142761;1,396179;1,087189;1,220703;1,266479;1,220703;1,255035;1,087189;1,70517;1,70517;4,142761;2,521515;1,255035;5,222321;1,255035;1,266479;2,521515;1,220703;1,266479;1,266479;1,247406;5,222321;1,079559;4,142761;1,70517;1,70517;2,731323;1,70517
"33";"1952-09-01";7,02095;4,707336;10,48851;8,520126;8,520126;7,02095;4,707336;7,33757;7,78389;10,48851;5,735397;6,490707;10,48851;7,02095;10,48851;8,520126;9,506226;6,42395;8,520126;4,850388;8,520126;6,250381;6,433487;6,42395;4,850388;6,42395;10,48851;4,346848;10,48851;8,520126;7,02095;9,506226;7,02095;9,506226;7,02095;8,520126;8,520126;6,250381;4,346848;4,346848;8,520126;5,735397;5,735397;4,850388;7,78389;10,89478;7,310867;10,89478;6,885529;7,577896;7,577896;8,134842;9,506226;10,89478;6,130219;7,577896;10,89478;7,577896;6,885529;6,885529;6,885529;7,78389;6,881714;8,134842;6,881714;7,310867;6,881714;12,68005;8,134842;7,577896;6,885529;10,89478;7,33757;6,885529;9,506226;7,33757;10,89478;7,310867;5,735397;6,881714;7,577896;10,89478;7,577896;7,78389;6,881714;6,885529;6,885529;7,310867;8,134842;7,78389;12,68005;7,78389;10,89478;8,134842;7,577896;10,89478;10,89478;7,33757;12,68005;6,490707;7,310867;6,885529;6,885529;9,506226;6,885529
"34";"1952-10-01";1,308441;0,9994507;3,198624;1,464844;1,464844;1,308441;0,9994507;2,443314;2,241135;3,198624;1,680374;1,951218;3,198624;1,308441;3,198624;1,464844;2,670288;1,735687;1,464844;0,91362;1,464844;0,8907318;1,094818;1,735687;0,91362;1,735687;3,198624;0,9899139;3,198624;1,464844;1,308441;2,670288;1,308441;2,670288;1,308441;1,464844;1,464844;0,8907318;0,9899139;0,9899139;1,464844;1,680374;1,680374;0,91362;2,241135;4,085541;1,331329;4,085541;2,037048;3,011703;3,011703;3,572464;2,670288;4,085541;3,700256;3,011703;4,085541;3,011703;2,037048;2,037048;2,037048;2,241135;4,12941;3,572464;4,12941;1,331329;4,12941;3,192902;3,572464;3,011703;2,037048;4,085541;2,443314;2,037048;2,670288;2,443314;4,085541;1,331329;1,680374;4,12941;3,011703;4,085541;3,011703;2,241135;4,12941;2,037048;2,037048;1,331329;3,572464;2,241135;3,192902;2,241135;4,085541;3,572464;3,011703;4,085541;4,085541;2,443314;3,192902;1,951218;1,331329;2,037048;2,037048;2,670288;2,037048
"35";"1952-11-01";1,148224;0,9841919;3,975868;1,935959;1,935959;1,148224;0,9841919;1,939774;2,707481;3,975868;1,420975;2,091408;3,975868;1,148224;3,975868;1,935959;4,217148;1,70517;1,935959;1,530647;1,935959;1,10054;0,8001328;1,70517;1,530647;1,70517;3,975868;1,316071;3,975868;1,935959;1,148224;4,217148;1,148224;4,217148;1,148224;1,935959;1,935959;1,10054;1,316071;1,316071;1,935959;1,420975;1,420975;1,530647;2,707481;6,081581;3,335953;6,081581;3,00312;4,986763;4,986763;4,464149;4,217148;6,081581;5,039215;4,986763;6,081581;4,986763;3,00312;3,00312;3,00312;2,707481;5,152702;4,464149;5,152702;3,335953;5,152702;3,353119;4,464149;4,986763;3,00312;6,081581;1,939774;3,00312;4,217148;1,939774;6,081581;3,335953;1,420975;5,152702;4,986763;6,081581;4,986763;2,707481;5,152702;3,00312;3,00312;3,335953;4,464149;2,707481;3,353119;2,707481;6,081581;4,464149;4,986763;6,081581;6,081581;1,939774;3,353119;2,091408;3,335953;3,00312;3,00312;4,217148;3,00312
"36";"1952-12-01";0,3709793;0,2775192;2,065659;0,7076263;0,7076263;0,3709793;0,2775192;1,217842;1,237869;2,065659;0,8115768;0,6866455;2,065659;0,3709793;2,065659;0,7076263;1,800537;0,7181168;0,7076263;0,7324219;0,7076263;0,4329681;0,2603531;0,7181168;0,7324219;0,7181168;2,065659;0,7390976;2,065659;0,7076263;0,3709793;1,800537;0,3709793;1,800537;0,3709793;0,7076263;0,7076263;0,4329681;0,7390976;0,7390976;0,7076263;0,8115768;0,8115768;0,7324219;1,237869;4,211426;1,708031;4,211426;2,0504;3,22628;3,22628;2,516747;1,800537;4,211426;4,324913;3,22628;4,211426;3,22628;2,0504;2,0504;2,0504;1,237869;3,246307;2,516747;3,246307;1,708031;3,246307;1,586914;2,516747;3,22628;2,0504;4,211426;1,217842;2,0504;1,800537;1,217842;4,211426;1,708031;0,8115768;3,246307;3,22628;4,211426;3,22628;1,237869;3,246307;2,0504;2,0504;1,708031;2,516747;1,237869;1,586914;1,237869;4,211426;2,516747;3,22628;4,211426;4,211426;1,217842;1,586914;0,6866455;1,708031;2,0504;2,0504;1,800537;2,0504
"37";"1953-01-01";0,1506805;0,08869171;1,455307;0,2384186;0,2384186;0,1506805;0,08869171;0,91362;0,8935928;1,455307;0,4358292;0,2622604;1,455307;0,1506805;1,455307;0,2384186;1,17588;0,3795624;0,2384186;0,4482269;0,2384186;0,1344681;0,06580353;0,3795624;0,4482269;0,3795624;1,455307;0,4787445;1,455307;0,2384186;0,1506805;1,17588;0,1506805;1,17588;0,1506805;0,2384186;0,2384186;0,1344681;0,4787445;0,4787445;0,2384186;0,4358292;0,4358292;0,4482269;0,8935928;3,977776;0,4711151;3,977776;2,449989;2,985001;2,985001;0,8640289;1,17588;3,977776;1,854897;2,985001;3,977776;2,985001;2,449989;2,449989;2,449989;0,8935928;2,10762;0,8640289;2,10762;0,4711151;2,10762;0,4034042;0,8640289;2,985001;2,449989;3,977776;0,91362;2,449989;1,17588;0,91362;3,977776;0,4711151;0,4358292;2,10762;2,985001;3,977776;2,985001;0,8935928;2,10762;2,449989;2,449989;0,4711151;0,8640289;0,8935928;0,4034042;0,8935928;3,977776;0,8640289;2,985001;3,977776;3,977776;0,91362;0,4034042;0,2622604;0,4711151;2,449989;2,449989;1,17588;2,449989
"38";"1953-02-01";0,2746582;0,2918243;3,12233;0,4882812;0,4882812;0,2746582;0,2918243;1,472473;1,739502;3,12233;0,7762909;0,5741119;3,12233;0,2746582;3,12233;0,4882812;2,429962;0,6351471;0,4882812;0,5016327;0,4882812;0,1525879;0,1506805;0,6351471;0,5016327;0,6351471;3,12233;0,6370544;3,12233;0,4882812;0,2746582;2,429962;0,2746582;2,429962;0,2746582;0,4882812;0,4882812;0,1525879;0,6370544;0,6370544;0,4882812;0,7762909;0,7762909;0,5016327;1,739502;7,499695;0,6160736;7,499695;2,971649;5,868912;5,868912;1,888275;2,429962;7,499695;3,33786;5,868912;7,499695;5,868912;2,971649;2,971649;2,971649;1,739502;4,297256;1,888275;4,297256;0,6160736;4,297256;0,8354187;1,888275;5,868912;2,971649;7,499695;1,472473;2,971649;2,429962;1,472473;7,499695;0,6160736;0,7762909;4,297256;5,868912;7,499695;5,868912;1,739502;4,297256;2,971649;2,971649;0,6160736;1,888275;1,739502;0,8354187;1,739502;7,499695;1,888275;5,868912;7,499695;7,499695;1,472473;0,8354187;0,5741119;0,6160736;2,971649;2,971649;2,429962;2,971649
"39";"1953-03-01";0,8831024;0,6980896;2,426147;1,63269;1,63269;0,8831024;0,6980896;1,609802;1,741409;2,426147;1,203537;0,9117126;2,426147;0,8831024;2,426147;1,63269;3,322601;1,214981;1,63269;1,947403;1,63269;1,25885;0,5588531;1,214981;1,947403;1,214981;2,426147;1,691818;2,426147;1,63269;0,8831024;3,322601;0,8831024;3,322601;0,8831024;1,63269;1,63269;1,25885;1,691818;1,691818;1,63269;1,203537;1,203537;1,947403;1,741409;2,662659;0,6198883;2,662659;2,685547;2,695084;2,695084;0,4653931;3,322601;2,662659;0,7781982;2,695084;2,662659;2,695084;2,685547;2,685547;2,685547;1,741409;1,962662;0,4653931;1,962662;0,6198883;1,962662;0,4940033;0,4653931;2,695084;2,685547;2,662659;1,609802;2,685547;3,322601;1,609802;2,662659;0,6198883;1,203537;1,962662;2,695084;2,662659;2,695084;1,741409;1,962662;2,685547;2,685547;0,6198883;0,4653931;1,741409;0,4940033;1,741409;2,662659;0,4653931;2,695084;2,662659;2,662659;1,609802;0,4940033;0,9117126;0,6198883;2,685547;2,685547;3,322601;2,685547
"40";"1953-04-01";1,028061;1,033783;5,502701;1,438141;1,438141;1,028061;1,033783;3,047943;4,140854;5,502701;1,132965;1,506805;5,502701;1,028061;5,502701;1,438141;5,699158;1,600266;1,438141;1,598358;1,438141;0,7915497;0,5989075;1,600266;1,598358;1,600266;5,502701;1,329422;5,502701;1,438141;1,028061;5,699158;1,028061;5,699158;1,028061;1,438141;1,438141;0,7915497;1,329422;1,329422;1,438141;1,132965;1,132965;1,598358;4,140854;13,22746;2,450943;13,22746;7,925034;12,60567;12,60567;2,725601;5,699158;13,22746;3,440857;12,60567;13,22746;12,60567;7,925034;7,925034;7,925034;4,140854;7,520676;2,725601;7,520676;2,450943;7,520676;2,307892;2,725601;12,60567;7,925034;13,22746;3,047943;7,925034;5,699158;3,047943;13,22746;2,450943;1,132965;7,520676;12,60567;13,22746;12,60567;4,140854;7,520676;7,925034;7,925034;2,450943;2,725601;4,140854;2,307892;4,140854;13,22746;2,725601;12,60567;13,22746;13,22746;3,047943;2,307892;1,506805;2,450943;7,925034;7,925034;5,699158;7,925034
"41";"1953-05-01";0,4768372;0,5168915;2,536774;1,125336;1,125336;0,4768372;0,5168915;1,932144;1,064301;2,536774;0,8945465;0,6942749;2,536774;0,4768372;2,536774;1,125336;2,565384;1,245499;1,125336;1,106262;1,125336;0,535965;0,3032684;1,245499;1,106262;1,245499;2,536774;0,9651184;2,536774;1,125336;0,4768372;2,565384;0,4768372;2,565384;0,4768372;1,125336;1,125336;0,535965;0,9651184;0,9651184;1,125336;0,8945465;0,8945465;1,106262;1,064301;2,418518;0,8888245;2,418518;3,440857;2,336502;2,336502;1,001358;2,565384;2,418518;0,9250641;2,336502;2,418518;2,336502;3,440857;3,440857;3,440857;1,064301;2,305984;1,001358;2,305984;0,8888245;2,305984;0,9384155;1,001358;2,336502;3,440857;2,418518;1,932144;3,440857;2,565384;1,932144;2,418518;0,8888245;0,8945465;2,305984;2,336502;2,418518;2,336502;1,064301;2,305984;3,440857;3,440857;0,8888245;1,001358;1,064301;0,9384155;1,064301;2,418518;1,001358;2,336502;2,418518;2,418518;1,932144;0,9384155;0,6942749;0,8888245;3,440857;3,440857;2,565384;3,440857
"42";"1953-06-01";5,468369;4,119873;5,540848;7,490158;7,490158;5,468369;4,119873;3,873825;6,668091;5,540848;3,04985;5,052567;5,540848;5,468369;5,540848;7,490158;8,859634;4,337311;7,490158;4,772186;7,490158;6,412506;4,798889;4,337311;4,772186;4,337311;5,540848;3,135681;5,540848;7,490158;5,468369;8,859634;5,468369;8,859634;5,468369;7,490158;7,490158;6,412506;3,135681;3,135681;7,490158;3,04985;3,04985;4,772186;6,668091;5,968094;4,871368;5,968094;4,911423;9,418488;9,418488;6,381989;8,859634;5,968094;5,537033;9,418488;5,968094;9,418488;4,911423;4,911423;4,911423;6,668091;9,939194;6,381989;9,939194;4,871368;9,939194;7,398605;6,381989;9,418488;4,911423;5,968094;3,873825;4,911423;8,859634;3,873825;5,968094;4,871368;3,04985;9,939194;9,418488;5,968094;9,418488;6,668091;9,939194;4,911423;4,911423;4,871368;6,381989;6,668091;7,398605;6,668091;5,968094;6,381989;9,418488;5,968094;5,968094;3,873825;7,398605;5,052567;4,871368;4,911423;4,911423;8,859634;4,911423
"43";"1953-07-01";1,749039;1,407623;2,89917;2,342224;2,342224;1,749039;1,407623;2,185822;2,487183;2,89917;1,882553;2,347946;2,89917;1,749039;2,89917;2,342224;3,190994;1,644135;2,342224;1,70517;2,342224;2,170563;1,449585;1,644135;1,70517;1,644135;2,89917;2,035141;2,89917;2,342224;1,749039;3,190994;1,749039;3,190994;1,749039;2,342224;2,342224;2,170563;2,035141;2,035141;2,342224;1,882553;1,882553;1,70517;2,487183;2,838135;5,409241;2,838135;2,876282;2,826691;2,826691;4,50325;3,190994;2,838135;3,656387;2,826691;2,838135;2,826691;2,876282;2,876282;2,876282;2,487183;3,353119;4,50325;3,353119;5,409241;3,353119;6,687164;4,50325;2,826691;2,876282;2,838135;2,185822;2,876282;3,190994;2,185822;2,838135;5,409241;1,882553;3,353119;2,826691;2,838135;2,826691;2,487183;3,353119;2,876282;2,876282;5,409241;4,50325;2,487183;6,687164;2,487183;2,838135;4,50325;2,826691;2,838135;2,838135;2,185822;6,687164;2,347946;5,409241;2,876282;2,876282;3,190994;2,876282
"44";"1953-08-01";0,7896423;0,4959106;1,409531;1,508713;1,508713;0,7896423;0,4959106;1,010895;0,9403229;1,409531;0,7858276;0,8811951;1,409531;0,7896423;1,409531;1,508713;1,464844;0,7953644;1,508713;1,029968;1,508713;1,194;1,026154;0,7953644;1,029968;0,7953644;1,409531;1,626968;1,409531;1,508713;0,7896423;1,464844;0,7896423;1,464844;0,7896423;1,508713;1,508713;1,194;1,626968;1,626968;1,508713;0,7858276;0,7858276;1,029968;0,9403229;1,085281;3,185272;1,085281;1,018524;0,9937286;0,9937286;2,235413;1,464844;1,085281;1,401901;0,9937286;1,085281;0,9937286;1,018524;1,018524;1,018524;0,9403229;1,054764;2,235413;1,054764;3,185272;1,054764;4,629135;2,235413;0,9937286;1,018524;1,085281;1,010895;1,018524;1,464844;1,010895;1,085281;3,185272;0,7858276;1,054764;0,9937286;1,085281;0,9937286;0,9403229;1,054764;1,018524;1,018524;3,185272;2,235413;0,9403229;4,629135;0,9403229;1,085281;2,235413;0,9937286;1,085281;1,085281;1,010895;4,629135;0,8811951;3,185272;1,018524;1,018524;1,464844;1,018524
"45";"1953-09-01";3,528595;2,515793;5,458832;4,365921;4,365921;3,528595;2,515793;4,60434;4,981995;5,458832;3,894806;3,59726;5,458832;3,528595;5,458832;4,365921;4,749298;4,817963;4,365921;4,770279;4,365921;3,892899;3,767014;4,817963;4,770279;4,817963;5,458832;3,913879;5,458832;4,365921;3,528595;4,749298;3,528595;4,749298;3,528595;4,365921;4,365921;3,892899;3,913879;3,913879;4,365921;3,894806;3,894806;4,770279;4,981995;7,637024;4,484177;7,637024;4,623413;5,105972;5,105972;5,386353;4,749298;7,637024;4,320145;5,105972;7,637024;5,105972;4,623413;4,623413;4,623413;4,981995;5,25856;5,386353;5,25856;4,484177;5,25856;6,532669;5,386353;5,105972;4,623413;7,637024;4,60434;4,623413;4,749298;4,60434;7,637024;4,484177;3,894806;5,25856;5,105972;7,637024;5,105972;4,981995;5,25856;4,623413;4,623413;4,484177;5,386353;4,981995;6,532669;4,981995;7,637024;5,386353;5,105972;7,637024;7,637024;4,60434;6,532669;3,59726;4,484177;4,623413;4,623413;4,749298;4,623413
"46";"1953-10-01";1,623154;1,401901;5,712509;2,405167;2,405167;1,623154;1,401901;4,804611;3,370285;5,712509;3,360748;2,620697;5,712509;1,623154;5,712509;2,405167;5,102158;2,498627;2,405167;2,159119;2,405167;1,577377;1,159668;2,498627;2,159119;2,498627;5,712509;2,519608;5,712509;2,405167;1,623154;5,102158;1,623154;5,102158;1,623154;2,405167;2,405167;1,577377;2,519608;2,519608;2,405167;3,360748;3,360748;2,159119;3,370285;8,468628;4,5681;8,468628;5,51033;5,977631;5,977631;5,79834;5,102158;8,468628;6,101608;5,977631;8,468628;5,977631;5,51033;5,51033;5,51033;3,370285;5,567551;5,79834;5,567551;4,5681;5,567551;6,864548;5,79834;5,977631;5,51033;8,468628;4,804611;5,51033;5,102158;4,804611;8,468628;4,5681;3,360748;5,567551;5,977631;8,468628;5,977631;3,370285;5,567551;5,51033;5,51033;4,5681;5,79834;3,370285;6,864548;3,370285;8,468628;5,79834;5,977631;8,468628;8,468628;4,804611;6,864548;2,620697;4,5681;5,51033;5,51033;5,102158;5,51033
"47";"1953-11-01";0,3929138;0,4024506;2,685547;0,6809235;0,6809235;0,3929138;0,4024506;1,495361;1,785278;2,685547;0,6809235;0,8487701;2,685547;0,3929138;2,685547;0,6809235;2,420425;0,6847382;0,6809235;1,075745;0,6809235;0,5912781;0,2231598;0,6847382;1,075745;0,6847382;2,685547;0,8220673;2,685547;0,6809235;0,3929138;2,420425;0,3929138;2,420425;0,3929138;0,6809235;0,6809235;0,5912781;0,8220673;0,8220673;0,6809235;0,6809235;0,6809235;1,075745;1,785278;7,015228;1,340866;7,015228;3,194809;5,125046;5,125046;2,738953;2,420425;7,015228;3,046036;5,125046;7,015228;5,125046;3,194809;3,194809;3,194809;1,785278;4,655838;2,738953;4,655838;1,340866;4,655838;1,649857;2,738953;5,125046;3,194809;7,015228;1,495361;3,194809;2,420425;1,495361;7,015228;1,340866;0,6809235;4,655838;5,125046;7,015228;5,125046;1,785278;4,655838;3,194809;3,194809;1,340866;2,738953;1,785278;1,649857;1,785278;7,015228;2,738953;5,125046;7,015228;7,015228;1,495361;1,649857;0,8487701;1,340866;3,194809;3,194809;2,420425;3,194809
"48";"1953-12-01";0,3871918;0,3938675;2,940178;0,5407333;0,5407333;0,3871918;0,3938675;1,047134;1,840591;2,940178;0,4673004;0,8249283;2,940178;0,3871918;2,940178;0,5407333;2,132416;0,6437302;0,5407333;0,8106232;0,5407333;0,2565384;0,1754761;0,6437302;0,8106232;0,6437302;2,940178;0,4787445;2,940178;0,5407333;0,3871918;2,132416;0,3871918;2,132416;0,3871918;0,5407333;0,5407333;0,2565384;0,4787445;0,4787445;0,5407333;0,4673004;0,4673004;0,8106232;1,840591;7,243156;1,379013;7,243156;2,779007;5,023956;5,023956;3,070831;2,132416;7,243156;5,164146;5,023956;7,243156;5,023956;2,779007;2,779007;2,779007;1,840591;4,211426;3,070831;4,211426;1,379013;4,211426;1,70517;3,070831;5,023956;2,779007;7,243156;1,047134;2,779007;2,132416;1,047134;7,243156;1,379013;0,4673004;4,211426;5,023956;7,243156;5,023956;1,840591;4,211426;2,779007;2,779007;1,379013;3,070831;1,840591;1,70517;1,840591;7,243156;3,070831;5,023956;7,243156;7,243156;1,047134;1,70517;0,8249283;1,379013;2,779007;2,779007;2,132416;2,779007
"49";"1954-01-01";0,0371933;0,05245209;0,6074905;0,1277924;0,1277924;0,0371933;0,05245209;0,3414154;0,2670288;0,6074905;0,169754;0,3814697;0,6074905;0,0371933;0,6074905;0,1277924;0,4768372;0,1392365;0,1277924;0,03528595;0,1277924;0,01525879;0,003814697;0,1392365;0,03528595;0,1392365;0,6074905;0,09918213;0,6074905;0,1277924;0,0371933;0,4768372;0,0371933;0,4768372;0,0371933;0,1277924;0,1277924;0,01525879;0,09918213;0,09918213;0,1277924;0,169754;0,169754;0,03528595;0,2670288;1,429558;0,8621216;1,429558;0,6361008;0,875473;0,875473;2,010345;0,4768372;1,429558;2,077103;0,875473;1,429558;0,875473;0,6361008;0,6361008;0,6361008;0,2670288;1,34182;2,010345;1,34182;0,8621216;1,34182;1,607895;2,010345;0,875473;0,6361008;1,429558;0,3414154;0,6361008;0,4768372;0,3414154;1,429558;0,8621216;0,169754;1,34182;0,875473;1,429558;0,875473;0,2670288;1,34182;0,6361008;0,6361008;0,8621216;2,010345;0,2670288;1,607895;0,2670288;1,429558;2,010345;0,875473;1,429558;1,429558;0,3414154;1,607895;0,3814697;0,8621216;0,6361008;0,6361008;0,4768372;0,6361008
"50";"1954-02-01";0,834465;0,8535385;2,726555;1,657486;1,657486;0,834465;0,8535385;2,436638;2,072334;2,726555;1,822472;1,206398;2,726555;0,834465;2,726555;1,657486;3,899574;1,530647;1,657486;2,660751;1,657486;1,55735;0,5578995;1,530647;2,660751;1,530647;2,726555;2,064705;2,726555;1,657486;0,834465;3,899574;0,834465;3,899574;0,834465;1,657486;1,657486;1,55735;2,064705;2,064705;1,657486;1,822472;1,822472;2,660751;2,072334;3,936768;1,410484;3,936768;3,118515;4,276276;4,276276;1,873016;3,899574;3,936768;2,509117;4,276276;3,936768;4,276276;3,118515;3,118515;3,118515;2,072334;4,253387;1,873016;4,253387;1,410484;4,253387;1,39904;1,873016;4,276276;3,118515;3,936768;2,436638;3,118515;3,899574;2,436638;3,936768;1,410484;1,822472;4,253387;4,276276;3,936768;4,276276;2,072334;4,253387;3,118515;3,118515;1,410484;1,873016;2,072334;1,39904;2,072334;3,936768;1,873016;4,276276;3,936768;3,936768;2,436638;1,39904;1,206398;1,410484;3,118515;3,118515;3,899574;3,118515
"51";"1954-03-01";0,8335114;0,2651215;1,716614;1,28746;1,28746;0,8335114;0,2651215;0,7534027;1,194;1,716614;0,3871918;0,6504059;1,716614;0,8335114;1,716614;1,28746;2,279282;0,6694794;1,28746;0,7781982;1,28746;1,161575;0,7705688;0,6694794;0,7781982;0,6694794;1,716614;0,6599426;1,716614;1,28746;0,8335114;2,279282;0,8335114;2,279282;0,8335114;1,28746;1,28746;1,161575;0,6599426;0,6599426;1,28746;0,3871918;0,3871918;0,7781982;1,194;3,189087;0,5302429;3,189087;1,543045;3,116608;3,116608;0,8964539;2,279282;3,189087;1,712799;3,116608;3,189087;3,116608;1,543045;1,543045;1,543045;1,194;2,588272;0,8964539;2,588272;0,5302429;2,588272;0,421524;0,8964539;3,116608;1,543045;3,189087;0,7534027;1,543045;2,279282;0,7534027;3,189087;0,5302429;0,3871918;2,588272;3,116608;3,189087;3,116608;1,194;2,588272;1,543045;1,543045;0,5302429;0,8964539;1,194;0,421524;1,194;3,189087;0,8964539;3,116608;3,189087;3,189087;0,7534027;0,421524;0,6504059;0,5302429;1,543045;1,543045;2,279282;1,543045
"52";"1954-04-01";2,456665;2,372742;3,807068;3,061295;3,061295;2,456665;2,372742;2,494812;3,900528;3,807068;2,342224;2,532959;3,807068;2,456665;3,807068;3,061295;5,039215;2,904892;3,061295;3,641129;3,061295;2,645493;1,916885;2,904892;3,641129;2,904892;3,807068;3,271103;3,807068;3,061295;2,456665;5,039215;2,456665;5,039215;2,456665;3,061295;3,061295;2,645493;3,271103;3,271103;3,061295;2,342224;2,342224;3,641129;3,900528;3,007889;1,813889;3,007889;3,421783;5,012512;5,012512;2,565384;5,039215;3,007889;2,868652;5,012512;3,007889;5,012512;3,421783;3,421783;3,421783;3,900528;4,508972;2,565384;4,508972;1,813889;4,508972;2,008438;2,565384;5,012512;3,421783;3,007889;2,494812;3,421783;5,039215;2,494812;3,007889;1,813889;2,342224;4,508972;5,012512;3,007889;5,012512;3,900528;4,508972;3,421783;3,421783;1,813889;2,565384;3,900528;2,008438;3,900528;3,007889;2,565384;5,012512;3,007889;3,007889;2,494812;2,008438;2,532959;1,813889;3,421783;3,421783;5,039215;3,421783
"53";"1954-05-01";3,158569;3,221512;4,144669;3,185272;3,185272;3,158569;3,221512;3,576279;3,915787;4,144669;2,864838;2,677917;4,144669;3,158569;4,144669;3,185272;5,456924;2,574921;3,185272;3,799438;3,185272;3,746033;3,829956;2,574921;3,799438;2,574921;4,144669;3,505707;4,144669;3,185272;3,158569;5,456924;3,158569;5,456924;3,158569;3,185272;3,185272;3,746033;3,505707;3,505707;3,185272;2,864838;2,864838;3,799438;3,915787;4,333496;3,454208;4,333496;4,730225;4,455566;4,455566;3,442764;5,456924;4,333496;3,896713;4,455566;4,333496;4,455566;4,730225;4,730225;4,730225;3,915787;4,320145;3,442764;4,320145;3,454208;4,320145;3,269196;3,442764;4,455566;4,730225;4,333496;3,576279;4,730225;5,456924;3,576279;4,333496;3,454208;2,864838;4,320145;4,455566;4,333496;4,455566;3,915787;4,320145;4,730225;4,730225;3,454208;3,442764;3,915787;3,269196;3,915787;4,333496;3,442764;4,455566;4,333496;4,333496;3,576279;3,269196;2,677917;3,454208;4,730225;4,730225;5,456924;4,730225
"54";"1954-06-01";6,532669;6,393433;9,576797;7,263184;7,263184;6,532669;6,393433;7,509232;9,380341;9,576797;4,852295;8,565903;9,576797;6,532669;9,576797;7,263184;11,19804;5,149841;7,263184;3,604889;7,263184;5,252838;4,909515;5,149841;3,604889;5,149841;9,576797;3,881454;9,576797;7,263184;6,532669;11,19804;6,532669;11,19804;6,532669;7,263184;7,263184;5,252838;3,881454;3,881454;7,263184;4,852295;4,852295;3,604889;9,380341;12,44736;15,89775;12,44736;10,92911;12,82883;12,82883;19,11354;11,19804;12,44736;18,50891;12,82883;12,44736;12,82883;10,92911;10,92911;10,92911;9,380341;13,42583;19,11354;13,42583;15,89775;13,42583;19,53697;19,11354;12,82883;10,92911;12,44736;7,509232;10,92911;11,19804;7,509232;12,44736;15,89775;4,852295;13,42583;12,82883;12,44736;12,82883;9,380341;13,42583;10,92911;10,92911;15,89775;19,11354;9,380341;19,53697;9,380341;12,44736;19,11354;12,82883;12,44736;12,44736;7,509232;19,53697;8,565903;15,89775;10,92911;10,92911;11,19804;10,92911
"55";"1954-07-01";1,771927;1,081467;2,92778;2,674103;2,674103;1,771927;1,081467;2,897263;2,511978;2,92778;2,084732;2,231598;2,92778;1,771927;2,92778;2,674103;3,425598;1,592636;2,674103;2,01416;2,674103;2,429962;1,41716;1,592636;2,01416;1,592636;2,92778;2,29454;2,92778;2,674103;1,771927;3,425598;1,771927;3,425598;1,771927;2,674103;2,674103;2,429962;2,29454;2,29454;2,674103;2,084732;2,084732;2,01416;2,511978;3,684998;5,895615;3,684998;3,786087;3,639221;3,639221;6,391525;3,425598;3,684998;5,260468;3,639221;3,684998;3,639221;3,786087;3,786087;3,786087;2,511978;4,249573;6,391525;4,249573;5,895615;4,249573;7,007599;6,391525;3,639221;3,786087;3,684998;2,897263;3,786087;3,425598;2,897263;3,684998;5,895615;2,084732;4,249573;3,639221;3,684998;3,639221;2,511978;4,249573;3,786087;3,786087;5,895615;6,391525;2,511978;7,007599;2,511978;3,684998;6,391525;3,639221;3,684998;3,684998;2,897263;7,007599;2,231598;5,895615;3,786087;3,786087;3,425598;3,786087
"56";"1954-08-01";1,394272;0,9880066;2,340317;1,945496;1,945496;1,394272;0,9880066;2,075195;1,741409;2,340317;1,455307;1,729965;2,340317;1,394272;2,340317;1,945496;2,252579;1,384735;1,945496;1,199722;1,945496;1,51825;1,104355;1,384735;1,199722;1,384735;2,340317;1,256943;2,340317;1,945496;1,394272;2,252579;1,394272;2,252579;1,394272;1,945496;1,945496;1,51825;1,256943;1,256943;1,945496;1,455307;1,455307;1,199722;1,741409;2,42424;4,278183;2,42424;2,738953;2,048492;2,048492;4,177094;2,252579;2,42424;3,473282;2,048492;2,42424;2,048492;2,738953;2,738953;2,738953;1,741409;2,14386;4,177094;2,14386;4,278183;2,14386;6,088257;4,177094;2,048492;2,738953;2,42424;2,075195;2,738953;2,252579;2,075195;2,42424;4,278183;1,455307;2,14386;2,048492;2,42424;2,048492;1,741409;2,14386;2,738953;2,738953;4,278183;4,177094;1,741409;6,088257;1,741409;2,42424;4,177094;2,048492;2,42424;2,42424;2,075195;6,088257;1,729965;4,278183;2,738953;2,738953;2,252579;2,738953
"57";"1954-09-01";6,526947;5,025864;7,858276;5,916595;5,916595;6,526947;5,025864;9,666443;7,631302;7,858276;6,786346;5,954742;7,858276;6,526947;7,858276;5,916595;7,904053;5,310059;5,916595;4,434586;5,916595;4,228592;5,331039;5,310059;4,434586;5,310059;7,858276;5,289078;7,858276;5,916595;6,526947;7,904053;6,526947;7,904053;6,526947;5,916595;5,916595;4,228592;5,289078;5,289078;5,916595;6,786346;6,786346;4,434586;7,631302;9,597778;11,41548;9,597778;10,32448;7,270813;7,270813;7,253647;7,904053;9,597778;5,041122;7,270813;9,597778;7,270813;10,32448;10,32448;10,32448;7,631302;6,082535;7,253647;6,082535;11,41548;6,082535;10,40649;7,253647;7,270813;10,32448;9,597778;9,666443;10,32448;7,904053;9,666443;9,597778;11,41548;6,786346;6,082535;7,270813;9,597778;7,270813;7,631302;6,082535;10,32448;10,32448;11,41548;7,253647;7,631302;10,40649;7,631302;9,597778;7,253647;7,270813;9,597778;9,597778;9,666443;10,40649;5,954742;11,41548;10,32448;10,32448;7,904053;10,32448
"58";"1954-10-01";3,252029;2,317429;6,433487;4,447937;4,447937;3,252029;2,317429;7,257462;3,774643;6,433487;6,101608;3,435135;6,433487;3,252029;6,433487;4,447937;5,289078;4,430771;4,447937;3,284454;4,447937;3,59726;3,177643;4,430771;3,284454;4,430771;6,433487;4,974365;6,433487;4,447937;3,252029;5,289078;3,252029;5,289078;3,252029;4,447937;4,447937;3,59726;4,974365;4,974365;4,447937;6,101608;6,101608;3,284454;3,774643;7,02095;8,03566;7,02095;7,051468;5,231857;5,231857;8,329391;5,289078;7,02095;7,850647;5,231857;7,02095;5,231857;7,051468;7,051468;7,051468;3,774643;6,076813;8,329391;6,076813;8,03566;6,076813;8,071899;8,329391;5,231857;7,051468;7,02095;7,257462;7,051468;5,289078;7,257462;7,02095;8,03566;6,101608;6,076813;5,231857;7,02095;5,231857;3,774643;6,076813;7,051468;7,051468;8,03566;8,329391;3,774643;8,071899;3,774643;7,02095;8,329391;5,231857;7,02095;7,02095;7,257462;8,071899;3,435135;8,03566;7,051468;7,051468;5,289078;7,051468
"59";"1954-11-01";0,6256104;0,5283356;3,02887;0,7705688;0,7705688;0,6256104;0,5283356;1,35231;3,05748;3,02887;0,6275177;1,209259;3,02887;0,6256104;3,02887;0,7705688;3,494263;0,7667542;0,7705688;0,6732941;0,7705688;0,3643036;0,2117157;0,7667542;0,6732941;0,7667542;3,02887;0,6656647;3,02887;0,7705688;0,6256104;3,494263;0,6256104;3,494263;0,6256104;0,7705688;0,7705688;0,3643036;0,6656647;0,6656647;0,7705688;0,6275177;0,6275177;0,6732941;3,05748;8,268356;3,173828;8,268356;2,908707;8,68988;8,68988;4,131317;3,494263;8,268356;3,652573;8,68988;8,268356;8,68988;2,908707;2,908707;2,908707;3,05748;6,944656;4,131317;6,944656;3,173828;6,944656;4,528046;4,131317;8,68988;2,908707;8,268356;1,35231;2,908707;3,494263;1,35231;8,268356;3,173828;0,6275177;6,944656;8,68988;8,268356;8,68988;3,05748;6,944656;2,908707;2,908707;3,173828;4,131317;3,05748;4,528046;3,05748;8,268356;4,131317;8,68988;8,268356;8,268356;1,35231;4,528046;1,209259;3,173828;2,908707;2,908707;3,494263;2,908707
"60";"1954-12-01";0,041008;0,03814697;0,8583069;0,1373291;0,1373291;0,041008;0,03814697;0,3299713;0,4110336;0,8583069;0,1459122;0,2202988;0,8583069;0,041008;0,8583069;0,1373291;0,617981;0,1487732;0,1373291;0,246048;0,1373291;0,05531311;0,01049042;0,1487732;0,246048;0,1487732;0,8583069;0,1182556;0,8583069;0,1373291;0,041008;0,617981;0,041008;0,617981;0,041008;0,1373291;0,1373291;0,05531311;0,1182556;0,1182556;0,1373291;0,1459122;0,1459122;0,246048;0,4110336;2,463341;0,4177094;2,463341;0,6074905;1,447678;1,447678;1,620293;0,617981;2,463341;1,917839;1,447678;2,463341;1,447678;0,6074905;0,6074905;0,6074905;0,4110336;1,51825;1,620293;1,51825;0,4177094;1,51825;1,122475;1,620293;1,447678;0,6074905;2,463341;0,3299713;0,6074905;0,617981;0,3299713;2,463341;0,4177094;0,1459122;1,51825;1,447678;2,463341;1,447678;0,4110336;1,51825;0,6074905;0,6074905;0,4177094;1,620293;0,4110336;1,122475;0,4110336;2,463341;1,620293;1,447678;2,463341;2,463341;0,3299713;1,122475;0,2202988;0,4177094;0,6074905;0,6074905;0,617981;0,6074905
"61";"1955-01-01";0,08964539;0,1001358;1,470566;0,1564026;0,1564026;0,08964539;0,1001358;0,617981;1,131058;1,470566;0,3194809;0,3890991;1,470566;0,08964539;1,470566;0,1564026;1,250267;0,287056;0,1564026;0,1878738;0,1564026;0,04291534;0,01716614;0,287056;0,1878738;0,287056;1,470566;0,2479553;1,470566;0,1564026;0,08964539;1,250267;0,08964539;1,250267;0,08964539;0,1564026;0,1564026;0,04291534;0,2479553;0,2479553;0,1564026;0,3194809;0,3194809;0,1878738;1,131058;4,575729;1,405716;4,575729;1,486778;3,993988;3,993988;2,205849;1,250267;4,575729;2,978325;3,993988;4,575729;3,993988;1,486778;1,486778;1,486778;1,131058;3,186226;2,205849;3,186226;1,405716;3,186226;1,614571;2,205849;3,993988;1,486778;4,575729;0,617981;1,486778;1,250267;0,617981;4,575729;1,405716;0,3194809;3,186226;3,993988;4,575729;3,993988;1,131058;3,186226;1,486778;1,486778;1,405716;2,205849;1,131058;1,614571;1,131058;4,575729;2,205849;3,993988;4,575729;4,575729;0,617981;1,614571;0,3890991;1,405716;1,486778;1,486778;1,250267;1,486778
"62";"1955-02-01";0,05817413;0,0667572;1,131058;0,08869171;0,08869171;0,05817413;0,0667572;0,4959106;0,6771088;1,131058;0,169754;0,3519058;1,131058;0,05817413;1,131058;0,08869171;0,7190704;0,1440048;0,08869171;0,03051758;0,08869171;0,01621246;0,001907349;0,1440048;0,03051758;0,1440048;1,131058;0,09632111;1,131058;0,08869171;0,05817413;0,7190704;0,05817413;0,7190704;0,05817413;0,08869171;0,08869171;0,01621246;0,09632111;0,09632111;0,08869171;0,169754;0,169754;0,03051758;0,6771088;3,463745;0,8735657;3,463745;1,275063;2,317429;2,317429;1,858711;0,7190704;3,463745;2,758026;2,317429;3,463745;2,317429;1,275063;1,275063;1,275063;0,6771088;2,388954;1,858711;2,388954;0,8735657;2,388954;1,080513;1,858711;2,317429;1,275063;3,463745;0,4959106;1,275063;0,7190704;0,4959106;3,463745;0,8735657;0,169754;2,388954;2,317429;3,463745;2,317429;0,6771088;2,388954;1,275063;1,275063;0,8735657;1,858711;0,6771088;1,080513;0,6771088;3,463745;1,858711;2,317429;3,463745;3,463745;0,4959106;1,080513;0,3519058;0,8735657;1,275063;1,275063;0,7190704;1,275063
"63";"1955-03-01";0,3070831;0,2059937;2,038956;0,8296967;0,8296967;0,3070831;0,2059937;1,16539;0,8392334;2,038956;0,8049011;0,415802;2,038956;0,3070831;2,038956;0,8296967;2,10762;0,9994507;0,8296967;0,749588;0,8296967;0,2441406;0,1964569;0,9994507;0,749588;0,9994507;2,038956;0,8888245;2,038956;0,8296967;0,3070831;2,10762;0,3070831;2,10762;0,3070831;0,8296967;0,8296967;0,2441406;0,8888245;0,8888245;0,8296967;0,8049011;0,8049011;0,749588;0,8392334;2,267838;0,579834;2,267838;1,607895;1,806259;1,806259;0,7286072;2,10762;2,267838;1,23024;1,806259;2,267838;1,806259;1,607895;1,607895;1,607895;0,8392334;1,590729;0,7286072;1,590729;0,579834;1,590729;0,3852844;0,7286072;1,806259;1,607895;2,267838;1,16539;1,607895;2,10762;1,16539;2,267838;0,579834;0,8049011;1,590729;1,806259;2,267838;1,806259;0,8392334;1,590729;1,607895;1,607895;0,579834;0,7286072;0,8392334;0,3852844;0,8392334;2,267838;0,7286072;1,806259;2,267838;2,267838;1,16539;0,3852844;0,415802;0,579834;1,607895;1,607895;2,10762;1,607895
"64";"1955-04-01";0,6217957;0,3414154;2,370834;1,203537;1,203537;0,6217957;0,3414154;1,840591;1,485825;2,370834;0,7228851;0,6370544;2,370834;0,6217957;2,370834;1,203537;2,498627;1,169205;1,203537;1,989365;1,203537;1,23024;0,459671;1,169205;1,989365;1,169205;2,370834;1,207352;2,370834;1,203537;0,6217957;2,498627;0,6217957;2,498627;0,6217957;1,203537;1,203537;1,23024;1,207352;1,207352;1,203537;0,7228851;0,7228851;1,989365;1,485825;3,77655;0,9441376;3,77655;3,692627;3,707886;3,707886;1,203537;2,498627;3,77655;1,54686;3,707886;3,77655;3,707886;3,692627;3,692627;3,692627;1,485825;3,036499;1,203537;3,036499;0,9441376;3,036499;0,7820129;1,203537;3,707886;3,692627;3,77655;1,840591;3,692627;2,498627;1,840591;3,77655;0,9441376;0,7228851;3,036499;3,707886;3,77655;3,707886;1,485825;3,036499;3,692627;3,692627;0,9441376;1,203537;1,485825;0,7820129;1,485825;3,77655;1,203537;3,707886;3,77655;3,77655;1,840591;0,7820129;0,6370544;0,9441376;3,692627;3,692627;2,498627;3,692627
"65";"1955-05-01";1,623154;1,169205;2,807617;2,420425;2,420425;1,623154;1,169205;2,124786;2,128601;2,807617;2,056122;1,192093;2,807617;1,623154;2,807617;2,420425;4,31633;2,222061;2,420425;3,009796;2,420425;2,389908;1,512527;2,222061;3,009796;2,222061;2,807617;2,696991;2,807617;2,420425;1,623154;4,31633;1,623154;4,31633;1,623154;2,420425;2,420425;2,389908;2,696991;2,696991;2,420425;2,056122;2,056122;3,009796;2,128601;1,750946;1,037598;1,750946;2,061844;1,674652;1,674652;0,4177094;4,31633;1,750946;0,5016327;1,674652;1,750946;1,674652;2,061844;2,061844;2,061844;2,128601;1,457214;0,4177094;1,457214;1,037598;1,457214;0,4196167;0,4177094;1,674652;2,061844;1,750946;2,124786;2,061844;4,31633;2,124786;1,750946;1,037598;2,056122;1,457214;1,674652;1,750946;1,674652;2,128601;1,457214;2,061844;2,061844;1,037598;0,4177094;2,128601;0,4196167;2,128601;1,750946;0,4177094;1,674652;1,750946;1,750946;2,124786;0,4196167;1,192093;1,037598;2,061844;2,061844;4,31633;2,061844
"66";"1955-06-01";2,985001;2,538681;3,293991;3,492355;3,492355;2,985001;2,538681;2,433777;3,095627;3,293991;1,842499;2,578735;3,293991;2,985001;3,293991;3,492355;3,910065;2,193451;3,492355;3,097534;3,492355;3,356934;3,328323;2,193451;3,097534;2,193451;3,293991;2,439499;3,293991;3,492355;2,985001;3,910065;2,985001;3,910065;2,985001;3,492355;3,492355;3,356934;2,439499;2,439499;3,492355;1,842499;1,842499;3,097534;3,095627;2,765656;4,018784;2,765656;3,145218;2,609253;2,609253;3,139496;3,910065;2,765656;2,292633;2,609253;2,765656;2,609253;3,145218;3,145218;3,145218;3,095627;3,698349;3,139496;3,698349;4,018784;3,698349;4,060745;3,139496;2,609253;3,145218;2,765656;2,433777;3,145218;3,910065;2,433777;2,765656;4,018784;1,842499;3,698349;2,609253;2,765656;2,609253;3,095627;3,698349;3,145218;3,145218;4,018784;3,139496;3,095627;4,060745;3,095627;2,765656;3,139496;2,609253;2,765656;2,765656;2,433777;4,060745;2,578735;4,018784;3,145218;3,145218;3,910065;3,145218
"67";"1955-07-01";5,901337;5,19371;7,699966;6,227493;6,227493;5,901337;5,19371;7,568359;7,629395;7,699966;5,338669;7,619858;7,699966;5,901337;7,699966;6,227493;8,625031;5,237579;6,227493;5,077362;6,227493;6,496429;6,093979;5,237579;5,077362;5,237579;7,699966;4,878998;7,699966;6,227493;5,901337;8,625031;5,901337;8,625031;5,901337;6,227493;6,227493;6,496429;4,878998;4,878998;6,227493;5,338669;5,338669;5,077362;7,629395;10,41031;11,38306;10,41031;10,29205;10,54192;10,54192;17,37404;8,625031;10,41031;15,16533;10,54192;10,41031;10,54192;10,29205;10,29205;10,29205;7,629395;12,38251;17,37404;12,38251;11,38306;12,38251;18,25714;17,37404;10,54192;10,29205;10,41031;7,568359;10,29205;8,625031;7,568359;10,41031;11,38306;5,338669;12,38251;10,54192;10,41031;10,54192;7,629395;12,38251;10,29205;10,29205;11,38306;17,37404;7,629395;18,25714;7,629395;10,41031;17,37404;10,54192;10,41031;10,41031;7,568359;18,25714;7,619858;11,38306;10,29205;10,29205;8,625031;10,29205
"68";"1955-08-01";2,601624;1,573563;2,738953;3,873825;3,873825;2,601624;1,573563;1,638412;2,13623;2,738953;1,998901;1,895905;2,738953;2,601624;2,738953;3,873825;2,86293;1,9207;3,873825;2,836227;3,873825;4,140854;3,019333;1,9207;2,836227;1,9207;2,738953;3,27301;2,738953;3,873825;2,601624;2,86293;2,601624;2,86293;2,601624;3,873825;3,873825;4,140854;3,27301;3,27301;3,873825;1,998901;1,998901;2,836227;2,13623;1,962662;4,220963;1,962662;2,235413;1,791;1,791;3,099442;2,86293;1,962662;2,399445;1,791;1,962662;1,791;2,235413;2,235413;2,235413;2,13623;2,105713;3,099442;2,105713;4,220963;2,105713;4,846573;3,099442;1,791;2,235413;1,962662;1,638412;2,235413;2,86293;1,638412;1,962662;4,220963;1,998901;2,105713;1,791;1,962662;1,791;2,13623;2,105713;2,235413;2,235413;4,220963;3,099442;2,13623;4,846573;2,13623;1,962662;3,099442;1,791;1,962662;1,962662;1,638412;4,846573;1,895905;4,220963;2,235413;2,235413;2,86293;2,235413
"69";"1955-09-01";4,936218;3,08609;7,684708;6,635666;6,635666;4,936218;3,08609;10,42366;5,903244;7,684708;7,804871;4,346848;7,684708;4,936218;7,684708;6,635666;7,200241;6,603241;6,635666;6,494522;6,635666;6,601334;5,163193;6,603241;6,494522;6,603241;7,684708;6,33049;7,684708;6,635666;4,936218;7,200241;4,936218;7,200241;4,936218;6,635666;6,635666;6,601334;6,33049;6,33049;6,635666;7,804871;7,804871;6,494522;5,903244;7,799149;15,35034;7,799149;11,45554;8,377075;8,377075;8,068085;7,200241;7,799149;5,731583;8,377075;7,799149;8,377075;11,45554;11,45554;11,45554;5,903244;7,459641;8,068085;7,459641;15,35034;7,459641;11,98959;8,068085;8,377075;11,45554;7,799149;10,42366;11,45554;7,200241;10,42366;7,799149;15,35034;7,804871;7,459641;8,377075;7,799149;8,377075;5,903244;7,459641;11,45554;11,45554;15,35034;8,068085;5,903244;11,98959;5,903244;7,799149;8,068085;8,377075;7,799149;7,799149;10,42366;11,98959;4,346848;15,35034;11,45554;11,45554;7,200241;11,45554
"70";"1955-10-01";2,199173;2,103806;3,492355;2,008438;2,008438;2,199173;2,103806;3,669739;3,984451;3,492355;2,689362;3,314972;3,492355;2,199173;3,492355;2,008438;4,070282;2,008438;2,008438;1,914978;2,008438;1,70517;1,840591;2,008438;1,914978;2,008438;3,492355;2,231598;3,492355;2,008438;2,199173;4,070282;2,199173;4,070282;2,199173;2,008438;2,008438;1,70517;2,231598;2,231598;2,008438;2,689362;2,689362;1,914978;3,984451;5,027771;3,154755;5,027771;4,133224;5,331039;5,331039;6,216049;4,070282;5,027771;6,904602;5,331039;5,027771;5,331039;4,133224;4,133224;4,133224;3,984451;5,931854;6,216049;5,931854;3,154755;5,931854;6,053925;6,216049;5,331039;4,133224;5,027771;3,669739;4,133224;4,070282;3,669739;5,027771;3,154755;2,689362;5,931854;5,331039;5,027771;5,331039;3,984451;5,931854;4,133224;4,133224;3,154755;6,216049;3,984451;6,053925;3,984451;5,027771;6,216049;5,331039;5,027771;5,027771;3,669739;6,053925;3,314972;3,154755;4,133224;4,133224;4,070282;4,133224
"71";"1955-11-01";1,246452;0,7066727;5,084991;2,274513;2,274513;1,246452;0,7066727;4,187584;2,571106;5,084991;2,336502;1,382828;5,084991;1,246452;5,084991;2,274513;4,407883;2,290726;2,274513;1,573563;2,274513;1,441956;0,957489;2,290726;1,573563;2,290726;5,084991;1,917839;5,084991;2,274513;1,246452;4,407883;1,246452;4,407883;1,246452;2,274513;2,274513;1,441956;1,917839;1,917839;2,274513;2,336502;2,336502;1,573563;2,571106;8,5783;5,590439;8,5783;6,349564;6,554604;6,554604;3,588676;4,407883;8,5783;4,707336;6,554604;8,5783;6,554604;6,349564;6,349564;6,349564;2,571106;4,774094;3,588676;4,774094;5,590439;4,774094;3,879547;3,588676;6,554604;6,349564;8,5783;4,187584;6,349564;4,407883;4,187584;8,5783;5,590439;2,336502;4,774094;6,554604;8,5783;6,554604;2,571106;4,774094;6,349564;6,349564;5,590439;3,588676;2,571106;3,879547;2,571106;8,5783;3,588676;6,554604;8,5783;8,5783;4,187584;3,879547;1,382828;5,590439;6,349564;6,349564;4,407883;6,349564
"72";"1955-12-01";0,579834;0,5874634;2,969742;0,8878708;0,8878708;0,579834;0,5874634;2,224922;1,872063;2,969742;1,384735;1,364708;2,969742;0,579834;2,969742;0,8878708;2,762794;1,024246;0,8878708;1,004219;0,8878708;0,5998611;0,5350113;1,024246;1,004219;1,024246;2,969742;1,180649;2,969742;0,8878708;0,579834;2,762794;0,579834;2,762794;0,579834;0,8878708;0,8878708;0,5998611;1,180649;1,180649;0,8878708;1,384735;1,384735;1,004219;1,872063;6,216049;2,135277;6,216049;3,440857;5,21183;5,21183;3,805161;2,762794;6,216049;4,984856;5,21183;6,216049;5,21183;3,440857;3,440857;3,440857;1,872063;4,607201;3,805161;4,607201;2,135277;4,607201;2,919197;3,805161;5,21183;3,440857;6,216049;2,224922;3,440857;2,762794;2,224922;6,216049;2,135277;1,384735;4,607201;5,21183;6,216049;5,21183;1,872063;4,607201;3,440857;3,440857;2,135277;3,805161;1,872063;2,919197;1,872063;6,216049;3,805161;5,21183;6,216049;6,216049;2,224922;2,919197;1,364708;2,135277;3,440857;3,440857;2,762794;3,440857
"73";"1956-01-01";0,2002716;0,1277924;0,6980896;0,3452301;0,3452301;0,2002716;0,1277924;0,497818;0,6027222;0,6980896;0,295639;0,541687;0,6980896;0,2002716;0,6980896;0,3452301;0,9670258;0,2040863;0,3452301;0,2574921;0,3452301;0,2613068;0,164032;0,2040863;0,2574921;0,2040863;0,6980896;0,3662109;0,6980896;0,3452301;0,2002716;0,9670258;0,2002716;0,9670258;0,2002716;0,3452301;0,3452301;0,2613068;0,3662109;0,3662109;0,3452301;0,295639;0,295639;0,2574921;0,6027222;1,506805;0,6980896;1,506805;0,9059906;1,86348;1,86348;1,939774;0,9670258;1,506805;2,370834;1,86348;1,506805;1,86348;0,9059906;0,9059906;0,9059906;0,6027222;2,065659;1,939774;2,065659;0,6980896;2,065659;1,443863;1,939774;1,86348;0,9059906;1,506805;0,497818;0,9059906;0,9670258;0,497818;1,506805;0,6980896;0,295639;2,065659;1,86348;1,506805;1,86348;0,6027222;2,065659;0,9059906;0,9059906;0,6980896;1,939774;0,6027222;1,443863;0,6027222;1,506805;1,939774;1,86348;1,506805;1,506805;0,497818;1,443863;0,541687;0,6980896;0,9059906;0,9059906;0,9670258;0,9059906
"74";"1956-02-01";0,6046295;0,5197525;2,695084;0,8192062;0,8192062;0,6046295;0,5197525;1,519203;2,19059;2,695084;0,4796982;1,019478;2,695084;0,6046295;2,695084;0,8192062;2,902031;0,6160736;0,8192062;0,377655;0,8192062;0,3604889;0,4281998;0,6160736;0,377655;0,6160736;2,695084;0,4339218;2,695084;0,8192062;0,6046295;2,902031;0,6046295;2,902031;0,6046295;0,8192062;0,8192062;0,3604889;0,4339218;0,4339218;0,8192062;0,4796982;0,4796982;0,377655;2,19059;6,980896;1,410484;6,980896;4,041672;6,223679;6,223679;3,12233;2,902031;6,980896;4,367828;6,223679;6,980896;6,223679;4,041672;4,041672;4,041672;2,19059;4,685402;3,12233;4,685402;1,410484;4,685402;2,109528;3,12233;6,223679;4,041672;6,980896;1,519203;4,041672;2,902031;1,519203;6,980896;1,410484;0,4796982;4,685402;6,223679;6,980896;6,223679;2,19059;4,685402;4,041672;4,041672;1,410484;3,12233;2,19059;2,109528;2,19059;6,980896;3,12233;6,223679;6,980896;6,980896;1,519203;2,109528;1,019478;1,410484;4,041672;4,041672;2,902031;4,041672
"75";"1956-03-01";1,106262;0,9584427;3,025055;1,886368;1,886368;1,106262;0,9584427;1,97506;2,857208;3,025055;1,321793;1,14727;3,025055;1,106262;3,025055;1,886368;4,098892;1,580238;1,886368;1,794815;1,886368;1,430511;0,7066727;1,580238;1,794815;1,580238;3,025055;1,335144;3,025055;1,886368;1,106262;4,098892;1,106262;4,098892;1,106262;1,886368;1,886368;1,430511;1,335144;1,335144;1,886368;1,321793;1,321793;1,794815;2,857208;6,025314;1,590729;6,025314;2,610207;6,458282;6,458282;2,61116;4,098892;6,025314;2,745628;6,458282;6,025314;6,458282;2,610207;2,610207;2,610207;2,857208;5,106926;2,61116;5,106926;1,590729;5,106926;1,982689;2,61116;6,458282;2,610207;6,025314;1,97506;2,610207;4,098892;1,97506;6,025314;1,590729;1,321793;5,106926;6,458282;6,025314;6,458282;2,857208;5,106926;2,610207;2,610207;1,590729;2,61116;2,857208;1,982689;2,857208;6,025314;2,61116;6,458282;6,025314;6,025314;1,97506;1,982689;1,14727;1,590729;2,610207;2,610207;4,098892;2,610207
"76";"1956-04-01";2,223969;2,487183;4,088402;2,97451;2,97451;2,223969;2,487183;2,778053;2,639771;4,088402;2,68364;1,675606;4,088402;2,223969;4,088402;2,97451;5,208015;2,916336;2,97451;4,35257;2,97451;3,005981;2,072334;2,916336;4,35257;2,916336;4,088402;3,474236;4,088402;2,97451;2,223969;5,208015;2,223969;5,208015;2,223969;2,97451;2,97451;3,005981;3,474236;3,474236;2,97451;2,68364;2,68364;4,35257;2,639771;4,160881;1,868248;4,160881;2,912521;4,646301;4,646301;2,61116;5,208015;4,160881;3,318787;4,646301;4,160881;4,646301;2,912521;2,912521;2,912521;2,639771;4,254341;2,61116;4,254341;1,868248;4,254341;1,86348;2,61116;4,646301;2,912521;4,160881;2,778053;2,912521;5,208015;2,778053;4,160881;1,868248;2,68364;4,254341;4,646301;4,160881;4,646301;2,639771;4,254341;2,912521;2,912521;1,868248;2,61116;2,639771;1,86348;2,639771;4,160881;2,61116;4,646301;4,160881;4,160881;2,778053;1,86348;1,675606;1,868248;2,912521;2,912521;5,208015;2,912521
"77";"1956-05-01";1,543045;1,529694;2,832413;2,065659;2,065659;1,543045;1,529694;2,090454;2,283096;2,832413;1,365662;1,98555;2,832413;1,543045;2,832413;2,065659;4,016876;1,512527;2,065659;1,791;2,065659;1,989365;1,451492;1,512527;1,791;1,512527;2,832413;1,569748;2,832413;2,065659;1,543045;4,016876;1,543045;4,016876;1,543045;2,065659;2,065659;1,989365;1,569748;1,569748;2,065659;1,365662;1,365662;1,791;2,283096;3,305435;4,346848;3,305435;3,213882;2,830505;2,830505;4,587173;4,016876;3,305435;3,763199;2,830505;3,305435;2,830505;3,213882;3,213882;3,213882;2,283096;3,583908;4,587173;3,583908;4,346848;3,583908;4,230499;4,587173;2,830505;3,213882;3,305435;2,090454;3,213882;4,016876;2,090454;3,305435;4,346848;1,365662;3,583908;2,830505;3,305435;2,830505;2,283096;3,583908;3,213882;3,213882;4,346848;4,587173;2,283096;4,230499;2,283096;3,305435;4,587173;2,830505;3,305435;3,305435;2,090454;4,230499;1,98555;4,346848;3,213882;3,213882;4,016876;3,213882
"78";"1956-06-01";3,297806;2,887726;5,926132;4,873276;4,873276;3,297806;2,887726;3,955841;4,045486;5,926132;3,381729;3,873825;5,926132;3,297806;5,926132;4,873276;6,315231;4,962921;4,873276;5,712509;4,873276;4,802704;3,755569;4,962921;5,712509;4,962921;5,926132;3,993988;5,926132;4,873276;3,297806;6,315231;3,297806;6,315231;3,297806;4,873276;4,873276;4,802704;3,993988;3,993988;4,873276;3,381729;3,381729;5,712509;4,045486;4,594803;5,743027;4,594803;3,698349;4,413605;4,413605;6,309509;6,315231;4,594803;4,831314;4,413605;4,594803;4,413605;3,698349;3,698349;3,698349;4,045486;4,760742;6,309509;4,760742;5,743027;4,760742;8,069992;6,309509;4,413605;3,698349;4,594803;3,955841;3,698349;6,315231;3,955841;4,594803;5,743027;3,381729;4,760742;4,413605;4,594803;4,413605;4,045486;4,760742;3,698349;3,698349;5,743027;6,309509;4,045486;8,069992;4,045486;4,594803;6,309509;4,413605;4,594803;4,594803;3,955841;8,069992;3,873825;5,743027;3,698349;3,698349;6,315231;3,698349
"79";"1956-07-01";0,8659363;0,5569458;2,574921;1,4534;1,4534;0,8659363;0,5569458;2,048492;1,392365;2,574921;1,594543;1,304626;2,574921;0,8659363;2,574921;1,4534;2,620697;1,384735;1,4534;1,205444;1,4534;1,312256;0,7209778;1,384735;1,205444;1,384735;2,574921;1,644135;2,574921;1,4534;0,8659363;2,620697;0,8659363;2,620697;0,8659363;1,4534;1,4534;1,312256;1,644135;1,644135;1,4534;1,594543;1,594543;1,205444;1,392365;2,6474;5,66864;2,6474;2,998352;1,945496;1,945496;4,364014;2,620697;2,6474;3,349304;1,945496;2,6474;1,945496;2,998352;2,998352;2,998352;1,392365;2,254486;4,364014;2,254486;5,66864;2,254486;6,458282;4,364014;1,945496;2,998352;2,6474;2,048492;2,998352;2,620697;2,048492;2,6474;5,66864;1,594543;2,254486;1,945496;2,6474;1,945496;1,392365;2,254486;2,998352;2,998352;5,66864;4,364014;1,392365;6,458282;1,392365;2,6474;4,364014;1,945496;2,6474;2,6474;2,048492;6,458282;1,304626;5,66864;2,998352;2,998352;2,620697;2,998352
"80";"1956-08-01";1,720428;0,7972717;2,216339;2,696991;2,696991;1,720428;0,7972717;1,405716;1,722336;2,216339;1,976013;1,745224;2,216339;1,720428;2,216339;2,696991;2,305984;2,393723;2,696991;3,002167;2,696991;2,878189;2,328873;2,393723;3,002167;2,393723;2,216339;2,813339;2,216339;2,696991;1,720428;2,305984;1,720428;2,305984;1,720428;2,696991;2,696991;2,878189;2,813339;2,813339;2,696991;1,976013;1,976013;3,002167;1,722336;1,51825;3,173828;1,51825;1,61171;1,161575;1,161575;2,414703;2,305984;1,51825;1,308441;1,161575;1,51825;1,161575;1,61171;1,61171;1,61171;1,722336;1,192093;2,414703;1,192093;3,173828;1,192093;4,810333;2,414703;1,161575;1,61171;1,51825;1,405716;1,61171;2,305984;1,405716;1,51825;3,173828;1,976013;1,192093;1,161575;1,51825;1,161575;1,722336;1,192093;1,61171;1,61171;3,173828;2,414703;1,722336;4,810333;1,722336;1,51825;2,414703;1,161575;1,51825;1,51825;1,405716;4,810333;1,745224;3,173828;1,61171;1,61171;2,305984;1,61171
"81";"1956-09-01";3,673553;3,044128;5,691528;3,936768;3,936768;3,673553;3,044128;6,404877;5,405426;5,691528;4,825592;4,940033;5,691528;3,673553;5,691528;3,936768;5,912781;3,791809;3,936768;3,398895;3,936768;2,796173;3,032684;3,791809;3,398895;3,791809;5,691528;3,868103;5,691528;3,936768;3,673553;5,912781;3,673553;5,912781;3,673553;3,936768;3,936768;2,796173;3,868103;3,868103;3,936768;4,825592;4,825592;3,398895;5,405426;6,534576;5,970001;6,534576;5,950928;5,226135;5,226135;8,247375;5,912781;6,534576;8,022308;5,226135;6,534576;5,226135;5,950928;5,950928;5,950928;5,405426;6,645203;8,247375;6,645203;5,970001;6,645203;8,350372;8,247375;5,226135;5,950928;6,534576;6,404877;5,950928;5,912781;6,404877;6,534576;5,970001;4,825592;6,645203;5,226135;6,534576;5,226135;5,405426;6,645203;5,950928;5,950928;5,970001;8,247375;5,405426;8,350372;5,405426;6,534576;8,247375;5,226135;6,534576;6,534576;6,404877;8,350372;4,940033;5,970001;5,950928;5,950928;5,912781;5,950928
"82";"1956-10-01";0,4739761;0,4434586;1,721382;0,7829666;0,7829666;0,4739761;0,4434586;1,046181;1,124382;1,721382;0,711441;0,9088516;1,721382;0,4739761;1,721382;0,7829666;1,952171;0,6637573;0,7829666;0,3795624;0,7829666;0,3194809;0,3557205;0,6637573;0,3795624;0,6637573;1,721382;0,4854202;1,721382;0,7829666;0,4739761;1,952171;0,4739761;1,952171;0,4739761;0,7829666;0,7829666;0,3194809;0,4854202;0,4854202;0,7829666;0,711441;0,711441;0,3795624;1,124382;2,198219;1,654625;2,198219;1,078606;1,660347;1,660347;2,836227;1,952171;2,198219;2,167702;1,660347;2,198219;1,660347;1,078606;1,078606;1,078606;1,124382;2,005577;2,836227;2,005577;1,654625;2,005577;3,340721;2,836227;1,660347;1,078606;2,198219;1,046181;1,078606;1,952171;1,046181;2,198219;1,654625;0,711441;2,005577;1,660347;2,198219;1,660347;1,124382;2,005577;1,078606;1,078606;1,654625;2,836227;1,124382;3,340721;1,124382;2,198219;2,836227;1,660347;2,198219;2,198219;1,046181;3,340721;0,9088516;1,654625;1,078606;1,078606;1,952171;1,078606
"83";"1956-11-01";0,629425;0,6227493;2,681732;0,9317398;0,9317398;0,629425;0,6227493;1,513481;1,613617;2,681732;1,057625;1,233101;2,681732;0,629425;2,681732;0,9317398;2,175331;1,143456;0,9317398;1,012802;0,9317398;0,5283356;0,4739761;1,143456;1,012802;1,143456;2,681732;0,9374619;2,681732;0,9317398;0,629425;2,175331;0,629425;2,175331;0,629425;0,9317398;0,9317398;0,5283356;0,9374619;0,9374619;0,9317398;1,057625;1,057625;1,012802;1,613617;4,224777;2,215385;4,224777;1,951218;3,341675;3,341675;3,741264;2,175331;4,224777;4,506111;3,341675;4,224777;3,341675;1,951218;1,951218;1,951218;1,613617;4,187584;3,741264;4,187584;2,215385;4,187584;3,068924;3,741264;3,341675;1,951218;4,224777;1,513481;1,951218;2,175331;1,513481;4,224777;2,215385;1,057625;4,187584;3,341675;4,224777;3,341675;1,613617;4,187584;1,951218;1,951218;2,215385;3,741264;1,613617;3,068924;1,613617;4,224777;3,741264;3,341675;4,224777;4,224777;1,513481;3,068924;1,233101;2,215385;1,951218;1,951218;2,175331;1,951218
"84";"1956-12-01";0,1564026;0,1392365;1,502991;0,3471375;0,3471375;0,1564026;0,1392365;0,7209778;0,793457;1,502991;0,4405975;0,6694794;1,502991;0,1564026;1,502991;0,3471375;1,247406;0,4882812;0,3471375;0,5493164;0,3471375;0,1659393;0,06484985;0,4882812;0,5493164;0,4882812;1,502991;0,4444122;1,502991;0,3471375;0,1564026;1,247406;0,1564026;1,247406;0,1564026;0,3471375;0,3471375;0,1659393;0,4444122;0,4444122;0,3471375;0,4405975;0,4405975;0,5493164;0,793457;2,996445;0,8296967;2,996445;1,102448;2,170563;2,170563;1,853943;1,247406;2,996445;3,068924;2,170563;2,996445;2,170563;1,102448;1,102448;1,102448;0,793457;2,620697;1,853943;2,620697;0,8296967;2,620697;0,9670258;1,853943;2,170563;1,102448;2,996445;0,7209778;1,102448;1,247406;0,7209778;2,996445;0,8296967;0,4405975;2,620697;2,170563;2,996445;2,170563;0,793457;2,620697;1,102448;1,102448;0,8296967;1,853943;0,793457;0,9670258;0,793457;2,996445;1,853943;2,170563;2,996445;2,996445;0,7209778;0,9670258;0,6694794;0,8296967;1,102448;1,102448;1,247406;1,102448
"85";"1957-01-01";0,09632111;0,08869171;1,378059;0,3414154;0,3414154;0,09632111;0,08869171;0,8897781;0,5874634;1,378059;0,3395081;0,2641678;1,378059;0,09632111;1,378059;0,3414154;1,111031;0,3786087;0,3414154;0,3147125;0,3414154;0,08773804;0,041008;0,3786087;0,3147125;0,3786087;1,378059;0,2164841;1,378059;0,3414154;0,09632111;1,111031;0,09632111;1,111031;0,09632111;0,3414154;0,3414154;0,08773804;0,2164841;0,2164841;0,3414154;0,3395081;0,3395081;0,3147125;0,5874634;2,587318;1,079559;2,587318;1,50013;1,759529;1,759529;1,588821;1,111031;2,587318;1,673698;1,759529;2,587318;1,759529;1,50013;1,50013;1,50013;0,5874634;1,68705;1,588821;1,68705;1,079559;1,68705;1,713753;1,588821;1,759529;1,50013;2,587318;0,8897781;1,50013;1,111031;0,8897781;2,587318;1,079559;0,3395081;1,68705;1,759529;2,587318;1,759529;0,5874634;1,68705;1,50013;1,50013;1,079559;1,588821;0,5874634;1,713753;0,5874634;2,587318;1,588821;1,759529;2,587318;2,587318;0,8897781;1,713753;0,2641678;1,079559;1,50013;1,50013;1,111031;1,50013
"86";"1957-02-01";0,1964569;0,1955032;2,608299;0,3604889;0,3604889;0,1964569;0,1955032;1,010895;1,757622;2,608299;0,4930496;0,4243851;2,608299;0,1964569;2,608299;0,3604889;2,225876;0,4329681;0,3604889;0,3833771;0,3604889;0,1392365;0,1583099;0,4329681;0,3833771;0,4329681;2,608299;0,421524;2,608299;0,3604889;0,1964569;2,225876;0,1964569;2,225876;0,1964569;0,3604889;0,3604889;0,1392365;0,421524;0,421524;0,3604889;0,4930496;0,4930496;0,3833771;1,757622;7,822037;1,355171;7,822037;2,24781;6,239891;6,239891;1,961708;2,225876;7,822037;3,704071;6,239891;7,822037;6,239891;2,24781;2,24781;2,24781;1,757622;3,269196;1,961708;3,269196;1,355171;3,269196;1,508713;1,961708;6,239891;2,24781;7,822037;1,010895;2,24781;2,225876;1,010895;7,822037;1,355171;0,4930496;3,269196;6,239891;7,822037;6,239891;1,757622;3,269196;2,24781;2,24781;1,355171;1,961708;1,757622;1,508713;1,757622;7,822037;1,961708;6,239891;7,822037;7,822037;1,010895;1,508713;0,4243851;1,355171;2,24781;2,24781;2,225876;2,24781
"87";"1957-03-01";0,292778;0,2374649;3,591537;0,1802444;0,1802444;0,292778;0,2374649;1,939774;3,237724;3,591537;0,3976822;0,6456375;3,591537;0,292778;3,591537;0,1802444;3,268242;0,3528595;0,1802444;0,3070831;0,1802444;0,09346008;0,09822845;0,3528595;0,3070831;0,3528595;3,591537;0,3652573;3,591537;0,1802444;0,292778;3,268242;0,292778;3,268242;0,292778;0,1802444;0,1802444;0,09346008;0,3652573;0,3652573;0,1802444;0,3976822;0,3976822;0,3070831;3,237724;13,35907;2,741814;13,35907;6,527901;11,85226;11,85226;4,476547;3,268242;13,35907;6,953239;11,85226;13,35907;11,85226;6,527901;6,527901;6,527901;3,237724;7,172585;4,476547;7,172585;2,741814;7,172585;3,861427;4,476547;11,85226;6,527901;13,35907;1,939774;6,527901;3,268242;1,939774;13,35907;2,741814;0,3976822;7,172585;11,85226;13,35907;11,85226;3,237724;7,172585;6,527901;6,527901;2,741814;4,476547;3,237724;3,861427;3,237724;13,35907;4,476547;11,85226;13,35907;13,35907;1,939774;3,861427;0,6456375;2,741814;6,527901;6,527901;3,268242;6,527901
"88";"1957-04-01";3,074646;3,099442;5,146027;3,927231;3,927231;3,074646;3,099442;3,959656;5,727768;5,146027;2,609253;2,889633;5,146027;3,074646;5,146027;3,927231;8,844376;2,628326;3,927231;4,699707;3,927231;3,393173;2,809525;2,628326;4,699707;2,628326;5,146027;3,576279;5,146027;3,927231;3,074646;8,844376;3,074646;8,844376;3,074646;3,927231;3,927231;3,393173;3,576279;3,576279;3,927231;2,609253;2,609253;4,699707;5,727768;9,237289;3,946304;9,237289;5,867004;12,41875;12,41875;4,829407;8,844376;9,237289;6,027222;12,41875;9,237289;12,41875;5,867004;5,867004;5,867004;5,727768;8,94928;4,829407;8,94928;3,946304;8,94928;4,653931;4,829407;12,41875;5,867004;9,237289;3,959656;5,867004;8,844376;3,959656;9,237289;3,946304;2,609253;8,94928;12,41875;9,237289;12,41875;5,727768;8,94928;5,867004;5,867004;3,946304;4,829407;5,727768;4,653931;5,727768;9,237289;4,829407;12,41875;9,237289;9,237289;3,959656;4,653931;2,889633;3,946304;5,867004;5,867004;8,844376;5,867004
"89";"1957-05-01";0,9651184;0,9250641;4,428864;1,602173;1,602173;0,9651184;0,9250641;3,702164;4,547119;4,428864;1,691818;1,434326;4,428864;0,9651184;4,428864;1,602173;6,534576;1,293182;1,602173;2,126694;1,602173;1,348495;0,6752014;1,293182;2,126694;1,293182;4,428864;2,088547;4,428864;1,602173;0,9651184;6,534576;0,9651184;6,534576;0,9651184;1,602173;1,602173;1,348495;2,088547;2,088547;1,602173;1,691818;1,691818;2,126694;4,547119;10,11467;2,99263;10,11467;7,455826;14,38141;14,38141;4,068375;6,534576;10,11467;6,986618;14,38141;10,11467;14,38141;7,455826;7,455826;7,455826;4,547119;8,76236;4,068375;8,76236;2,99263;8,76236;3,543854;4,068375;14,38141;7,455826;10,11467;3,702164;7,455826;6,534576;3,702164;10,11467;2,99263;1,691818;8,76236;14,38141;10,11467;14,38141;4,547119;8,76236;7,455826;7,455826;2,99263;4,068375;4,547119;3,543854;4,547119;10,11467;4,068375;14,38141;10,11467;10,11467;3,702164;3,543854;1,434326;2,99263;7,455826;7,455826;6,534576;7,455826
"90";"1957-06-01";4,537582;4,724503;5,001068;5,037308;5,037308;4,537582;4,724503;3,717422;6,151199;5,001068;3,087997;4,28772;5,001068;4,537582;5,001068;5,037308;7,867813;2,943039;5,037308;3,919601;5,037308;4,293442;3,96347;2,943039;3,919601;2,943039;5,001068;3,667831;5,001068;5,037308;4,537582;7,867813;4,537582;7,867813;4,537582;5,037308;5,037308;4,293442;3,667831;3,667831;5,037308;3,087997;3,087997;3,919601;6,151199;5,498886;4,077911;5,498886;4,600525;6,372452;6,372452;5,767822;7,867813;5,498886;6,093979;6,372452;5,498886;6,372452;4,600525;4,600525;4,600525;6,151199;7,068634;5,767822;7,068634;4,077911;7,068634;5,290985;5,767822;6,372452;4,600525;5,498886;3,717422;4,600525;7,867813;3,717422;5,498886;4,077911;3,087997;7,068634;6,372452;5,498886;6,372452;6,151199;7,068634;4,600525;4,600525;4,077911;5,767822;6,151199;5,290985;6,151199;5,498886;5,767822;6,372452;5,498886;5,498886;3,717422;5,290985;4,28772;4,077911;4,600525;4,600525;7,867813;4,600525
"91";"1957-07-01";0,4615784;0,3662109;1,701355;0,9231567;0,9231567;0,4615784;0,3662109;1,586914;1,00708;1,701355;0,8239746;1,140594;1,701355;0,4615784;1,701355;0,9231567;2,029419;0,7133484;0,9231567;0,6713867;0,9231567;0,3929138;0,5187988;0,7133484;0,6713867;0,7133484;1,701355;0,8583069;1,701355;0,9231567;0,4615784;2,029419;0,4615784;2,029419;0,4615784;0,9231567;0,9231567;0,3929138;0,8583069;0,8583069;0,9231567;0,8239746;0,8239746;0,6713867;1,00708;2,227783;4,737854;2,227783;2,71225;1,94931;1,94931;3,90625;2,029419;2,227783;2,502441;1,94931;2,227783;1,94931;2,71225;2,71225;2,71225;1,00708;1,846313;3,90625;1,846313;4,737854;1,846313;6,275177;3,90625;1,94931;2,71225;2,227783;1,586914;2,71225;2,029419;1,586914;2,227783;4,737854;0,8239746;1,846313;1,94931;2,227783;1,94931;1,00708;1,846313;2,71225;2,71225;4,737854;3,90625;1,00708;6,275177;1,00708;2,227783;3,90625;1,94931;2,227783;2,227783;1,586914;6,275177;1,140594;4,737854;2,71225;2,71225;2,029419;2,71225
"92";"1957-08-01";0,8888245;0,5187988;2,410889;1,590729;1,590729;0,8888245;0,5187988;1,813889;1,329422;2,410889;1,476288;1,255035;2,410889;0,8888245;2,410889;1,590729;2,626419;1,241684;1,590729;1,159668;1,590729;0,9422302;0,6351471;1,241684;1,159668;1,241684;2,410889;1,464844;2,410889;1,590729;0,8888245;2,626419;0,8888245;2,626419;0,8888245;1,590729;1,590729;0,9422302;1,464844;1,464844;1,590729;1,476288;1,476288;1,159668;1,329422;2,559662;3,610611;2,559662;2,227783;1,873016;1,873016;3,871918;2,626419;2,559662;2,361298;1,873016;2,559662;1,873016;2,227783;2,227783;2,227783;1,329422;2,054214;3,871918;2,054214;3,610611;2,054214;6,793976;3,871918;1,873016;2,227783;2,559662;1,813889;2,227783;2,626419;1,813889;2,559662;3,610611;1,476288;2,054214;1,873016;2,559662;1,873016;1,329422;2,054214;2,227783;2,227783;3,610611;3,871918;1,329422;6,793976;1,329422;2,559662;3,871918;1,873016;2,559662;2,559662;1,813889;6,793976;1,255035;3,610611;2,227783;2,227783;2,626419;2,227783
"93";"1957-09-01";3,101349;2,54631;6,658554;4,234314;4,234314;3,101349;2,54631;4,585266;4,383087;6,658554;3,078461;3,559113;6,658554;3,101349;6,658554;4,234314;6,952286;4,146576;4,234314;3,076553;4,234314;2,830505;3,213882;4,146576;3,076553;4,146576;6,658554;2,393723;6,658554;4,234314;3,101349;6,952286;3,101349;6,952286;3,101349;4,234314;4,234314;2,830505;2,393723;2,393723;4,234314;3,078461;3,078461;3,076553;4,383087;6,664276;5,61142;6,664276;4,356384;4,781723;4,781723;5,35202;6,952286;6,664276;4,083633;4,781723;6,664276;4,781723;4,356384;4,356384;4,356384;4,383087;5,407333;5,35202;5,407333;5,61142;5,407333;7,164001;5,35202;4,781723;4,356384;6,664276;4,585266;4,356384;6,952286;4,585266;6,664276;5,61142;3,078461;5,407333;4,781723;6,664276;4,781723;4,383087;5,407333;4,356384;4,356384;5,61142;5,35202;4,383087;7,164001;4,383087;6,664276;5,35202;4,781723;6,664276;6,664276;4,585266;7,164001;3,559113;5,61142;4,356384;4,356384;6,952286;4,356384
"94";"1957-10-01";0,4081726;0,3643036;2,248764;0,7705688;0,7705688;0,4081726;0,3643036;1,560211;1,489639;2,248764;0,9441376;1,197815;2,248764;0,4081726;2,248764;0,7705688;2,227783;0,8907318;0,7705688;0,5683899;0,7705688;0,421524;0,1850128;0,8907318;0,5683899;0,8907318;2,248764;0,7343292;2,248764;0,7705688;0,4081726;2,227783;0,4081726;2,227783;0,4081726;0,7705688;0,7705688;0,421524;0,7343292;0,7343292;0,7705688;0,9441376;0,9441376;0,5683899;1,489639;4,091263;1,810074;4,091263;2,117157;3,437042;3,437042;4,030228;2,227783;4,091263;4,880905;3,437042;4,091263;3,437042;2,117157;2,117157;2,117157;1,489639;4,453659;4,030228;4,453659;1,810074;4,453659;3,181458;4,030228;3,437042;2,117157;4,091263;1,560211;2,117157;2,227783;1,560211;4,091263;1,810074;0,9441376;4,453659;3,437042;4,091263;3,437042;1,489639;4,453659;2,117157;2,117157;1,810074;4,030228;1,489639;3,181458;1,489639;4,091263;4,030228;3,437042;4,091263;4,091263;1,560211;3,181458;1,197815;1,810074;2,117157;2,117157;2,227783;2,117157
"95";"1957-11-01";0,9765625;0,9040833;2,063751;1,338959;1,338959;0,9765625;0,9040833;1,415253;1,615524;2,063751;1,607895;1,281738;2,063751;0,9765625;2,063751;1,338959;2,458572;1,068115;1,338959;1,527786;1,338959;1,020432;0,9975433;1,068115;1,527786;1,068115;2,063751;1,613617;2,063751;1,338959;0,9765625;2,458572;0,9765625;2,458572;0,9765625;1,338959;1,338959;1,020432;1,613617;1,613617;1,338959;1,607895;1,607895;1,527786;1,615524;3,227234;1,48201;3,227234;1,695633;3,000259;3,000259;2,363205;2,458572;3,227234;2,422333;3,000259;3,227234;3,000259;1,695633;1,695633;1,695633;1,615524;3,768921;2,363205;3,768921;1,48201;3,768921;1,781464;2,363205;3,000259;1,695633;3,227234;1,415253;1,695633;2,458572;1,415253;3,227234;1,48201;1,607895;3,768921;3,000259;3,227234;3,000259;1,615524;3,768921;1,695633;1,695633;1,48201;2,363205;1,615524;1,781464;1,615524;3,227234;2,363205;3,000259;3,227234;3,227234;1,415253;1,781464;1,281738;1,48201;1,695633;1,695633;2,458572;1,695633
"96";"1957-12-01";0,1163483;0,1468658;1,619339;0,3147125;0,3147125;0,1163483;0,1468658;0,7972717;0,8430481;1,619339;0,4482269;0,4310608;1,619339;0,1163483;1,619339;0,3147125;1,319885;0,3185272;0,3147125;0,1468658;0,3147125;0,03623962;0,01907349;0,3185272;0,1468658;0,3185272;1,619339;0,2994537;1,619339;0,3147125;0,1163483;1,319885;0,1163483;1,319885;0,1163483;0,3147125;0,3147125;0,03623962;0,2994537;0,2994537;0,3147125;0,4482269;0,4482269;0,1468658;0,8430481;4,045486;1,113892;4,045486;1,396179;2,552032;2,552032;1,499176;1,319885;4,045486;1,663208;2,552032;4,045486;2,552032;1,396179;1,396179;1,396179;0,8430481;2,882004;1,499176;2,882004;1,113892;2,882004;1,344681;1,499176;2,552032;1,396179;4,045486;0,7972717;1,396179;1,319885;0,7972717;4,045486;1,113892;0,4482269;2,882004;2,552032;4,045486;2,552032;0,8430481;2,882004;1,396179;1,396179;1,113892;1,499176;0,8430481;1,344681;0,8430481;4,045486;1,499176;2,552032;4,045486;4,045486;0,7972717;1,344681;0,4310608;1,113892;1,396179;1,396179;1,319885;1,396179
"97";"1958-01-01";1,846313;2,056122;3,324509;1,688004;1,688004;1,846313;2,056122;2,447128;3,442764;3,324509;1,405716;2,222061;3,324509;1,846313;3,324509;1,688004;3,427505;1,384735;1,688004;1,523972;1,688004;1,478195;1,838684;1,384735;1,523972;1,384735;3,324509;1,235962;3,324509;1,688004;1,846313;3,427505;1,846313;3,427505;1,846313;1,688004;1,688004;1,478195;1,235962;1,235962;1,688004;1,405716;1,405716;1,523972;3,442764;8,010864;2,305984;8,010864;4,262924;6,639481;6,639481;3,442764;3,427505;8,010864;5,153656;6,639481;8,010864;6,639481;4,262924;4,262924;4,262924;3,442764;4,905701;3,442764;4,905701;2,305984;4,905701;1,79863;3,442764;6,639481;4,262924;8,010864;2,447128;4,262924;3,427505;2,447128;8,010864;2,305984;1,405716;4,905701;6,639481;8,010864;6,639481;3,442764;4,905701;4,262924;4,262924;2,305984;3,442764;3,442764;1,79863;3,442764;8,010864;3,442764;6,639481;8,010864;8,010864;2,447128;1,79863;2,222061;2,305984;4,262924;4,262924;3,427505;4,262924
"98";"1958-02-01";0,6332397;0,5016327;2,826691;0,8029938;0,8029938;0,6332397;0,5016327;1,478195;2,668381;2,826691;0,5989075;0,8144379;2,826691;0,6332397;2,826691;0,8029938;2,971649;0,5149841;0,8029938;0,6542206;0,8029938;0,6580353;0,5130768;0,5149841;0,6542206;0,5149841;2,826691;0,6904602;2,826691;0,8029938;0,6332397;2,971649;0,6332397;2,971649;0,6332397;0,8029938;0,8029938;0,6580353;0,6904602;0,6904602;0,8029938;0,5989075;0,5989075;0,6542206;2,668381;9,45282;2,182007;9,45282;4,640579;8,808136;8,808136;2,416611;2,971649;9,45282;4,241943;8,808136;9,45282;8,808136;4,640579;4,640579;4,640579;2,668381;5,062103;2,416611;5,062103;2,182007;5,062103;1,420975;2,416611;8,808136;4,640579;9,45282;1,478195;4,640579;2,971649;1,478195;9,45282;2,182007;0,5989075;5,062103;8,808136;9,45282;8,808136;2,668381;5,062103;4,640579;4,640579;2,182007;2,416611;2,668381;1,420975;2,668381;9,45282;2,416611;8,808136;9,45282;9,45282;1,478195;1,420975;0,8144379;2,182007;4,640579;4,640579;2,971649;4,640579
"99";"1958-03-01";0,1182556;0,1506805;4,095078;0,05149841;0,05149841;0,1182556;0,1506805;2,168655;2,632141;4,095078;0,1659393;0,4425049;4,095078;0,1182556;4,095078;0,05149841;2,614975;0,1392365;0,05149841;0,1354218;0,05149841;0,02670288;0,05722046;0,1392365;0,1354218;0,1392365;4,095078;0,1430511;4,095078;0,05149841;0,1182556;2,614975;0,1182556;2,614975;0,1182556;0,05149841;0,05149841;0,02670288;0,1430511;0,1430511;0,05149841;0,1659393;0,1659393;0,1354218;2,632141;16,39748;3,061295;16,39748;8,53157;10,60677;10,60677;5,882263;2,614975;16,39748;7,732391;10,60677;16,39748;10,60677;8,53157;8,53157;8,53157;2,632141;6,654739;5,882263;6,654739;3,061295;6,654739;3,990173;5,882263;10,60677;8,53157;16,39748;2,168655;8,53157;2,614975;2,168655;16,39748;3,061295;0,1659393;6,654739;10,60677;16,39748;10,60677;2,632141;6,654739;8,53157;8,53157;3,061295;5,882263;2,632141;3,990173;2,632141;16,39748;5,882263;10,60677;16,39748;16,39748;2,168655;3,990173;0,4425049;3,061295;8,53157;8,53157;2,614975;8,53157
"100";"1958-04-01";1,317978;1,089096;2,906799;1,354218;1,354218;1,317978;1,089096;2,038956;2,550125;2,906799;1,008987;1,050949;2,906799;1,317978;2,906799;1,354218;3,250122;1,157761;1,354218;1,821518;1,354218;1,020432;0,831604;1,157761;1,821518;1,157761;2,906799;1,314163;2,906799;1,354218;1,317978;3,250122;1,317978;3,250122;1,317978;1,354218;1,354218;1,020432;1,314163;1,314163;1,354218;1,008987;1,008987;1,821518;2,550125;5,001068;0,5741119;5,001068;3,826141;5,823135;5,823135;1,110077;3,250122;5,001068;1,274109;5,823135;5,001068;5,823135;3,826141;3,826141;3,826141;2,550125;4,081726;1,110077;4,081726;0,5741119;4,081726;0,8640289;1,110077;5,823135;3,826141;5,001068;2,038956;3,826141;3,250122;2,038956;5,001068;0,5741119;1,008987;4,081726;5,823135;5,001068;5,823135;2,550125;4,081726;3,826141;3,826141;0,5741119;1,110077;2,550125;0,8640289;2,550125;5,001068;1,110077;5,823135;5,001068;5,001068;2,038956;0,8640289;1,050949;0,5741119;3,826141;3,826141;3,250122;3,826141
"101";"1958-05-01";2,607346;2,700806;6,33812;3,767014;3,767014;2,607346;2,700806;3,562927;4,590988;6,33812;2,822876;2,540588;6,33812;2,607346;6,33812;3,767014;7,816315;3,770828;3,767014;5,317688;3,767014;3,726959;2,620697;3,770828;5,317688;3,770828;6,33812;3,505707;6,33812;3,767014;2,607346;7,816315;2,607346;7,816315;2,607346;3,767014;3,767014;3,726959;3,505707;3,505707;3,767014;2,822876;2,822876;5,317688;4,590988;8,094788;2,437592;8,094788;4,4384;8,60405;8,60405;2,815247;7,816315;8,094788;2,759933;8,60405;8,094788;8,60405;4,4384;4,4384;4,4384;4,590988;7,535934;2,815247;7,535934;2,437592;7,535934;2,538681;2,815247;8,60405;4,4384;8,094788;3,562927;4,4384;7,816315;3,562927;8,094788;2,437592;2,822876;7,535934;8,60405;8,094788;8,60405;4,590988;7,535934;4,4384;4,4384;2,437592;2,815247;4,590988;2,538681;4,590988;8,094788;2,815247;8,60405;8,094788;8,094788;3,562927;2,538681;2,540588;2,437592;4,4384;4,4384;7,816315;4,4384
"102";"1958-06-01";3,135681;3,225327;4,190445;3,620148;3,620148;3,135681;3,225327;3,602982;3,778458;4,190445;3,265381;3,364563;4,190445;3,135681;4,190445;3,620148;5,086899;3,643036;3,620148;3,736496;3,620148;3,463745;3,606796;3,643036;3,736496;3,643036;4,190445;3,248215;4,190445;3,620148;3,135681;5,086899;3,135681;5,086899;3,135681;3,620148;3,620148;3,463745;3,248215;3,248215;3,620148;3,265381;3,265381;3,736496;3,778458;4,579544;5,527496;4,579544;4,533768;4,961014;4,961014;5,531311;5,086899;4,579544;5,142212;4,961014;4,579544;4,961014;4,533768;4,533768;4,533768;3,778458;5,577087;5,531311;5,577087;5,527496;5,577087;6,89888;5,531311;4,961014;4,533768;4,579544;3,602982;4,533768;5,086899;3,602982;4,579544;5,527496;3,265381;5,577087;4,961014;4,579544;4,961014;3,778458;5,577087;4,533768;4,533768;5,527496;5,531311;3,778458;6,89888;3,778458;4,579544;5,531311;4,961014;4,579544;4,579544;3,602982;6,89888;3,364563;5,527496;4,533768;4,533768;5,086899;4,533768
"103";"1958-07-01";2,162933;1,335144;6,93512;3,490448;3,490448;2,162933;1,335144;5,268097;3,353119;6,93512;3,559113;3,261566;6,93512;2,162933;6,93512;3,490448;5,413055;4,108429;3,490448;4,020691;3,490448;3,105164;2,655029;4,108429;4,020691;4,108429;6,93512;3,437042;6,93512;3,490448;2,162933;5,413055;2,162933;5,413055;2,162933;3,490448;3,490448;3,105164;3,437042;3,437042;3,490448;3,559113;3,559113;4,020691;3,353119;8,846283;7,816315;8,846283;6,996155;5,821228;5,821228;9,288788;5,413055;8,846283;6,912231;5,821228;8,846283;5,821228;6,996155;6,996155;6,996155;3,353119;5,912781;9,288788;5,912781;7,816315;5,912781;11,97815;9,288788;5,821228;6,996155;8,846283;5,268097;6,996155;5,413055;5,268097;8,846283;7,816315;3,559113;5,912781;5,821228;8,846283;5,821228;3,353119;5,912781;6,996155;6,996155;7,816315;9,288788;3,353119;11,97815;3,353119;8,846283;9,288788;5,821228;8,846283;8,846283;5,268097;11,97815;3,261566;7,816315;6,996155;6,996155;5,413055;6,996155
"104";"1958-08-01";1,514435;1,060486;1,903534;2,147675;2,147675;1,514435;1,060486;0,8792877;1,434326;1,903534;1,138687;1,237869;1,903534;1,514435;1,903534;2,147675;2,464294;1,649857;2,147675;2,445221;2,147675;1,73378;1,66893;1,649857;2,445221;1,649857;1,903534;1,693726;1,903534;2,147675;1,514435;2,464294;1,514435;2,464294;1,514435;2,147675;2,147675;1,73378;1,693726;1,693726;2,147675;1,138687;1,138687;2,445221;1,434326;1,207352;2,750397;1,207352;1,35231;1,203537;1,203537;2,904892;2,464294;1,207352;1,876831;1,203537;1,207352;1,203537;1,35231;1,35231;1,35231;1,434326;1,413345;2,904892;1,413345;2,750397;1,413345;3,96347;2,904892;1,203537;1,35231;1,207352;0,8792877;1,35231;2,464294;0,8792877;1,207352;2,750397;1,138687;1,413345;1,203537;1,207352;1,203537;1,434326;1,413345;1,35231;1,35231;2,750397;2,904892;1,434326;3,96347;1,434326;1,207352;2,904892;1,203537;1,207352;1,207352;0,8792877;3,96347;1,237869;2,750397;1,35231;1,35231;2,464294;1,35231
"105";"1958-09-01";4,211426;2,407074;5,483627;5,544662;5,544662;4,211426;2,407074;4,339218;5,218506;5,483627;3,881454;4,041672;5,483627;4,211426;5,483627;5,544662;6,521225;5,292892;5,544662;6,319046;5,544662;5,552292;5,470276;5,292892;6,319046;5,292892;5,483627;4,240036;5,483627;5,544662;4,211426;6,521225;4,211426;6,521225;4,211426;5,544662;5,544662;5,552292;4,240036;4,240036;5,544662;3,881454;3,881454;6,319046;5,218506;4,669189;6,759644;4,669189;4,457474;5,401611;5,401611;5,577087;6,521225;4,669189;4,205704;5,401611;4,669189;5,401611;4,457474;4,457474;4,457474;5,218506;4,34494;5,577087;4,34494;6,759644;4,34494;8,449554;5,577087;5,401611;4,457474;4,669189;4,339218;4,457474;6,521225;4,339218;4,669189;6,759644;3,881454;4,34494;5,401611;4,669189;5,401611;5,218506;4,34494;4,457474;4,457474;6,759644;5,577087;5,218506;8,449554;5,218506;4,669189;5,577087;5,401611;4,669189;4,669189;4,339218;8,449554;4,041672;6,759644;4,457474;4,457474;6,521225;4,457474
"106";"1958-10-01";1,501083;1,132965;3,965378;2,317429;2,317429;1,501083;1,132965;3,091812;2,876282;3,965378;2,027512;2,326965;3,965378;1,501083;3,965378;2,317429;3,635406;2,155304;2,317429;1,935959;2,317429;1,764297;1,634598;2,155304;1,935959;2,155304;3,965378;1,594543;3,965378;2,317429;1,501083;3,635406;1,501083;3,635406;1,501083;2,317429;2,317429;1,764297;1,594543;1,594543;2,317429;2,027512;2,027512;1,935959;2,876282;5,422592;3,498077;5,422592;4,013062;4,415512;4,415512;6,561279;3,635406;5,422592;5,876541;4,415512;5,422592;4,415512;4,013062;4,013062;4,013062;2,876282;5,1651;6,561279;5,1651;3,498077;5,1651;6,830215;6,561279;4,415512;4,013062;5,422592;3,091812;4,013062;3,635406;3,091812;5,422592;3,498077;2,027512;5,1651;4,415512;5,422592;4,415512;2,876282;5,1651;4,013062;4,013062;3,498077;6,561279;2,876282;6,830215;2,876282;5,422592;6,561279;4,415512;5,422592;5,422592;3,091812;6,830215;2,326965;3,498077;4,013062;4,013062;3,635406;4,013062
"107";"1958-11-01";2,239227;2,090454;5,023956;2,918243;2,918243;2,239227;2,090454;4,058838;3,219604;5,023956;3,538132;2,910614;5,023956;2,239227;5,023956;2,918243;4,388809;3,288269;2,918243;3,206253;2,918243;2,590179;2,244949;3,288269;3,206253;3,288269;5,023956;3,377914;5,023956;2,918243;2,239227;4,388809;2,239227;4,388809;2,239227;2,918243;2,918243;2,590179;3,377914;3,377914;2,918243;3,538132;3,538132;3,206253;3,219604;5,449295;3,541946;5,449295;3,736496;4,343033;4,343033;5,224228;4,388809;5,449295;5,544662;4,343033;5,449295;4,343033;3,736496;3,736496;3,736496;3,219604;4,692078;5,224228;4,692078;3,541946;4,692078;5,025864;5,224228;4,343033;3,736496;5,449295;4,058838;3,736496;4,388809;4,058838;5,449295;3,541946;3,538132;4,692078;4,343033;5,449295;4,343033;3,219604;4,692078;3,736496;3,736496;3,541946;5,224228;3,219604;5,025864;3,219604;5,449295;5,224228;4,343033;5,449295;5,449295;4,058838;5,025864;2,910614;3,541946;3,736496;3,736496;4,388809;3,736496
"108";"1958-12-01";0,7734299;0,8821487;3,572464;1,320839;1,320839;0,7734299;0,8821487;2,584457;1,738548;3,572464;1,834869;1,266479;3,572464;0,7734299;3,572464;1,320839;2,620697;1,680374;1,320839;1,250267;1,320839;0,8497238;0,6828308;1,680374;1,250267;1,680374;3,572464;1,398087;3,572464;1,320839;0,7734299;2,620697;0,7734299;2,620697;0,7734299;1,320839;1,320839;0,8497238;1,398087;1,398087;1,320839;1,834869;1,834869;1,250267;1,738548;6,145477;2,37751;6,145477;3,270149;3,552437;3,552437;2,815247;2,620697;6,145477;3,40271;3,552437;6,145477;3,552437;3,270149;3,270149;3,270149;1,738548;3,602028;2,815247;3,602028;2,37751;3,602028;2,191544;2,815247;3,552437;3,270149;6,145477;2,584457;3,270149;2,620697;2,584457;6,145477;2,37751;1,834869;3,602028;3,552437;6,145477;3,552437;1,738548;3,602028;3,270149;3,270149;2,37751;2,815247;1,738548;2,191544;1,738548;6,145477;2,815247;3,552437;6,145477;6,145477;2,584457;2,191544;1,266479;2,37751;3,270149;3,270149;2,620697;3,270149
"109";"1959-01-01";0,7171631;0,5741119;2,389908;1,081467;1,081467;0,7171631;0,5741119;1,077652;1,535416;2,389908;0,711441;0,8201599;2,389908;0,7171631;2,389908;1,081467;2,061844;1,111984;1,081467;1,104355;1,081467;0,9765625;0,6694794;1,111984;1,104355;1,111984;2,389908;0,6313324;2,389908;1,081467;0,7171631;2,061844;0,7171631;2,061844;0,7171631;1,081467;1,081467;0,9765625;0,6313324;0,6313324;1,081467;0,711441;0,711441;1,104355;1,535416;4,564285;2,687454;4,564285;2,176285;4,199982;4,199982;3,059387;2,061844;4,564285;2,897263;4,199982;4,564285;4,199982;2,176285;2,176285;2,176285;1,535416;3,156662;3,059387;3,156662;2,687454;3,156662;2,653122;3,059387;4,199982;2,176285;4,564285;1,077652;2,176285;2,061844;1,077652;4,564285;2,687454;0,711441;3,156662;4,199982;4,564285;4,199982;1,535416;3,156662;2,176285;2,176285;2,687454;3,059387;1,535416;2,653122;1,535416;4,564285;3,059387;4,199982;4,564285;4,564285;1,077652;2,653122;0,8201599;2,687454;2,176285;2,176285;2,061844;2,176285
"110";"1959-02-01";0,2384186;0,1945496;2,342224;0,4177094;0,4177094;0,2384186;0,1945496;1,365662;1,710892;2,342224;0,5817413;0,8239746;2,342224;0,2384186;2,342224;0,4177094;2,191544;0,5912781;0,4177094;0,497818;0,4177094;0,202179;0,08773804;0,5912781;0,497818;0,5912781;2,342224;0,5073547;2,342224;0,4177094;0,2384186;2,191544;0,2384186;2,191544;0,2384186;0,4177094;0,4177094;0,202179;0,5073547;0,5073547;0,4177094;0,5817413;0,5817413;0,497818;1,710892;6,36673;2,445221;6,36673;3,347397;5,79834;5,79834;3,408432;2,191544;6,36673;3,639221;5,79834;6,36673;5,79834;3,347397;3,347397;3,347397;1,710892;4,039764;3,408432;4,039764;2,445221;4,039764;3,190994;3,408432;5,79834;3,347397;6,36673;1,365662;3,347397;2,191544;1,365662;6,36673;2,445221;0,5817413;4,039764;5,79834;6,36673;5,79834;1,710892;4,039764;3,347397;3,347397;2,445221;3,408432;1,710892;3,190994;1,710892;6,36673;3,408432;5,79834;6,36673;6,36673;1,365662;3,190994;0,8239746;2,445221;3,347397;3,347397;2,191544;3,347397
"111";"1959-03-01";0,4234314;0,4062653;4,724503;0,5817413;0,5817413;0,4234314;0,4062653;2,866745;3,553391;4,724503;0,8163452;1,10054;4,724503;0,4234314;4,724503;0,5817413;4,089355;0,7266998;0,5817413;0,5950928;0,5817413;0,2212524;0,2784729;0,7266998;0,5950928;0,7266998;4,724503;0,5912781;4,724503;0,5817413;0,4234314;4,089355;0,4234314;4,089355;0,4234314;0,5817413;0,5817413;0,2212524;0,5912781;0,5912781;0,5817413;0,8163452;0,8163452;0,5950928;3,553391;15,29884;2,988815;15,29884;7,883072;12,42065;12,42065;4,640579;4,089355;15,29884;5,516052;12,42065;15,29884;12,42065;7,883072;7,883072;7,883072;3,553391;8,800507;4,640579;8,800507;2,988815;8,800507;3,387451;4,640579;12,42065;7,883072;15,29884;2,866745;7,883072;4,089355;2,866745;15,29884;2,988815;0,8163452;8,800507;12,42065;15,29884;12,42065;3,553391;8,800507;7,883072;7,883072;2,988815;4,640579;3,553391;3,387451;3,553391;15,29884;4,640579;12,42065;15,29884;15,29884;2,866745;3,387451;1,10054;2,988815;7,883072;7,883072;4,089355;7,883072
"112";"1959-04-01";2,092361;2,725601;8,066177;3,557205;3,557205;2,092361;2,725601;4,514694;5,498886;8,066177;2,145767;2,527237;8,066177;2,092361;8,066177;3,557205;9,651184;2,943039;3,557205;4,013062;3,557205;2,243042;1,543045;2,943039;4,013062;2,943039;8,066177;3,456116;8,066177;3,557205;2,092361;9,651184;2,092361;9,651184;2,092361;3,557205;3,557205;2,243042;3,456116;3,456116;3,557205;2,145767;2,145767;4,013062;5,498886;14,36615;3,34549;14,36615;8,552551;13,09967;13,09967;7,432938;9,651184;14,36615;9,614944;13,09967;14,36615;13,09967;8,552551;8,552551;8,552551;5,498886;9,010315;7,432938;9,010315;3,34549;9,010315;5,413055;7,432938;13,09967;8,552551;14,36615;4,514694;8,552551;9,651184;4,514694;14,36615;3,34549;2,145767;9,010315;13,09967;14,36615;13,09967;5,498886;9,010315;8,552551;8,552551;3,34549;7,432938;5,498886;5,413055;5,498886;14,36615;7,432938;13,09967;14,36615;14,36615;4,514694;5,413055;2,527237;3,34549;8,552551;8,552551;9,651184;8,552551
"113";"1959-05-01";2,840042;2,103806;4,068375;3,421783;3,421783;2,840042;2,103806;3,450394;3,423691;4,068375;2,319336;2,332687;4,068375;2,840042;4,068375;3,421783;5,554199;2,033234;3,421783;2,660751;3,421783;3,292084;3,608704;2,033234;2,660751;2,033234;4,068375;2,868652;4,068375;3,421783;2,840042;5,554199;2,840042;5,554199;2,840042;3,421783;3,421783;3,292084;2,868652;2,868652;3,421783;2,319336;2,319336;2,660751;3,423691;6,195068;3,936768;6,195068;5,212784;5,504608;5,504608;3,335953;5,554199;6,195068;3,818512;5,504608;6,195068;5,504608;5,212784;5,212784;5,212784;3,423691;4,611969;3,335953;4,611969;3,936768;4,611969;3,538132;3,335953;5,504608;5,212784;6,195068;3,450394;5,212784;5,554199;3,450394;6,195068;3,936768;2,319336;4,611969;5,504608;6,195068;5,504608;3,423691;4,611969;5,212784;5,212784;3,936768;3,335953;3,423691;3,538132;3,423691;6,195068;3,335953;5,504608;6,195068;6,195068;3,450394;3,538132;2,332687;3,936768;5,212784;5,212784;5,554199;5,212784
"114";"1959-06-01";11,11603;9,155273;11,5509;11,37924;11,37924;11,11603;9,155273;10,27679;12,27951;11,5509;7,892609;9,010315;11,5509;11,11603;11,5509;11,37924;13,25226;9,140015;11,37924;9,864807;11,37924;10,97488;10,16998;9,140015;9,864807;9,140015;11,5509;8,647919;11,5509;11,37924;11,11603;13,25226;11,11603;13,25226;11,11603;11,37924;11,37924;10,97488;8,647919;8,647919;11,37924;7,892609;7,892609;9,864807;12,27951;15,73944;15,72418;15,73944;13,7291;17,00974;17,00974;17,18903;13,25226;15,73944;13,38196;17,00974;15,73944;17,00974;13,7291;13,7291;13,7291;12,27951;14,67133;17,18903;14,67133;15,72418;14,67133;20,73288;17,18903;17,00974;13,7291;15,73944;10,27679;13,7291;13,25226;10,27679;15,73944;15,72418;7,892609;14,67133;17,00974;15,73944;17,00974;12,27951;14,67133;13,7291;13,7291;15,72418;17,18903;12,27951;20,73288;12,27951;15,73944;17,18903;17,00974;15,73944;15,73944;10,27679;20,73288;9,010315;15,72418;13,7291;13,7291;13,25226;13,7291
"115";"1959-07-01";3,372192;2,609253;3,543854;4,615784;4,615784;3,372192;2,609253;2,95639;4,199982;3,543854;2,883911;4,013062;3,543854;3,372192;3,543854;4,615784;5,268097;3,330231;4,615784;4,79126;4,615784;5,249023;2,719879;3,330231;4,79126;3,330231;3,543854;4,386902;3,543854;4,615784;3,372192;5,268097;3,372192;5,268097;3,372192;4,615784;4,615784;5,249023;4,386902;4,386902;4,615784;2,883911;2,883911;4,79126;4,199982;3,154755;5,123138;3,154755;3,616333;3,517151;3,517151;5,79071;5,268097;3,154755;4,810333;3,517151;3,154755;3,517151;3,616333;3,616333;3,616333;4,199982;5,10025;5,79071;5,10025;5,123138;5,10025;6,43158;5,79071;3,517151;3,616333;3,154755;2,95639;3,616333;5,268097;2,95639;3,154755;5,123138;2,883911;5,10025;3,517151;3,154755;3,517151;4,199982;5,10025;3,616333;3,616333;5,123138;5,79071;4,199982;6,43158;4,199982;3,154755;5,79071;3,517151;3,154755;3,154755;2,95639;6,43158;4,013062;5,123138;3,616333;3,616333;5,268097;3,616333
"116";"1959-08-01";3,440857;2,071381;3,387451;5,271912;5,271912;3,440857;2,071381;2,056122;3,440857;3,387451;2,258301;3,005981;3,387451;3,440857;3,387451;5,271912;3,543854;2,765656;5,271912;3,139496;5,271912;5,4245;3,040314;2,765656;3,139496;2,765656;3,387451;2,941132;3,387451;5,271912;3,440857;3,543854;3,440857;3,543854;3,440857;5,271912;5,271912;5,4245;2,941132;2,941132;5,271912;2,258301;2,258301;3,139496;3,440857;2,376556;4,306793;2,376556;2,571106;2,029419;2,029419;3,810883;3,543854;2,376556;2,7771;2,029419;2,376556;2,029419;2,571106;2,571106;2,571106;3,440857;2,803802;3,810883;2,803802;4,306793;2,803802;5,931854;3,810883;2,029419;2,571106;2,376556;2,056122;2,571106;3,543854;2,056122;2,376556;4,306793;2,258301;2,803802;2,029419;2,376556;2,029419;3,440857;2,803802;2,571106;2,571106;4,306793;3,810883;3,440857;5,931854;3,440857;2,376556;3,810883;2,029419;2,376556;2,376556;2,056122;5,931854;3,005981;4,306793;2,571106;2,571106;3,543854;2,571106
"117";"1959-09-01";4,51088;3,908157;6,349564;5,94902;5,94902;4,51088;3,908157;3,704071;5,113602;6,349564;3,887177;4,522324;6,349564;4,51088;6,349564;5,94902;6,86264;4,053116;5,94902;3,826141;5,94902;4,850388;4,123688;4,053116;3,826141;4,053116;6,349564;4,037857;6,349564;5,94902;4,51088;6,86264;4,51088;6,86264;4,51088;5,94902;5,94902;4,850388;4,037857;4,037857;5,94902;3,887177;3,887177;3,826141;5,113602;5,203247;5,208969;5,203247;3,669739;4,688263;4,688263;5,834579;6,86264;5,203247;5,771637;4,688263;5,203247;4,688263;3,669739;3,669739;3,669739;5,113602;5,61142;5,834579;5,61142;5,208969;5,61142;6,282806;5,834579;4,688263;3,669739;5,203247;3,704071;3,669739;6,86264;3,704071;5,203247;5,208969;3,887177;5,61142;4,688263;5,203247;4,688263;5,113602;5,61142;3,669739;3,669739;5,208969;5,834579;5,113602;6,282806;5,113602;5,203247;5,834579;4,688263;5,203247;5,203247;3,704071;6,282806;4,522324;5,208969;3,669739;3,669739;6,86264;3,669739
"118";"1959-10-01";5,325317;4,079819;7,440567;6,782532;6,782532;5,325317;4,079819;5,149841;5,781174;7,440567;4,62532;5,371094;7,440567;5,325317;7,440567;6,782532;6,946564;6,649017;6,782532;6,774902;6,782532;6,608963;6,191254;6,649017;6,774902;6,649017;7,440567;5,067825;7,440567;6,782532;5,325317;6,946564;5,325317;6,946564;5,325317;6,782532;6,782532;6,608963;5,067825;5,067825;6,782532;4,62532;4,62532;6,774902;5,781174;9,220123;4,962921;9,220123;6,259918;6,96373;6,96373;8,312225;6,946564;9,220123;8,523941;6,96373;9,220123;6,96373;6,259918;6,259918;6,259918;5,781174;7,862091;8,312225;7,862091;4,962921;7,862091;8,760452;8,312225;6,96373;6,259918;9,220123;5,149841;6,259918;6,946564;5,149841;9,220123;4,962921;4,62532;7,862091;6,96373;9,220123;6,96373;5,781174;7,862091;6,259918;6,259918;4,962921;8,312225;5,781174;8,760452;5,781174;9,220123;8,312225;6,96373;9,220123;9,220123;5,149841;8,760452;5,371094;4,962921;6,259918;6,259918;6,946564;6,259918
"119";"1959-11-01";0,3547668;0,3757477;2,43187;0,4844666;0,4844666;0,3547668;0,3757477;1,48201;1,464844;2,43187;0,9689331;0,9536743;2,43187;0,3547668;2,43187;0,4844666;1,707077;0,6370544;0,4844666;0,2059937;0,4844666;0,1430511;0,1106262;0,6370544;0,2059937;0,6370544;2,43187;0,5168915;2,43187;0,4844666;0,3547668;1,707077;0,3547668;1,707077;0,3547668;0,4844666;0,4844666;0,1430511;0,5168915;0,5168915;0,4844666;0,9689331;0,9689331;0,2059937;1,464844;5,395889;1,844406;5,395889;2,376556;3,566742;3,566742;3,479004;1,707077;5,395889;4,320145;3,566742;5,395889;3,566742;2,376556;2,376556;2,376556;1,464844;4,085541;3,479004;4,085541;1,844406;4,085541;2,256393;3,479004;3,566742;2,376556;5,395889;1,48201;2,376556;1,707077;1,48201;5,395889;1,844406;0,9689331;4,085541;3,566742;5,395889;3,566742;1,464844;4,085541;2,376556;2,376556;1,844406;3,479004;1,464844;2,256393;1,464844;5,395889;3,479004;3,566742;5,395889;5,395889;1,48201;2,256393;0,9536743;1,844406;2,376556;2,376556;1,707077;2,376556
"120";"1959-12-01";0,2002716;0,1544952;2,332687;0,4901886;0,4901886;0,2002716;0,1544952;1,111984;1,220703;2,332687;0,6084442;0,4882812;2,332687;0,2002716;2,332687;0,4901886;1,806259;0,5512238;0,4901886;0,6732941;0,4901886;0,2880096;0,07629395;0,5512238;0,6732941;0,5512238;2,332687;0,6656647;2,332687;0,4901886;0,2002716;1,806259;0,2002716;1,806259;0,2002716;0,4901886;0,4901886;0,2880096;0,6656647;0,6656647;0,4901886;0,6084442;0,6084442;0,6732941;1,220703;6,496429;2,04277;6,496429;2,347946;4,356384;4,356384;3,442764;1,806259;6,496429;3,604889;4,356384;6,496429;4,356384;2,347946;2,347946;2,347946;1,220703;3,713608;3,442764;3,713608;2,04277;3,713608;2,985001;3,442764;4,356384;2,347946;6,496429;1,111984;2,347946;1,806259;1,111984;6,496429;2,04277;0,6084442;3,713608;4,356384;6,496429;4,356384;1,220703;3,713608;2,347946;2,347946;2,04277;3,442764;1,220703;2,985001;1,220703;6,496429;3,442764;4,356384;6,496429;6,496429;1,111984;2,985001;0,4882812;2,04277;2,347946;2,347946;1,806259;2,347946
"121";"1960-01-01";0,1659393;0,1087189;1,47438;0,3318787;0,3318787;0,1659393;0,1087189;0,6599426;0,743866;1,47438;0,2670288;0,4425049;1,47438;0,1659393;1,47438;0,3318787;1,073837;0,3242493;0,3318787;0,2307892;0,3318787;0,2059937;0,1087189;0,3242493;0,2307892;0,3242493;1,47438;0,1983643;1,47438;0,3318787;0,1659393;1,073837;0,1659393;1,073837;0,1659393;0,3318787;0,3318787;0,2059937;0,1983643;0,1983643;0,3318787;0,2670288;0,2670288;0,2307892;0,743866;3,862381;1,771927;3,862381;1,766205;2,323151;2,323151;2,691269;1,073837;3,862381;3,257751;2,323151;3,862381;2,323151;1,766205;1,766205;1,766205;0,743866;2,565384;2,691269;2,565384;1,771927;2,565384;1,916885;2,691269;2,323151;1,766205;3,862381;0,6599426;1,766205;1,073837;0,6599426;3,862381;1,771927;0,2670288;2,565384;2,323151;3,862381;2,323151;0,743866;2,565384;1,766205;1,766205;1,771927;2,691269;0,743866;1,916885;0,743866;3,862381;2,691269;2,323151;3,862381;3,862381;0,6599426;1,916885;0,4425049;1,771927;1,766205;1,766205;1,073837;1,766205
"122";"1960-02-01";0,09536743;0,07820129;0,9450912;0,1077652;0,1077652;0,09536743;0,07820129;0,2126694;0,6256104;0,9450912;0,06961823;0,2412796;0,9450912;0,09536743;0,9450912;0,1077652;0,5922318;0,09918213;0,1077652;0,04863739;0,1077652;0,07534027;0,05912781;0,09918213;0,04863739;0,09918213;0,9450912;0,07820129;0,9450912;0,1077652;0,09536743;0,5922318;0,09536743;0,5922318;0,09536743;0,1077652;0,1077652;0,07534027;0,07820129;0,07820129;0,1077652;0,06961823;0,06961823;0,04863739;0,6256104;3,525734;0,8687973;3,525734;0,8497238;2,307892;2,307892;2,181053;0,5922318;3,525734;2,97451;2,307892;3,525734;2,307892;0,8497238;0,8497238;0,8497238;0,6256104;1,865387;2,181053;1,865387;0,8687973;1,865387;0,9946823;2,181053;2,307892;0,8497238;3,525734;0,2126694;0,8497238;0,5922318;0,2126694;3,525734;0,8687973;0,06961823;1,865387;2,307892;3,525734;2,307892;0,6256104;1,865387;0,8497238;0,8497238;0,8687973;2,181053;0,6256104;0,9946823;0,6256104;3,525734;2,181053;2,307892;3,525734;3,525734;0,2126694;0,9946823;0,2412796;0,8687973;0,8497238;0,8497238;0,5922318;0,8497238
"123";"1960-03-01";0,4844666;0,5340576;2,465248;0,6217957;0,6217957;0,4844666;0,5340576;1,769066;2,346992;2,465248;0,7753372;0,7820129;2,465248;0,4844666;2,465248;0,6217957;2,999306;0,5369186;0,6217957;0,919342;0,6217957;0,4501343;0,2212524;0,5369186;0,919342;0,5369186;2,465248;0,7505417;2,465248;0,6217957;0,4844666;2,999306;0,4844666;2,999306;0,4844666;0,6217957;0,6217957;0,4501343;0,7505417;0,7505417;0,6217957;0,7753372;0,7753372;0,919342;2,346992;6,913185;1,841545;6,913185;3,360748;7,091522;7,091522;3,123283;2,999306;6,913185;3,352165;7,091522;6,913185;7,091522;3,360748;3,360748;3,360748;2,346992;5,423546;3,123283;5,423546;1,841545;5,423546;1,904488;3,123283;7,091522;3,360748;6,913185;1,769066;3,360748;2,999306;1,769066;6,913185;1,841545;0,7753372;5,423546;7,091522;6,913185;7,091522;2,346992;5,423546;3,360748;3,360748;1,841545;3,123283;2,346992;1,904488;2,346992;6,913185;3,123283;7,091522;6,913185;6,913185;1,769066;1,904488;0,7820129;1,841545;3,360748;3,360748;2,999306;3,360748
"124";"1960-04-01";1,522064;1,306534;2,950668;2,010345;2,010345;1,522064;1,306534;2,632141;2,758026;2,950668;1,29509;1,41716;2,950668;1,522064;2,950668;2,010345;4,657745;1,44577;2,010345;1,859665;2,010345;1,337051;0,9288788;1,44577;1,859665;1,44577;2,950668;1,459122;2,950668;2,010345;1,522064;4,657745;1,522064;4,657745;1,522064;2,010345;2,010345;1,337051;1,459122;1,459122;2,010345;1,29509;1,29509;1,859665;2,758026;4,623413;1,085281;4,623413;3,837585;5,041122;5,041122;1,150131;4,657745;4,623413;1,60408;5,041122;4,623413;5,041122;3,837585;3,837585;3,837585;2,758026;4,480362;1,150131;4,480362;1,085281;4,480362;0,3700256;1,150131;5,041122;3,837585;4,623413;2,632141;3,837585;4,657745;2,632141;4,623413;1,085281;1,29509;4,480362;5,041122;4,623413;5,041122;2,758026;4,480362;3,837585;3,837585;1,085281;1,150131;2,758026;0,3700256;2,758026;4,623413;1,150131;5,041122;4,623413;4,623413;2,632141;0,3700256;1,41716;1,085281;3,837585;3,837585;4,657745;3,837585
"125";"1960-05-01";3,709793;3,646851;4,180908;4,640579;4,640579;3,709793;3,646851;3,213882;4,379272;4,180908;2,439499;2,677917;4,180908;3,709793;4,180908;4,640579;8,314133;2,571106;4,640579;3,332138;4,640579;3,782272;3,192902;2,571106;3,332138;2,571106;4,180908;3,15094;4,180908;4,640579;3,709793;8,314133;3,709793;8,314133;3,709793;4,640579;4,640579;3,782272;3,15094;3,15094;4,640579;2,439499;2,439499;3,332138;4,379272;2,819061;1,293182;2,819061;3,753662;5,98526;5,98526;1,569748;8,314133;2,819061;1,331329;5,98526;2,819061;5,98526;3,753662;3,753662;3,753662;4,379272;6,040573;1,569748;6,040573;1,293182;6,040573;1,634598;1,569748;5,98526;3,753662;2,819061;3,213882;3,753662;8,314133;3,213882;2,819061;1,293182;2,439499;6,040573;5,98526;2,819061;5,98526;4,379272;6,040573;3,753662;3,753662;1,293182;1,569748;4,379272;1,634598;4,379272;2,819061;1,569748;5,98526;2,819061;2,819061;3,213882;1,634598;2,677917;1,293182;3,753662;3,753662;8,314133;3,753662
"126";"1960-06-01";3,43132;3,032684;4,878998;4,154205;4,154205;3,43132;3,032684;4,199982;4,230499;4,878998;3,292084;3,614426;4,878998;3,43132;4,878998;4,154205;5,540848;2,975464;4,154205;3,477097;4,154205;3,412247;2,668381;2,975464;3,477097;2,975464;4,878998;3,471375;4,878998;4,154205;3,43132;5,540848;3,43132;5,540848;3,43132;4,154205;4,154205;3,412247;3,471375;3,471375;4,154205;3,292084;3,292084;3,477097;4,230499;4,693985;5,493164;4,693985;5,369186;3,71933;3,71933;6,444931;5,540848;4,693985;4,829407;3,71933;4,693985;3,71933;5,369186;5,369186;5,369186;4,230499;5,508423;6,444931;5,508423;5,493164;5,508423;6,288528;6,444931;3,71933;5,369186;4,693985;4,199982;5,369186;5,540848;4,199982;4,693985;5,493164;3,292084;5,508423;3,71933;4,693985;3,71933;4,230499;5,508423;5,369186;5,369186;5,493164;6,444931;4,230499;6,288528;4,230499;4,693985;6,444931;3,71933;4,693985;4,693985;4,199982;6,288528;3,614426;5,493164;5,369186;5,369186;5,540848;5,369186
"127";"1960-07-01";2,380371;2,304077;4,226685;3,257751;3,257751;2,380371;2,304077;3,177643;3,791809;4,226685;2,490997;3,921509;4,226685;2,380371;4,226685;3,257751;4,79126;2,094269;3,257751;1,811981;3,257751;2,338409;2,26593;2,094269;1,811981;2,094269;4,226685;2,506256;4,226685;3,257751;2,380371;4,79126;2,380371;4,79126;2,380371;3,257751;3,257751;2,338409;2,506256;2,506256;3,257751;2,490997;2,490997;1,811981;3,791809;3,990173;6,004333;3,990173;4,116058;3,974915;3,974915;7,209778;4,79126;3,990173;6,145477;3,974915;3,990173;3,974915;4,116058;4,116058;4,116058;3,791809;5,233765;7,209778;5,233765;6,004333;5,233765;8,628845;7,209778;3,974915;4,116058;3,990173;3,177643;4,116058;4,79126;3,177643;3,990173;6,004333;2,490997;5,233765;3,974915;3,990173;3,974915;3,791809;5,233765;4,116058;4,116058;6,004333;7,209778;3,791809;8,628845;3,791809;3,990173;7,209778;3,974915;3,990173;3,990173;3,177643;8,628845;3,921509;6,004333;4,116058;4,116058;4,79126;4,116058
"128";"1960-08-01";4,995346;3,782272;4,402161;5,710602;5,710602;4,995346;3,782272;3,389359;4,480362;4,402161;3,110886;3,864288;4,402161;4,995346;4,402161;5,710602;5,67627;4,011154;5,710602;4,869461;5,710602;4,814148;4,875183;4,011154;4,869461;4,011154;4,402161;3,910065;4,402161;5,710602;4,995346;5,67627;4,995346;5,67627;4,995346;5,710602;5,710602;4,814148;3,910065;3,910065;5,710602;3,110886;3,110886;4,869461;4,480362;4,491806;5,489349;4,491806;4,072189;4,245758;4,245758;5,983353;5,67627;4,491806;5,132675;4,245758;4,491806;4,245758;4,072189;4,072189;4,072189;4,480362;4,774094;5,983353;4,774094;5,489349;4,774094;7,137299;5,983353;4,245758;4,072189;4,491806;3,389359;4,072189;5,67627;3,389359;4,491806;5,489349;3,110886;4,774094;4,245758;4,491806;4,245758;4,480362;4,774094;4,072189;4,072189;5,489349;5,983353;4,480362;7,137299;4,480362;4,491806;5,983353;4,245758;4,491806;4,491806;3,389359;7,137299;3,864288;5,489349;4,072189;4,072189;5,67627;4,072189
"129";"1960-09-01";6,164551;3,763199;7,757187;6,778717;6,778717;6,164551;3,763199;5,540848;7,562637;7,757187;4,243851;5,573273;7,757187;6,164551;7,757187;6,778717;9,07135;4,789352;6,778717;3,824234;6,778717;5,483627;5,304337;4,789352;3,824234;4,789352;7,757187;3,900528;7,757187;6,778717;6,164551;9,07135;6,164551;9,07135;6,164551;6,778717;6,778717;5,483627;3,900528;3,900528;6,778717;4,243851;4,243851;3,824234;7,562637;11,52229;8,38089;11,52229;6,961823;10,31113;10,31113;7,816315;9,07135;11,52229;7,871628;10,31113;11,52229;10,31113;6,961823;6,961823;6,961823;7,562637;8,541107;7,816315;8,541107;8,38089;8,541107;10,23674;7,816315;10,31113;6,961823;11,52229;5,540848;6,961823;9,07135;5,540848;11,52229;8,38089;4,243851;8,541107;10,31113;11,52229;10,31113;7,562637;8,541107;6,961823;6,961823;8,38089;7,816315;7,562637;10,23674;7,562637;11,52229;7,816315;10,31113;11,52229;11,52229;5,540848;10,23674;5,573273;8,38089;6,961823;6,961823;9,07135;6,961823
"130";"1960-10-01";1,502991;1,23024;3,425598;2,151489;2,151489;1,502991;1,23024;2,27356;2,410889;3,425598;1,466751;2,267838;3,425598;1,502991;3,425598;2,151489;4,049301;1,657486;2,151489;1,625061;2,151489;1,865387;1,514435;1,657486;1,625061;1,657486;3,425598;1,61171;3,425598;2,151489;1,502991;4,049301;1,502991;4,049301;1,502991;2,151489;2,151489;1,865387;1,61171;1,61171;2,151489;1,466751;1,466751;1,625061;2,410889;3,372192;2,817154;3,372192;2,880096;3,763199;3,763199;4,619598;4,049301;3,372192;4,276276;3,763199;3,372192;3,763199;2,880096;2,880096;2,880096;2,410889;4,333496;4,619598;4,333496;2,817154;4,333496;5,699158;4,619598;3,763199;2,880096;3,372192;2,27356;2,880096;4,049301;2,27356;3,372192;2,817154;1,466751;4,333496;3,763199;3,372192;3,763199;2,410889;4,333496;2,880096;2,880096;2,817154;4,619598;2,410889;5,699158;2,410889;3,372192;4,619598;3,763199;3,372192;3,372192;2,27356;5,699158;2,267838;2,817154;2,880096;2,880096;4,049301;2,880096
"131";"1960-11-01";0,2059937;0,2288818;1,296997;0,4196167;0,4196167;0,2059937;0,2288818;0,7247925;0,7019043;1,296997;0,4386902;0,7247925;1,296997;0,2059937;1,296997;0,4196167;1,089096;0,4444122;0,4196167;0,2479553;0,4196167;0,1831055;0,08583069;0,4444122;0,2479553;0,4444122;1,296997;0,3509521;1,296997;0,4196167;0,2059937;1,089096;0,2059937;1,089096;0,2059937;0,4196167;0,4196167;0,1831055;0,3509521;0,3509521;0,4196167;0,4386902;0,4386902;0,2479553;0,7019043;1,846313;1,23024;1,846313;1,098633;1,407623;1,407623;2,708435;1,089096;1,846313;2,405167;1,407623;1,846313;1,407623;1,098633;1,098633;1,098633;0,7019043;2,075195;2,708435;2,075195;1,23024;2,075195;2,462387;2,708435;1,407623;1,098633;1,846313;0,7247925;1,098633;1,089096;0,7247925;1,846313;1,23024;0,4386902;2,075195;1,407623;1,846313;1,407623;0,7019043;2,075195;1,098633;1,098633;1,23024;2,708435;0,7019043;2,462387;0,7019043;1,846313;2,708435;1,407623;1,846313;1,846313;0,7247925;2,462387;0,7247925;1,23024;1,098633;1,098633;1,089096;1,098633
"132";"1960-12-01";0,1964569;0,2126694;1,947403;0,3194809;0,3194809;0,1964569;0,2126694;1,032829;1,439095;1,947403;0,3223419;0,8440018;1,947403;0,1964569;1,947403;0,3194809;1,666069;0,3576279;0,3194809;0,3557205;0,3194809;0,1173019;0,05531311;0,3576279;0,3557205;0,3576279;1,947403;0,3204346;1,947403;0,3194809;0,1964569;1,666069;0,1964569;1,666069;0,1964569;0,3194809;0,3194809;0,1173019;0,3204346;0,3204346;0,3194809;0,3223419;0,3223419;0,3557205;1,439095;5,562782;1,926422;5,562782;2,943993;4,444122;4,444122;4,28772;1,666069;5,562782;5,457878;4,444122;5,562782;4,444122;2,943993;2,943993;2,943993;1,439095;5,013466;4,28772;5,013466;1,926422;5,013466;2,664566;4,28772;4,444122;2,943993;5,562782;1,032829;2,943993;1,666069;1,032829;5,562782;1,926422;0,3223419;5,013466;4,444122;5,562782;4,444122;1,439095;5,013466;2,943993;2,943993;1,926422;4,28772;1,439095;2,664566;1,439095;5,562782;4,28772;4,444122;5,562782;5,562782;1,032829;2,664566;0,8440018;1,926422;2,943993;2,943993;1,666069;2,943993
"133";"1961-01-01";0,2593994;0,2593994;3,313065;0,5187988;0,5187988;0,2593994;0,2593994;1,264572;2,063751;3,313065;0,5016327;0,8621216;3,313065;0,2593994;3,313065;0,5187988;2,584457;0,7190704;0,5187988;0,8430481;0,5187988;0,2250671;0,07820129;0,7190704;0,8430481;0,7190704;3,313065;0,6847382;3,313065;0,5187988;0,2593994;2,584457;0,2593994;2,584457;0,2593994;0,5187988;0,5187988;0,2250671;0,6847382;0,6847382;0,5187988;0,5016327;0,5016327;0,8430481;2,063751;8,335114;1,472473;8,335114;3,234863;6,669998;6,669998;3,900528;2,584457;8,335114;5,239487;6,669998;8,335114;6,669998;3,234863;3,234863;3,234863;2,063751;6,040573;3,900528;6,040573;1,472473;6,040573;2,096176;3,900528;6,669998;3,234863;8,335114;1,264572;3,234863;2,584457;1,264572;8,335114;1,472473;0,5016327;6,040573;6,669998;8,335114;6,669998;2,063751;6,040573;3,234863;3,234863;1,472473;3,900528;2,063751;2,096176;2,063751;8,335114;3,900528;6,669998;8,335114;8,335114;1,264572;2,096176;0,8621216;1,472473;3,234863;3,234863;2,584457;3,234863
"134";"1961-02-01";0,5474091;0,4405975;2,595901;0,6408691;0,6408691;0,5474091;0,4405975;1,285553;2,357483;2,595901;0,3643036;0,7972717;2,595901;0,5474091;2,595901;0,6408691;2,630234;0,4310608;0,6408691;0,4615784;0,6408691;0,5512238;0,3795624;0,4310608;0,4615784;0,4310608;2,595901;0,3242493;2,595901;0,6408691;0,5474091;2,630234;0,5474091;2,630234;0,5474091;0,6408691;0,6408691;0,5512238;0,3242493;0,3242493;0,6408691;0,3643036;0,3643036;0,4615784;2,357483;8,699417;2,008438;8,699417;3,477097;7,801056;7,801056;4,308701;2,630234;8,699417;5,319595;7,801056;8,699417;7,801056;3,477097;3,477097;3,477097;2,357483;5,861282;4,308701;5,861282;2,008438;5,861282;2,733231;4,308701;7,801056;3,477097;8,699417;1,285553;3,477097;2,630234;1,285553;8,699417;2,008438;0,3643036;5,861282;7,801056;8,699417;7,801056;2,357483;5,861282;3,477097;3,477097;2,008438;4,308701;2,357483;2,733231;2,357483;8,699417;4,308701;7,801056;8,699417;8,699417;1,285553;2,733231;0,7972717;2,008438;3,477097;3,477097;2,630234;3,477097
"135";"1961-03-01";0,2422333;0,2632141;2,832413;0,5111694;0,5111694;0,2422333;0,2632141;1,674652;2,849579;2,832413;0,5950928;0,5893707;2,832413;0,2422333;2,832413;0,5111694;3,530502;0,5760193;0,5111694;0,5283356;0,5111694;0,2269745;0,06103516;0,5760193;0,5283356;0,5760193;2,832413;0,5340576;2,832413;0,5111694;0,2422333;3,530502;0,2422333;3,530502;0,2422333;0,5111694;0,5111694;0,2269745;0,5340576;0,5340576;0,5111694;0,5950928;0,5950928;0,5283356;2,849579;7,591248;0,4310608;7,591248;3,753662;9,973526;9,973526;2,182007;3,530502;7,591248;4,230499;9,973526;7,591248;9,973526;3,753662;3,753662;3,753662;2,849579;6,397247;2,182007;6,397247;0,4310608;6,397247;1,647949;2,182007;9,973526;3,753662;7,591248;1,674652;3,753662;3,530502;1,674652;7,591248;0,4310608;0,5950928;6,397247;9,973526;7,591248;9,973526;2,849579;6,397247;3,753662;3,753662;0,4310608;2,182007;2,849579;1,647949;2,849579;7,591248;2,182007;9,973526;7,591248;7,591248;1,674652;1,647949;0,5893707;0,4310608;3,753662;3,753662;3,530502;3,753662
"136";"1961-04-01";0,8659363;0,7133484;2,313614;1,283646;1,283646;0,8659363;0,7133484;1,270294;1,939774;2,313614;0,9059906;0,7705688;2,313614;0,8659363;2,313614;1,283646;2,761841;1,049042;1,283646;1,232147;1,283646;0,9822845;0,6256104;1,049042;1,232147;1,049042;2,313614;1,209259;2,313614;1,283646;0,8659363;2,761841;0,8659363;2,761841;0,8659363;1,283646;1,283646;0,9822845;1,209259;1,209259;1,283646;0,9059906;0,9059906;1,232147;1,939774;4,583359;0,9498596;4,583359;2,36702;4,547119;4,547119;2,069473;2,761841;4,583359;2,998352;4,547119;4,583359;4,547119;2,36702;2,36702;2,36702;1,939774;3,871918;2,069473;3,871918;0,9498596;3,871918;1,10054;2,069473;4,547119;2,36702;4,583359;1,270294;2,36702;2,761841;1,270294;4,583359;0,9498596;0,9059906;3,871918;4,547119;4,583359;4,547119;1,939774;3,871918;2,36702;2,36702;0,9498596;2,069473;1,939774;1,10054;1,939774;4,583359;2,069473;4,547119;4,583359;4,583359;1,270294;1,10054;0,7705688;0,9498596;2,36702;2,36702;2,761841;2,36702
"137";"1961-05-01";2,639771;2,513885;2,70462;2,643585;2,643585;2,639771;2,513885;2,017975;3,173828;2,70462;1,399994;2,147675;2,70462;2,639771;2,70462;2,643585;4,211426;1,930237;2,643585;2,185822;2,643585;1,876831;1,895905;1,930237;2,185822;1,930237;2,70462;1,777649;2,70462;2,643585;2,639771;4,211426;2,639771;4,211426;2,639771;2,643585;2,643585;1,876831;1,777649;1,777649;2,643585;1,399994;1,399994;2,185822;3,173828;3,414154;0,9803772;3,414154;3,257751;3,376007;3,376007;2,536774;4,211426;3,414154;1,38855;3,376007;3,414154;3,376007;3,257751;3,257751;3,257751;3,173828;3,520966;2,536774;3,520966;0,9803772;3,520966;3,295898;2,536774;3,376007;3,257751;3,414154;2,017975;3,257751;4,211426;2,017975;3,414154;0,9803772;1,399994;3,520966;3,376007;3,414154;3,376007;3,173828;3,520966;3,257751;3,257751;0,9803772;2,536774;3,173828;3,295898;3,173828;3,414154;2,536774;3,376007;3,414154;3,414154;2,017975;3,295898;2,147675;0,9803772;3,257751;3,257751;4,211426;3,257751
"138";"1961-06-01";2,868652;2,376556;7,480621;4,188538;4,188538;2,868652;2,376556;5,432129;5,493164;7,480621;3,700256;3,391266;7,480621;2,868652;7,480621;4,188538;7,537842;3,448486;4,188538;3,765106;4,188538;3,395081;2,651215;3,448486;3,765106;3,448486;7,480621;3,566742;7,480621;4,188538;2,868652;7,537842;2,868652;7,537842;2,868652;4,188538;4,188538;3,395081;3,566742;3,566742;4,188538;3,700256;3,700256;3,765106;5,493164;10,65063;6,885529;10,65063;7,003784;10,37598;10,37598;10,98633;7,537842;10,65063;8,823395;10,37598;10,65063;10,37598;7,003784;7,003784;7,003784;5,493164;7,911682;10,98633;7,911682;6,885529;7,911682;12,57324;10,98633;10,37598;7,003784;10,65063;5,432129;7,003784;7,537842;5,432129;10,65063;6,885529;3,700256;7,911682;10,37598;10,65063;10,37598;5,493164;7,911682;7,003784;7,003784;6,885529;10,98633;5,493164;12,57324;5,493164;10,65063;10,98633;10,37598;10,65063;10,65063;5,432129;12,57324;3,391266;6,885529;7,003784;7,003784;7,537842;7,003784
"139";"1961-07-01";1,693726;1,312256;4,753113;2,988815;2,988815;1,693726;1,312256;4,396439;2,878189;4,753113;3,307343;3,21579;4,753113;1,693726;4,753113;2,988815;5,056381;2,557755;2,988815;3,032684;2,988815;2,410889;1,667023;2,557755;3,032684;2,557755;4,753113;3,549576;4,753113;2,988815;1,693726;5,056381;1,693726;5,056381;1,693726;2,988815;2,988815;2,410889;3,549576;3,549576;2,988815;3,307343;3,307343;3,032684;2,878189;4,936218;7,30896;4,936218;5,678177;4,310608;4,310608;7,633209;5,056381;4,936218;7,368088;4,310608;4,936218;4,310608;5,678177;5,678177;5,678177;2,878189;5,468369;7,633209;5,468369;7,30896;5,468369;8,588791;7,633209;4,310608;5,678177;4,936218;4,396439;5,678177;5,056381;4,396439;4,936218;7,30896;3,307343;5,468369;4,310608;4,936218;4,310608;2,878189;5,468369;5,678177;5,678177;7,30896;7,633209;2,878189;8,588791;2,878189;4,936218;7,633209;4,310608;4,936218;4,936218;4,396439;8,588791;3,21579;7,30896;5,678177;5,678177;5,056381;5,678177
"140";"1961-08-01";0,8487701;0,5512238;2,767563;1,811981;1,811981;0,8487701;0,5512238;2,864838;1,060486;2,767563;1,913071;1,045227;2,767563;0,8487701;2,767563;1,811981;2,943039;1,277924;1,811981;1,188278;1,811981;0,9593964;0,6961823;1,277924;1,188278;1,277924;2,767563;1,541138;2,767563;1,811981;0,8487701;2,943039;0,8487701;2,943039;0,8487701;1,811981;1,811981;0,9593964;1,541138;1,541138;1,811981;1,913071;1,913071;1,188278;1,060486;2,824783;3,923416;2,824783;3,074646;1,508713;1,508713;2,725601;2,943039;2,824783;1,82724;1,508713;2,824783;1,508713;3,074646;3,074646;3,074646;1,060486;1,556396;2,725601;1,556396;3,923416;1,556396;4,495621;2,725601;1,508713;3,074646;2,824783;2,864838;3,074646;2,943039;2,864838;2,824783;3,923416;1,913071;1,556396;1,508713;2,824783;1,508713;1,060486;1,556396;3,074646;3,074646;3,923416;2,725601;1,060486;4,495621;1,060486;2,824783;2,725601;1,508713;2,824783;2,824783;2,864838;4,495621;1,045227;3,923416;3,074646;3,074646;2,943039;3,074646
"141";"1961-09-01";2,39563;1,869202;3,675461;2,815247;2,815247;2,39563;1,869202;2,817154;3,883362;3,675461;1,909256;2,42424;3,675461;2,39563;3,675461;2,815247;4,379272;2,498627;2,815247;2,27356;2,815247;2,674103;2,288818;2,498627;2,27356;2,498627;3,675461;1,85585;3,675461;2,815247;2,39563;4,379272;2,39563;4,379272;2,39563;2,815247;2,815247;2,674103;1,85585;1,85585;2,815247;1,909256;1,909256;2,27356;3,883362;3,782272;3,240585;3,782272;3,293991;5,516052;5,516052;4,821777;4,379272;3,782272;3,68309;5,516052;3,782272;5,516052;3,293991;3,293991;3,293991;3,883362;4,499435;4,821777;4,499435;3,240585;4,499435;5,180359;4,821777;5,516052;3,293991;3,782272;2,817154;3,293991;4,379272;2,817154;3,782272;3,240585;1,909256;4,499435;5,516052;3,782272;5,516052;3,883362;4,499435;3,293991;3,293991;3,240585;4,821777;3,883362;5,180359;3,883362;3,782272;4,821777;5,516052;3,782272;3,782272;2,817154;5,180359;2,42424;3,240585;3,293991;3,293991;4,379272;3,293991
"142";"1961-10-01";0,6866455;0,5912781;2,174377;1,091003;1,091003;0,6866455;0,5912781;2,006531;1,64032;2,174377;1,556396;1,041412;2,174377;0,6866455;2,174377;1,091003;2,315521;1,037598;1,091003;0,6065369;1,091003;0,3738403;0,289917;1,037598;0,6065369;1,037598;2,174377;1,060486;2,174377;1,091003;0,6866455;2,315521;0,6866455;2,315521;0,6866455;1,091003;1,091003;0,3738403;1,060486;1,060486;1,091003;1,556396;1,556396;0,6065369;1,64032;2,983093;2,098083;2,983093;1,876831;2,368927;2,368927;2,998352;2,315521;2,983093;2,239227;2,368927;2,983093;2,368927;1,876831;1,876831;1,876831;1,64032;2,750397;2,998352;2,750397;2,098083;2,750397;3,479004;2,998352;2,368927;1,876831;2,983093;2,006531;1,876831;2,315521;2,006531;2,983093;2,098083;1,556396;2,750397;2,368927;2,983093;2,368927;1,64032;2,750397;1,876831;1,876831;2,098083;2,998352;1,64032;3,479004;1,64032;2,983093;2,998352;2,368927;2,983093;2,983093;2,006531;3,479004;1,041412;2,098083;1,876831;1,876831;2,315521;1,876831
"143";"1961-11-01";1,785278;1,686096;3,004074;1,789093;1,789093;1,785278;1,686096;3,387451;3,669739;3,004074;2,202988;3,044128;3,004074;1,785278;3,004074;1,789093;3,824234;1,424789;1,789093;1,041412;1,789093;1,274109;1,182556;1,424789;1,041412;1,424789;3,004074;1,636505;3,004074;1,789093;1,785278;3,824234;1,785278;3,824234;1,785278;1,789093;1,789093;1,274109;1,636505;1,636505;1,789093;2,202988;2,202988;1,041412;3,669739;4,880905;4,737854;4,880905;4,297256;6,223679;6,223679;6,845474;3,824234;4,880905;6,698608;6,223679;4,880905;6,223679;4,297256;4,297256;4,297256;3,669739;6,397247;6,845474;6,397247;4,737854;6,397247;7,535934;6,845474;6,223679;4,297256;4,880905;3,387451;4,297256;3,824234;3,387451;4,880905;4,737854;2,202988;6,397247;6,223679;4,880905;6,223679;3,669739;6,397247;4,297256;4,297256;4,737854;6,845474;3,669739;7,535934;3,669739;4,880905;6,845474;6,223679;4,880905;4,880905;3,387451;7,535934;3,044128;4,737854;4,297256;4,297256;3,824234;4,297256
"144";"1961-12-01";0,202179;0,1926422;2,147675;0,535965;0,535965;0,202179;0,1926422;0,8945465;1,249313;2,147675;0,4444122;0,6713867;2,147675;0,202179;2,147675;0,535965;2,132416;0,5130768;0,535965;0,3376007;0,535965;0,08583069;0,04768372;0,5130768;0,3376007;0,5130768;2,147675;0,2975464;2,147675;0,535965;0,202179;2,132416;0,202179;2,132416;0,202179;0,535965;0,535965;0,08583069;0,2975464;0,2975464;0,535965;0,4444122;0,4444122;0,3376007;1,249313;4,955292;1,255035;4,955292;1,567841;3,799438;3,799438;1,991272;2,132416;4,955292;3,065109;3,799438;4,955292;3,799438;1,567841;1,567841;1,567841;1,249313;3,707886;1,991272;3,707886;1,255035;3,707886;1,61171;1,991272;3,799438;1,567841;4,955292;0,8945465;1,567841;2,132416;0,8945465;4,955292;1,255035;0,4444122;3,707886;3,799438;4,955292;3,799438;1,249313;3,707886;1,567841;1,567841;1,255035;1,991272;1,249313;1,61171;1,249313;4,955292;1,991272;3,799438;4,955292;4,955292;0,8945465;1,61171;0,6713867;1,255035;1,567841;1,567841;2,132416;1,567841
"145";"1962-01-01";0,08392334;0,08773804;1,024246;0,1335144;0,1335144;0,08392334;0,08773804;0,3128052;0,5149841;1,024246;0,1335144;0,295639;1,024246;0,08392334;1,024246;0,1335144;0,6275177;0,1602173;0,1335144;0,03623962;0,1335144;0,009536743;0,009536743;0,1602173;0,03623962;0,1602173;1,024246;0,06866455;1,024246;0,1335144;0,08392334;0,6275177;0,08392334;0,6275177;0,08392334;0,1335144;0,1335144;0,009536743;0,06866455;0,06866455;0,1335144;0,1335144;0,1335144;0,03623962;0,5149841;2,986908;0,6027222;2,986908;0,6790161;1,508713;1,508713;1,48201;0,6275177;2,986908;1,688004;1,508713;2,986908;1,508713;0,6790161;0,6790161;0,6790161;0,5149841;1,878738;1,48201;1,878738;0,6027222;1,878738;0,8621216;1,48201;1,508713;0,6790161;2,986908;0,3128052;0,6790161;0,6275177;0,3128052;2,986908;0,6027222;0,1335144;1,878738;1,508713;2,986908;1,508713;0,5149841;1,878738;0,6790161;0,6790161;0,6027222;1,48201;0,5149841;0,8621216;0,5149841;2,986908;1,48201;1,508713;2,986908;2,986908;0,3128052;0,8621216;0,295639;0,6027222;0,6790161;0,6790161;0,6275177;0,6790161
"146";"1962-02-01";0,2346039;0,2012253;1,457214;0,5569458;0,5569458;0,2346039;0,2012253;0,585556;0,4968643;1,457214;0,4930496;0,1850128;1,457214;0,2346039;1,457214;0,5569458;1,31321;0,5083084;0,5569458;0,41008;0,5569458;0,1449585;0,1096725;0,5083084;0,41008;0,5083084;1,457214;0,4262924;1,457214;0,5569458;0,2346039;1,31321;0,2346039;1,31321;0,2346039;0,5569458;0,5569458;0,1449585;0,4262924;0,4262924;0,5569458;0,4930496;0,4930496;0,41008;0,4968643;1,822472;0,3681183;1,822472;0,6856918;1,032829;1,032829;0,4844666;1,31321;1,822472;0,4444122;1,032829;1,822472;1,032829;0,6856918;0,6856918;0,6856918;0,4968643;0,8211136;0,4844666;0,8211136;0,3681183;0,8211136;0,3786087;0,4844666;1,032829;0,6856918;1,822472;0,585556;0,6856918;1,31321;0,585556;1,822472;0,3681183;0,4930496;0,8211136;1,032829;1,822472;1,032829;0,4968643;0,8211136;0,6856918;0,6856918;0,3681183;0,4844666;0,4968643;0,3786087;0,4968643;1,822472;0,4844666;1,032829;1,822472;1,822472;0,585556;0,3786087;0,1850128;0,3681183;0,6856918;0,6856918;1,31321;0,6856918
"147";"1962-03-01";0,3547668;0,2994537;3,377914;0,6980896;0,6980896;0,3547668;0,2994537;1,190186;1,480103;3,377914;0,50354;0,6542206;3,377914;0,3547668;3,377914;0,6980896;2,370834;1,094818;0,6980896;0,6217957;0,6980896;0,2193451;0,1773834;1,094818;0,6217957;1,094818;3,377914;0,3433228;3,377914;0,6980896;0,3547668;2,370834;0,3547668;2,370834;0,3547668;0,6980896;0,6980896;0,2193451;0,3433228;0,3433228;0,6980896;0,50354;0,50354;0,6217957;1,480103;7,072449;1,29509;7,072449;2,407074;4,339218;4,339218;2,977371;2,370834;7,072449;3,799438;4,339218;7,072449;4,339218;2,407074;2,407074;2,407074;1,480103;4,188538;2,977371;4,188538;1,29509;4,188538;1,218796;2,977371;4,339218;2,407074;7,072449;1,190186;2,407074;2,370834;1,190186;7,072449;1,29509;0,50354;4,188538;4,339218;7,072449;4,339218;1,480103;4,188538;2,407074;2,407074;1,29509;2,977371;1,480103;1,218796;1,480103;7,072449;2,977371;4,339218;7,072449;7,072449;1,190186;1,218796;0,6542206;1,29509;2,407074;2,407074;2,370834;2,407074
"148";"1962-04-01";1,966476;1,57547;7,091522;3,452301;3,452301;1,966476;1,57547;6,77681;3,81279;7,091522;4,039764;1,955032;7,091522;1,966476;7,091522;3,452301;6,795883;4,077911;3,452301;4,104614;3,452301;2,630234;1,869202;4,077911;4,104614;4,077911;7,091522;3,65448;7,091522;3,452301;1,966476;6,795883;1,966476;6,795883;1,966476;3,452301;3,452301;2,630234;3,65448;3,65448;3,452301;4,039764;4,039764;4,104614;3,81279;9,679794;4,053116;9,679794;9,122849;7,932663;7,932663;3,980637;6,795883;9,679794;4,972458;7,932663;9,679794;7,932663;9,122849;9,122849;9,122849;3,81279;7,083893;3,980637;7,083893;4,053116;7,083893;2,449036;3,980637;7,932663;9,122849;9,679794;6,77681;9,122849;6,795883;6,77681;9,679794;4,053116;4,039764;7,083893;7,932663;9,679794;7,932663;3,81279;7,083893;9,122849;9,122849;4,053116;3,980637;3,81279;2,449036;3,81279;9,679794;3,980637;7,932663;9,679794;9,679794;6,77681;2,449036;1,955032;4,053116;9,122849;9,122849;6,795883;9,122849
"149";"1962-05-01";1,621246;1,199722;2,645493;2,386093;2,386093;1,621246;1,199722;2,088547;2,218246;2,645493;1,434326;1,659393;2,645493;1,621246;2,645493;2,386093;3,803253;1,821518;2,386093;2,573013;2,386093;2,334595;1,588821;1,821518;2,573013;1,821518;2,645493;1,873016;2,645493;2,386093;1,621246;3,803253;1,621246;3,803253;1,621246;2,386093;2,386093;2,334595;1,873016;1,873016;2,386093;1,434326;1,434326;2,573013;2,218246;2,35939;2,681732;2,35939;2,76947;2,241135;2,241135;1,935959;3,803253;2,35939;1,962662;2,241135;2,35939;2,241135;2,76947;2,76947;2,76947;2,218246;2,758026;1,935959;2,758026;2,681732;2,758026;1,947403;1,935959;2,241135;2,76947;2,35939;2,088547;2,76947;3,803253;2,088547;2,35939;2,681732;1,434326;2,758026;2,241135;2,35939;2,241135;2,218246;2,758026;2,76947;2,76947;2,681732;1,935959;2,218246;1,947403;2,218246;2,35939;1,935959;2,241135;2,35939;2,35939;2,088547;1,947403;1,659393;2,681732;2,76947;2,76947;3,803253;2,76947
"150";"1962-06-01";1,70517;1,25885;2,672195;2,380371;2,380371;1,70517;1,25885;1,3237;2,559662;2,672195;1,441956;2,090454;2,672195;1,70517;2,672195;2,380371;3,465652;2,576828;2,380371;3,423691;2,380371;2,447128;1,943588;2,576828;3,423691;2,576828;2,672195;2,138138;2,672195;2,380371;1,70517;3,465652;1,70517;3,465652;1,70517;2,380371;2,380371;2,447128;2,138138;2,138138;2,380371;1,441956;1,441956;3,423691;2,559662;2,061844;3,393173;2,061844;2,141953;1,979828;1,979828;2,58255;3,465652;2,061844;1,57547;1,979828;2,061844;1,979828;2,141953;2,141953;2,141953;2,559662;2,267838;2,58255;2,267838;3,393173;2,267838;4,001617;2,58255;1,979828;2,141953;2,061844;1,3237;2,141953;3,465652;1,3237;2,061844;3,393173;1,441956;2,267838;1,979828;2,061844;1,979828;2,559662;2,267838;2,141953;2,141953;3,393173;2,58255;2,559662;4,001617;2,559662;2,061844;2,58255;1,979828;2,061844;2,061844;1,3237;4,001617;2,090454;3,393173;2,141953;2,141953;3,465652;2,141953
"151";"1962-07-01";1,003265;0,743866;1,951218;1,794815;1,794815;1,003265;0,743866;1,745224;1,394272;1,951218;1,184464;1,60408;1,951218;1,003265;1,951218;1,794815;2,447128;1,018524;1,794815;1,66893;1,794815;1,842499;1,180649;1,018524;1,66893;1,018524;1,951218;1,390457;1,951218;1,794815;1,003265;2,447128;1,003265;2,447128;1,003265;1,794815;1,794815;1,842499;1,390457;1,390457;1,794815;1,184464;1,184464;1,66893;1,394272;2,634048;5,332947;2,634048;2,92778;2,286911;2,286911;3,410339;2,447128;2,634048;3,194809;2,286911;2,634048;2,286911;2,92778;2,92778;2,92778;1,394272;2,223969;3,410339;2,223969;5,332947;2,223969;5,674362;3,410339;2,286911;2,92778;2,634048;1,745224;2,92778;2,447128;1,745224;2,634048;5,332947;1,184464;2,223969;2,286911;2,634048;2,286911;1,394272;2,223969;2,92778;2,92778;5,332947;3,410339;1,394272;5,674362;1,394272;2,634048;3,410339;2,286911;2,634048;2,634048;1,745224;5,674362;1,60408;5,332947;2,92778;2,92778;2,447128;2,92778
"152";"1962-08-01";1,102448;0,5435944;2,239227;1,974106;1,974106;1,102448;0,5435944;1,466751;1,085281;2,239227;1,512527;0,8525848;2,239227;1,102448;2,239227;1,974106;2,470016;1,409531;1,974106;1,53923;1,974106;1,588821;1,171112;1,409531;1,53923;1,409531;2,239227;1,649857;2,239227;1,974106;1,102448;2,470016;1,102448;2,470016;1,102448;1,974106;1,974106;1,588821;1,649857;1,649857;1,974106;1,512527;1,512527;1,53923;1,085281;1,384735;2,962112;1,384735;1,466751;0,9403229;0,9403229;2,098083;2,470016;1,384735;1,062393;0,9403229;1,384735;0,9403229;1,466751;1,466751;1,466751;1,085281;1,10054;2,098083;1,10054;2,962112;1,10054;3,595352;2,098083;0,9403229;1,466751;1,384735;1,466751;1,466751;2,470016;1,466751;1,384735;2,962112;1,512527;1,10054;0,9403229;1,384735;0,9403229;1,085281;1,10054;1,466751;1,466751;2,962112;2,098083;1,085281;3,595352;1,085281;1,384735;2,098083;0,9403229;1,384735;1,384735;1,466751;3,595352;0,8525848;2,962112;1,466751;1,466751;2,470016;1,466751
"153";"1962-09-01";2,241135;1,592636;4,171371;3,149033;3,149033;2,241135;1,592636;3,070831;2,998352;4,171371;2,717972;2,937317;4,171371;2,241135;4,171371;3,149033;4,095078;2,132416;3,149033;2,35939;3,149033;3,21579;2,325058;2,132416;2,35939;2,132416;4,171371;2,946854;4,171371;3,149033;2,241135;4,095078;2,241135;4,095078;2,241135;3,149033;3,149033;3,21579;2,946854;2,946854;3,149033;2,717972;2,717972;2,35939;2,998352;4,722595;5,231857;4,722595;4,032135;3,116608;3,116608;6,605148;4,095078;4,722595;4,518509;3,116608;4,722595;3,116608;4,032135;4,032135;4,032135;2,998352;3,854752;6,605148;3,854752;5,231857;3,854752;9,292603;6,605148;3,116608;4,032135;4,722595;3,070831;4,032135;4,095078;3,070831;4,722595;5,231857;2,717972;3,854752;3,116608;4,722595;3,116608;2,998352;3,854752;4,032135;4,032135;5,231857;6,605148;2,998352;9,292603;2,998352;4,722595;6,605148;3,116608;4,722595;4,722595;3,070831;9,292603;2,937317;5,231857;4,032135;4,032135;4,095078;4,032135
"154";"1962-10-01";1,232147;1,861572;1,358032;1,091003;1,091003;1,232147;1,861572;0,8087158;1,312256;1,358032;0,7324219;1,220703;1,358032;1,232147;1,358032;1,091003;1,525879;0,5874634;1,091003;1,338959;1,091003;1,277924;1,426697;0,5874634;1,338959;0,5874634;1,358032;1,167297;1,358032;1,091003;1,232147;1,525879;1,232147;1,525879;1,232147;1,091003;1,091003;1,277924;1,167297;1,167297;1,091003;0,7324219;0,7324219;1,338959;1,312256;1,972198;1,701355;1,972198;1,049042;1,987457;1,987457;2,891541;1,525879;1,972198;2,593994;1,987457;1,972198;1,987457;1,049042;1,049042;1,049042;1,312256;2,239227;2,891541;2,239227;1,701355;2,239227;3,726959;2,891541;1,987457;1,049042;1,972198;0,8087158;1,049042;1,525879;0,8087158;1,972198;1,701355;0,7324219;2,239227;1,987457;1,972198;1,987457;1,312256;2,239227;1,049042;1,049042;1,701355;2,891541;1,312256;3,726959;1,312256;1,972198;2,891541;1,987457;1,972198;1,972198;0,8087158;3,726959;1,220703;1,701355;1,049042;1,049042;1,525879;1,049042
"155";"1962-11-01";0,5025864;0,6189346;1,570702;0,5273819;0,5273819;0,5025864;0,6189346;0,86689;1,73378;1,570702;0,3442764;0,790596;1,570702;0,5025864;1,570702;0,5273819;2,212524;0,3490448;0,5273819;0,4987717;0,5273819;0,3938675;0,3442764;0,3490448;0,4987717;0,3490448;1,570702;0,2698898;1,570702;0,5273819;0,5025864;2,212524;0,5025864;2,212524;0,5025864;0,5273819;0,5273819;0,3938675;0,2698898;0,2698898;0,5273819;0,3442764;0,3442764;0,4987717;1,73378;4,875183;1,954079;4,875183;1,813889;4,943848;4,943848;2,75135;2,212524;4,875183;2,783775;4,943848;4,875183;4,943848;1,813889;1,813889;1,813889;1,73378;4,741669;2,75135;4,741669;1,954079;4,741669;2,405167;2,75135;4,943848;1,813889;4,875183;0,86689;1,813889;2,212524;0,86689;4,875183;1,954079;0,3442764;4,741669;4,943848;4,875183;4,943848;1,73378;4,741669;1,813889;1,813889;1,954079;2,75135;1,73378;2,405167;1,73378;4,875183;2,75135;4,943848;4,875183;4,875183;0,86689;2,405167;0,790596;1,954079;1,813889;1,813889;2,212524;1,813889
"156";"1962-12-01";0,3376007;0,3166199;2,897263;0,5760193;0,5760193;0,3376007;0,3166199;1,235962;1,976013;2,897263;0,5836487;0,8239746;2,897263;0,3376007;2,897263;0,5760193;2,592087;0,7305145;0,5760193;0,7419586;0,5760193;0,2098083;0,2002716;0,7305145;0,7419586;0,7305145;2,897263;0,585556;2,897263;0,5760193;0,3376007;2,592087;0,3376007;2,592087;0,3376007;0,5760193;0,5760193;0,2098083;0,585556;0,585556;0,5760193;0,5836487;0,5836487;0,7419586;1,976013;7,101059;1,57547;7,101059;2,225876;6,349564;6,349564;2,407074;2,592087;7,101059;3,213882;6,349564;7,101059;6,349564;2,225876;2,225876;2,225876;1,976013;4,821777;2,407074;4,821777;1,57547;4,821777;1,865387;2,407074;6,349564;2,225876;7,101059;1,235962;2,225876;2,592087;1,235962;7,101059;1,57547;0,5836487;4,821777;6,349564;7,101059;6,349564;1,976013;4,821777;2,225876;2,225876;1,57547;2,407074;1,976013;1,865387;1,976013;7,101059;2,407074;6,349564;7,101059;7,101059;1,235962;1,865387;0,8239746;1,57547;2,225876;2,225876;2,592087;2,225876
"157";"1963-01-01";0,09155273;0,0629425;1,478195;0,2822876;0,2822876;0,09155273;0,0629425;0,3471375;0,8220673;1,478195;0,2365112;0,3299713;1,478195;0,09155273;1,478195;0,2822876;1,131058;0,3890991;0,2822876;0,2212524;0,2822876;0,1163483;0,05531311;0,3890991;0,2212524;0,3890991;1,478195;0,207901;1,478195;0,2822876;0,09155273;1,131058;0,09155273;1,131058;0,09155273;0,2822876;0,2822876;0,1163483;0,207901;0,207901;0,2822876;0,2365112;0,2365112;0,2212524;0,8220673;3,894806;1,214981;3,894806;0,8945465;3,072739;3,072739;2,580643;1,131058;3,894806;3,046036;3,072739;3,894806;3,072739;0,8945465;0,8945465;0,8945465;0,8220673;2,857208;2,580643;2,857208;1,214981;2,857208;1,483917;2,580643;3,072739;0,8945465;3,894806;0,3471375;0,8945465;1,131058;0,3471375;3,894806;1,214981;0,2365112;2,857208;3,072739;3,894806;3,072739;0,8220673;2,857208;0,8945465;0,8945465;1,214981;2,580643;0,8220673;1,483917;0,8220673;3,894806;2,580643;3,072739;3,894806;3,894806;0,3471375;1,483917;0,3299713;1,214981;0,8945465;0,8945465;1,131058;0,8945465
"158";"1963-02-01";0,1792908;0,1621246;1,014709;0,1239777;0,1239777;0,1792908;0,1621246;0,453949;0,8506775;1,014709;0,2155304;0,3643036;1,014709;0,1792908;1,014709;0,1239777;0,7953644;0,1678467;0,1239777;0,0667572;0,1239777;0,03623962;0,03814697;0,1678467;0,0667572;0,1678467;1,014709;0,1430511;1,014709;0,1239777;0,1792908;0,7953644;0,1792908;0,7953644;0,1792908;0,1239777;0,1239777;0,03623962;0,1430511;0,1430511;0,1239777;0,2155304;0,2155304;0,0667572;0,8506775;3,17955;0,9822845;3,17955;0,9994507;2,35939;2,35939;1,522064;0,7953644;3,17955;2,536774;2,35939;3,17955;2,35939;0,9994507;0,9994507;0,9994507;0,8506775;1,939774;1,522064;1,939774;0,9822845;1,939774;0,6866455;1,522064;2,35939;0,9994507;3,17955;0,453949;0,9994507;0,7953644;0,453949;3,17955;0,9822845;0,2155304;1,939774;2,35939;3,17955;2,35939;0,8506775;1,939774;0,9994507;0,9994507;0,9822845;1,522064;0,8506775;0,6866455;0,8506775;3,17955;1,522064;2,35939;3,17955;3,17955;0,453949;0,6866455;0,3643036;0,9822845;0,9994507;0,9994507;0,7953644;0,9994507
"159";"1963-03-01";0,6504059;0,4367828;2,775192;1,159668;1,159668;0,6504059;0,4367828;0,8907318;1,218796;2,775192;0,7381439;0,5760193;2,775192;0,6504059;2,775192;1,159668;2,447128;1,253128;1,159668;1,487732;1,159668;0,7610321;0,4310608;1,253128;1,487732;1,253128;2,775192;0,9899139;2,775192;1,159668;0,6504059;2,447128;0,6504059;2,447128;0,6504059;1,159668;1,159668;0,7610321;0,9899139;0,9899139;1,159668;0,7381439;0,7381439;1,487732;1,218796;3,02887;0,5340576;3,02887;1,178741;2,313614;2,313614;1,155853;2,447128;3,02887;1,371384;2,313614;3,02887;2,313614;1,178741;1,178741;1,178741;1,218796;2,161026;1,155853;2,161026;0,5340576;2,161026;0,4520416;1,155853;2,313614;1,178741;3,02887;0,8907318;1,178741;2,447128;0,8907318;3,02887;0,5340576;0,7381439;2,161026;2,313614;3,02887;2,313614;1,218796;2,161026;1,178741;1,178741;0,5340576;1,155853;1,218796;0,4520416;1,218796;3,02887;1,155853;2,313614;3,02887;3,02887;0,8907318;0,4520416;0,5760193;0,5340576;1,178741;1,178741;2,447128;1,178741
"160";"1963-04-01";0,6027222;0,617981;1,438141;1,211166;1,211166;0,6027222;0,617981;0,9651184;1,182556;1,438141;0,8506775;0,6217957;1,438141;0,6027222;1,438141;1,211166;2,441406;0,8068085;1,211166;1,256943;1,211166;1,039505;0,453949;0,8068085;1,256943;0,8068085;1,438141;1,127243;1,438141;1,211166;0,6027222;2,441406;0,6027222;2,441406;0,6027222;1,211166;1,211166;1,039505;1,127243;1,127243;1,211166;0,8506775;0,8506775;1,256943;1,182556;1,014709;0,7743835;1,014709;0,8354187;2,355576;2,355576;0,5397797;2,441406;1,014709;0,4863739;2,355576;1,014709;2,355576;0,8354187;0,8354187;0,8354187;1,182556;2,149582;0,5397797;2,149582;0,7743835;2,149582;0,6313324;0,5397797;2,355576;0,8354187;1,014709;0,9651184;0,8354187;2,441406;0,9651184;1,014709;0,7743835;0,8506775;2,149582;2,355576;1,014709;2,355576;1,182556;2,149582;0,8354187;0,8354187;0,7743835;0,5397797;1,182556;0,6313324;1,182556;1,014709;0,5397797;2,355576;1,014709;1,014709;0,9651184;0,6313324;0,6217957;0,7743835;0,8354187;0,8354187;2,441406;0,8354187
"161";"1963-05-01";4,018784;3,160477;3,505707;5,008698;5,008698;4,018784;3,160477;2,943039;4,888535;3,505707;2,420425;2,826691;3,505707;4,018784;3,505707;5,008698;6,238937;3,27301;5,008698;4,846573;5,008698;4,94194;3,503799;3,27301;4,846573;3,27301;3,505707;3,446579;3,505707;5,008698;4,018784;6,238937;4,018784;6,238937;4,018784;5,008698;5,008698;4,94194;3,446579;3,446579;5,008698;2,420425;2,420425;4,846573;4,888535;4,148483;3,047943;4,148483;4,779816;5,239487;5,239487;3,393173;6,238937;4,148483;3,499985;5,239487;4,148483;5,239487;4,779816;4,779816;4,779816;4,888535;4,663467;3,393173;4,663467;3,047943;4,663467;3,065109;3,393173;5,239487;4,779816;4,148483;2,943039;4,779816;6,238937;2,943039;4,148483;3,047943;2,420425;4,663467;5,239487;4,148483;5,239487;4,888535;4,663467;4,779816;4,779816;3,047943;3,393173;4,888535;3,065109;4,888535;4,148483;3,393173;5,239487;4,148483;4,148483;2,943039;3,065109;2,826691;3,047943;4,779816;4,779816;6,238937;4,779816
"162";"1963-06-01";5,172729;4,966736;5,653381;5,842209;5,842209;5,172729;4,966736;3,675461;6,507874;5,653381;3,271103;6,07872;5,653381;5,172729;5,653381;5,842209;6,847382;3,389359;5,842209;4,299164;5,842209;5,357742;5,142212;3,389359;4,299164;3,389359;5,653381;3,540039;5,653381;5,842209;5,172729;6,847382;5,172729;6,847382;5,172729;5,842209;5,842209;5,357742;3,540039;3,540039;5,842209;3,271103;3,271103;4,299164;6,507874;4,804611;4,69017;4,804611;4,40979;5,065918;5,065918;4,613876;6,847382;4,804611;4,4384;5,065918;4,804611;5,065918;4,40979;4,40979;4,40979;6,507874;6,549835;4,613876;6,549835;4,69017;6,549835;4,945755;4,613876;5,065918;4,40979;4,804611;3,675461;4,40979;6,847382;3,675461;4,804611;4,69017;3,271103;6,549835;5,065918;4,804611;5,065918;6,507874;6,549835;4,40979;4,40979;4,69017;4,613876;6,507874;4,945755;6,507874;4,804611;4,613876;5,065918;4,804611;4,804611;3,675461;4,945755;6,07872;4,69017;4,40979;4,40979;6,847382;4,40979
"163";"1963-07-01";2,250671;1,739502;3,452301;3,406525;3,406525;2,250671;1,739502;3,417969;3,253937;3,452301;2,536774;2,960205;3,452301;2,250671;3,452301;3,406525;4,379272;3,288269;3,406525;4,146576;3,406525;3,818512;2,483368;3,288269;4,146576;3,288269;3,452301;3,040314;3,452301;3,406525;2,250671;4,379272;2,250671;4,379272;2,250671;3,406525;3,406525;3,818512;3,040314;3,040314;3,406525;2,536774;2,536774;4,146576;3,253937;3,528595;5,550385;3,528595;4,074097;3,368378;3,368378;6,195068;4,379272;3,528595;4,016876;3,368378;3,528595;3,368378;4,074097;4,074097;4,074097;3,253937;3,833771;6,195068;3,833771;5,550385;3,833771;8,529663;6,195068;3,368378;4,074097;3,528595;3,417969;4,074097;4,379272;3,417969;3,528595;5,550385;2,536774;3,833771;3,368378;3,528595;3,368378;3,253937;3,833771;4,074097;4,074097;5,550385;6,195068;3,253937;8,529663;3,253937;3,528595;6,195068;3,368378;3,528595;3,528595;3,417969;8,529663;2,960205;5,550385;4,074097;4,074097;4,379272;4,074097
"164";"1963-08-01";1,720428;1,171112;2,544403;2,13623;2,13623;1,720428;1,171112;1,928329;2,622604;2,544403;1,94931;1,86348;2,544403;1,720428;2,544403;2,13623;2,628326;2,147675;2,13623;2,325058;2,13623;2,248764;1,777649;2,147675;2,325058;2,147675;2,544403;2,046585;2,544403;2,13623;1,720428;2,628326;1,720428;2,628326;1,720428;2,13623;2,13623;2,248764;2,046585;2,046585;2,13623;1,94931;1,94931;2,325058;2,622604;2,35939;3,339767;2,35939;2,161026;1,571655;1,571655;3,52478;2,628326;2,35939;2,130508;1,571655;2,35939;1,571655;2,161026;2,161026;2,161026;2,622604;1,720428;3,52478;1,720428;3,339767;1,720428;5,329132;3,52478;1,571655;2,161026;2,35939;1,928329;2,161026;2,628326;1,928329;2,35939;3,339767;1,94931;1,720428;1,571655;2,35939;1,571655;2,622604;1,720428;2,161026;2,161026;3,339767;3,52478;2,622604;5,329132;2,622604;2,35939;3,52478;1,571655;2,35939;2,35939;1,928329;5,329132;1,86348;3,339767;2,161026;2,161026;2,628326;2,161026
"165";"1963-09-01";4,5681;3,507614;4,842758;3,538132;3,538132;4,5681;3,507614;3,988266;5,008698;4,842758;2,96402;3,469467;4,842758;4,5681;4,842758;3,538132;5,205154;2,820969;3,538132;2,14386;3,538132;2,48909;4,413605;2,820969;2,14386;2,820969;4,842758;2,559662;4,842758;3,538132;4,5681;5,205154;4,5681;5,205154;4,5681;3,538132;3,538132;2,48909;2,559662;2,559662;3,538132;2,96402;2,96402;2,14386;5,008698;5,456924;3,957748;5,456924;3,894806;5,0354;5,0354;4,997253;5,205154;5,456924;4,049301;5,0354;5,456924;5,0354;3,894806;3,894806;3,894806;5,008698;5,298615;4,997253;5,298615;3,957748;5,298615;6,286621;4,997253;5,0354;3,894806;5,456924;3,988266;3,894806;5,205154;3,988266;5,456924;3,957748;2,96402;5,298615;5,0354;5,456924;5,0354;5,008698;5,298615;3,894806;3,894806;3,957748;4,997253;5,008698;6,286621;5,008698;5,456924;4,997253;5,0354;5,456924;5,456924;3,988266;6,286621;3,469467;3,957748;3,894806;3,894806;5,205154;3,894806
"166";"1963-10-01";1,379013;1,398087;4,938126;1,749039;1,749039;1,379013;1,398087;1,962662;2,420425;4,938126;1,829147;1,428604;4,938126;1,379013;4,938126;1,749039;4,070282;2,328873;1,749039;2,696991;1,749039;1,596451;1,4534;2,328873;2,696991;2,328873;4,938126;1,935959;4,938126;1,749039;1,379013;4,070282;1,379013;4,070282;1,379013;1,749039;1,749039;1,596451;1,935959;1,935959;1,749039;1,829147;1,829147;2,696991;2,420425;5,941391;0,7209778;5,941391;1,729965;3,845215;3,845215;1,960754;4,070282;5,941391;1,922607;3,845215;5,941391;3,845215;1,729965;1,729965;1,729965;2,420425;3,858566;1,960754;3,858566;0,7209778;3,858566;1,76239;1,960754;3,845215;1,729965;5,941391;1,962662;1,729965;4,070282;1,962662;5,941391;0,7209778;1,829147;3,858566;3,845215;5,941391;3,845215;2,420425;3,858566;1,729965;1,729965;0,7209778;1,960754;2,420425;1,76239;2,420425;5,941391;1,960754;3,845215;5,941391;5,941391;1,962662;1,76239;1,428604;0,7209778;1,729965;1,729965;4,070282;1,729965
"167";"1963-11-01";0,7457733;0,6465912;3,379822;1,016617;1,016617;0,7457733;0,6465912;1,411438;2,651215;3,379822;0,6046295;1,024246;3,379822;0,7457733;3,379822;1,016617;3,326416;0,8583069;1,016617;0,623703;1,016617;0,459671;0,4501343;0,8583069;0,623703;0,8583069;3,379822;0,6217957;3,379822;1,016617;0,7457733;3,326416;0,7457733;3,326416;0,7457733;1,016617;1,016617;0,459671;0,6217957;0,6217957;1,016617;0,6046295;0,6046295;0,623703;2,651215;7,284164;1,817703;7,284164;2,971649;6,065369;6,065369;2,166748;3,326416;7,284164;3,444672;6,065369;7,284164;6,065369;2,971649;2,971649;2,971649;2,651215;4,669189;2,166748;4,669189;1,817703;4,669189;1,569748;2,166748;6,065369;2,971649;7,284164;1,411438;2,971649;3,326416;1,411438;7,284164;1,817703;0,6046295;4,669189;6,065369;7,284164;6,065369;2,651215;4,669189;2,971649;2,971649;1,817703;2,166748;2,651215;1,569748;2,651215;7,284164;2,166748;6,065369;7,284164;7,284164;1,411438;1,569748;1,024246;1,817703;2,971649;2,971649;3,326416;2,971649
"168";"1963-12-01";0,1926422;0,1716614;2,855301;0,5168915;0,5168915;0,1926422;0,1716614;1,237869;1,693726;2,855301;0,6885529;0,869751;2,855301;0,1926422;2,855301;0,5168915;2,275467;0,6713867;0,5168915;0,5474091;0,5168915;0,2193451;0,1010895;0,6713867;0,5474091;0,6713867;2,855301;0,5226135;2,855301;0,5168915;0,1926422;2,275467;0,1926422;2,275467;0,1926422;0,5168915;0,5168915;0,2193451;0,5226135;0,5226135;0,5168915;0,6885529;0,6885529;0,5474091;1,693726;7,383347;2,01416;7,383347;2,58255;5,840302;5,840302;3,74794;2,275467;7,383347;6,437302;5,840302;7,383347;5,840302;2,58255;2,58255;2,58255;1,693726;5,66864;3,74794;5,66864;2,01416;5,66864;1,958847;3,74794;5,840302;2,58255;7,383347;1,237869;2,58255;2,275467;1,237869;7,383347;2,01416;0,6885529;5,66864;5,840302;7,383347;5,840302;1,693726;5,66864;2,58255;2,58255;2,01416;3,74794;1,693726;1,958847;1,693726;7,383347;3,74794;5,840302;7,383347;7,383347;1,237869;1,958847;0,869751;2,01416;2,58255;2,58255;2,275467;2,58255
"169";"1964-01-01";0,6580353;0,6008148;2,725601;0,9899139;0,9899139;0,6580353;0,6008148;1,564026;1,333237;2,725601;0,8182526;0,8411407;2,725601;0,6580353;2,725601;0,9899139;1,932144;0,9918213;0,9899139;0,8029938;0,9899139;0,5702972;0,6103516;0,9918213;0,8029938;0,9918213;2,725601;0,7190704;2,725601;0,9899139;0,6580353;1,932144;0,6580353;1,932144;0,6580353;0,9899139;0,9899139;0,5702972;0,7190704;0,7190704;0,9899139;0,8182526;0,8182526;0,8029938;1,333237;4,394531;1,110077;4,394531;3,1147;2,490997;2,490997;1,241684;1,932144;4,394531;2,344131;2,490997;4,394531;2,490997;3,1147;3,1147;3,1147;1,333237;2,256393;1,241684;2,256393;1,110077;2,256393;0,7724762;1,241684;2,490997;3,1147;4,394531;1,564026;3,1147;1,932144;1,564026;4,394531;1,110077;0,8182526;2,256393;2,490997;4,394531;2,490997;1,333237;2,256393;3,1147;3,1147;1,110077;1,241684;1,333237;0,7724762;1,333237;4,394531;1,241684;2,490997;4,394531;4,394531;1,564026;0,7724762;0,8411407;1,110077;3,1147;3,1147;1,932144;3,1147
"170";"1964-02-01";0,1077652;0,1487732;1,849174;0,2250671;0,2250671;0,1077652;0,1487732;1,220703;0,8707047;1,849174;0,2393723;0,3395081;1,849174;0,1077652;1,849174;0,2250671;1,112938;0,2775192;0,2250671;0,202179;0,2250671;0,09727478;0,05149841;0,2775192;0,202179;0,2775192;1,849174;0,1688004;1,849174;0,2250671;0,1077652;1,112938;0,1077652;1,112938;0,1077652;0,2250671;0,2250671;0,09727478;0,1688004;0,1688004;0,2250671;0,2393723;0,2393723;0,202179;0,8707047;5,608559;1,982689;5,608559;4,127502;3,155708;3,155708;2,66552;1,112938;5,608559;3,311157;3,155708;5,608559;3,155708;4,127502;4,127502;4,127502;0,8707047;2,776146;2,66552;2,776146;1,982689;2,776146;1,400948;2,66552;3,155708;4,127502;5,608559;1,220703;4,127502;1,112938;1,220703;5,608559;1,982689;0,2393723;2,776146;3,155708;5,608559;3,155708;0,8707047;2,776146;4,127502;4,127502;1,982689;2,66552;0,8707047;1,400948;0,8707047;5,608559;2,66552;3,155708;5,608559;5,608559;1,220703;1,400948;0,3395081;1,982689;4,127502;4,127502;1,112938;4,127502
"171";"1964-03-01";0,7858276;0,6332397;5,334854;1,420975;1,420975;0,7858276;0,6332397;2,61879;3,238678;5,334854;1,148224;0,995636;5,334854;0,7858276;5,334854;1,420975;5,018234;1,976013;1,420975;2,573013;1,420975;0,8068085;0,5149841;1,976013;2,573013;1,976013;5,334854;1,600266;5,334854;1,420975;0,7858276;5,018234;0,7858276;5,018234;0,7858276;1,420975;1,420975;0,8068085;1,600266;1,600266;1,420975;1,148224;1,148224;2,573013;3,238678;11,72638;1,237869;11,72638;5,811691;10,14519;10,14519;3,49617;5,018234;11,72638;4,432678;10,14519;11,72638;10,14519;5,811691;5,811691;5,811691;3,238678;6,832123;3,49617;6,832123;1,237869;6,832123;2,622604;3,49617;10,14519;5,811691;11,72638;2,61879;5,811691;5,018234;2,61879;11,72638;1,237869;1,148224;6,832123;10,14519;11,72638;10,14519;3,238678;6,832123;5,811691;5,811691;1,237869;3,49617;3,238678;2,622604;3,238678;11,72638;3,49617;10,14519;11,72638;11,72638;2,61879;2,622604;0,995636;1,237869;5,811691;5,811691;5,018234;5,811691
"172";"1964-04-01";1,371384;0,9841919;2,393723;2,29454;2,29454;1,371384;0,9841919;2,561569;1,724243;2,393723;1,970291;1,047134;2,393723;1,371384;2,393723;2,29454;3,87001;1,781464;2,29454;2,54631;2,29454;1,749039;0,8640289;1,781464;2,54631;1,781464;2,393723;2,458572;2,393723;2,29454;1,371384;3,87001;1,371384;3,87001;1,371384;2,29454;2,29454;1,749039;2,458572;2,458572;2,29454;1,970291;1,970291;2,54631;1,724243;1,20163;1,195908;1,20163;2,634048;1,861572;1,861572;1,314163;3,87001;1,20163;1,25885;1,861572;1,20163;1,861572;2,634048;2,634048;2,634048;1,724243;1,871109;1,314163;1,871109;1,195908;1,871109;1,224518;1,314163;1,861572;2,634048;1,20163;2,561569;2,634048;3,87001;2,561569;1,20163;1,195908;1,970291;1,871109;1,861572;1,20163;1,861572;1,724243;1,871109;2,634048;2,634048;1,195908;1,314163;1,724243;1,224518;1,724243;1,20163;1,314163;1,861572;1,20163;1,20163;2,561569;1,224518;1,047134;1,195908;2,634048;2,634048;3,87001;2,634048
"173";"1964-05-01";2,149582;1,596451;3,87001;3,002167;3,002167;2,149582;1,596451;3,227234;2,490997;3,87001;2,561569;1,930237;3,87001;2,149582;3,87001;3,002167;4,743576;2,351761;3,002167;3,36647;3,002167;3,332138;2,792358;2,351761;3,36647;2,351761;3,87001;3,017426;3,87001;3,002167;2,149582;4,743576;2,149582;4,743576;2,149582;3,002167;3,002167;3,332138;3,017426;3,017426;3,002167;2,561569;2,561569;3,36647;2,490997;3,145218;3,58963;3,145218;3,509521;2,580643;2,580643;2,716064;4,743576;3,145218;1,935959;2,580643;3,145218;2,580643;3,509521;3,509521;3,509521;2,490997;3,503799;2,716064;3,503799;3,58963;3,503799;3,58963;2,716064;2,580643;3,509521;3,145218;3,227234;3,509521;4,743576;3,227234;3,145218;3,58963;2,561569;3,503799;2,580643;3,145218;2,580643;2,490997;3,503799;3,509521;3,509521;3,58963;2,716064;2,490997;3,58963;2,490997;3,145218;2,716064;2,580643;3,145218;3,145218;3,227234;3,58963;1,930237;3,58963;3,509521;3,509521;4,743576;3,509521
"174";"1964-06-01";3,793716;2,290726;6,641388;6,231308;6,231308;3,793716;2,290726;5,38826;4,188538;6,641388;4,991531;3,56102;6,641388;3,793716;6,641388;6,231308;7,865906;4,896164;6,231308;4,81987;6,231308;4,968643;4,257202;4,896164;4,81987;4,896164;6,641388;5,046844;6,641388;6,231308;3,793716;7,865906;3,793716;7,865906;3,793716;6,231308;6,231308;4,968643;5,046844;5,046844;6,231308;4,991531;4,991531;4,81987;4,188538;5,865097;7,570267;5,865097;5,983353;4,665375;4,665375;8,680344;7,865906;5,865097;6,010056;4,665375;5,865097;4,665375;5,983353;5,983353;5,983353;4,188538;6,025314;8,680344;6,025314;7,570267;6,025314;9,496689;8,680344;4,665375;5,983353;5,865097;5,38826;5,983353;7,865906;5,38826;5,865097;7,570267;4,991531;6,025314;4,665375;5,865097;4,665375;4,188538;6,025314;5,983353;5,983353;7,570267;8,680344;4,188538;9,496689;4,188538;5,865097;8,680344;4,665375;5,865097;5,865097;5,38826;9,496689;3,56102;7,570267;5,983353;5,983353;7,865906;5,983353
"175";"1964-07-01";1,647949;1,203537;3,067017;2,349854;2,349854;1,647949;1,203537;2,389908;2,35939;3,067017;1,741409;2,220154;3,067017;1,647949;3,067017;2,349854;3,252029;1,998901;2,349854;2,321243;2,349854;1,716614;1,20163;1,998901;2,321243;1,998901;3,067017;1,95694;3,067017;2,349854;1,647949;3,252029;1,647949;3,252029;1,647949;2,349854;2,349854;1,716614;1,95694;1,95694;2,349854;1,741409;1,741409;2,321243;2,35939;2,691269;5,962372;2,691269;3,307343;2,054214;2,054214;3,271103;3,252029;2,691269;2,096176;2,054214;2,691269;2,054214;3,307343;3,307343;3,307343;2,35939;2,515793;3,271103;2,515793;5,962372;2,515793;5,788803;3,271103;2,054214;3,307343;2,691269;2,389908;3,307343;3,252029;2,389908;2,691269;5,962372;1,741409;2,515793;2,054214;2,691269;2,054214;2,35939;2,515793;3,307343;3,307343;5,962372;3,271103;2,35939;5,788803;2,35939;2,691269;3,271103;2,054214;2,691269;2,691269;2,389908;5,788803;2,220154;5,962372;3,307343;3,307343;3,252029;3,307343
"176";"1964-08-01";0,7915497;0,5073547;1,585007;1,577377;1,577377;0,7915497;0,5073547;1,590729;1,039505;1,585007;1,35994;0,8945465;1,585007;0,7915497;1,585007;1,577377;2,040863;0,9498596;1,577377;1,029968;1,577377;1,066208;0,7476807;0,9498596;1,029968;0,9498596;1,585007;1,478195;1,585007;1,577377;0,7915497;2,040863;0,7915497;2,040863;0,7915497;1,577377;1,577377;1,066208;1,478195;1,478195;1,577377;1,35994;1,35994;1,029968;1,039505;1,157761;2,157211;1,157761;1,407623;0,8621216;0,8621216;1,758575;2,040863;1,157761;0,9727478;0,8621216;1,157761;0,8621216;1,407623;1,407623;1,407623;1,039505;0,8964539;1,758575;0,8964539;2,157211;0,8964539;3,440857;1,758575;0,8621216;1,407623;1,157761;1,590729;1,407623;2,040863;1,590729;1,157761;2,157211;1,35994;0,8964539;0,8621216;1,157761;0,8621216;1,039505;0,8964539;1,407623;1,407623;2,157211;1,758575;1,039505;3,440857;1,039505;1,157761;1,758575;0,8621216;1,157761;1,157761;1,590729;3,440857;0,8945465;2,157211;1,407623;1,407623;2,040863;1,407623
"177";"1964-09-01";1,512527;0,9212494;3,08609;2,616882;2,616882;1,512527;0,9212494;3,358841;1,741409;3,08609;2,351761;1,781464;3,08609;1,512527;3,08609;2,616882;3,257751;1,958847;2,616882;2,059937;2,616882;1,928329;1,592636;1,958847;2,059937;1,958847;3,08609;1,752853;3,08609;2,616882;1,512527;3,257751;1,512527;3,257751;1,512527;2,616882;2,616882;1,928329;1,752853;1,752853;2,616882;2,351761;2,351761;2,059937;1,741409;2,550125;4,901886;2,550125;2,885818;2,212524;2,212524;3,824234;3,257751;2,550125;2,39563;2,212524;2,550125;2,212524;2,885818;2,885818;2,885818;1,741409;2,319336;3,824234;2,319336;4,901886;2,319336;6,710052;3,824234;2,212524;2,885818;2,550125;3,358841;2,885818;3,257751;3,358841;2,550125;4,901886;2,351761;2,319336;2,212524;2,550125;2,212524;1,741409;2,319336;2,885818;2,885818;4,901886;3,824234;1,741409;6,710052;1,741409;2,550125;3,824234;2,212524;2,550125;2,550125;3,358841;6,710052;1,781464;4,901886;2,885818;2,885818;3,257751;2,885818
"178";"1964-10-01";1,096725;0,66185;2,826691;1,483917;1,483917;1,096725;0,66185;1,569748;2,13623;2,826691;1,079559;1,457214;2,826691;1,096725;2,826691;1,483917;2,979279;1,041412;1,483917;0,2975464;1,483917;0,5836487;1,119614;1,041412;0,2975464;1,041412;2,826691;0,5970001;2,826691;1,483917;1,096725;2,979279;1,096725;2,979279;1,096725;1,483917;1,483917;0,5836487;0,5970001;0,5970001;1,483917;1,079559;1,079559;0,2975464;2,13623;4,478455;1,556396;4,478455;1,588821;3,400803;3,400803;3,831863;2,979279;4,478455;3,381729;3,400803;4,478455;3,400803;1,588821;1,588821;1,588821;2,13623;4,415512;3,831863;4,415512;1,556396;4,415512;2,893448;3,831863;3,400803;1,588821;4,478455;1,569748;1,588821;2,979279;1,569748;4,478455;1,556396;1,079559;4,415512;3,400803;4,478455;3,400803;2,13623;4,415512;1,588821;1,588821;1,556396;3,831863;2,13623;2,893448;2,13623;4,478455;3,831863;3,400803;4,478455;4,478455;1,569748;2,893448;1,457214;1,556396;1,588821;1,588821;2,979279;1,588821
"179";"1964-11-01";1,091003;0,6160736;3,890991;2,241135;2,241135;1,091003;0,6160736;3,522873;1,548767;3,890991;2,361298;1,3237;3,890991;1,091003;3,890991;2,241135;3,372192;2,225876;2,241135;1,48201;2,241135;1,218796;0,9479523;2,225876;1,48201;2,225876;3,890991;1,647949;3,890991;2,241135;1,091003;3,372192;1,091003;3,372192;1,091003;2,241135;2,241135;1,218796;1,647949;1,647949;2,241135;2,361298;2,361298;1,48201;1,548767;3,610611;2,336502;3,610611;3,103256;2,68364;2,68364;3,52478;3,372192;3,610611;3,305435;2,68364;3,610611;2,68364;3,103256;3,103256;3,103256;1,548767;3,040314;3,52478;3,040314;2,336502;3,040314;3,835678;3,52478;2,68364;3,103256;3,610611;3,522873;3,103256;3,372192;3,522873;3,610611;2,336502;2,361298;3,040314;2,68364;3,610611;2,68364;1,548767;3,040314;3,103256;3,103256;2,336502;3,52478;1,548767;3,835678;1,548767;3,610611;3,52478;2,68364;3,610611;3,610611;3,522873;3,835678;1,3237;2,336502;3,103256;3,103256;3,372192;3,103256
"180";"1964-12-01";0,2441406;0,1888275;1,940727;0,6151199;0,6151199;0,2441406;0,1888275;0,91362;0,8573532;1,940727;0,5044937;0,875473;1,940727;0,2441406;1,940727;0,6151199;1,59359;0,6408691;0,6151199;0,3900528;0,6151199;0,2155304;0,1535416;0,6408691;0,3900528;0,6408691;1,940727;0,3099442;1,940727;0,6151199;0,2441406;1,59359;0,2441406;1,59359;0,2441406;0,6151199;0,6151199;0,2155304;0,3099442;0,3099442;0,6151199;0,5044937;0,5044937;0,3900528;0,8573532;3,040314;0,9469986;3,040314;1,369476;2,211571;2,211571;2,367973;1,59359;3,040314;4,159927;2,211571;3,040314;2,211571;1,369476;1,369476;1,369476;0,8573532;2,366066;2,367973;2,366066;0,9469986;2,366066;1,249313;2,367973;2,211571;1,369476;3,040314;0,91362;1,369476;1,59359;0,91362;3,040314;0,9469986;0,5044937;2,366066;2,211571;3,040314;2,211571;0,8573532;2,366066;1,369476;1,369476;0,9469986;2,367973;0,8573532;1,249313;0,8573532;3,040314;2,367973;2,211571;3,040314;3,040314;0,91362;1,249313;0,875473;0,9469986;1,369476;1,369476;1,59359;1,369476
"181";"1965-01-01";0,5016327;0,5455017;1,441956;0,5817413;0,5817413;0,5016327;0,5455017;1,033783;1,155853;1,441956;0,875473;0,8506775;1,441956;0,5016327;1,441956;0,5817413;1,354218;0,5626678;0,5817413;0,5683899;0,5817413;0,4577637;0,4367828;0,5626678;0,5683899;0,5626678;1,441956;0,7534027;1,441956;0,5817413;0,5016327;1,354218;0,5016327;1,354218;0,5016327;0,5817413;0,5817413;0,4577637;0,7534027;0,7534027;0,5817413;0,875473;0,875473;0,5683899;1,155853;3,059387;1,096725;3,059387;1,289368;2,624512;2,624512;2,244949;1,354218;3,059387;2,534866;2,624512;3,059387;2,624512;1,289368;1,289368;1,289368;1,155853;2,653122;2,244949;2,653122;1,096725;2,653122;1,649857;2,244949;2,624512;1,289368;3,059387;1,033783;1,289368;1,354218;1,033783;3,059387;1,096725;0,875473;2,653122;2,624512;3,059387;2,624512;1,155853;2,653122;1,289368;1,289368;1,096725;2,244949;1,155853;1,649857;1,155853;3,059387;2,244949;2,624512;3,059387;3,059387;1,033783;1,649857;0,8506775;1,096725;1,289368;1,289368;1,354218;1,289368
"182";"1965-02-01";1,224518;1,089096;3,919601;1,041412;1,041412;1,224518;1,089096;1,993179;3,108978;3,919601;1,10817;1,415253;3,919601;1,224518;3,919601;1,041412;3,318787;1,430511;1,041412;1,796722;1,041412;0,9765625;0,8430481;1,430511;1,796722;1,430511;3,919601;1,356125;3,919601;1,041412;1,224518;3,318787;1,224518;3,318787;1,224518;1,041412;1,041412;0,9765625;1,356125;1,356125;1,041412;1,10817;1,10817;1,796722;3,108978;11,0302;2,262115;11,0302;4,674911;8,197784;8,197784;2,977371;3,318787;11,0302;3,608704;8,197784;11,0302;8,197784;4,674911;4,674911;4,674911;3,108978;6,153107;2,977371;6,153107;2,262115;6,153107;1,659393;2,977371;8,197784;4,674911;11,0302;1,993179;4,674911;3,318787;1,993179;11,0302;2,262115;1,10817;6,153107;8,197784;11,0302;8,197784;3,108978;6,153107;4,674911;4,674911;2,262115;2,977371;3,108978;1,659393;3,108978;11,0302;2,977371;8,197784;11,0302;11,0302;1,993179;1,659393;1,415253;2,262115;4,674911;4,674911;3,318787;4,674911
"183";"1965-03-01";0,3137589;0,2479553;2,09713;0,6828308;0,6828308;0,3137589;0,2479553;1,150131;1,055717;2,09713;0,5464554;0,500679;2,09713;0,3137589;2,09713;0,6828308;1,849174;0,6322861;0,6828308;0,7667542;0,6828308;0,5884171;0,328064;0,6322861;0,7667542;0,6322861;2,09713;0,6971359;2,09713;0,6828308;0,3137589;1,849174;0,3137589;1,849174;0,3137589;0,6828308;0,6828308;0,5884171;0,6971359;0,6971359;0,6828308;0,5464554;0,5464554;0,7667542;1,055717;4,976273;1,101494;4,976273;2,459526;3,465652;3,465652;2,251625;1,849174;4,976273;2,952576;3,465652;4,976273;3,465652;2,459526;2,459526;2,459526;1,055717;3,052711;2,251625;3,052711;1,101494;3,052711;1,044273;2,251625;3,465652;2,459526;4,976273;1,150131;2,459526;1,849174;1,150131;4,976273;1,101494;0,5464554;3,052711;3,465652;4,976273;3,465652;1,055717;3,052711;2,459526;2,459526;1,101494;2,251625;1,055717;1,044273;1,055717;4,976273;2,251625;3,465652;4,976273;4,976273;1,150131;1,044273;0,500679;1,101494;2,459526;2,459526;1,849174;2,459526
"184";"1965-04-01";1,541138;1,398087;3,602982;2,349854;2,349854;1,541138;1,398087;2,952576;2,483368;3,602982;1,806259;1,663208;3,602982;1,541138;3,602982;2,349854;3,828049;2,204895;2,349854;2,141953;2,349854;1,945496;1,205444;2,204895;2,141953;2,204895;3,602982;1,785278;3,602982;2,349854;1,541138;3,828049;1,541138;3,828049;1,541138;2,349854;2,349854;1,945496;1,785278;1,785278;2,349854;1,806259;1,806259;2,141953;2,483368;4,407883;1,850128;4,407883;3,959656;3,261566;3,261566;1,909256;3,828049;4,407883;2,6474;3,261566;4,407883;3,261566;3,959656;3,959656;3,959656;2,483368;3,887177;1,909256;3,887177;1,850128;3,887177;1,237869;1,909256;3,261566;3,959656;4,407883;2,952576;3,959656;3,828049;2,952576;4,407883;1,850128;1,806259;3,887177;3,261566;4,407883;3,261566;2,483368;3,887177;3,959656;3,959656;1,850128;1,909256;2,483368;1,237869;2,483368;4,407883;1,909256;3,261566;4,407883;4,407883;2,952576;1,237869;1,663208;1,850128;3,959656;3,959656;3,828049;3,959656
"185";"1965-05-01";3,065109;2,86293;2,89917;3,084183;3,084183;3,065109;2,86293;2,363205;2,958298;2,89917;1,440048;1,88446;2,89917;3,065109;2,89917;3,084183;4,802704;1,979828;3,084183;3,036499;3,084183;3,322601;3,206253;1,979828;3,036499;1,979828;2,89917;2,288818;2,89917;3,084183;3,065109;4,802704;3,065109;4,802704;3,065109;3,084183;3,084183;3,322601;2,288818;2,288818;3,084183;1,440048;1,440048;3,036499;2,958298;2,86293;2,35939;2,86293;3,28064;2,925873;2,925873;0,7419586;4,802704;2,86293;0,6752014;2,925873;2,86293;2,925873;3,28064;3,28064;3,28064;2,958298;3,000259;0,7419586;3,000259;2,35939;3,000259;1,010895;0,7419586;2,925873;3,28064;2,86293;2,363205;3,28064;4,802704;2,363205;2,86293;2,35939;1,440048;3,000259;2,925873;2,86293;2,925873;2,958298;3,000259;3,28064;3,28064;2,35939;0,7419586;2,958298;1,010895;2,958298;2,86293;0,7419586;2,925873;2,86293;2,86293;2,363205;1,010895;1,88446;2,35939;3,28064;3,28064;4,802704;3,28064
"186";"1965-06-01";6,04248;3,555298;4,545212;5,336761;5,336761;6,04248;3,555298;3,770828;4,289627;4,545212;3,356934;4,240036;4,545212;6,04248;4,545212;5,336761;4,922867;4,564285;5,336761;3,952026;5,336761;4,915237;6,311417;4,564285;3,952026;4,564285;4,545212;2,958298;4,545212;5,336761;6,04248;4,922867;6,04248;4,922867;6,04248;5,336761;5,336761;4,915237;2,958298;2,958298;5,336761;3,356934;3,356934;3,952026;4,289627;4,671097;6,280899;4,671097;4,541397;4,291534;4,291534;8,188248;4,922867;4,671097;8,243561;4,291534;4,671097;4,291534;4,541397;4,541397;4,541397;4,289627;6,015778;8,188248;6,015778;6,280899;6,015778;8,491516;8,188248;4,291534;4,541397;4,671097;3,770828;4,541397;4,922867;3,770828;4,671097;6,280899;3,356934;6,015778;4,291534;4,671097;4,291534;4,289627;6,015778;4,541397;4,541397;6,280899;8,188248;4,289627;8,491516;4,289627;4,671097;8,188248;4,291534;4,671097;4,671097;3,770828;8,491516;4,240036;6,280899;4,541397;4,541397;4,922867;4,541397
"187";"1965-07-01";1,958847;1,506805;3,755569;2,565384;2,565384;1,958847;1,506805;2,5177;3,065109;3,755569;2,569199;2,529144;3,755569;1,958847;3,755569;2,565384;4,339218;2,233505;2,565384;2,288818;2,565384;1,560211;1,262665;2,233505;2,288818;2,233505;3,755569;2,733231;3,755569;2,565384;1,958847;4,339218;1,958847;4,339218;1,958847;2,565384;2,565384;1,560211;2,733231;2,733231;2,565384;2,569199;2,569199;2,288818;3,065109;2,897263;3,694534;2,897263;2,819061;3,070831;3,070831;5,208969;4,339218;2,897263;3,824234;3,070831;2,897263;3,070831;2,819061;2,819061;2,819061;3,065109;4,648209;5,208969;4,648209;3,694534;4,648209;6,057739;5,208969;3,070831;2,819061;2,897263;2,5177;2,819061;4,339218;2,5177;2,897263;3,694534;2,569199;4,648209;3,070831;2,897263;3,070831;3,065109;4,648209;2,819061;2,819061;3,694534;5,208969;3,065109;6,057739;3,065109;2,897263;5,208969;3,070831;2,897263;2,897263;2,5177;6,057739;2,529144;3,694534;2,819061;2,819061;4,339218;2,819061
"188";"1965-08-01";1,869202;1,308441;2,922058;2,965927;2,965927;1,869202;1,308441;1,815796;2,599716;2,922058;2,487183;2,592087;2,922058;1,869202;2,922058;2,965927;3,900528;3,204346;2,965927;5,195618;2,965927;2,933502;1,781464;3,204346;5,195618;3,204346;2,922058;3,883362;2,922058;2,965927;1,869202;3,900528;1,869202;3,900528;1,869202;2,965927;2,965927;2,933502;3,883362;3,883362;2,965927;2,487183;2,487183;5,195618;2,599716;2,52533;4,915237;2,52533;2,80571;2,519608;2,519608;3,62587;3,900528;2,52533;3,067017;2,519608;2,52533;2,519608;2,80571;2,80571;2,80571;2,599716;3,248215;3,62587;3,248215;4,915237;3,248215;6,446838;3,62587;2,519608;2,80571;2,52533;1,815796;2,80571;3,900528;1,815796;2,52533;4,915237;2,487183;3,248215;2,519608;2,52533;2,519608;2,599716;3,248215;2,80571;2,80571;4,915237;3,62587;2,599716;6,446838;2,599716;2,52533;3,62587;2,519608;2,52533;2,52533;1,815796;6,446838;2,592087;4,915237;2,80571;2,80571;3,900528;2,80571
"189";"1965-09-01";1,974106;1,405716;2,641678;2,26593;2,26593;1,974106;1,405716;1,789093;2,80571;2,641678;1,548767;2,225876;2,641678;1,974106;2,641678;2,26593;3,448486;1,356125;2,26593;1,194;2,26593;1,720428;1,934052;1,356125;1,194;1,356125;2,641678;1,57547;2,641678;2,26593;1,974106;3,448486;1,974106;3,448486;1,974106;2,26593;2,26593;1,720428;1,57547;1,57547;2,26593;1,548767;1,548767;1,194;2,80571;2,943039;3,393173;2,943039;2,286911;2,593994;2,593994;3,341675;3,448486;2,943039;1,901627;2,593994;2,943039;2,593994;2,286911;2,286911;2,286911;2,80571;2,70462;3,341675;2,70462;3,393173;2,70462;5,624771;3,341675;2,593994;2,286911;2,943039;1,789093;2,286911;3,448486;1,789093;2,943039;3,393173;1,548767;2,70462;2,593994;2,943039;2,593994;2,80571;2,70462;2,286911;2,286911;3,393173;3,341675;2,80571;5,624771;2,80571;2,943039;3,341675;2,593994;2,943039;2,943039;1,789093;5,624771;2,225876;3,393173;2,286911;2,286911;3,448486;2,286911
"190";"1965-10-01";2,11525;1,613617;4,308701;2,628326;2,628326;2,11525;1,613617;3,440857;2,988815;4,308701;2,548218;2,534866;4,308701;2,11525;4,308701;2,628326;3,944397;2,372742;2,628326;1,766205;2,628326;1,852036;1,852036;2,372742;1,766205;2,372742;4,308701;2,008438;4,308701;2,628326;2,11525;3,944397;2,11525;3,944397;2,11525;2,628326;2,628326;1,852036;2,008438;2,008438;2,628326;2,548218;2,548218;1,766205;2,988815;5,613327;3,938675;5,613327;3,967285;4,684448;4,684448;5,115509;3,944397;5,613327;4,970551;4,684448;5,613327;4,684448;3,967285;3,967285;3,967285;2,988815;5,275726;5,115509;5,275726;3,938675;5,275726;6,235123;5,115509;4,684448;3,967285;5,613327;3,440857;3,967285;3,944397;3,440857;5,613327;3,938675;2,548218;5,275726;4,684448;5,613327;4,684448;2,988815;5,275726;3,967285;3,967285;3,938675;5,115509;2,988815;6,235123;2,988815;5,613327;5,115509;4,684448;5,613327;5,613327;3,440857;6,235123;2,534866;3,938675;3,967285;3,967285;3,944397;3,967285
"191";"1965-11-01";0,1888275;0,1592636;1,775742;0,4997253;0,4997253;0,1888275;0,1592636;0,8363724;0,8592606;1,775742;0,4253387;0,6217957;1,775742;0,1888275;1,775742;0,4997253;1,576424;0,5044937;0,4997253;0,6132126;0,4997253;0,20504;0,1144409;0,5044937;0,6132126;0,5044937;1,775742;0,3137589;1,775742;0,4997253;0,1888275;1,576424;0,1888275;1,576424;0,1888275;0,4997253;0,4997253;0,20504;0,3137589;0,3137589;0,4997253;0,4253387;0,4253387;0,6132126;0,8592606;2,960205;1,231194;2,960205;1,297951;2,271652;2,271652;1,881599;1,576424;2,960205;1,728058;2,271652;2,960205;2,271652;1,297951;1,297951;1,297951;0,8592606;2,585411;1,881599;2,585411;1,231194;2,585411;2,327919;1,881599;2,271652;1,297951;2,960205;0,8363724;1,297951;1,576424;0,8363724;2,960205;1,231194;0,4253387;2,585411;2,271652;2,960205;2,271652;0,8592606;2,585411;1,297951;1,297951;1,231194;1,881599;0,8592606;2,327919;0,8592606;2,960205;1,881599;2,271652;2,960205;2,960205;0,8363724;2,327919;0,6217957;1,231194;1,297951;1,297951;1,576424;1,297951
"192";"1965-12-01";0,3089905;0,2651215;3,238678;0,5779266;0,5779266;0,3089905;0,2651215;1,232147;1,836777;3,238678;0,6599426;0,6771088;3,238678;0,3089905;3,238678;0,5779266;2,315521;0,8716583;0,5779266;1,216888;0,5779266;0,4787445;0,2651215;0,8716583;1,216888;0,8716583;3,238678;0,7801056;3,238678;0,5779266;0,3089905;2,315521;0,3089905;2,315521;0,3089905;0,5779266;0,5779266;0,4787445;0,7801056;0,7801056;0,5779266;0,6599426;0,6599426;1,216888;1,836777;8,708954;1,541138;8,708954;3,099442;6,017685;6,017685;3,715515;2,315521;8,708954;3,980637;6,017685;8,708954;6,017685;3,099442;3,099442;3,099442;1,836777;5,805969;3,715515;5,805969;1,541138;5,805969;2,48909;3,715515;6,017685;3,099442;8,708954;1,232147;3,099442;2,315521;1,232147;8,708954;1,541138;0,6599426;5,805969;6,017685;8,708954;6,017685;1,836777;5,805969;3,099442;3,099442;1,541138;3,715515;1,836777;2,48909;1,836777;8,708954;3,715515;6,017685;8,708954;8,708954;1,232147;2,48909;0,6771088;1,541138;3,099442;3,099442;2,315521;3,099442
"193";"1966-01-01";0,1335144;0,120163;2,164841;0,3395081;0,3395081;0,1335144;0,120163;0,9174347;1,184464;2,164841;0,4882812;0,4768372;2,164841;0,1335144;2,164841;0,3395081;1,506805;0,4520416;0,3395081;0,3261566;0,3395081;0,1888275;0,1163483;0,4520416;0,3261566;0,4520416;2,164841;0,3852844;2,164841;0,3395081;0,1335144;1,506805;0,1335144;1,506805;0,1335144;0,3395081;0,3395081;0,1888275;0,3852844;0,3852844;0,3395081;0,4882812;0,4882812;0,3261566;1,184464;6,214142;2,002716;6,214142;2,122879;4,413605;4,413605;2,788544;1,506805;6,214142;4,165649;4,413605;6,214142;4,413605;2,122879;2,122879;2,122879;1,184464;4,137039;2,788544;4,137039;2,002716;4,137039;1,218796;2,788544;4,413605;2,122879;6,214142;0,9174347;2,122879;1,506805;0,9174347;6,214142;2,002716;0,4882812;4,137039;4,413605;6,214142;4,413605;1,184464;4,137039;2,122879;2,122879;2,002716;2,788544;1,184464;1,218796;1,184464;6,214142;2,788544;4,413605;6,214142;6,214142;0,9174347;1,218796;0,4768372;2,002716;2,122879;2,122879;1,506805;2,122879
"194";"1966-02-01";1,085281;1,270294;4,734039;1,312256;1,312256;1,085281;1,270294;2,7771;3,316879;4,734039;2,10762;1,60408;4,734039;1,085281;4,734039;1,312256;4,095078;1,573563;1,312256;2,006531;1,312256;0,9498596;0,8850098;1,573563;2,006531;1,573563;4,734039;2,441406;4,734039;1,312256;1,085281;4,095078;1,085281;4,095078;1,085281;1,312256;1,312256;0,9498596;2,441406;2,441406;1,312256;2,10762;2,10762;2,006531;3,316879;11,15608;2,601624;11,15608;5,449295;8,405685;8,405685;3,885269;4,095078;11,15608;6,023407;8,405685;11,15608;8,405685;5,449295;5,449295;5,449295;3,316879;6,555557;3,885269;6,555557;2,601624;6,555557;2,13623;3,885269;8,405685;5,449295;11,15608;2,7771;5,449295;4,095078;2,7771;11,15608;2,601624;2,10762;6,555557;8,405685;11,15608;8,405685;3,316879;6,555557;5,449295;5,449295;2,601624;3,885269;3,316879;2,13623;3,316879;11,15608;3,885269;8,405685;11,15608;11,15608;2,7771;2,13623;1,60408;2,601624;5,449295;5,449295;4,095078;5,449295
"195";"1966-03-01";0,9651184;0,7457733;5,041122;1,523972;1,523972;0,9651184;0,7457733;2,883911;3,425598;5,041122;2,010345;1,373291;5,041122;0,9651184;5,041122;1,523972;4,772186;1,94931;1,523972;2,7771;1,523972;1,403809;0,6771088;1,94931;2,7771;1,94931;5,041122;2,607346;5,041122;1,523972;0,9651184;4,772186;0,9651184;4,772186;0,9651184;1,523972;1,523972;1,403809;2,607346;2,607346;1,523972;2,010345;2,010345;2,7771;3,425598;10,80132;2,185822;10,80132;5,887985;9,599686;9,599686;3,433228;4,772186;10,80132;4,425049;9,599686;10,80132;9,599686;5,887985;5,887985;5,887985;3,425598;6,692886;3,433228;6,692886;2,185822;6,692886;2,717972;3,433228;9,599686;5,887985;10,80132;2,883911;5,887985;4,772186;2,883911;10,80132;2,185822;2,010345;6,692886;9,599686;10,80132;9,599686;3,425598;6,692886;5,887985;5,887985;2,185822;3,433228;3,425598;2,717972;3,425598;10,80132;3,433228;9,599686;10,80132;10,80132;2,883911;2,717972;1,373291;2,185822;5,887985;5,887985;4,772186;5,887985
"196";"1966-04-01";1,882553;1,735687;6,334305;2,607346;2,607346;1,882553;1,735687;3,953934;4,686356;6,334305;2,801895;1,741409;6,334305;1,882553;6,334305;2,607346;7,396698;2,95639;2,607346;3,684998;2,607346;1,409531;1,373291;2,95639;3,684998;2,95639;6,334305;3,583908;6,334305;2,607346;1,882553;7,396698;1,882553;7,396698;1,882553;2,607346;2,607346;1,409531;3,583908;3,583908;2,607346;2,801895;2,801895;3,684998;4,686356;11,2896;2,229691;11,2896;8,386612;12,26425;12,26425;2,80571;7,396698;11,2896;2,861023;12,26425;11,2896;12,26425;8,386612;8,386612;8,386612;4,686356;8,787155;2,80571;8,787155;2,229691;8,787155;2,233505;2,80571;12,26425;8,386612;11,2896;3,953934;8,386612;7,396698;3,953934;11,2896;2,229691;2,801895;8,787155;12,26425;11,2896;12,26425;4,686356;8,787155;8,386612;8,386612;2,229691;2,80571;4,686356;2,233505;4,686356;11,2896;2,80571;12,26425;11,2896;11,2896;3,953934;2,233505;1,741409;2,229691;8,386612;8,386612;7,396698;8,386612
"197";"1966-05-01";2,126694;2,468109;3,726959;1,821518;1,821518;2,126694;2,468109;3,000259;3,658295;3,726959;1,707077;2,098083;3,726959;2,126694;3,726959;1,821518;4,257202;1,85585;1,821518;2,670288;1,821518;2,031326;2,252579;1,85585;2,670288;1,85585;3,726959;2,037048;3,726959;1,821518;2,126694;4,257202;2,126694;4,257202;2,126694;1,821518;1,821518;2,031326;2,037048;2,037048;1,821518;1,707077;1,707077;2,670288;3,658295;7,743835;3,543854;7,743835;5,466461;7,204056;7,204056;1,899719;4,257202;7,743835;2,065659;7,204056;7,743835;7,204056;5,466461;5,466461;5,466461;3,658295;5,363464;1,899719;5,363464;3,543854;5,363464;2,832413;1,899719;7,204056;5,466461;7,743835;3,000259;5,466461;4,257202;3,000259;7,743835;3,543854;1,707077;5,363464;7,204056;7,743835;7,204056;3,658295;5,363464;5,466461;5,466461;3,543854;1,899719;3,658295;2,832413;3,658295;7,743835;1,899719;7,204056;7,743835;7,743835;3,000259;2,832413;2,098083;3,543854;5,466461;5,466461;4,257202;5,466461
"198";"1966-06-01";1,565933;1,565933;2,809525;2,26593;2,26593;1,565933;1,565933;2,494812;2,233505;2,809525;1,653671;2,922058;2,809525;1,565933;2,809525;2,26593;3,3741;1,996994;2,26593;2,496719;2,26593;1,785278;1,434326;1,996994;2,496719;1,996994;2,809525;1,834869;2,809525;2,26593;1,565933;3,3741;1,565933;3,3741;1,565933;2,26593;2,26593;1,785278;1,834869;1,834869;2,26593;1,653671;1,653671;2,496719;2,233505;3,59726;4,987717;3,59726;3,549576;3,372192;3,372192;8,037567;3,3741;3,59726;8,378983;3,372192;3,59726;3,372192;3,549576;3,549576;3,549576;2,233505;5,53894;8,037567;5,53894;4,987717;5,53894;7,276535;8,037567;3,372192;3,549576;3,59726;2,494812;3,549576;3,3741;2,494812;3,59726;4,987717;1,653671;5,53894;3,372192;3,59726;3,372192;2,233505;5,53894;3,549576;3,549576;4,987717;8,037567;2,233505;7,276535;2,233505;3,59726;8,037567;3,372192;3,59726;3,59726;2,494812;7,276535;2,922058;4,987717;3,549576;3,549576;3,3741;3,549576
"199";"1966-07-01";2,380371;1,813889;3,160477;3,437042;3,437042;2,380371;1,813889;2,634048;2,363205;3,160477;2,243042;2,332687;3,160477;2,380371;3,160477;3,437042;4,348755;2,634048;3,437042;3,641129;3,437042;3,81279;3,46756;2,634048;3,641129;2,634048;3,160477;3,147125;3,160477;3,437042;2,380371;4,348755;2,380371;4,348755;2,380371;3,437042;3,437042;3,81279;3,147125;3,147125;3,437042;2,243042;2,243042;3,641129;2,363205;2,698898;4,074097;2,698898;3,044128;2,401352;2,401352;4,718781;4,348755;2,698898;3,177643;2,401352;2,698898;2,401352;3,044128;3,044128;3,044128;2,363205;3,105164;4,718781;3,105164;4,074097;3,105164;6,685257;4,718781;2,401352;3,044128;2,698898;2,634048;3,044128;4,348755;2,634048;2,698898;4,074097;2,243042;3,105164;2,401352;2,698898;2,401352;2,363205;3,105164;3,044128;3,044128;4,074097;4,718781;2,363205;6,685257;2,363205;2,698898;4,718781;2,401352;2,698898;2,698898;2,634048;6,685257;2,332687;4,074097;3,044128;3,044128;4,348755;3,044128
"200";"1966-08-01";0,8850098;0,6580353;2,233505;1,953125;1,953125;0,8850098;0,6580353;1,51825;1,148224;2,233505;1,354218;1,228333;2,233505;0,8850098;2,233505;1,953125;3,072739;1,558304;1,953125;3,286362;1,953125;2,544403;1,056671;1,558304;3,286362;1,558304;2,233505;2,199173;2,233505;1,953125;0,8850098;3,072739;0,8850098;3,072739;0,8850098;1,953125;1,953125;2,544403;2,199173;2,199173;1,953125;1,354218;1,354218;3,286362;1,148224;1,823425;3,139496;1,823425;2,040863;1,390457;1,390457;3,128052;3,072739;1,823425;1,789093;1,390457;1,823425;1,390457;2,040863;2,040863;2,040863;1,148224;1,796722;3,128052;1,796722;3,139496;1,796722;5,332947;3,128052;1,390457;2,040863;1,823425;1,51825;2,040863;3,072739;1,51825;1,823425;3,139496;1,354218;1,796722;1,390457;1,823425;1,390457;1,148224;1,796722;2,040863;2,040863;3,139496;3,128052;1,148224;5,332947;1,148224;1,823425;3,128052;1,390457;1,823425;1,823425;1,51825;5,332947;1,228333;3,139496;2,040863;2,040863;3,072739;2,040863
"201";"1966-09-01";3,326416;2,691269;5,390167;3,389359;3,389359;3,326416;2,691269;4,871368;4,011154;5,390167;3,536224;3,393173;5,390167;3,326416;5,390167;3,389359;5,002975;3,149033;3,389359;2,447128;3,389359;2,605438;2,55394;3,149033;2,447128;3,149033;5,390167;2,593994;5,390167;3,389359;3,326416;5,002975;3,326416;5,002975;3,326416;3,389359;3,389359;2,605438;2,593994;2,593994;3,389359;3,536224;3,536224;2,447128;4,011154;7,446289;7,307053;7,446289;6,624222;4,776001;4,776001;6,353378;5,002975;7,446289;4,823685;4,776001;7,446289;4,776001;6,624222;6,624222;6,624222;4,011154;5,207062;6,353378;5,207062;7,307053;5,207062;8,275986;6,353378;4,776001;6,624222;7,446289;4,871368;6,624222;5,002975;4,871368;7,446289;7,307053;3,536224;5,207062;4,776001;7,446289;4,776001;4,011154;5,207062;6,624222;6,624222;7,307053;6,353378;4,011154;8,275986;4,011154;7,446289;6,353378;4,776001;7,446289;7,446289;4,871368;8,275986;3,393173;7,307053;6,624222;6,624222;5,002975;6,624222
"202";"1966-10-01";2,708435;2,437592;5,292892;2,624512;2,624512;2,708435;2,437592;4,657745;4,384995;5,292892;2,838135;3,454208;5,292892;2,708435;5,292892;2,624512;5,186081;2,33078;2,624512;1,451492;2,624512;1,729965;2,298355;2,33078;1,451492;2,33078;5,292892;1,789093;5,292892;2,624512;2,708435;5,186081;2,708435;5,186081;2,708435;2,624512;2,624512;1,729965;1,789093;1,789093;2,624512;2,838135;2,838135;1,451492;4,384995;6,149292;3,583908;6,149292;5,13649;5,945206;5,945206;5,409241;5,186081;6,149292;5,376816;5,945206;6,149292;5,945206;5,13649;5,13649;5,13649;4,384995;6,950378;5,409241;6,950378;3,583908;6,950378;4,919052;5,409241;5,945206;5,13649;6,149292;4,657745;5,13649;5,186081;4,657745;6,149292;3,583908;2,838135;6,950378;5,945206;6,149292;5,945206;4,384995;6,950378;5,13649;5,13649;3,583908;5,409241;4,384995;4,919052;4,384995;6,149292;5,409241;5,945206;6,149292;6,149292;4,657745;4,919052;3,454208;3,583908;5,13649;5,13649;5,186081;5,13649
"203";"1966-11-01";0,2641678;0,2031326;1,016617;0,4081726;0,4081726;0,2641678;0,2031326;0,8239746;0,9841919;1,016617;0,4854202;0,5598068;1,016617;0,2641678;1,016617;0,4081726;1,155853;0,2651215;0,4081726;0,08106232;0,4081726;0,1516342;0,0743866;0,2651215;0,08106232;0,2651215;1,016617;0,2527237;1,016617;0,4081726;0,2641678;1,155853;0,2641678;1,155853;0,2641678;0,4081726;0,4081726;0,1516342;0,2527237;0,2527237;0,4081726;0,4854202;0,4854202;0,08106232;0,9841919;2,058983;0,8955002;2,058983;0,834465;2,305031;2,305031;1,981735;1,155853;2,058983;1,665115;2,305031;2,058983;2,305031;0,834465;0,834465;0,834465;0,9841919;2,540588;1,981735;2,540588;0,8955002;2,540588;1,740456;1,981735;2,305031;0,834465;2,058983;0,8239746;0,834465;1,155853;0,8239746;2,058983;0,8955002;0,4854202;2,540588;2,305031;2,058983;2,305031;0,9841919;2,540588;0,834465;0,834465;0,8955002;1,981735;0,9841919;1,740456;0,9841919;2,058983;1,981735;2,305031;2,058983;2,058983;0,8239746;1,740456;0,5598068;0,8955002;0,834465;0,834465;1,155853;0,834465
"204";"1966-12-01";0,2593994;0,2660751;2,094269;0,4606247;0,4606247;0,2593994;0,2660751;0,6504059;1,166344;2,094269;0,4940033;0,5331039;2,094269;0,2593994;2,094269;0,4606247;1,580238;0,66185;0,4606247;0,544548;0,4606247;0,207901;0,07629395;0,66185;0,544548;0,66185;2,094269;0,4453659;2,094269;0,4606247;0,2593994;1,580238;0,2593994;1,580238;0,2593994;0,4606247;0,4606247;0,207901;0,4453659;0,4453659;0,4606247;0,4940033;0,4940033;0,544548;1,166344;4,321098;0,749588;4,321098;1,045227;2,858162;2,858162;1,085281;1,580238;4,321098;2,011299;2,858162;4,321098;2,858162;1,045227;1,045227;1,045227;1,166344;2,461433;1,085281;2,461433;0,749588;2,461433;0,544548;1,085281;2,858162;1,045227;4,321098;0,6504059;1,045227;1,580238;0,6504059;4,321098;0,749588;0,4940033;2,461433;2,858162;4,321098;2,858162;1,166344;2,461433;1,045227;1,045227;0,749588;1,085281;1,166344;0,544548;1,166344;4,321098;1,085281;2,858162;4,321098;4,321098;0,6504059;0,544548;0,5331039;0,749588;1,045227;1,045227;1,580238;1,045227
"205";"1967-01-01";1,119614;0,9460449;3,129959;1,436234;1,436234;1,119614;0,9460449;1,678467;2,368927;3,129959;1,401901;1,218796;3,129959;1,119614;3,129959;1,436234;2,836227;1,327515;1,436234;1,85585;1,436234;1,569748;1,192093;1,327515;1,85585;1,327515;3,129959;1,682281;3,129959;1,436234;1,119614;2,836227;1,119614;2,836227;1,119614;1,436234;1,436234;1,569748;1,682281;1,682281;1,436234;1,401901;1,401901;1,85585;2,368927;7,501602;1,462936;7,501602;2,706528;5,613327;5,613327;2,592087;2,836227;7,501602;4,089355;5,613327;7,501602;5,613327;2,706528;2,706528;2,706528;2,368927;4,493713;2,592087;4,493713;1,462936;4,493713;1,4534;2,592087;5,613327;2,706528;7,501602;1,678467;2,706528;2,836227;1,678467;7,501602;1,462936;1,401901;4,493713;5,613327;7,501602;5,613327;2,368927;4,493713;2,706528;2,706528;1,462936;2,592087;2,368927;1,4534;2,368927;7,501602;2,592087;5,613327;7,501602;7,501602;1,678467;1,4534;1,218796;1,462936;2,706528;2,706528;2,836227;2,706528
"206";"1967-02-01";0,1688004;0,2031326;2,132416;0,3242493;0,3242493;0,1688004;0,2031326;0,5321503;1,093864;2,132416;0,25177;0,664711;2,132416;0,1688004;2,132416;0,3242493;1,46389;0,4882812;0,3242493;0,5159378;0,3242493;0,1268387;0,0743866;0,4882812;0,5159378;0,4882812;2,132416;0,2670288;2,132416;0,3242493;0,1688004;1,46389;0,1688004;1,46389;0,1688004;0,3242493;0,3242493;0,1268387;0,2670288;0,2670288;0,3242493;0,25177;0,25177;0,5159378;1,093864;6,033897;1,264572;6,033897;1,35994;3,533363;3,533363;3,87764;1,46389;6,033897;4,567146;3,533363;6,033897;3,533363;1,35994;1,35994;1,35994;1,093864;3,585815;3,87764;3,585815;1,264572;3,585815;2,358437;3,87764;3,533363;1,35994;6,033897;0,5321503;1,35994;1,46389;0,5321503;6,033897;1,264572;0,25177;3,585815;3,533363;6,033897;3,533363;1,093864;3,585815;1,35994;1,35994;1,264572;3,87764;1,093864;2,358437;1,093864;6,033897;3,87764;3,533363;6,033897;6,033897;0,5321503;2,358437;0,664711;1,264572;1,35994;1,35994;1,46389;1,35994
"207";"1967-03-01";1,10817;0,9059906;2,389908;1,306534;1,306534;1,10817;0,9059906;1,249313;1,644135;2,389908;1,123428;0,9860992;2,389908;1,10817;2,389908;1,306534;2,815247;1,371384;1,306534;2,214432;1,306534;1,61171;1,010895;1,371384;2,214432;1,371384;2,389908;1,667023;2,389908;1,306534;1,10817;2,815247;1,10817;2,815247;1,10817;1,306534;1,306534;1,61171;1,667023;1,667023;1,306534;1,123428;1,123428;2,214432;1,644135;3,480911;0,9078979;3,480911;1,903534;3,124237;3,124237;1,377106;2,815247;3,480911;1,63269;3,124237;3,480911;3,124237;1,903534;1,903534;1,903534;1,644135;2,36702;1,377106;2,36702;0,9078979;2,36702;1,499176;1,377106;3,124237;1,903534;3,480911;1,249313;1,903534;2,815247;1,249313;3,480911;0,9078979;1,123428;2,36702;3,124237;3,480911;3,124237;1,644135;2,36702;1,903534;1,903534;0,9078979;1,377106;1,644135;1,499176;1,644135;3,480911;1,377106;3,124237;3,480911;3,480911;1,249313;1,499176;0,9860992;0,9078979;1,903534;1,903534;2,815247;1,903534
"208";"1967-04-01";1,236916;1,28746;2,59304;1,737595;1,737595;1,236916;1,28746;2,102852;2,696991;2,59304;1,661301;1,736641;2,59304;1,236916;2,59304;1,737595;4,223824;1,021385;1,737595;1,020432;1,737595;0,9288788;0,7009506;1,021385;1,020432;1,021385;2,59304;1,9207;2,59304;1,737595;1,236916;4,223824;1,236916;4,223824;1,236916;1,737595;1,737595;0,9288788;1,9207;1,9207;1,737595;1,661301;1,661301;1,020432;2,696991;3,966331;2,357483;3,966331;3,282547;4,224777;4,224777;1,928329;4,223824;3,966331;2,132416;4,224777;3,966331;4,224777;3,282547;3,282547;3,282547;2,696991;4,072189;1,928329;4,072189;2,357483;4,072189;1,808167;1,928329;4,224777;3,282547;3,966331;2,102852;3,282547;4,223824;2,102852;3,966331;2,357483;1,661301;4,072189;4,224777;3,966331;4,224777;2,696991;4,072189;3,282547;3,282547;2,357483;1,928329;2,696991;1,808167;2,696991;3,966331;1,928329;4,224777;3,966331;3,966331;2,102852;1,808167;1,736641;2,357483;3,282547;3,282547;4,223824;3,282547
"209";"1967-05-01";2,590179;2,063751;4,81987;4,020691;4,020691;2,590179;2,063751;4,720688;3,137589;4,81987;3,692627;2,017975;4,81987;2,590179;4,81987;4,020691;6,004333;3,303528;4,020691;4,190445;4,020691;4,15802;3,099442;3,303528;4,190445;3,303528;4,81987;4,283905;4,81987;4,020691;2,590179;6,004333;2,590179;6,004333;2,590179;4,020691;4,020691;4,15802;4,283905;4,283905;4,020691;3,692627;3,692627;4,190445;3,137589;4,751205;2,185822;4,751205;4,816055;4,84848;4,84848;1,909256;6,004333;4,751205;2,666473;4,84848;4,751205;4,84848;4,816055;4,816055;4,816055;3,137589;4,106522;1,909256;4,106522;2,185822;4,106522;2,07901;1,909256;4,84848;4,816055;4,751205;4,720688;4,816055;6,004333;4,720688;4,751205;2,185822;3,692627;4,106522;4,84848;4,751205;4,84848;3,137589;4,106522;4,816055;4,816055;2,185822;1,909256;3,137589;2,07901;3,137589;4,751205;1,909256;4,84848;4,751205;4,751205;4,720688;2,07901;2,017975;2,185822;4,816055;4,816055;6,004333;4,816055
"210";"1967-06-01";3,993988;2,851486;4,226685;4,554749;4,554749;3,993988;2,851486;4,192352;4,079819;4,226685;3,526688;4,573822;4,226685;3,993988;4,226685;4,554749;4,493713;3,265381;4,554749;4,566193;4,554749;4,411697;3,982544;3,265381;4,566193;3,265381;4,226685;3,93486;4,226685;4,554749;3,993988;4,493713;3,993988;4,493713;3,993988;4,554749;4,554749;4,411697;3,93486;3,93486;4,554749;3,526688;3,526688;4,566193;4,079819;4,579544;6,933212;4,579544;4,505157;3,688812;3,688812;7,299423;4,493713;4,579544;5,64003;3,688812;4,579544;3,688812;4,505157;4,505157;4,505157;4,079819;4,709244;7,299423;4,709244;6,933212;4,709244;9,860992;7,299423;3,688812;4,505157;4,579544;4,192352;4,505157;4,493713;4,192352;4,579544;6,933212;3,526688;4,709244;3,688812;4,579544;3,688812;4,079819;4,709244;4,505157;4,505157;6,933212;7,299423;4,079819;9,860992;4,079819;4,579544;7,299423;3,688812;4,579544;4,579544;4,192352;9,860992;4,573822;6,933212;4,505157;4,505157;4,493713;4,505157
"211";"1967-07-01";0,6141663;0,3547668;1,743317;1,399994;1,399994;0,6141663;0,3547668;1,022339;0,8621216;1,743317;0,6256104;1,018524;1,743317;0,6141663;1,743317;1,399994;2,269745;0,7133484;1,399994;0,919342;1,399994;0,793457;0,4997253;0,7133484;0,919342;0,7133484;1,743317;0,8964539;1,743317;1,399994;0,6141663;2,269745;0,6141663;2,269745;0,6141663;1,399994;1,399994;0,793457;0,8964539;0,8964539;1,399994;0,6256104;0,6256104;0,919342;0,8621216;1,319885;2,819061;1,319885;1,300812;1,342773;1,342773;2,307892;2,269745;1,319885;2,388;1,342773;1,319885;1,342773;1,300812;1,300812;1,300812;0,8621216;1,602173;2,307892;1,602173;2,819061;1,602173;2,95639;2,307892;1,342773;1,300812;1,319885;1,022339;1,300812;2,269745;1,022339;1,319885;2,819061;0,6256104;1,602173;1,342773;1,319885;1,342773;0,8621216;1,602173;1,300812;1,300812;2,819061;2,307892;0,8621216;2,95639;0,8621216;1,319885;2,307892;1,342773;1,319885;1,319885;1,022339;2,95639;1,018524;2,819061;1,300812;1,300812;2,269745;1,300812
"212";"1967-08-01";2,437592;1,791;4,219055;3,908157;3,908157;2,437592;1,791;2,70462;2,86293;4,219055;2,473831;2,515793;4,219055;2,437592;4,219055;3,908157;4,12941;3,591537;3,908157;3,894806;3,908157;2,952576;1,951218;3,591537;3,894806;3,591537;4,219055;3,223419;4,219055;3,908157;2,437592;4,12941;2,437592;4,12941;2,437592;3,908157;3,908157;2,952576;3,223419;3,223419;3,908157;2,473831;2,473831;3,894806;2,86293;3,360748;3,673553;3,360748;2,782822;2,864838;2,864838;5,313873;4,12941;3,360748;3,77655;2,864838;3,360748;2,864838;2,782822;2,782822;2,782822;2,86293;3,562927;5,313873;3,562927;3,673553;3,562927;7,038116;5,313873;2,864838;2,782822;3,360748;2,70462;2,782822;4,12941;2,70462;3,360748;3,673553;2,473831;3,562927;2,864838;3,360748;2,864838;2,86293;3,562927;2,782822;2,782822;3,673553;5,313873;2,86293;7,038116;2,86293;3,360748;5,313873;2,864838;3,360748;3,360748;2,70462;7,038116;2,515793;3,673553;2,782822;2,782822;4,12941;2,782822
"213";"1967-09-01";7,047653;6,448746;10,13565;8,520126;8,520126;7,047653;6,448746;7,253647;11,85608;10,13565;5,052567;9,653091;10,13565;7,047653;10,13565;8,520126;14,75334;5,966187;8,520126;4,951477;8,520126;5,340576;5,628586;5,966187;4,951477;5,966187;10,13565;4,463196;10,13565;8,520126;7,047653;14,75334;7,047653;14,75334;7,047653;8,520126;8,520126;5,340576;4,463196;4,463196;8,520126;5,052567;5,052567;4,951477;11,85608;12,43019;9,246826;12,43019;8,422852;19,56558;19,56558;28,86391;14,75334;12,43019;34,01756;19,56558;12,43019;19,56558;8,422852;8,422852;8,422852;11,85608;20,3743;28,86391;20,3743;9,246826;20,3743;19,07349;28,86391;19,56558;8,422852;12,43019;7,253647;8,422852;14,75334;7,253647;12,43019;9,246826;5,052567;20,3743;19,56558;12,43019;19,56558;11,85608;20,3743;8,422852;8,422852;9,246826;28,86391;11,85608;19,07349;11,85608;12,43019;28,86391;19,56558;12,43019;12,43019;7,253647;19,07349;9,653091;9,246826;8,422852;8,422852;14,75334;8,422852
"214";"1967-10-01";1,327515;0,8869171;3,990173;1,993179;1,993179;1,327515;0,8869171;1,859665;2,267838;3,990173;1,25885;1,466751;3,990173;1,327515;3,990173;1,993179;3,339767;1,934052;1,993179;1,651764;1,993179;1,4534;1,125336;1,934052;1,651764;1,934052;3,990173;1,35231;3,990173;1,993179;1,327515;3,339767;1,327515;3,339767;1,327515;1,993179;1,993179;1,4534;1,35231;1,35231;1,993179;1,25885;1,25885;1,651764;2,267838;7,188797;2,258301;7,188797;3,007889;4,074097;4,074097;4,150391;3,339767;7,188797;4,31633;4,074097;7,188797;4,074097;3,007889;3,007889;3,007889;2,267838;3,87001;4,150391;3,87001;2,258301;3,87001;3,143311;4,150391;4,074097;3,007889;7,188797;1,859665;3,007889;3,339767;1,859665;7,188797;2,258301;1,25885;3,87001;4,074097;7,188797;4,074097;2,267838;3,87001;3,007889;3,007889;2,258301;4,150391;2,267838;3,143311;2,267838;7,188797;4,150391;4,074097;7,188797;7,188797;1,859665;3,143311;1,466751;2,258301;3,007889;3,007889;3,339767;3,007889
"215";"1967-11-01";0,2450943;0,2365112;1,308441;0,4243851;0,4243851;0,2450943;0,2365112;0,9803772;0,9784698;1,308441;0,5159378;1,044273;1,308441;0,2450943;1,308441;0,4243851;1,350403;0,3852844;0,4243851;0,2193451;0,4243851;0,1659393;0,1239777;0,3852844;0,2193451;0,3852844;1,308441;0,462532;1,308441;0,4243851;0,2450943;1,350403;0,2450943;1,350403;0,2450943;0,4243851;0,4243851;0,1659393;0,462532;0,462532;0,4243851;0,5159378;0,5159378;0,2193451;0,9784698;2,944946;2,65789;2,944946;1,829147;2,818108;2,818108;5,022049;1,350403;2,944946;4,622459;2,818108;2,944946;2,818108;1,829147;1,829147;1,829147;0,9784698;4,104614;5,022049;4,104614;2,65789;4,104614;4,110336;5,022049;2,818108;1,829147;2,944946;0,9803772;1,829147;1,350403;0,9803772;2,944946;2,65789;0,5159378;4,104614;2,818108;2,944946;2,818108;0,9784698;4,104614;1,829147;1,829147;2,65789;5,022049;0,9784698;4,110336;0,9784698;2,944946;5,022049;2,818108;2,944946;2,944946;0,9803772;4,110336;1,044273;2,65789;1,829147;1,829147;1,350403;1,829147
"216";"1967-12-01";0,2155304;0,213623;1,564026;0,3681183;0,3681183;0,2155304;0,213623;0,9803772;1,20163;1,564026;0,6122589;0,5893707;1,564026;0,2155304;1,564026;0,3681183;1,615524;0,4329681;0,3681183;0,1945496;0,3681183;0,08583069;0,06866455;0,4329681;0,1945496;0,4329681;1,564026;0,5722046;1,564026;0,3681183;0,2155304;1,615524;0,2155304;1,615524;0,2155304;0,3681183;0,3681183;0,08583069;0,5722046;0,5722046;0,3681183;0,6122589;0,6122589;0,1945496;1,20163;3,568649;1,394272;3,568649;2,099991;3,58963;3,58963;1,686096;1,615524;3,568649;2,481461;3,58963;3,568649;3,58963;2,099991;2,099991;2,099991;1,20163;2,592087;1,686096;2,592087;1,394272;2,592087;1,068115;1,686096;3,58963;2,099991;3,568649;0,9803772;2,099991;1,615524;0,9803772;3,568649;1,394272;0,6122589;2,592087;3,58963;3,568649;3,58963;1,20163;2,592087;2,099991;2,099991;1,394272;1,686096;1,20163;1,068115;1,20163;3,568649;1,686096;3,58963;3,568649;3,568649;0,9803772;1,068115;0,5893707;1,394272;2,099991;2,099991;1,615524;2,099991
"217";"1968-01-01";0,5645752;0,7133484;2,326965;0,8850098;0,8850098;0,5645752;0,7133484;1,161575;1,554489;2,326965;0,8487701;0,7476807;2,326965;0,5645752;2,326965;0,8850098;2,52533;1,022339;0,8850098;1,241684;0,8850098;0,6008148;0,3566742;1,022339;1,241684;1,022339;2,326965;1,054764;2,326965;0,8850098;0,5645752;2,52533;0,5645752;2,52533;0,5645752;0,8850098;0,8850098;0,6008148;1,054764;1,054764;0,8850098;0,8487701;0,8487701;1,241684;1,554489;4,234314;1,428604;4,234314;1,888275;4,219055;4,219055;2,479553;2,52533;4,234314;2,630234;4,219055;4,234314;4,219055;1,888275;1,888275;1,888275;1,554489;3,593445;2,479553;3,593445;1,428604;3,593445;2,105713;2,479553;4,219055;1,888275;4,234314;1,161575;1,888275;2,52533;1,161575;4,234314;1,428604;0,8487701;3,593445;4,219055;4,234314;4,219055;1,554489;3,593445;1,888275;1,888275;1,428604;2,479553;1,554489;2,105713;1,554489;4,234314;2,479553;4,219055;4,234314;4,234314;1,161575;2,105713;0,7476807;1,428604;1,888275;1,888275;2,52533;1,888275
"218";"1968-02-01";1,995087;2,206802;5,094528;2,037048;2,037048;1,995087;2,206802;2,592087;4,053116;5,094528;1,634598;1,995087;5,094528;1,995087;5,094528;2,037048;4,766464;2,132416;2,037048;2,382278;2,037048;1,914978;1,693726;2,132416;2,382278;2,132416;5,094528;1,865387;5,094528;2,037048;1,995087;4,766464;1,995087;4,766464;1,995087;2,037048;2,037048;1,914978;1,865387;1,865387;2,037048;1,634598;1,634598;2,382278;4,053116;11,20377;3,274918;11,20377;4,846573;9,658813;9,658813;5,386353;4,766464;11,20377;6,864548;9,658813;11,20377;9,658813;4,846573;4,846573;4,846573;4,053116;6,696701;5,386353;6,696701;3,274918;6,696701;3,728867;5,386353;9,658813;4,846573;11,20377;2,592087;4,846573;4,766464;2,592087;11,20377;3,274918;1,634598;6,696701;9,658813;11,20377;9,658813;4,053116;6,696701;4,846573;4,846573;3,274918;5,386353;4,053116;3,728867;4,053116;11,20377;5,386353;9,658813;11,20377;11,20377;2,592087;3,728867;1,995087;3,274918;4,846573;4,846573;4,766464;4,846573
"219";"1968-03-01";0,3271103;0,207901;1,792908;0,45681;0,45681;0,3271103;0,207901;0,7410049;1,260757;1,792908;0,3070831;0,4224777;1,792908;0,3271103;1,792908;0,45681;1,498222;0,4367828;0,45681;0,3423691;0,45681;0,2975464;0,2346039;0,4367828;0,3423691;0,4367828;1,792908;0,3976822;1,792908;0,45681;0,3271103;1,498222;0,3271103;1,498222;0,3271103;0,45681;0,45681;0,2975464;0,3976822;0,3976822;0,45681;0,3070831;0,3070831;0,3423691;1,260757;4,469872;1,135826;4,469872;1,912117;4,205704;4,205704;2,34127;1,498222;4,469872;3,362656;4,205704;4,469872;4,205704;1,912117;1,912117;1,912117;1,260757;3,209114;2,34127;3,209114;1,135826;3,209114;1,242638;2,34127;4,205704;1,912117;4,469872;0,7410049;1,912117;1,498222;0,7410049;4,469872;1,135826;0,3070831;3,209114;4,205704;4,469872;4,205704;1,260757;3,209114;1,912117;1,912117;1,135826;2,34127;1,260757;1,242638;1,260757;4,469872;2,34127;4,205704;4,469872;4,469872;0,7410049;1,242638;0,4224777;1,135826;1,912117;1,912117;1,498222;1,912117
"220";"1968-04-01";1,570702;1,196861;4,760742;2,601624;2,601624;1,570702;1,196861;3,317833;3,082275;4,760742;2,723694;1,747131;4,760742;1,570702;4,760742;2,601624;5,448341;2,841949;2,601624;3,483772;2,601624;1,966476;1,109123;2,841949;3,483772;2,841949;4,760742;3,65448;4,760742;2,601624;1,570702;5,448341;1,570702;5,448341;1,570702;2,601624;2,601624;1,966476;3,65448;3,65448;2,601624;2,723694;2,723694;3,483772;3,082275;4,782677;1,196861;4,782677;3,770828;5,092621;5,092621;2,467155;5,448341;4,782677;3,307343;5,092621;4,782677;5,092621;3,770828;3,770828;3,770828;3,082275;4,641533;2,467155;4,641533;1,196861;4,641533;1,695633;2,467155;5,092621;3,770828;4,782677;3,317833;3,770828;5,448341;3,317833;4,782677;1,196861;2,723694;4,641533;5,092621;4,782677;5,092621;3,082275;4,641533;3,770828;3,770828;1,196861;2,467155;3,082275;1,695633;3,082275;4,782677;2,467155;5,092621;4,782677;4,782677;3,317833;1,695633;1,747131;1,196861;3,770828;3,770828;5,448341;3,770828
"221";"1968-05-01";4,19426;4,451752;4,396439;4,753113;4,753113;4,19426;4,451752;2,983093;4,776001;4,396439;2,456665;3,27301;4,396439;4,19426;4,396439;4,753113;6,530762;3,099442;4,753113;4,770279;4,753113;4,926682;4,224777;3,099442;4,770279;3,099442;4,396439;4,09317;4,396439;4,753113;4,19426;6,530762;4,19426;6,530762;4,19426;4,753113;4,753113;4,926682;4,09317;4,09317;4,753113;2,456665;2,456665;4,770279;4,776001;4,22287;3,410339;4,22287;3,749847;5,260468;5,260468;2,250671;6,530762;4,22287;1,9207;5,260468;4,22287;5,260468;3,749847;3,749847;3,749847;4,776001;5,138397;2,250671;5,138397;3,410339;5,138397;2,410889;2,250671;5,260468;3,749847;4,22287;2,983093;3,749847;6,530762;2,983093;4,22287;3,410339;2,456665;5,138397;5,260468;4,22287;5,260468;4,776001;5,138397;3,749847;3,749847;3,410339;2,250671;4,776001;2,410889;4,776001;4,22287;2,250671;5,260468;4,22287;4,22287;2,983093;2,410889;3,27301;3,410339;3,749847;3,749847;6,530762;3,749847
"222";"1968-06-01";5,954742;5,187988;6,982803;8,718491;8,718491;5,954742;5,187988;4,737854;6,284714;6,982803;3,475189;4,516602;6,982803;5,954742;6,982803;8,718491;11,9133;4,926682;8,718491;5,056381;8,718491;6,567001;6,095886;4,926682;5,056381;4,926682;6,982803;3,837585;6,982803;8,718491;5,954742;11,9133;5,954742;11,9133;5,954742;8,718491;8,718491;6,567001;3,837585;3,837585;8,718491;3,475189;3,475189;5,056381;6,284714;6,664276;7,501602;6,664276;5,674362;9,088516;9,088516;7,751465;11,9133;6,664276;7,240295;9,088516;6,664276;9,088516;5,674362;5,674362;5,674362;6,284714;8,687973;7,751465;8,687973;7,501602;8,687973;8,752823;7,751465;9,088516;5,674362;6,664276;4,737854;5,674362;11,9133;4,737854;6,664276;7,501602;3,475189;8,687973;9,088516;6,664276;9,088516;6,284714;8,687973;5,674362;5,674362;7,501602;7,751465;6,284714;8,752823;6,284714;6,664276;7,751465;9,088516;6,664276;6,664276;4,737854;8,752823;4,516602;7,501602;5,674362;5,674362;11,9133;5,674362
"223";"1968-07-01";0,8583069;0,5950928;2,52533;1,625061;1,625061;0,8583069;0,5950928;1,922607;1,426697;2,52533;1,140594;1,411438;2,52533;0,8583069;2,52533;1,625061;2,235413;1,026154;1,625061;1,094818;1,625061;1,117706;0,7019043;1,026154;1,094818;1,026154;2,52533;1,342773;2,52533;1,625061;0,8583069;2,235413;0,8583069;2,235413;0,8583069;1,625061;1,625061;1,117706;1,342773;1,342773;1,625061;1,140594;1,140594;1,094818;1,426697;2,307892;4,291534;2,307892;2,388;2,216339;2,216339;4,470825;2,235413;2,307892;3,219604;2,216339;2,307892;2,216339;2,388;2,388;2,388;1,426697;2,567291;4,470825;2,567291;4,291534;2,567291;6,05011;4,470825;2,216339;2,388;2,307892;1,922607;2,388;2,235413;1,922607;2,307892;4,291534;1,140594;2,567291;2,216339;2,307892;2,216339;1,426697;2,567291;2,388;2,388;4,291534;4,470825;1,426697;6,05011;1,426697;2,307892;4,470825;2,216339;2,307892;2,307892;1,922607;6,05011;1,411438;4,291534;2,388;2,388;2,235413;2,388
"224";"1968-08-01";0,5302429;0,3185272;1,192093;0,8831024;0,8831024;0,5302429;0,3185272;1,052856;0,9078979;1,192093;1,005173;1,117706;1,192093;0,5302429;1,192093;0,8831024;1,605988;0,6656647;0,8831024;0,5474091;0,8831024;0,4405975;0,4005432;0,6656647;0,5474091;0,6656647;1,192093;1,037598;1,192093;0,8831024;0,5302429;1,605988;0,5302429;1,605988;0,5302429;0,8831024;0,8831024;0,4405975;1,037598;1,037598;0,8831024;1,005173;1,005173;0,5474091;0,9078979;1,291275;2,859116;1,291275;1,623154;1,48201;1,48201;2,340317;1,605988;1,291275;1,95694;1,48201;1,291275;1,48201;1,623154;1,623154;1,623154;0,9078979;1,51825;2,340317;1,51825;2,859116;1,51825;4,045486;2,340317;1,48201;1,623154;1,291275;1,052856;1,623154;1,605988;1,052856;1,291275;2,859116;1,005173;1,51825;1,48201;1,291275;1,48201;0,9078979;1,51825;1,623154;1,623154;2,859116;2,340317;0,9078979;4,045486;0,9078979;1,291275;2,340317;1,48201;1,291275;1,291275;1,052856;4,045486;1,117706;2,859116;1,623154;1,623154;1,605988;1,623154
"225";"1968-09-01";1,152039;0,7019043;3,381729;2,031326;2,031326;1,152039;0,7019043;2,849579;1,899719;3,381729;1,951218;1,880646;3,381729;1,152039;3,381729;2,031326;2,983093;2,002716;2,031326;1,728058;2,031326;1,53923;1,20163;2,002716;1,728058;2,002716;3,381729;1,735687;3,381729;2,031326;1,152039;2,983093;1,152039;2,983093;1,152039;2,031326;2,031326;1,53923;1,735687;1,735687;2,031326;1,951218;1,951218;1,728058;1,899719;3,055573;2,531052;3,055573;2,620697;2,498627;2,498627;5,729675;2,983093;3,055573;4,62532;2,498627;3,055573;2,498627;2,620697;2,620697;2,620697;1,899719;3,103256;5,729675;3,103256;2,531052;3,103256;6,258011;5,729675;2,498627;2,620697;3,055573;2,849579;2,620697;2,983093;2,849579;3,055573;2,531052;1,951218;3,103256;2,498627;3,055573;2,498627;1,899719;3,103256;2,620697;2,620697;2,531052;5,729675;1,899719;6,258011;1,899719;3,055573;5,729675;2,498627;3,055573;3,055573;2,849579;6,258011;1,880646;2,531052;2,620697;2,620697;2,983093;2,620697
"226";"1968-10-01";0,8907318;0,8010864;2,843857;1,224518;1,224518;0,8907318;0,8010864;1,95694;1,871109;2,843857;1,508713;1,707077;2,843857;0,8907318;2,843857;1,224518;2,687454;1,537323;1,224518;0,8792877;1,224518;0,5264282;0,5931854;1,537323;0,8792877;1,537323;2,843857;1,039505;2,843857;1,224518;0,8907318;2,687454;0,8907318;2,687454;0,8907318;1,224518;1,224518;0,5264282;1,039505;1,039505;1,224518;1,508713;1,508713;0,8792877;1,871109;3,360748;1,644135;3,360748;1,836777;2,651215;2,651215;3,917694;2,687454;3,360748;3,259659;2,651215;3,360748;2,651215;1,836777;1,836777;1,836777;1,871109;3,765106;3,917694;3,765106;1,644135;3,765106;4,930496;3,917694;2,651215;1,836777;3,360748;1,95694;1,836777;2,687454;1,95694;3,360748;1,644135;1,508713;3,765106;2,651215;3,360748;2,651215;1,871109;3,765106;1,836777;1,836777;1,644135;3,917694;1,871109;4,930496;1,871109;3,360748;3,917694;2,651215;3,360748;3,360748;1,95694;4,930496;1,707077;1,644135;1,836777;1,836777;2,687454;1,836777
"227";"1968-11-01";0,3757477;0,3757477;2,347946;0,5283356;0,5283356;0,3757477;0,3757477;1,138687;1,796722;2,347946;0,7953644;0,8926392;2,347946;0,3757477;2,347946;0,5283356;2,195358;0,6923676;0,5283356;0,7801056;0,5283356;0,4711151;0,1411438;0,6923676;0,7801056;0,6923676;2,347946;0,7419586;2,347946;0,5283356;0,3757477;2,195358;0,3757477;2,195358;0,3757477;0,5283356;0,5283356;0,4711151;0,7419586;0,7419586;0,5283356;0,7953644;0,7953644;0,7801056;1,796722;5,07164;2,79808;5,07164;2,17247;5,088806;5,088806;3,616333;2,195358;5,07164;4,211426;5,088806;5,07164;5,088806;2,17247;2,17247;2,17247;1,796722;4,945755;3,616333;4,945755;2,79808;4,945755;2,843857;3,616333;5,088806;2,17247;5,07164;1,138687;2,17247;2,195358;1,138687;5,07164;2,79808;0,7953644;4,945755;5,088806;5,07164;5,088806;1,796722;4,945755;2,17247;2,17247;2,79808;3,616333;1,796722;2,843857;1,796722;5,07164;3,616333;5,088806;5,07164;5,07164;1,138687;2,843857;0,8926392;2,79808;2,17247;2,17247;2,195358;2,17247
"228";"1968-12-01";0,7047653;0,5683899;2,374649;0,7553101;0,7553101;0,7047653;0,5683899;1,141548;1,948357;2,374649;0,8544922;1,171112;2,374649;0,7047653;2,374649;0,7553101;2,236366;0,7705688;0,7553101;0,6027222;0,7553101;0,3662109;0,3089905;0,7705688;0,6027222;0,7705688;2,374649;0,7362366;2,374649;0,7553101;0,7047653;2,236366;0,7047653;2,236366;0,7047653;0,7553101;0,7553101;0,3662109;0,7362366;0,7362366;0,7553101;0,8544922;0,8544922;0,6027222;1,948357;4,041672;0,6036758;4,041672;1,211166;3,634453;3,634453;2,278328;2,236366;4,041672;3,303528;3,634453;4,041672;3,634453;1,211166;1,211166;1,211166;1,948357;4,118919;2,278328;4,118919;0,6036758;4,118919;1,243591;2,278328;3,634453;1,211166;4,041672;1,141548;1,211166;2,236366;1,141548;4,041672;0,6036758;0,8544922;4,118919;3,634453;4,041672;3,634453;1,948357;4,118919;1,211166;1,211166;0,6036758;2,278328;1,948357;1,243591;1,948357;4,041672;2,278328;3,634453;4,041672;4,041672;1,141548;1,243591;1,171112;0,6036758;1,211166;1,211166;2,236366;1,211166
"229";"1969-01-01";0,4863739;0,497818;2,574921;0,7076263;0,7076263;0,4863739;0,497818;1,522064;2,166748;2,574921;0,7762909;0,9651184;2,574921;0,4863739;2,574921;0,7076263;2,561569;0,7743835;0,7076263;0,8220673;0,7076263;0,4043579;0,295639;0,7743835;0,8220673;0,7743835;2,574921;0,8182526;2,574921;0,7076263;0,4863739;2,561569;0,4863739;2,561569;0,4863739;0,7076263;0,7076263;0,4043579;0,8182526;0,8182526;0,7076263;0,7762909;0,7762909;0,8220673;2,166748;5,61142;2,998352;5,61142;3,255844;6,448746;6,448746;4,760742;2,561569;5,61142;5,081177;6,448746;5,61142;6,448746;3,255844;3,255844;3,255844;2,166748;4,814148;4,760742;4,814148;2,998352;4,814148;3,801346;4,760742;6,448746;3,255844;5,61142;1,522064;3,255844;2,561569;1,522064;5,61142;2,998352;0,7762909;4,814148;6,448746;5,61142;6,448746;2,166748;4,814148;3,255844;3,255844;2,998352;4,760742;2,166748;3,801346;2,166748;5,61142;4,760742;6,448746;5,61142;5,61142;1,522064;3,801346;0,9651184;2,998352;3,255844;3,255844;2,561569;3,255844
"230";"1969-02-01";0,421524;0,4959106;4,520416;0,5741119;0,5741119;0,421524;0,4959106;2,365112;3,009796;4,520416;1,077652;0,9727478;4,520416;0,421524;4,520416;0,5741119;3,351212;0,9689331;0,5741119;1,502991;0,5741119;0,4520416;0,1564026;0,9689331;1,502991;0,9689331;4,520416;1,276016;4,520416;0,5741119;0,421524;3,351212;0,421524;3,351212;0,421524;0,5741119;0,5741119;0,4520416;1,276016;1,276016;0,5741119;1,077652;1,077652;1,502991;3,009796;13,03291;3,12233;13,03291;6,26564;10,12421;10,12421;4,53186;3,351212;13,03291;6,080627;10,12421;13,03291;10,12421;6,26564;6,26564;6,26564;3,009796;7,688522;4,53186;7,688522;3,12233;7,688522;3,143311;4,53186;10,12421;6,26564;13,03291;2,365112;6,26564;3,351212;2,365112;13,03291;3,12233;1,077652;7,688522;10,12421;13,03291;10,12421;3,009796;7,688522;6,26564;6,26564;3,12233;4,53186;3,009796;3,143311;3,009796;13,03291;4,53186;10,12421;13,03291;13,03291;2,365112;3,143311;0,9727478;3,12233;6,26564;6,26564;3,351212;6,26564
"231";"1969-03-01";1,440048;1,296997;3,648758;1,443863;1,443863;1,440048;1,296997;2,799988;2,46048;3,648758;1,512527;1,441956;3,648758;1,440048;3,648758;1,443863;3,595352;1,699448;1,443863;3,355026;1,443863;1,760483;1,38092;1,699448;3,355026;1,699448;3,648758;2,193451;3,648758;1,443863;1,440048;3,595352;1,440048;3,595352;1,440048;1,443863;1,443863;1,760483;2,193451;2,193451;1,443863;1,512527;1,512527;3,355026;2,46048;8,331299;4,177094;8,331299;5,472183;6,668091;6,668091;4,774094;3,595352;8,331299;6,450653;6,668091;8,331299;6,668091;5,472183;5,472183;5,472183;2,46048;5,449295;4,774094;5,449295;4,177094;5,449295;2,733231;4,774094;6,668091;5,472183;8,331299;2,799988;5,472183;3,595352;2,799988;8,331299;4,177094;1,512527;5,449295;6,668091;8,331299;6,668091;2,46048;5,449295;5,472183;5,472183;4,177094;4,774094;2,46048;2,733231;2,46048;8,331299;4,774094;6,668091;8,331299;8,331299;2,799988;2,733231;1,441956;4,177094;5,472183;5,472183;3,595352;5,472183
"232";"1969-04-01";0,7343292;0,9326935;4,692078;1,031876;1,031876;0,7343292;0,9326935;2,698898;4,487991;4,692078;0,9708405;1,052856;4,692078;0,7343292;4,692078;1,031876;5,53894;1,110077;1,031876;1,888275;1,031876;0,7858276;0,3700256;1,110077;1,888275;1,110077;4,692078;1,291275;4,692078;1,031876;0,7343292;5,53894;0,7343292;5,53894;0,7343292;1,031876;1,031876;0,7858276;1,291275;1,291275;1,031876;0,9708405;0,9708405;1,888275;4,487991;13,23509;2,262115;13,23509;6,546021;14,72664;14,72664;3,665924;5,53894;13,23509;4,571915;14,72664;13,23509;14,72664;6,546021;6,546021;6,546021;4,487991;9,35173;3,665924;9,35173;2,262115;9,35173;3,238678;3,665924;14,72664;6,546021;13,23509;2,698898;6,546021;5,53894;2,698898;13,23509;2,262115;0,9708405;9,35173;14,72664;13,23509;14,72664;4,487991;9,35173;6,546021;6,546021;2,262115;3,665924;4,487991;3,238678;4,487991;13,23509;3,665924;14,72664;13,23509;13,23509;2,698898;3,238678;1,052856;2,262115;6,546021;6,546021;5,53894;6,546021
"233";"1969-05-01";0,7972717;1,087189;5,601883;1,466751;1,466751;0,7972717;1,087189;4,66156;4,098892;5,601883;1,968384;1,337051;5,601883;0,7972717;5,601883;1,466751;5,725861;1,573563;1,466751;1,810074;1,466751;0,7171631;0,5168915;1,573563;1,810074;1,573563;5,601883;1,630783;5,601883;1,466751;0,7972717;5,725861;0,7972717;5,725861;0,7972717;1,466751;1,466751;0,7171631;1,630783;1,630783;1,466751;1,968384;1,968384;1,810074;4,098892;13,88168;3,913879;13,88168;9,590149;12,70485;12,70485;3,515244;5,725861;13,88168;2,986908;12,70485;13,88168;12,70485;9,590149;9,590149;9,590149;4,098892;8,214951;3,515244;8,214951;3,913879;8,214951;4,987717;3,515244;12,70485;9,590149;13,88168;4,66156;9,590149;5,725861;4,66156;13,88168;3,913879;1,968384;8,214951;12,70485;13,88168;12,70485;4,098892;8,214951;9,590149;9,590149;3,913879;3,515244;4,098892;4,987717;4,098892;13,88168;3,515244;12,70485;13,88168;13,88168;4,66156;4,987717;1,337051;3,913879;9,590149;9,590149;5,725861;9,590149
"234";"1969-06-01";1,731873;1,787186;2,031326;1,98555;1,98555;1,731873;1,787186;1,625061;2,321243;2,031326;0,9975433;2,326965;2,031326;1,731873;2,031326;1,98555;2,855301;0,8583069;1,98555;1,461029;1,98555;2,153397;2,01416;0,8583069;1,461029;0,8583069;2,031326;1,207352;2,031326;1,98555;1,731873;2,855301;1,731873;2,855301;1,731873;1,98555;1,98555;2,153397;1,207352;1,207352;1,98555;0,9975433;0,9975433;1,461029;2,321243;4,333496;3,894806;4,333496;3,162384;4,430771;4,430771;4,756927;2,855301;4,333496;4,407883;4,430771;4,333496;4,430771;3,162384;3,162384;3,162384;2,321243;5,35202;4,756927;5,35202;3,894806;5,35202;5,2948;4,756927;4,430771;3,162384;4,333496;1,625061;3,162384;2,855301;1,625061;4,333496;3,894806;0,9975433;5,35202;4,430771;4,333496;4,430771;2,321243;5,35202;3,162384;3,162384;3,894806;4,756927;2,321243;5,2948;2,321243;4,333496;4,756927;4,430771;4,333496;4,333496;1,625061;5,2948;2,326965;3,894806;3,162384;3,162384;2,855301;3,162384
"235";"1969-07-01";1,256943;1,028061;3,490448;2,168655;2,168655;1,256943;1,028061;2,880096;2,445221;3,490448;1,941681;2,725601;3,490448;1,256943;3,490448;2,168655;3,976822;1,859665;2,168655;1,644135;2,168655;1,272202;0,9422302;1,859665;1,644135;1,859665;3,490448;1,895905;3,490448;2,168655;1,256943;3,976822;1,256943;3,976822;1,256943;2,168655;2,168655;1,272202;1,895905;1,895905;2,168655;1,941681;1,941681;1,644135;2,445221;3,932953;5,060196;3,932953;3,551483;4,1008;4,1008;6,80542;3,976822;3,932953;6,4888;4,1008;3,932953;4,1008;3,551483;3,551483;3,551483;2,445221;5,081177;6,80542;5,081177;5,060196;5,081177;7,095337;6,80542;4,1008;3,551483;3,932953;2,880096;3,551483;3,976822;2,880096;3,932953;5,060196;1,941681;5,081177;4,1008;3,932953;4,1008;2,445221;5,081177;3,551483;3,551483;5,060196;6,80542;2,445221;7,095337;2,445221;3,932953;6,80542;4,1008;3,932953;3,932953;2,880096;7,095337;2,725601;5,060196;3,551483;3,551483;3,976822;3,551483
"236";"1969-08-01";4,31633;3,269196;6,837845;5,096436;5,096436;4,31633;3,269196;6,292343;5,319595;6,837845;5,027771;5,182266;6,837845;4,31633;6,837845;5,096436;7,328033;5,792618;5,096436;5,632401;5,096436;5,247116;4,915237;5,792618;5,632401;5,792618;6,837845;4,396439;6,837845;5,096436;4,31633;7,328033;4,31633;7,328033;4,31633;5,096436;5,096436;5,247116;4,396439;4,396439;5,096436;5,027771;5,027771;5,632401;5,319595;6,855011;10,24628;6,855011;7,295609;6,660461;6,660461;12,05826;7,328033;6,855011;9,922028;6,660461;6,855011;6,660461;7,295609;7,295609;7,295609;5,319595;8,069992;12,05826;8,069992;10,24628;8,069992;15,2626;12,05826;6,660461;7,295609;6,855011;6,292343;7,295609;7,328033;6,292343;6,855011;10,24628;5,027771;8,069992;6,660461;6,855011;6,660461;5,319595;8,069992;7,295609;7,295609;10,24628;12,05826;5,319595;15,2626;5,319595;6,855011;12,05826;6,660461;6,855011;6,855011;6,292343;15,2626;5,182266;10,24628;7,295609;7,295609;7,328033;7,295609
"237";"1969-09-01";3,534317;3,43132;7,316589;4,198074;4,198074;3,534317;3,43132;7,387161;5,739212;7,316589;5,367279;5,147934;7,316589;3,534317;7,316589;4,198074;7,434845;4,549026;4,198074;3,953934;4,198074;3,303528;2,651215;4,549026;3,953934;4,549026;7,316589;4,236221;7,316589;4,198074;3,534317;7,434845;3,534317;7,434845;3,534317;4,198074;4,198074;3,303528;4,236221;4,236221;4,198074;5,367279;5,367279;3,953934;5,739212;9,296417;9,45282;9,296417;8,499146;8,464813;8,464813;10,58388;7,434845;9,296417;10,17952;8,464813;9,296417;8,464813;8,499146;8,499146;8,499146;5,739212;8,676529;10,58388;8,676529;9,45282;8,676529;12,34245;10,58388;8,464813;8,499146;9,296417;7,387161;8,499146;7,434845;7,387161;9,296417;9,45282;5,367279;8,676529;8,464813;9,296417;8,464813;5,739212;8,676529;8,499146;8,499146;9,45282;10,58388;5,739212;12,34245;5,739212;9,296417;10,58388;8,464813;9,296417;9,296417;7,387161;12,34245;5,147934;9,45282;8,499146;8,499146;7,434845;8,499146
"238";"1969-10-01";1,246452;0,872612;3,0756;1,832008;1,832008;1,246452;0,872612;1,852036;2,358437;3,0756;1,149178;1,411438;3,0756;1,246452;3,0756;1,832008;3,675461;1,244545;1,832008;0,9202957;1,832008;1,033783;0,8144379;1,244545;0,9202957;1,244545;3,0756;0,9660721;3,0756;1,832008;1,246452;3,675461;1,246452;3,675461;1,246452;1,832008;1,832008;1,033783;0,9660721;0,9660721;1,832008;1,149178;1,149178;0,9202957;2,358437;5,003929;1,89209;5,003929;1,729012;4,615784;4,615784;3,272057;3,675461;5,003929;3,177643;4,615784;5,003929;4,615784;1,729012;1,729012;1,729012;2,358437;3,949165;3,272057;3,949165;1,89209;3,949165;3,66497;3,272057;4,615784;1,729012;5,003929;1,852036;1,729012;3,675461;1,852036;5,003929;1,89209;1,149178;3,949165;4,615784;5,003929;4,615784;2,358437;3,949165;1,729012;1,729012;1,89209;3,272057;2,358437;3,66497;2,358437;5,003929;3,272057;4,615784;5,003929;5,003929;1,852036;3,66497;1,411438;1,89209;1,729012;1,729012;3,675461;1,729012
"239";"1969-11-01";0,1602173;0,1773834;2,246857;0,3566742;0,3566742;0,1602173;0,1773834;0,8201599;1,203537;2,246857;0,4749298;0,5950928;2,246857;0,1602173;2,246857;0,3566742;1,684189;0,371933;0,3566742;0,2193451;0,3566742;0,08583069;0,04768372;0,371933;0,2193451;0,371933;2,246857;0,459671;2,246857;0,3566742;0,1602173;1,684189;0,1602173;1,684189;0,1602173;0,3566742;0,3566742;0,08583069;0,459671;0,459671;0,3566742;0,4749298;0,4749298;0,2193451;1,203537;6,414413;2,246857;6,414413;1,829147;4,074097;4,074097;2,733231;1,684189;6,414413;4,266739;4,074097;6,414413;4,074097;1,829147;1,829147;1,829147;1,203537;3,648758;2,733231;3,648758;2,246857;3,648758;2,225876;2,733231;4,074097;1,829147;6,414413;0,8201599;1,829147;1,684189;0,8201599;6,414413;2,246857;0,4749298;3,648758;4,074097;6,414413;4,074097;1,203537;3,648758;1,829147;1,829147;2,246857;2,733231;1,203537;2,225876;1,203537;6,414413;2,733231;4,074097;6,414413;6,414413;0,8201599;2,225876;0,5950928;2,246857;1,829147;1,829147;1,684189;1,829147
"240";"1969-12-01";0,05435944;0,05722046;0,831604;0,1058578;0,1058578;0,05435944;0,05722046;0,4196167;0,6046295;0,831604;0,09155273;0,3013611;0,831604;0,05435944;0,831604;0,1058578;0,6866455;0,1039505;0,1058578;0,05054474;0,1058578;0,04196167;0,0333786;0,1039505;0,05054474;0,1039505;0,831604;0,04959106;0,831604;0,1058578;0,05435944;0,6866455;0,05435944;0,6866455;0,05435944;0,1058578;0,1058578;0,04196167;0,04959106;0,04959106;0,1058578;0,09155273;0,09155273;0,05054474;0,6046295;2,80571;1,635551;2,80571;1,488686;2,363205;2,363205;3,409386;0,6866455;2,80571;3,293991;2,363205;2,80571;2,363205;1,488686;1,488686;1,488686;0,6046295;2,441406;3,409386;2,441406;1,635551;2,441406;2,86293;3,409386;2,363205;1,488686;2,80571;0,4196167;1,488686;0,6866455;0,4196167;2,80571;1,635551;0,09155273;2,441406;2,363205;2,80571;2,363205;0,6046295;2,441406;1,488686;1,488686;1,635551;3,409386;0,6046295;2,86293;0,6046295;2,80571;3,409386;2,363205;2,80571;2,80571;0,4196167;2,86293;0,3013611;1,635551;1,488686;1,488686;0,6866455;1,488686
"241";"1970-01-01";0,1859665;0,2574921;2,696037;0,2822876;0,2822876;0,1859665;0,2574921;1,067162;1,583099;2,696037;0,330925;0,5435944;2,696037;0,1859665;2,696037;0,2822876;1,817703;0,3051758;0,2822876;0,1735687;0,2822876;0,09250641;0,128746;0,3051758;0,1735687;0,3051758;2,696037;0,2384186;2,696037;0,2822876;0,1859665;1,817703;0,1859665;1,817703;0,1859665;0,2822876;0,2822876;0,09250641;0,2384186;0,2384186;0,2822876;0,330925;0,330925;0,1735687;1,583099;8,698463;1,648903;8,698463;2,815247;5,559921;5,559921;2,596855;1,817703;8,698463;4,537582;5,559921;8,698463;5,559921;2,815247;2,815247;2,815247;1,583099;4,39167;2,596855;4,39167;1,648903;4,39167;1,139641;2,596855;5,559921;2,815247;8,698463;1,067162;2,815247;1,817703;1,067162;8,698463;1,648903;0,330925;4,39167;5,559921;8,698463;5,559921;1,583099;4,39167;2,815247;2,815247;1,648903;2,596855;1,583099;1,139641;1,583099;8,698463;2,596855;5,559921;8,698463;8,698463;1,067162;1,139641;0,5435944;1,648903;2,815247;2,815247;1,817703;2,815247
"242";"1970-02-01";0,3709793;0,3700256;3,314972;0,9346008;0,9346008;0,3709793;0,3700256;2,019882;2,010345;3,314972;1,079559;1,086235;3,314972;0,3709793;3,314972;0,9346008;3,059387;1,322746;0,9346008;1,304626;0,9346008;0,6608963;0,1754761;1,322746;1,304626;1,322746;3,314972;0,8478165;3,314972;0,9346008;0,3709793;3,059387;0,3709793;3,059387;0,3709793;0,9346008;0,9346008;0,6608963;0,8478165;0,8478165;0,9346008;1,079559;1,079559;1,304626;2,010345;6,201744;1,577377;6,201744;3,020287;6,057739;6,057739;3,494263;3,059387;6,201744;4,83036;6,057739;6,201744;6,057739;3,020287;3,020287;3,020287;2,010345;6,220818;3,494263;6,220818;1,577377;6,220818;2,381325;3,494263;6,057739;3,020287;6,201744;2,019882;3,020287;3,059387;2,019882;6,201744;1,577377;1,079559;6,220818;6,057739;6,201744;6,057739;2,010345;6,220818;3,020287;3,020287;1,577377;3,494263;2,010345;2,381325;2,010345;6,201744;3,494263;6,057739;6,201744;6,201744;2,019882;2,381325;1,086235;1,577377;3,020287;3,020287;3,059387;3,020287
"243";"1970-03-01";0,0705719;0,05149841;1,701355;0,1125336;0,1125336;0,0705719;0,05149841;0,7915497;1,216888;1,701355;0,07820129;0,246048;1,701355;0,0705719;1,701355;0,1125336;1,337051;0,1010895;0,1125336;0,09155273;0,1125336;0,04768372;0,04005432;0,1010895;0,09155273;0,1010895;1,701355;0,06484985;1,701355;0,1125336;0,0705719;1,337051;0,0705719;1,337051;0,0705719;0,1125336;0,1125336;0,04768372;0,06484985;0,06484985;0,1125336;0,07820129;0,07820129;0,09155273;1,216888;6,498337;1,342773;6,498337;2,920151;4,995346;4,995346;3,456116;1,337051;6,498337;4,701614;4,995346;6,498337;4,995346;2,920151;2,920151;2,920151;1,216888;3,370285;3,456116;3,370285;1,342773;3,370285;1,64032;3,456116;4,995346;2,920151;6,498337;0,7915497;2,920151;1,337051;0,7915497;6,498337;1,342773;0,07820129;3,370285;4,995346;6,498337;4,995346;1,216888;3,370285;2,920151;2,920151;1,342773;3,456116;1,216888;1,64032;1,216888;6,498337;3,456116;4,995346;6,498337;6,498337;0,7915497;1,64032;0,246048;1,342773;2,920151;2,920151;1,337051;2,920151
"244";"1970-04-01";0,2536774;0,2384186;2,038956;0,5130768;0,5130768;0,2536774;0,2384186;0,9899139;1,609802;2,038956;0,3108978;0,3757477;2,038956;0,2536774;2,038956;0,5130768;2,185822;0,5130768;0,5130768;0,5874634;0,5130768;0,202179;0,09346008;0,5130768;0,5874634;0,5130768;2,038956;0,3833771;2,038956;0,5130768;0,2536774;2,185822;0,2536774;2,185822;0,2536774;0,5130768;0,5130768;0,202179;0,3833771;0,3833771;0,5130768;0,3108978;0,3108978;0,5874634;1,609802;5,325317;0,5226135;5,325317;2,391815;5,187988;5,187988;1,89209;2,185822;5,325317;1,468658;5,187988;5,325317;5,187988;2,391815;2,391815;2,391815;1,609802;2,965927;1,89209;2,965927;0,5226135;2,965927;2,193451;1,89209;5,187988;2,391815;5,325317;0,9899139;2,391815;2,185822;0,9899139;5,325317;0,5226135;0,3108978;2,965927;5,187988;5,325317;5,187988;1,609802;2,965927;2,391815;2,391815;0,5226135;1,89209;1,609802;2,193451;1,609802;5,325317;1,89209;5,187988;5,325317;5,325317;0,9899139;2,193451;0,3757477;0,5226135;2,391815;2,391815;2,185822;2,391815
"245";"1970-05-01";2,437592;2,559662;3,585815;3,036499;3,036499;2,437592;2,559662;3,032684;4,844666;3,585815;2,250671;2,607346;3,585815;2,437592;3,585815;3,036499;6,948471;1,647949;3,036499;2,376556;3,036499;2,807617;1,916885;1,647949;2,376556;1,647949;3,585815;2,845764;3,585815;3,036499;2,437592;6,948471;2,437592;6,948471;2,437592;3,036499;3,036499;2,807617;2,845764;2,845764;3,036499;2,250671;2,250671;2,376556;4,844666;5,659103;2,000809;5,659103;3,396988;7,99942;7,99942;1,989365;6,948471;5,659103;2,218246;7,99942;5,659103;7,99942;3,396988;3,396988;3,396988;4,844666;8,039474;1,989365;8,039474;2,000809;8,039474;1,325607;1,989365;7,99942;3,396988;5,659103;3,032684;3,396988;6,948471;3,032684;5,659103;2,000809;2,250671;8,039474;7,99942;5,659103;7,99942;4,844666;8,039474;3,396988;3,396988;2,000809;1,989365;4,844666;1,325607;4,844666;5,659103;1,989365;7,99942;5,659103;5,659103;3,032684;1,325607;2,607346;2,000809;3,396988;3,396988;6,948471;3,396988
"246";"1970-06-01";2,214432;2,017975;4,434586;3,061295;3,061295;2,214432;2,017975;3,534317;4,106522;4,434586;3,744125;3,56102;4,434586;2,214432;4,434586;3,061295;5,872726;4,018784;3,061295;5,413055;3,061295;3,288269;2,403259;4,018784;5,413055;4,018784;4,434586;4,817963;4,434586;3,061295;2,214432;5,872726;2,214432;5,872726;2,214432;3,061295;3,061295;3,288269;4,817963;4,817963;3,061295;3,744125;3,744125;5,413055;4,106522;3,904343;4,600525;3,904343;4,247665;6,015778;6,015778;5,70488;5,872726;3,904343;5,319595;6,015778;3,904343;6,015778;4,247665;4,247665;4,247665;4,106522;5,922318;5,70488;5,922318;4,600525;5,922318;7,921219;5,70488;6,015778;4,247665;3,904343;3,534317;4,247665;5,872726;3,534317;3,904343;4,600525;3,744125;5,922318;6,015778;3,904343;6,015778;4,106522;5,922318;4,247665;4,247665;4,600525;5,70488;4,106522;7,921219;4,106522;3,904343;5,70488;6,015778;3,904343;3,904343;3,534317;7,921219;3,56102;4,600525;4,247665;4,247665;5,872726;4,247665
"247";"1970-07-01";2,077103;1,213074;3,810883;3,362656;3,362656;2,077103;1,213074;3,282547;2,660751;3,810883;3,28064;2,222061;3,810883;2,077103;3,810883;3,362656;3,843307;3,456116;3,362656;4,659653;3,362656;3,988266;1,886368;3,456116;4,659653;3,456116;3,810883;3,940582;3,810883;3,362656;2,077103;3,843307;2,077103;3,843307;2,077103;3,362656;3,362656;3,988266;3,940582;3,940582;3,362656;3,28064;3,28064;4,659653;2,660751;3,017426;5,081177;3,017426;3,852844;2,363205;2,363205;5,241394;3,843307;3,017426;3,875732;2,363205;3,017426;2,363205;3,852844;3,852844;3,852844;2,660751;2,830505;5,241394;2,830505;5,081177;2,830505;6,969452;5,241394;2,363205;3,852844;3,017426;3,282547;3,852844;3,843307;3,282547;3,017426;5,081177;3,28064;2,830505;2,363205;3,017426;2,363205;2,660751;2,830505;3,852844;3,852844;5,081177;5,241394;2,660751;6,969452;2,660751;3,017426;5,241394;2,363205;3,017426;3,017426;3,282547;6,969452;2,222061;5,081177;3,852844;3,852844;3,843307;3,852844
"248";"1970-08-01";2,252579;1,857758;3,633499;3,316879;3,316879;2,252579;1,857758;3,591537;2,872467;3,633499;2,559662;3,105164;3,633499;2,252579;3,633499;3,316879;3,61824;2,052307;3,316879;1,853943;3,316879;2,864838;2,48909;2,052307;1,853943;2,052307;3,633499;2,187729;3,633499;3,316879;2,252579;3,61824;2,252579;3,61824;2,252579;3,316879;3,316879;2,864838;2,187729;2,187729;3,316879;2,559662;2,559662;1,853943;2,872467;3,843307;4,795074;3,843307;3,860474;3,299713;3,299713;6,469727;3,61824;3,843307;5,916595;3,299713;3,843307;3,299713;3,860474;3,860474;3,860474;2,872467;4,018784;6,469727;4,018784;4,795074;4,018784;8,02803;6,469727;3,299713;3,860474;3,843307;3,591537;3,860474;3,61824;3,591537;3,843307;4,795074;2,559662;4,018784;3,299713;3,843307;3,299713;2,872467;4,018784;3,860474;3,860474;4,795074;6,469727;2,872467;8,02803;2,872467;3,843307;6,469727;3,299713;3,843307;3,843307;3,591537;8,02803;3,105164;4,795074;3,860474;3,860474;3,61824;3,860474
"249";"1970-09-01";2,153397;1,502991;5,607605;3,339767;3,339767;2,153397;1,502991;3,732681;3,158569;5,607605;3,293991;3,124237;5,607605;2,153397;5,607605;3,339767;4,915237;3,580093;3,339767;3,005981;3,339767;2,151489;1,993179;3,580093;3,005981;3,580093;5,607605;3,141403;5,607605;3,339767;2,153397;4,915237;2,153397;4,915237;2,153397;3,339767;3,339767;2,151489;3,141403;3,141403;3,339767;3,293991;3,293991;3,005981;3,158569;4,94957;4,993439;4,94957;3,133774;3,267288;3,267288;6,07872;4,915237;4,94957;5,022049;3,267288;4,94957;3,267288;3,133774;3,133774;3,133774;3,158569;3,568649;6,07872;3,568649;4,993439;3,568649;8,743286;6,07872;3,267288;3,133774;4,94957;3,732681;3,133774;4,915237;3,732681;4,94957;4,993439;3,293991;3,568649;3,267288;4,94957;3,267288;3,158569;3,568649;3,133774;3,133774;4,993439;6,07872;3,158569;8,743286;3,158569;4,94957;6,07872;3,267288;4,94957;4,94957;3,732681;8,743286;3,124237;4,993439;3,133774;3,133774;4,915237;3,133774
"250";"1970-10-01";0,6923676;0,5264282;2,609253;1,289368;1,289368;0,6923676;0,5264282;1,9207;1,483917;2,609253;1,449585;1,363754;2,609253;0,6923676;2,609253;1,289368;2,698898;1,308441;1,289368;1,079559;1,289368;0,8163452;0,4463196;1,308441;1,079559;1,308441;2,609253;1,111984;2,609253;1,289368;0,6923676;2,698898;0,6923676;2,698898;0,6923676;1,289368;1,289368;0,8163452;1,111984;1,111984;1,289368;1,449585;1,449585;1,079559;1,483917;3,49617;1,470566;3,49617;1,941681;2,119064;2,119064;3,667831;2,698898;3,49617;3,93486;2,119064;3,49617;2,119064;1,941681;1,941681;1,941681;1,483917;3,299713;3,667831;3,299713;1,470566;3,299713;2,748489;3,667831;2,119064;1,941681;3,49617;1,9207;1,941681;2,698898;1,9207;3,49617;1,470566;1,449585;3,299713;2,119064;3,49617;2,119064;1,483917;3,299713;1,941681;1,941681;1,470566;3,667831;1,483917;2,748489;1,483917;3,49617;3,667831;2,119064;3,49617;3,49617;1,9207;2,748489;1,363754;1,470566;1,941681;1,941681;2,698898;1,941681
"251";"1970-11-01";0,1955032;0,1945496;1,570702;0,3242493;0,3242493;0,1955032;0,1945496;0,3395081;0,86689;1,570702;0,2651215;0,705719;1,570702;0,1955032;1,570702;0,3242493;1,115799;0,4358292;0,3242493;0,1459122;0,3242493;0,0743866;0,04291534;0,4358292;0,1459122;0,4358292;1,570702;0,1173019;1,570702;0,3242493;0,1955032;1,115799;0,1955032;1,115799;0,1955032;0,3242493;0,3242493;0,0743866;0,1173019;0,1173019;0,3242493;0,2651215;0,2651215;0,1459122;0,86689;3,190041;0,585556;3,190041;0,4386902;2,174377;2,174377;2,039909;1,115799;3,190041;3,241539;2,174377;3,190041;2,174377;0,4386902;0,4386902;0,4386902;0,86689;2,788544;2,039909;2,788544;0,585556;2,788544;1,051903;2,039909;2,174377;0,4386902;3,190041;0,3395081;0,4386902;1,115799;0,3395081;3,190041;0,585556;0,2651215;2,788544;2,174377;3,190041;2,174377;0,86689;2,788544;0,4386902;0,4386902;0,585556;2,039909;0,86689;1,051903;0,86689;3,190041;2,039909;2,174377;3,190041;3,190041;0,3395081;1,051903;0,705719;0,585556;0,4386902;0,4386902;1,115799;0,4386902
"252";"1970-12-01";0,04005432;0,03242493;0,2670288;0,0705719;0,0705719;0,04005432;0,03242493;0,1335144;0,1392365;0,2670288;0,09155273;0,1487732;0,2670288;0,04005432;0,2670288;0,0705719;0,2555847;0,08010864;0,0705719;0,03433228;0,0705719;0,01144409;0,02098083;0,08010864;0,03433228;0,08010864;0,2670288;0,0743866;0,2670288;0,0705719;0,04005432;0,2555847;0,04005432;0,2555847;0,04005432;0,0705719;0,0705719;0,01144409;0,0743866;0,0743866;0,0705719;0,09155273;0,09155273;0,03433228;0,1392365;0,6484985;0,4405975;0,6484985;0,2441406;0,4730225;0,4730225;1,062393;0,2555847;0,6484985;0,6408691;0,4730225;0,6484985;0,4730225;0,2441406;0,2441406;0,2441406;0,1392365;0,5397797;1,062393;0,5397797;0,4405975;0,5397797;1,472473;1,062393;0,4730225;0,2441406;0,6484985;0,1335144;0,2441406;0,2555847;0,1335144;0,6484985;0,4405975;0,09155273;0,5397797;0,4730225;0,6484985;0,4730225;0,1392365;0,5397797;0,2441406;0,2441406;0,4405975;1,062393;0,1392365;1,472473;0,1392365;0,6484985;1,062393;0,4730225;0,6484985;0,6484985;0,1335144;1,472473;0,1487732;0,4405975;0,2441406;0,2441406;0,2555847;0,2441406
"253";"1971-01-01";0,2231598;0,1478195;1,374245;0,4739761;0,4739761;0,2231598;0,1478195;1,141548;0,5311966;1,374245;0,6971359;0,3461838;1,374245;0,2231598;1,374245;0,4739761;1,096725;0,5178452;0,4739761;0,2307892;0,4739761;0,2098083;0,169754;0,5178452;0,2307892;0,5178452;1,374245;0,4463196;1,374245;0,4739761;0,2231598;1,096725;0,2231598;1,096725;0,2231598;0,4739761;0,4739761;0,2098083;0,4463196;0,4463196;0,4739761;0,6971359;0,6971359;0,2307892;0,5311966;2,329826;1,443863;2,329826;1,464844;1,496315;1,496315;2,063751;1,096725;2,329826;2,35939;1,496315;2,329826;1,496315;1,464844;1,464844;1,464844;0,5311966;1,801491;2,063751;1,801491;1,443863;1,801491;1,355171;2,063751;1,496315;1,464844;2,329826;1,141548;1,464844;1,096725;1,141548;2,329826;1,443863;0,6971359;1,801491;1,496315;2,329826;1,496315;0,5311966;1,801491;1,464844;1,464844;1,443863;2,063751;0,5311966;1,355171;0,5311966;2,329826;2,063751;1,496315;2,329826;2,329826;1,141548;1,355171;0,3461838;1,443863;1,464844;1,464844;1,096725;1,464844
"254";"1971-02-01";0,1802444;0,1497269;0,8945465;0,2012253;0,2012253;0,1802444;0,1497269;0,4911423;0,9365082;0,8945465;0,1907349;0,4205704;0,8945465;0,1802444;0,8945465;0,2012253;1,12915;0,1316071;0,2012253;0,1764297;0,2012253;0,05531311;0,03528595;0,1316071;0,1764297;0,1316071;0,8945465;0,1993179;0,8945465;0,2012253;0,1802444;1,12915;0,1802444;1,12915;0,1802444;0,2012253;0,2012253;0,05531311;0,1993179;0,1993179;0,2012253;0,1907349;0,1907349;0,1764297;0,9365082;2,735138;0,41008;2,735138;1,264572;2,565384;2,565384;1,320839;1,12915;2,735138;2,193451;2,565384;2,735138;2,565384;1,264572;1,264572;1,264572;0,9365082;1,900673;1,320839;1,900673;0,41008;1,900673;0,4110336;1,320839;2,565384;1,264572;2,735138;0,4911423;1,264572;1,12915;0,4911423;2,735138;0,41008;0,1907349;1,900673;2,565384;2,735138;2,565384;0,9365082;1,900673;1,264572;1,264572;0,41008;1,320839;0,9365082;0,4110336;0,9365082;2,735138;1,320839;2,565384;2,735138;2,735138;0,4911423;0,4110336;0,4205704;0,41008;1,264572;1,264572;1,12915;1,264572
"255";"1971-03-01";0,749588;0,541687;2,536774;1,333237;1,333237;0,749588;0,541687;2,338409;1,503944;2,536774;1,215935;0,9708405;2,536774;0,749588;2,536774;1,333237;2,706528;1,196861;1,333237;1,099586;1,333237;0,8172989;0,6504059;1,196861;1,099586;1,196861;2,536774;1,077652;2,536774;1,333237;0,749588;2,706528;0,749588;2,706528;0,749588;1,333237;1,333237;0,8172989;1,077652;1,077652;1,333237;1,215935;1,215935;1,099586;1,503944;2,521515;0,4472733;2,521515;2,305031;2,603531;2,603531;2,356529;2,706528;2,521515;2,820969;2,603531;2,521515;2,603531;2,305031;2,305031;2,305031;1,503944;3,16143;2,356529;3,16143;0,4472733;3,16143;0,9851456;2,356529;2,603531;2,305031;2,521515;2,338409;2,305031;2,706528;2,338409;2,521515;0,4472733;1,215935;3,16143;2,603531;2,521515;2,603531;1,503944;3,16143;2,305031;2,305031;0,4472733;2,356529;1,503944;0,9851456;1,503944;2,521515;2,356529;2,603531;2,521515;2,521515;2,338409;0,9851456;0,9708405;0,4472733;2,305031;2,305031;2,706528;2,305031
"256";"1971-04-01";1,119614;1,23024;3,131866;1,588821;1,588821;1,119614;1,23024;2,054214;2,434731;3,131866;1,158714;1,285553;3,131866;1,119614;3,131866;1,588821;3,705978;1,438141;1,588821;1,391411;1,588821;1,048088;0,7801056;1,438141;1,391411;1,438141;3,131866;1,097679;3,131866;1,588821;1,119614;3,705978;1,119614;3,705978;1,119614;1,588821;1,588821;1,048088;1,097679;1,097679;1,588821;1,158714;1,158714;1,391411;2,434731;5,085945;0,9117126;5,085945;2,677917;4,995346;4,995346;3,498077;3,705978;5,085945;5,90229;4,995346;5,085945;4,995346;2,677917;2,677917;2,677917;2,434731;4,786491;3,498077;4,786491;0,9117126;4,786491;1,933098;3,498077;4,995346;2,677917;5,085945;2,054214;2,677917;3,705978;2,054214;5,085945;0,9117126;1,158714;4,786491;4,995346;5,085945;4,995346;2,434731;4,786491;2,677917;2,677917;0,9117126;3,498077;2,434731;1,933098;2,434731;5,085945;3,498077;4,995346;5,085945;5,085945;2,054214;1,933098;1,285553;0,9117126;2,677917;2,677917;3,705978;2,677917
"257";"1971-05-01";1,520157;1,302719;3,723145;2,622604;2,622604;1,520157;1,302719;2,651215;2,811432;3,723145;2,048492;1,338959;3,723145;1,520157;3,723145;2,622604;5,298615;2,029419;2,622604;2,437592;2,622604;1,749039;1,436234;2,029419;2,437592;2,029419;3,723145;2,458572;3,723145;2,622604;1,520157;5,298615;1,520157;5,298615;1,520157;2,622604;2,622604;1,749039;2,458572;2,458572;2,622604;2,048492;2,048492;2,437592;2,811432;6,696701;2,817154;6,696701;3,629684;7,392883;7,392883;3,124237;5,298615;6,696701;3,446579;7,392883;6,696701;7,392883;3,629684;3,629684;3,629684;2,811432;5,622864;3,124237;5,622864;2,817154;5,622864;3,082275;3,124237;7,392883;3,629684;6,696701;2,651215;3,629684;5,298615;2,651215;6,696701;2,817154;2,048492;5,622864;7,392883;6,696701;7,392883;2,811432;5,622864;3,629684;3,629684;2,817154;3,124237;2,811432;3,082275;2,811432;6,696701;3,124237;7,392883;6,696701;6,696701;2,651215;3,082275;1,338959;2,817154;3,629684;3,629684;5,298615;3,629684
"258";"1971-06-01";3,089905;2,281189;4,47464;4,756927;4,756927;3,089905;2,281189;2,792358;3,444672;4,47464;2,45285;2,773285;4,47464;3,089905;4,47464;4,756927;5,384445;3,818512;4,756927;4,051208;4,756927;4,238129;3,526688;3,818512;4,051208;3,818512;4,47464;3,154755;4,47464;4,756927;3,089905;5,384445;3,089905;5,384445;3,089905;4,756927;4,756927;4,238129;3,154755;3,154755;4,756927;2,45285;2,45285;4,051208;3,444672;3,147125;4,030228;3,147125;3,12233;3,328323;3,328323;3,601074;5,384445;3,147125;2,353668;3,328323;3,147125;3,328323;3,12233;3,12233;3,12233;3,444672;4,413605;3,601074;4,413605;4,030228;4,413605;4,78363;3,601074;3,328323;3,12233;3,147125;2,792358;3,12233;5,384445;2,792358;3,147125;4,030228;2,45285;4,413605;3,328323;3,147125;3,328323;3,444672;4,413605;3,12233;3,12233;4,030228;3,601074;3,444672;4,78363;3,444672;3,147125;3,601074;3,328323;3,147125;3,147125;2,792358;4,78363;2,773285;4,030228;3,12233;3,12233;5,384445;3,12233
"259";"1971-07-01";0,7400513;0,4844666;2,170563;1,548767;1,548767;0,7400513;0,4844666;2,635956;1,331329;2,170563;2,220154;1,12915;2,170563;0,7400513;2,170563;1,548767;2,780914;1,144409;1,548767;1,365662;1,548767;1,087189;0,5607605;1,144409;1,365662;1,144409;2,170563;2,044678;2,170563;1,548767;0,7400513;2,780914;0,7400513;2,780914;0,7400513;1,548767;1,548767;1,087189;2,044678;2,044678;1,548767;2,220154;2,220154;1,365662;1,331329;2,109528;5,008698;2,109528;3,162384;1,89209;1,89209;2,925873;2,780914;2,109528;1,899719;1,89209;2,109528;1,89209;3,162384;3,162384;3,162384;1,331329;1,880646;2,925873;1,880646;5,008698;1,880646;5,031586;2,925873;1,89209;3,162384;2,109528;2,635956;3,162384;2,780914;2,635956;2,109528;5,008698;2,220154;1,880646;1,89209;2,109528;1,89209;1,331329;1,880646;3,162384;3,162384;5,008698;2,925873;1,331329;5,031586;1,331329;2,109528;2,925873;1,89209;2,109528;2,109528;2,635956;5,031586;1,12915;5,008698;3,162384;3,162384;2,780914;3,162384
"260";"1971-08-01";1,672745;1,04332;3,141403;2,918243;2,918243;1,672745;1,04332;2,39563;1,947403;3,141403;1,95694;1,918793;3,141403;1,672745;3,141403;2,918243;3,898621;2,187729;2,918243;2,559662;2,918243;2,212524;1,51825;2,187729;2,559662;2,187729;3,141403;2,134323;3,141403;2,918243;1,672745;3,898621;1,672745;3,898621;1,672745;2,918243;2,918243;2,212524;2,134323;2,134323;2,918243;1,95694;1,95694;2,559662;1,947403;2,874374;4,272461;2,874374;2,689362;2,519608;2,519608;4,592896;3,898621;2,874374;3,335953;2,519608;2,874374;2,519608;2,689362;2,689362;2,689362;1,947403;2,985001;4,592896;2,985001;4,272461;2,985001;6,387711;4,592896;2,519608;2,689362;2,874374;2,39563;2,689362;3,898621;2,39563;2,874374;4,272461;1,95694;2,985001;2,519608;2,874374;2,519608;1,947403;2,985001;2,689362;2,689362;4,272461;4,592896;1,947403;6,387711;1,947403;2,874374;4,592896;2,519608;2,874374;2,874374;2,39563;6,387711;1,918793;4,272461;2,689362;2,689362;3,898621;2,689362
"261";"1971-09-01";3,59726;2,468109;4,840851;4,026413;4,026413;3,59726;2,468109;2,944946;3,871918;4,840851;2,285004;2,817154;4,840851;3,59726;4,840851;4,026413;4,522324;2,775192;4,026413;3,200531;4,026413;3,858566;3,509521;2,775192;3,200531;2,775192;4,840851;2,71225;4,840851;4,026413;3,59726;4,522324;3,59726;4,522324;3,59726;4,026413;4,026413;3,858566;2,71225;2,71225;4,026413;2,285004;2,285004;3,200531;3,871918;4,608154;3,915787;4,608154;4,096985;3,370285;3,370285;6,280899;4,522324;4,608154;5,224228;3,370285;4,608154;3,370285;4,096985;4,096985;4,096985;3,871918;3,572464;6,280899;3,572464;3,915787;3,572464;6,719589;6,280899;3,370285;4,096985;4,608154;2,944946;4,096985;4,522324;2,944946;4,608154;3,915787;2,285004;3,572464;3,370285;4,608154;3,370285;3,871918;3,572464;4,096985;4,096985;3,915787;6,280899;3,871918;6,719589;3,871918;4,608154;6,280899;3,370285;4,608154;4,608154;2,944946;6,719589;2,817154;3,915787;4,096985;4,096985;4,522324;4,096985
"262";"1971-10-01";1,468658;0,869751;3,707886;2,439499;2,439499;1,468658;0,869751;3,137589;1,897812;3,707886;3,002167;2,01416;3,707886;1,468658;3,707886;2,439499;3,364563;2,401352;2,439499;2,593994;2,439499;2,120972;1,970291;2,401352;2,593994;2,401352;3,707886;2,700806;3,707886;2,439499;1,468658;3,364563;1,468658;3,364563;1,468658;2,439499;2,439499;2,120972;2,700806;2,700806;2,439499;3,002167;3,002167;2,593994;1,897812;4,419327;3,396988;4,419327;3,105164;3,097534;3,097534;6,52504;3,364563;4,419327;4,636765;3,097534;4,419327;3,097534;3,105164;3,105164;3,105164;1,897812;4,016876;6,52504;4,016876;3,396988;4,016876;7,549286;6,52504;3,097534;3,105164;4,419327;3,137589;3,105164;3,364563;3,137589;4,419327;3,396988;3,002167;4,016876;3,097534;4,419327;3,097534;1,897812;4,016876;3,105164;3,105164;3,396988;6,52504;1,897812;7,549286;1,897812;4,419327;6,52504;3,097534;4,419327;4,419327;3,137589;7,549286;2,01416;3,396988;3,105164;3,105164;3,364563;3,105164
"263";"1971-11-01";1,083374;1,089096;3,517151;1,598358;1,598358;1,083374;1,089096;2,674103;2,090454;3,517151;2,191544;1,998901;3,517151;1,083374;3,517151;1,598358;3,276825;1,60408;1,598358;1,014709;1,598358;0,5970001;0,5340576;1,60408;1,014709;1,60408;3,517151;1,602173;3,517151;1,598358;1,083374;3,276825;1,083374;3,276825;1,083374;1,598358;1,598358;0,5970001;1,602173;1,602173;1,598358;2,191544;2,191544;1,014709;2,090454;3,789902;1,95694;3,789902;2,456665;3,099442;3,099442;4,993439;3,276825;3,789902;5,243301;3,099442;3,789902;3,099442;2,456665;2,456665;2,456665;2,090454;3,847122;4,993439;3,847122;1,95694;3,847122;4,243851;4,993439;3,099442;2,456665;3,789902;2,674103;2,456665;3,276825;2,674103;3,789902;1,95694;2,191544;3,847122;3,099442;3,789902;3,099442;2,090454;3,847122;2,456665;2,456665;1,95694;4,993439;2,090454;4,243851;2,090454;3,789902;4,993439;3,099442;3,789902;3,789902;2,674103;4,243851;1,998901;1,95694;2,456665;2,456665;3,276825;2,456665
"264";"1971-12-01";0,4882812;0,3290176;1,664162;0,7801056;0,7801056;0,4882812;0,3290176;1,051903;0,910759;1,664162;0,711441;0,7591248;1,664162;0,4882812;1,664162;0,7801056;1,521111;0,6980896;0,7801056;0,3175735;0,7801056;0,3490448;0,3824234;0,6980896;0,3175735;0,6980896;1,664162;0,5979538;1,664162;0,7801056;0,4882812;1,521111;0,4882812;1,521111;0,4882812;0,7801056;0,7801056;0,3490448;0,5979538;0,5979538;0,7801056;0,711441;0,711441;0,3175735;0,910759;2,055168;1,486778;2,055168;1,199722;1,770973;1,770973;2,222061;1,521111;2,055168;2,383232;1,770973;2,055168;1,770973;1,199722;1,199722;1,199722;0,910759;2,057076;2,222061;2,057076;1,486778;2,057076;2,409935;2,222061;1,770973;1,199722;2,055168;1,051903;1,199722;1,521111;1,051903;2,055168;1,486778;0,711441;2,057076;1,770973;2,055168;1,770973;0,910759;2,057076;1,199722;1,199722;1,486778;2,222061;0,910759;2,409935;0,910759;2,055168;2,222061;1,770973;2,055168;2,055168;1,051903;2,409935;0,7591248;1,486778;1,199722;1,199722;1,521111;1,199722
"265";"1972-01-01";0,2670288;0,2384186;1,735687;0,4863739;0,4863739;0,2670288;0,2384186;1,148224;1,331329;1,735687;0,5111694;0,6599426;1,735687;0,2670288;1,735687;0,4863739;1,861572;0,4444122;0,4863739;0,2365112;0,4863739;0,09918213;0,07629395;0,4444122;0,2365112;0,4444122;1,735687;0,3433228;1,735687;0,4863739;0,2670288;1,861572;0,2670288;1,861572;0,2670288;0,4863739;0,4863739;0,09918213;0,3433228;0,3433228;0,4863739;0,5111694;0,5111694;0,2365112;1,331329;3,890991;0,7247925;3,890991;2,319336;3,643036;3,643036;1,625061;1,861572;3,890991;2,180099;3,643036;3,890991;3,643036;2,319336;2,319336;2,319336;1,331329;2,80571;1,625061;2,80571;0,7247925;2,80571;1,163483;1,625061;3,643036;2,319336;3,890991;1,148224;2,319336;1,861572;1,148224;3,890991;0,7247925;0,5111694;2,80571;3,643036;3,890991;3,643036;1,331329;2,80571;2,319336;2,319336;0,7247925;1,625061;1,331329;1,163483;1,331329;3,890991;1,625061;3,643036;3,890991;3,890991;1,148224;1,163483;0,6599426;0,7247925;2,319336;2,319336;1,861572;2,319336
"266";"1972-02-01";0,2660751;0,1392365;2,55394;0,3156662;0,3156662;0,2660751;0,1392365;1,293182;1,960754;2,55394;0,4043579;0,5683899;2,55394;0,2660751;2,55394;0,3156662;2,349854;0,3061295;0,3156662;0,123024;0,3156662;0,08392334;0,1182556;0,3061295;0,123024;0,3061295;2,55394;0,3404617;2,55394;0,3156662;0,2660751;2,349854;0,2660751;2,349854;0,2660751;0,3156662;0,3156662;0,08392334;0,3404617;0,3404617;0,3156662;0,4043579;0,4043579;0,123024;1,960754;8,257866;1,689911;8,257866;3,540039;6,931305;6,931305;2,325058;2,349854;8,257866;3,535271;6,931305;8,257866;6,931305;3,540039;3,540039;3,540039;1,960754;4,511833;2,325058;4,511833;1,689911;4,511833;1,516342;2,325058;6,931305;3,540039;8,257866;1,293182;3,540039;2,349854;1,293182;8,257866;1,689911;0,4043579;4,511833;6,931305;8,257866;6,931305;1,960754;4,511833;3,540039;3,540039;1,689911;2,325058;1,960754;1,516342;1,960754;8,257866;2,325058;6,931305;8,257866;8,257866;1,293182;1,516342;0,5683899;1,689911;3,540039;3,540039;2,349854;3,540039
"267";"1972-03-01";0,6933212;1,042366;3,465652;1,168251;1,168251;0,6933212;1,042366;2,19059;3,482819;3,465652;1,195908;1,08242;3,465652;0,6933212;3,465652;1,168251;5,140305;1,072884;1,168251;1,536369;1,168251;0,7896423;0,3738403;1,072884;1,536369;1,072884;3,465652;1,361847;3,465652;1,168251;0,6933212;5,140305;0,6933212;5,140305;0,6933212;1,168251;1,168251;0,7896423;1,361847;1,361847;1,168251;1,195908;1,195908;1,536369;3,482819;8,067131;1,191139;8,067131;4,707336;10,4847;10,4847;3,037453;5,140305;8,067131;5,391121;10,4847;8,067131;10,4847;4,707336;4,707336;4,707336;3,482819;7,082939;3,037453;7,082939;1,191139;7,082939;1,586914;3,037453;10,4847;4,707336;8,067131;2,19059;4,707336;5,140305;2,19059;8,067131;1,191139;1,195908;7,082939;10,4847;8,067131;10,4847;3,482819;7,082939;4,707336;4,707336;1,191139;3,037453;3,482819;1,586914;3,482819;8,067131;3,037453;10,4847;8,067131;8,067131;2,19059;1,586914;1,08242;1,191139;4,707336;4,707336;5,140305;4,707336
"268";"1972-04-01";2,515793;2,468109;2,893448;2,468109;2,468109;2,515793;2,468109;2,738953;3,389359;2,893448;1,729965;2,128601;2,893448;2,515793;2,893448;2,468109;4,673004;1,678467;2,468109;2,590179;2,468109;1,960754;1,909256;1,678467;2,590179;1,678467;2,893448;1,932144;2,893448;2,468109;2,515793;4,673004;2,515793;4,673004;2,515793;2,468109;2,468109;1,960754;1,932144;1,932144;2,468109;1,729965;1,729965;2,590179;3,389359;3,46756;2,464294;3,46756;2,882004;3,536224;3,536224;2,300262;4,673004;3,46756;2,803802;3,536224;3,46756;3,536224;2,882004;2,882004;2,882004;3,389359;3,795624;2,300262;3,795624;2,464294;3,795624;1,653671;2,300262;3,536224;2,882004;3,46756;2,738953;2,882004;4,673004;2,738953;3,46756;2,464294;1,729965;3,795624;3,536224;3,46756;3,536224;3,389359;3,795624;2,882004;2,882004;2,464294;2,300262;3,389359;1,653671;3,389359;3,46756;2,300262;3,536224;3,46756;3,46756;2,738953;1,653671;2,128601;2,464294;2,882004;2,882004;4,673004;2,882004
"269";"1972-05-01";2,920151;2,685547;4,104614;3,175735;3,175735;2,920151;2,685547;2,742767;3,715515;4,104614;1,590729;2,313614;4,104614;2,920151;4,104614;3,175735;5,304337;2,248764;3,175735;3,952026;3,175735;4,076004;3,025055;2,248764;3,952026;2,248764;4,104614;2,994537;4,104614;3,175735;2,920151;5,304337;2,920151;5,304337;2,920151;3,175735;3,175735;4,076004;2,994537;2,994537;3,175735;1,590729;1,590729;3,952026;3,715515;7,261276;4,12178;7,261276;4,831314;5,903244;5,903244;5,20134;5,304337;7,261276;5,767822;5,903244;7,261276;5,903244;4,831314;4,831314;4,831314;3,715515;5,527496;5,20134;5,527496;4,12178;5,527496;4,936218;5,20134;5,903244;4,831314;7,261276;2,742767;4,831314;5,304337;2,742767;7,261276;4,12178;1,590729;5,527496;5,903244;7,261276;5,903244;3,715515;5,527496;4,831314;4,831314;4,12178;5,20134;3,715515;4,936218;3,715515;7,261276;5,20134;5,903244;7,261276;7,261276;2,742767;4,936218;2,313614;4,12178;4,831314;4,831314;5,304337;4,831314
"270";"1972-06-01";6,17218;4,388809;7,270813;6,998062;6,998062;6,17218;4,388809;6,311417;7,274628;7,270813;5,016327;5,691528;7,270813;6,17218;7,270813;6,998062;8,708954;5,661011;6,998062;5,897522;6,998062;6,332397;5,765915;5,661011;5,897522;5,661011;7,270813;4,585266;7,270813;6,998062;6,17218;8,708954;6,17218;8,708954;6,17218;6,998062;6,998062;6,332397;4,585266;4,585266;6,998062;5,016327;5,016327;5,897522;7,274628;7,909775;5,435944;7,909775;6,298065;7,892609;7,892609;9,040833;8,708954;7,909775;7,831573;7,892609;7,909775;7,892609;6,298065;6,298065;6,298065;7,274628;8,108139;9,040833;8,108139;5,435944;8,108139;9,763718;9,040833;7,892609;6,298065;7,909775;6,311417;6,298065;8,708954;6,311417;7,909775;5,435944;5,016327;8,108139;7,892609;7,909775;7,892609;7,274628;8,108139;6,298065;6,298065;5,435944;9,040833;7,274628;9,763718;7,274628;7,909775;9,040833;7,892609;7,909775;7,909775;6,311417;9,763718;5,691528;5,435944;6,298065;6,298065;8,708954;6,298065
"271";"1972-07-01";3,2444;2,138138;6,147385;4,732132;4,732132;3,2444;2,138138;5,516052;4,905701;6,147385;5,140305;3,973007;6,147385;3,2444;6,147385;4,732132;6,347656;4,230499;4,732132;4,787445;4,732132;4,089355;2,89917;4,230499;4,787445;4,230499;6,147385;5,502701;6,147385;4,732132;3,2444;6,347656;3,2444;6,347656;3,2444;4,732132;4,732132;4,089355;5,502701;5,502701;4,732132;5,140305;5,140305;4,787445;4,905701;6,807327;7,200241;6,807327;6,254196;6,059647;6,059647;10,36072;6,347656;6,807327;8,295059;6,059647;6,807327;6,059647;6,254196;6,254196;6,254196;4,905701;6,698608;10,36072;6,698608;7,200241;6,698608;11,28769;10,36072;6,059647;6,254196;6,807327;5,516052;6,254196;6,347656;5,516052;6,807327;7,200241;5,140305;6,698608;6,059647;6,807327;6,059647;4,905701;6,698608;6,254196;6,254196;7,200241;10,36072;4,905701;11,28769;4,905701;6,807327;10,36072;6,059647;6,807327;6,807327;5,516052;11,28769;3,973007;7,200241;6,254196;6,254196;6,347656;6,254196
"272";"1972-08-01";2,275467;1,48201;3,381729;2,836227;2,836227;2,275467;1,48201;3,908157;2,832413;3,381729;2,441406;2,80571;3,381729;2,275467;3,381729;2,836227;3,665924;2,363205;2,836227;2,695084;2,836227;2,5177;2,344131;2,363205;2,695084;2,363205;3,381729;3,036499;3,381729;2,836227;2,275467;3,665924;2,275467;3,665924;2,275467;2,836227;2,836227;2,5177;3,036499;3,036499;2,836227;2,441406;2,441406;2,695084;2,832413;3,423691;5,680084;3,423691;4,40979;3,007889;3,007889;6,389618;3,665924;3,423691;4,888535;3,007889;3,423691;3,007889;4,40979;4,40979;4,40979;2,832413;4,068375;6,389618;4,068375;5,680084;4,068375;8,045197;6,389618;3,007889;4,40979;3,423691;3,908157;4,40979;3,665924;3,908157;3,423691;5,680084;2,441406;4,068375;3,007889;3,423691;3,007889;2,832413;4,068375;4,40979;4,40979;5,680084;6,389618;2,832413;8,045197;2,832413;3,423691;6,389618;3,007889;3,423691;3,423691;3,908157;8,045197;2,80571;5,680084;4,40979;4,40979;3,665924;4,40979
"273";"1972-09-01";2,105713;1,296997;3,257751;3,742218;3,742218;2,105713;1,296997;3,429413;2,388;3,257751;3,108978;2,006531;3,257751;2,105713;3,257751;3,742218;3,684998;2,506256;3,742218;3,21579;3,742218;4,234314;2,449036;2,506256;3,21579;2,506256;3,257751;3,688812;3,257751;3,742218;2,105713;3,684998;2,105713;3,684998;2,105713;3,742218;3,742218;4,234314;3,688812;3,688812;3,742218;3,108978;3,108978;3,21579;2,388;3,093719;5,61142;3,093719;4,169464;2,326965;2,326965;5,207062;3,684998;3,093719;3,33786;2,326965;3,093719;2,326965;4,169464;4,169464;4,169464;2,388;2,853394;5,207062;2,853394;5,61142;2,853394;7,05719;5,207062;2,326965;4,169464;3,093719;3,429413;4,169464;3,684998;3,429413;3,093719;5,61142;3,108978;2,853394;2,326965;3,093719;2,326965;2,388;2,853394;4,169464;4,169464;5,61142;5,207062;2,388;7,05719;2,388;3,093719;5,207062;2,326965;3,093719;3,093719;3,429413;7,05719;2,006531;5,61142;4,169464;4,169464;3,684998;4,169464
"274";"1972-10-01";0,6656647;0,6065369;2,441406;1,214981;1,214981;0,6656647;0,6065369;2,10762;1,38855;2,441406;1,506805;1,266479;2,441406;0,6656647;2,441406;1,214981;2,075195;0,9536743;1,214981;0,7915497;1,214981;0,9860992;0,41008;0,9536743;0,7915497;0,9536743;2,441406;1,066208;2,441406;1,214981;0,6656647;2,075195;0,6656647;2,075195;0,6656647;1,214981;1,214981;0,9860992;1,066208;1,066208;1,214981;1,506805;1,506805;0,7915497;1,38855;3,1147;2,695084;3,1147;2,26593;2,105713;2,105713;5,449295;2,075195;3,1147;3,923416;2,105713;3,1147;2,105713;2,26593;2,26593;2,26593;1,38855;2,656937;5,449295;2,656937;2,695084;2,656937;6,263733;5,449295;2,105713;2,26593;3,1147;2,10762;2,26593;2,075195;2,10762;3,1147;2,695084;1,506805;2,656937;2,105713;3,1147;2,105713;1,38855;2,656937;2,26593;2,26593;2,695084;5,449295;1,38855;6,263733;1,38855;3,1147;5,449295;2,105713;3,1147;3,1147;2,10762;6,263733;1,266479;2,695084;2,26593;2,26593;2,075195;2,26593
"275";"1972-11-01";1,741409;1,70517;5,498886;2,334595;2,334595;1,741409;1,70517;2,468109;3,068924;5,498886;2,132416;2,027512;5,498886;1,741409;5,498886;2,334595;4,610062;2,597809;2,334595;3,250122;2,334595;2,182007;1,722336;2,597809;3,250122;2,597809;5,498886;2,6474;5,498886;2,334595;1,741409;4,610062;1,741409;4,610062;1,741409;2,334595;2,334595;2,182007;2,6474;2,6474;2,334595;2,132416;2,132416;3,250122;3,068924;7,989883;2,10762;7,989883;3,061295;4,795074;4,795074;4,440308;4,610062;7,989883;4,997253;4,795074;7,989883;4,795074;3,061295;3,061295;3,061295;3,068924;5,277634;4,440308;5,277634;2,10762;5,277634;3,803253;4,440308;4,795074;3,061295;7,989883;2,468109;3,061295;4,610062;2,468109;7,989883;2,10762;2,132416;5,277634;4,795074;7,989883;4,795074;3,068924;5,277634;3,061295;3,061295;2,10762;4,440308;3,068924;3,803253;3,068924;7,989883;4,440308;4,795074;7,989883;7,989883;2,468109;3,803253;2,027512;2,10762;3,061295;3,061295;4,610062;3,061295
"276";"1972-12-01";0,1659393;0,1487732;1,403809;0,3547668;0,3547668;0,1659393;0,1487732;0,6999969;0,7133484;1,403809;0,5340576;0,50354;1,403809;0,1659393;1,403809;0,3547668;1,167297;0,4005432;0,3547668;0,2346039;0,3547668;0,1182556;0,08010864;0,4005432;0,2346039;0,4005432;1,403809;0,4482269;1,403809;0,3547668;0,1659393;1,167297;0,1659393;1,167297;0,1659393;0,3547668;0,3547668;0,1182556;0,4482269;0,4482269;0,3547668;0,5340576;0,5340576;0,2346039;0,7133484;2,916336;0,5779266;2,916336;0,9613037;2,031326;2,031326;1,85585;1,167297;2,916336;2,841949;2,031326;2,916336;2,031326;0,9613037;0,9613037;0,9613037;0,7133484;2,414703;1,85585;2,414703;0,5779266;2,414703;1,57547;1,85585;2,031326;0,9613037;2,916336;0,6999969;0,9613037;1,167297;0,6999969;2,916336;0,5779266;0,5340576;2,414703;2,031326;2,916336;2,031326;0,7133484;2,414703;0,9613037;0,9613037;0,5779266;1,85585;0,7133484;1,57547;0,7133484;2,916336;1,85585;2,031326;2,916336;2,916336;0,6999969;1,57547;0,50354;0,5779266;0,9613037;0,9613037;1,167297;0,9613037
"277";"1973-01-01";0,1945496;0,1430511;1,350403;0,2365112;0,2365112;0,1945496;0,1430511;0,4367828;1,152039;1,350403;0,1468658;0,4348755;1,350403;0,1945496;1,350403;0,2365112;1,064301;0,2040863;0,2365112;0,1506805;0,2365112;0,1869202;0,1506805;0,2040863;0,1506805;0,2040863;1,350403;0,1220703;1,350403;0,2365112;0,1945496;1,064301;0,1945496;1,064301;0,1945496;0,2365112;0,2365112;0,1869202;0,1220703;0,1220703;0,2365112;0,1468658;0,1468658;0,1506805;1,152039;4,60434;1,869202;4,60434;1,504898;3,871918;3,871918;3,025055;1,064301;4,60434;3,967285;3,871918;4,60434;3,871918;1,504898;1,504898;1,504898;1,152039;3,793716;3,025055;3,793716;1,869202;3,793716;1,605988;3,025055;3,871918;1,504898;4,60434;0,4367828;1,504898;1,064301;0,4367828;4,60434;1,869202;0,1468658;3,793716;3,871918;4,60434;3,871918;1,152039;3,793716;1,504898;1,504898;1,869202;3,025055;1,152039;1,605988;1,152039;4,60434;3,025055;3,871918;4,60434;4,60434;0,4367828;1,605988;0,4348755;1,869202;1,504898;1,504898;1,064301;1,504898
"278";"1973-02-01";0,2555847;0,2479553;3,047943;0,4653931;0,4653931;0,2555847;0,2479553;1,340866;1,846313;3,047943;0,41008;0,8029938;3,047943;0,2555847;3,047943;0,4653931;2,288818;0,3986359;0,4653931;0,535965;0,4653931;0,3814697;0,2384186;0,3986359;0,535965;0,3986359;3,047943;0,3833771;3,047943;0,4653931;0,2555847;2,288818;0,2555847;2,288818;0,2555847;0,4653931;0,4653931;0,3814697;0,3833771;0,3833771;0,4653931;0,41008;0,41008;0,535965;1,846313;9,883881;5,252838;9,883881;4,247665;6,462097;6,462097;3,629684;2,288818;9,883881;4,938126;6,462097;9,883881;6,462097;4,247665;4,247665;4,247665;1,846313;5,651474;3,629684;5,651474;5,252838;5,651474;2,113342;3,629684;6,462097;4,247665;9,883881;1,340866;4,247665;2,288818;1,340866;9,883881;5,252838;0,41008;5,651474;6,462097;9,883881;6,462097;1,846313;5,651474;4,247665;4,247665;5,252838;3,629684;1,846313;2,113342;1,846313;9,883881;3,629684;6,462097;9,883881;9,883881;1,340866;2,113342;0,8029938;5,252838;4,247665;4,247665;2,288818;4,247665
"279";"1973-03-01";0,08583069;0,0667572;1,886368;0,1735687;0,1735687;0,08583069;0,0667572;1,317978;1,274109;1,886368;0,169754;0,2002716;1,886368;0,08583069;1,886368;0,1735687;1,451492;0,2155304;0,1735687;0,2555847;0,1735687;0,1163483;0,02479553;0,2155304;0,2555847;0,2155304;1,886368;0,1449585;1,886368;0,1735687;0,08583069;1,451492;0,08583069;1,451492;0,08583069;0,1735687;0,1735687;0,1163483;0,1449585;0,1449585;0,1735687;0,169754;0,169754;0,2555847;1,274109;6,608963;1,142502;6,608963;4,434586;4,793167;4,793167;0,7915497;1,451492;6,608963;0,919342;4,793167;6,608963;4,793167;4,434586;4,434586;4,434586;1,274109;3,009796;0,7915497;3,009796;1,142502;3,009796;0,711441;0,7915497;4,793167;4,434586;6,608963;1,317978;4,434586;1,451492;1,317978;6,608963;1,142502;0,169754;3,009796;4,793167;6,608963;4,793167;1,274109;3,009796;4,434586;4,434586;1,142502;0,7915497;1,274109;0,711441;1,274109;6,608963;0,7915497;4,793167;6,608963;6,608963;1,317978;0,711441;0,2002716;1,142502;4,434586;4,434586;1,451492;4,434586
"280";"1973-04-01";2,54631;2,603531;3,915787;2,985001;2,985001;2,54631;2,603531;2,468109;3,744125;3,915787;1,468658;2,052307;3,915787;2,54631;3,915787;2,985001;5,609512;2,035141;2,985001;2,994537;2,985001;2,43187;2,105713;2,035141;2,994537;2,035141;3,915787;2,48909;3,915787;2,985001;2,54631;5,609512;2,54631;5,609512;2,54631;2,985001;2,985001;2,43187;2,48909;2,48909;2,985001;1,468658;1,468658;2,994537;3,744125;7,58934;1,373291;7,58934;4,417419;6,290436;6,290436;2,191544;5,609512;7,58934;3,793716;6,290436;7,58934;6,290436;4,417419;4,417419;4,417419;3,744125;5,140305;2,191544;5,140305;1,373291;5,140305;1,171112;2,191544;6,290436;4,417419;7,58934;2,468109;4,417419;5,609512;2,468109;7,58934;1,373291;1,468658;5,140305;6,290436;7,58934;6,290436;3,744125;5,140305;4,417419;4,417419;1,373291;2,191544;3,744125;1,171112;3,744125;7,58934;2,191544;6,290436;7,58934;7,58934;2,468109;1,171112;2,052307;1,373291;4,417419;4,417419;5,609512;4,417419
"281";"1973-05-01";2,540588;2,523422;5,60379;3,240585;3,240585;2,540588;2,523422;5,041122;4,245758;5,60379;3,644943;2,799988;5,60379;2,540588;5,60379;3,240585;6,757736;2,435684;3,240585;3,200531;3,240585;2,445221;1,913071;2,435684;3,200531;2,435684;5,60379;4,142761;5,60379;3,240585;2,540588;6,757736;2,540588;6,757736;2,540588;3,240585;3,240585;2,445221;4,142761;4,142761;3,240585;3,644943;3,644943;3,200531;4,245758;7,164001;4,211426;7,164001;4,882812;6,809235;6,809235;5,514145;6,757736;7,164001;5,86319;6,809235;7,164001;6,809235;4,882812;4,882812;4,882812;4,245758;6,732941;5,514145;6,732941;4,211426;6,732941;4,85611;5,514145;6,809235;4,882812;7,164001;5,041122;4,882812;6,757736;5,041122;7,164001;4,211426;3,644943;6,732941;6,809235;7,164001;6,809235;4,245758;6,732941;4,882812;4,882812;4,211426;5,514145;4,245758;4,85611;4,245758;7,164001;5,514145;6,809235;7,164001;7,164001;5,041122;4,85611;2,799988;4,211426;4,882812;4,882812;6,757736;4,882812
"282";"1973-06-01";8,581161;6,399155;10,39314;10,99396;10,99396;8,581161;6,399155;7,432938;8,808136;10,39314;8,016586;6,923676;10,39314;8,581161;10,39314;10,99396;12,27951;8,110046;10,99396;8,708954;10,99396;8,909225;8,867264;8,110046;8,708954;8,110046;10,39314;8,672714;10,39314;10,99396;8,581161;12,27951;8,581161;12,27951;8,581161;10,99396;10,99396;8,909225;8,672714;8,672714;10,99396;8,016586;8,016586;8,708954;8,808136;10,41412;8,18634;10,41412;8,419037;10,89096;10,89096;10,9024;12,27951;10,41412;10,0975;10,89096;10,41412;10,89096;8,419037;8,419037;8,419037;8,808136;10,81276;10,9024;10,81276;8,18634;10,81276;11,55853;10,9024;10,89096;8,419037;10,41412;7,432938;8,419037;12,27951;7,432938;10,41412;8,18634;8,016586;10,81276;10,89096;10,41412;10,89096;8,808136;10,81276;8,419037;8,419037;8,18634;10,9024;8,808136;11,55853;8,808136;10,41412;10,9024;10,89096;10,41412;10,41412;7,432938;11,55853;6,923676;8,18634;8,419037;8,419037;12,27951;8,419037
"283";"1973-07-01";4,85611;3,295898;5,262375;6,790161;6,790161;4,85611;3,295898;5,447388;4,535675;5,262375;5,475998;3,932953;5,262375;4,85611;5,262375;6,790161;6,3591;5,701065;6,790161;7,116318;6,790161;6,74057;5,210876;5,701065;7,116318;5,701065;5,262375;6,364822;5,262375;6,790161;4,85611;6,3591;4,85611;6,3591;4,85611;6,790161;6,790161;6,74057;6,364822;6,364822;6,790161;5,475998;5,475998;7,116318;4,535675;5,167007;7,20787;5,167007;5,813599;5,189896;5,189896;6,942749;6,3591;5,167007;6,505966;5,189896;5,167007;5,189896;5,813599;5,813599;5,813599;4,535675;5,376816;6,942749;5,376816;7,20787;5,376816;8,422852;6,942749;5,189896;5,813599;5,167007;5,447388;5,813599;6,3591;5,447388;5,167007;7,20787;5,475998;5,376816;5,189896;5,167007;5,189896;4,535675;5,376816;5,813599;5,813599;7,20787;6,942749;4,535675;8,422852;4,535675;5,167007;6,942749;5,189896;5,167007;5,167007;5,447388;8,422852;3,932953;7,20787;5,813599;5,813599;6,3591;5,813599
"284";"1973-08-01";4,545212;3,05748;6,038666;5,989075;5,989075;4,545212;3,05748;7,249832;5,163193;6,038666;6,374359;4,646301;6,038666;4,545212;6,038666;5,989075;5,994797;4,833221;5,989075;5,01442;5,989075;5,783081;4,745483;4,833221;5,01442;4,833221;6,038666;5,981445;6,038666;5,989075;4,545212;5,994797;4,545212;5,994797;4,545212;5,989075;5,989075;5,783081;5,981445;5,981445;5,989075;6,374359;6,374359;5,01442;5,163193;5,331039;7,780075;5,331039;6,340027;4,63295;4,63295;9,290695;5,994797;5,331039;7,064819;4,63295;5,331039;4,63295;6,340027;6,340027;6,340027;5,163193;5,998611;9,290695;5,998611;7,780075;5,998611;9,925842;9,290695;4,63295;6,340027;5,331039;7,249832;6,340027;5,994797;7,249832;5,331039;7,780075;6,374359;5,998611;4,63295;5,331039;4,63295;5,163193;5,998611;6,340027;6,340027;7,780075;9,290695;5,163193;9,925842;5,163193;5,331039;9,290695;4,63295;5,331039;5,331039;7,249832;9,925842;4,646301;7,780075;6,340027;6,340027;5,994797;6,340027
"285";"1973-09-01";6,418228;5,018234;4,871368;6,20079;6,20079;6,418228;5,018234;4,278183;6,040573;4,871368;4,272461;5,403519;4,871368;6,418228;4,871368;6,20079;5,764008;4,009247;6,20079;4,426956;6,20079;6,258011;6,786346;4,009247;4,426956;4,009247;4,871368;4,570007;4,871368;6,20079;6,418228;5,764008;6,418228;5,764008;6,418228;6,20079;6,20079;6,258011;4,570007;4,570007;6,20079;4,272461;4,272461;4,426956;6,040573;6,893158;8,41713;6,893158;4,652023;6,624222;6,624222;7,863998;5,764008;6,893158;7,364273;6,624222;6,893158;6,624222;4,652023;4,652023;4,652023;6,040573;6,231308;7,863998;6,231308;8,41713;6,231308;9,725571;7,863998;6,624222;4,652023;6,893158;4,278183;4,652023;5,764008;4,278183;6,893158;8,41713;4,272461;6,231308;6,624222;6,893158;6,624222;6,040573;6,231308;4,652023;4,652023;8,41713;7,863998;6,040573;9,725571;6,040573;6,893158;7,863998;6,624222;6,893158;6,893158;4,278183;9,725571;5,403519;8,41713;4,652023;4,652023;5,764008;4,652023
"286";"1973-10-01";2,105713;1,440048;4,125595;3,200531;3,200531;2,105713;1,440048;2,76947;2,86293;4,125595;2,153397;2,323151;4,125595;2,105713;4,125595;3,200531;4,148483;1,815796;3,200531;1,808167;3,200531;2,454758;1,449585;1,815796;1,808167;1,815796;4,125595;2,346039;4,125595;3,200531;2,105713;4,148483;2,105713;4,148483;2,105713;3,200531;3,200531;2,454758;2,346039;2,346039;3,200531;2,153397;2,153397;1,808167;2,86293;4,173279;3,568649;4,173279;2,731323;3,477097;3,477097;4,724503;4,148483;4,173279;3,723145;3,477097;4,173279;3,477097;2,731323;2,731323;2,731323;2,86293;4,1008;4,724503;4,1008;3,568649;4,1008;5,125046;4,724503;3,477097;2,731323;4,173279;2,76947;2,731323;4,148483;2,76947;4,173279;3,568649;2,153397;4,1008;3,477097;4,173279;3,477097;2,86293;4,1008;2,731323;2,731323;3,568649;4,724503;2,86293;5,125046;2,86293;4,173279;4,724503;3,477097;4,173279;4,173279;2,76947;5,125046;2,323151;3,568649;2,731323;2,731323;4,148483;2,731323
"287";"1973-11-01";1,010895;0,9593964;3,015518;1,592636;1,592636;1,010895;0,9593964;2,374649;2,10762;3,015518;1,327515;1,476288;3,015518;1,010895;3,015518;1,592636;3,20816;1,464844;1,592636;1,111984;1,592636;0,8125305;0,585556;1,464844;1,111984;1,464844;3,015518;1,092911;3,015518;1,592636;1,010895;3,20816;1,010895;3,20816;1,010895;1,592636;1,592636;0,8125305;1,092911;1,092911;1,592636;1,327515;1,327515;1,111984;2,10762;2,897263;1,646042;2,897263;2,807617;2,857208;2,857208;2,099991;3,20816;2,897263;2,082825;2,857208;2,897263;2,857208;2,807617;2,807617;2,807617;2,10762;2,86293;2,099991;2,86293;1,646042;2,86293;1,962662;2,099991;2,857208;2,807617;2,897263;2,374649;2,807617;3,20816;2,374649;2,897263;1,646042;1,327515;2,86293;2,857208;2,897263;2,857208;2,10762;2,86293;2,807617;2,807617;1,646042;2,099991;2,10762;1,962662;2,10762;2,897263;2,099991;2,857208;2,897263;2,897263;2,374649;1,962662;1,476288;1,646042;2,807617;2,807617;3,20816;2,807617
"288";"1973-12-01";0,7429123;0,7095337;3,143311;0,7982254;0,7982254;0,7429123;0,7095337;2,488136;2,763748;3,143311;1,232147;1,47438;3,143311;0,7429123;3,143311;0,7982254;3,017426;0,8630753;0,7982254;0,7047653;0,7982254;0,330925;0,3061295;0,8630753;0,7047653;0,8630753;3,143311;0,9365082;3,143311;0,7982254;0,7429123;3,017426;0,7429123;3,017426;0,7429123;0,7982254;0,7982254;0,330925;0,9365082;0,9365082;0,7982254;1,232147;1,232147;0,7047653;2,763748;6,818771;4,965782;6,818771;4,576683;6,578445;6,578445;5,344391;3,017426;6,818771;6,249428;6,578445;6,818771;6,578445;4,576683;4,576683;4,576683;2,763748;5,867958;5,344391;5,867958;4,965782;5,867958;4,971504;5,344391;6,578445;4,576683;6,818771;2,488136;4,576683;3,017426;2,488136;6,818771;4,965782;1,232147;5,867958;6,578445;6,818771;6,578445;2,763748;5,867958;4,576683;4,576683;4,965782;5,344391;2,763748;4,971504;2,763748;6,818771;5,344391;6,578445;6,818771;6,818771;2,488136;4,971504;1,47438;4,965782;4,576683;4,576683;3,017426;4,576683
"289";"1974-01-01";0,494957;0,4901886;1,483917;1,006126;1,006126;0,494957;0,4901886;1,358986;0,9899139;1,483917;0,7276535;0,8020401;1,483917;0,494957;1,483917;1,006126;2,015114;0,6847382;1,006126;0,752449;1,006126;0,7276535;0,4358292;0,6847382;0,752449;0,6847382;1,483917;0,6437302;1,483917;1,006126;0,494957;2,015114;0,494957;2,015114;0,494957;1,006126;1,006126;0,7276535;0,6437302;0,6437302;1,006126;0,7276535;0,7276535;0,752449;0,9899139;1,797676;1,070023;1,797676;1,655579;1,791954;1,791954;2,810478;2,015114;1,797676;2,668381;1,791954;1,797676;1,791954;1,655579;1,655579;1,655579;0,9899139;2,142906;2,810478;2,142906;1,070023;2,142906;2,440453;2,810478;1,791954;1,655579;1,797676;1,358986;1,655579;2,015114;1,358986;1,797676;1,070023;0,7276535;2,142906;1,791954;1,797676;1,791954;0,9899139;2,142906;1,655579;1,655579;1,070023;2,810478;0,9899139;2,440453;0,9899139;1,797676;2,810478;1,791954;1,797676;1,797676;1,358986;2,440453;0,8020401;1,070023;1,655579;1,655579;2,015114;1,655579
"290";"1974-02-01";0,3414154;0,2937317;3,211975;0,8907318;0,8907318;0,3414154;0,2937317;1,430511;1,441956;3,211975;0,7991791;0,9384155;3,211975;0,3414154;3,211975;0,8907318;2,490997;1,144409;0,8907318;0,4711151;0,8907318;0,2689362;0,2174377;1,144409;0,4711151;1,144409;3,211975;0,5397797;3,211975;0,8907318;0,3414154;2,490997;0,3414154;2,490997;0,3414154;0,8907318;0,8907318;0,2689362;0,5397797;0,5397797;0,8907318;0,7991791;0,7991791;0,4711151;1,441956;4,705429;1,831055;4,705429;2,414703;3,90625;3,90625;3,084183;2,490997;4,705429;4,056931;3,90625;4,705429;3,90625;2,414703;2,414703;2,414703;1,441956;4,150391;3,084183;4,150391;1,831055;4,150391;2,103806;3,084183;3,90625;2,414703;4,705429;1,430511;2,414703;2,490997;1,430511;4,705429;1,831055;0,7991791;4,150391;3,90625;4,705429;3,90625;1,441956;4,150391;2,414703;2,414703;1,831055;3,084183;1,441956;2,103806;1,441956;4,705429;3,084183;3,90625;4,705429;4,705429;1,430511;2,103806;0,9384155;1,831055;2,414703;2,414703;2,490997;2,414703
"291";"1974-03-01";1,522064;1,856804;2,820015;1,756668;1,756668;1,522064;1,856804;1,945496;2,396584;2,820015;1,123428;1,288414;2,820015;1,522064;2,820015;1,756668;3,677368;1,425743;1,756668;2,020836;1,756668;1,529694;1,206398;1,425743;2,020836;1,425743;2,820015;1,558304;2,820015;1,756668;1,522064;3,677368;1,522064;3,677368;1,522064;1,756668;1,756668;1,529694;1,558304;1,558304;1,756668;1,123428;1,123428;2,020836;2,396584;4,688263;1,420975;4,688263;3,451347;4,548073;4,548073;1,944542;3,677368;4,688263;2,14386;4,548073;4,688263;4,548073;3,451347;3,451347;3,451347;2,396584;4,330635;1,944542;4,330635;1,420975;4,330635;1,867294;1,944542;4,548073;3,451347;4,688263;1,945496;3,451347;3,677368;1,945496;4,688263;1,420975;1,123428;4,330635;4,548073;4,688263;4,548073;2,396584;4,330635;3,451347;3,451347;1,420975;1,944542;2,396584;1,867294;2,396584;4,688263;1,944542;4,548073;4,688263;4,688263;1,945496;1,867294;1,288414;1,420975;3,451347;3,451347;3,677368;3,451347
"292";"1974-04-01";1,714706;1,79863;4,056931;2,458572;2,458572;1,714706;1,79863;2,662659;3,408432;4,056931;2,10762;1,932144;4,056931;1,714706;4,056931;2,458572;5,714417;2,33078;2,458572;3,141403;2,458572;2,140045;1,23024;2,33078;3,141403;2,33078;4,056931;3,067017;4,056931;2,458572;1,714706;5,714417;1,714706;5,714417;1,714706;2,458572;2,458572;2,140045;3,067017;3,067017;2,458572;2,10762;2,10762;3,141403;3,408432;4,802704;1,802444;4,802704;4,102707;5,561829;5,561829;1,983643;5,714417;4,802704;2,096176;5,561829;4,802704;5,561829;4,102707;4,102707;4,102707;3,408432;4,980087;1,983643;4,980087;1,802444;4,980087;1,861572;1,983643;5,561829;4,102707;4,802704;2,662659;4,102707;5,714417;2,662659;4,802704;1,802444;2,10762;4,980087;5,561829;4,802704;5,561829;3,408432;4,980087;4,102707;4,102707;1,802444;1,983643;3,408432;1,861572;3,408432;4,802704;1,983643;5,561829;4,802704;4,802704;2,662659;1,861572;1,932144;1,802444;4,102707;4,102707;5,714417;4,102707
"293";"1974-05-01";2,613068;3,440857;4,453659;2,985001;2,985001;2,613068;3,440857;4,112244;5,289078;4,453659;2,222061;3,454208;4,453659;2,613068;4,453659;2,985001;6,885529;2,170563;2,985001;2,811432;2,985001;2,338409;1,890182;2,170563;2,811432;2,170563;4,453659;2,744675;4,453659;2,985001;2,613068;6,885529;2,613068;6,885529;2,613068;2,985001;2,985001;2,338409;2,744675;2,744675;2,985001;2,222061;2,222061;2,811432;5,289078;6,284714;4,751205;6,284714;6,099701;7,440567;7,440567;3,908157;6,885529;6,284714;4,611969;7,440567;6,284714;7,440567;6,099701;6,099701;6,099701;5,289078;6,591797;3,908157;6,591797;4,751205;6,591797;3,047943;3,908157;7,440567;6,099701;6,284714;4,112244;6,099701;6,885529;4,112244;6,284714;4,751205;2,222061;6,591797;7,440567;6,284714;7,440567;5,289078;6,591797;6,099701;6,099701;4,751205;3,908157;5,289078;3,047943;5,289078;6,284714;3,908157;7,440567;6,284714;6,284714;4,112244;3,047943;3,454208;4,751205;6,099701;6,099701;6,885529;6,099701
"294";"1974-06-01";6,267548;5,529404;7,347107;5,771637;5,771637;6,267548;5,529404;6,572723;8,834839;7,347107;4,880905;6,990433;7,347107;6,267548;7,347107;5,771637;8,777618;3,78418;5,771637;3,351212;5,771637;5,249023;5,737305;3,78418;3,351212;3,78418;7,347107;4,163742;7,347107;5,771637;6,267548;8,777618;6,267548;8,777618;6,267548;5,771637;5,771637;5,249023;4,163742;4,163742;5,771637;4,880905;4,880905;3,351212;8,834839;10,19478;9,332657;10,19478;8,005142;12,07161;12,07161;12,1479;8,777618;10,19478;10,89478;12,07161;10,19478;12,07161;8,005142;8,005142;8,005142;8,834839;11,83701;12,1479;11,83701;9,332657;11,83701;14,06479;12,1479;12,07161;8,005142;10,19478;6,572723;8,005142;8,777618;6,572723;10,19478;9,332657;4,880905;11,83701;12,07161;10,19478;12,07161;8,834839;11,83701;8,005142;8,005142;9,332657;12,1479;8,834839;14,06479;8,834839;10,19478;12,1479;12,07161;10,19478;10,19478;6,572723;14,06479;6,990433;9,332657;8,005142;8,005142;8,777618;8,005142
"295";"1974-07-01";3,749847;2,983093;5,933762;4,865646;4,865646;3,749847;2,983093;4,865646;5,04303;5,933762;4,655838;3,662109;5,933762;3,749847;5,933762;4,865646;6,238937;4,674911;4,865646;5,084991;4,865646;4,774094;3,40271;4,674911;5,084991;4,674911;5,933762;5,363464;5,933762;4,865646;3,749847;6,238937;3,749847;6,238937;3,749847;4,865646;4,865646;4,774094;5,363464;5,363464;4,865646;4,655838;4,655838;5,084991;5,04303;6,111145;8,462906;6,111145;5,598068;6,633759;6,633759;5,060196;6,238937;6,111145;4,701614;6,633759;6,111145;6,633759;5,598068;5,598068;5,598068;5,04303;5,887985;5,060196;5,887985;8,462906;5,887985;7,392883;5,060196;6,633759;5,598068;6,111145;4,865646;5,598068;6,238937;4,865646;6,111145;8,462906;4,655838;5,887985;6,633759;6,111145;6,633759;5,04303;5,887985;5,598068;5,598068;8,462906;5,060196;5,04303;7,392883;5,04303;6,111145;5,060196;6,633759;6,111145;6,111145;4,865646;7,392883;3,662109;8,462906;5,598068;5,598068;6,238937;5,598068
"296";"1974-08-01";0,9288788;0,585556;1,852036;1,773834;1,773834;0,9288788;0,585556;1,054764;1,207352;1,852036;0,8430481;1,144409;1,852036;0,9288788;1,852036;1,773834;2,285004;1,247406;1,773834;1,657486;1,773834;1,95694;1,188278;1,247406;1,657486;1,247406;1,852036;1,350403;1,852036;1,773834;0,9288788;2,285004;0,9288788;2,285004;0,9288788;1,773834;1,773834;1,95694;1,350403;1,350403;1,773834;0,8430481;0,8430481;1,657486;1,207352;1,628876;2,901077;1,628876;1,760483;1,41716;1,41716;2,082825;2,285004;1,628876;1,203537;1,41716;1,628876;1,41716;1,760483;1,760483;1,760483;1,207352;1,436234;2,082825;1,436234;2,901077;1,436234;3,566742;2,082825;1,41716;1,760483;1,628876;1,054764;1,760483;2,285004;1,054764;1,628876;2,901077;0,8430481;1,436234;1,41716;1,628876;1,41716;1,207352;1,436234;1,760483;1,760483;2,901077;2,082825;1,207352;3,566742;1,207352;1,628876;2,082825;1,41716;1,628876;1,628876;1,054764;3,566742;1,144409;2,901077;1,760483;1,760483;2,285004;1,760483
"297";"1974-09-01";6,097794;5,376816;9,542465;6,696701;6,696701;6,097794;5,376816;9,096146;8,209229;9,542465;6,17981;7,65419;9,542465;6,097794;9,542465;6,696701;9,283066;6,008148;6,696701;4,056931;6,696701;4,831314;5,521774;6,008148;4,056931;6,008148;9,542465;4,371643;9,542465;6,696701;6,097794;9,283066;6,097794;9,283066;6,097794;6,696701;6,696701;4,831314;4,371643;4,371643;6,696701;6,17981;6,17981;4,056931;8,209229;11,84273;9,000778;11,84273;9,536743;10,83755;10,83755;11,20186;9,283066;11,84273;11,86562;10,83755;11,84273;10,83755;9,536743;9,536743;9,536743;8,209229;11,44028;11,20186;11,44028;9,000778;11,44028;11,11221;11,20186;10,83755;9,536743;11,84273;9,096146;9,536743;9,283066;9,096146;11,84273;9,000778;6,17981;11,44028;10,83755;11,84273;10,83755;8,209229;11,44028;9,536743;9,536743;9,000778;11,20186;8,209229;11,11221;8,209229;11,84273;11,20186;10,83755;11,84273;11,84273;9,096146;11,11221;7,65419;9,000778;9,536743;9,536743;9,283066;9,536743
"298";"1974-10-01";0,4024506;0,3757477;2,708435;0,8296967;0,8296967;0,4024506;0,3757477;1,983643;1,47438;2,708435;1,197815;1,535416;2,708435;0,4024506;2,708435;0,8296967;2,342224;0,8888245;0,8296967;0,8869171;0,8296967;0,2861023;0,1068115;0,8888245;0,8869171;0,8888245;2,708435;0,9078979;2,708435;0,8296967;0,4024506;2,342224;0,4024506;2,342224;0,4024506;0,8296967;0,8296967;0,2861023;0,9078979;0,9078979;0,8296967;1,197815;1,197815;0,8869171;1,47438;4,06456;2,088547;4,06456;2,120972;3,082275;3,082275;4,928589;2,342224;4,06456;4,608154;3,082275;4,06456;3,082275;2,120972;2,120972;2,120972;1,47438;4,499435;4,928589;4,499435;2,088547;4,499435;4,003525;4,928589;3,082275;2,120972;4,06456;1,983643;2,120972;2,342224;1,983643;4,06456;2,088547;1,197815;4,499435;3,082275;4,06456;3,082275;1,47438;4,499435;2,120972;2,120972;2,088547;4,928589;1,47438;4,003525;1,47438;4,06456;4,928589;3,082275;4,06456;4,06456;1,983643;4,003525;1,535416;2,088547;2,120972;2,120972;2,342224;2,120972
"299";"1974-11-01";1,293182;1,413345;2,288818;1,298904;1,298904;1,293182;1,413345;1,987457;2,485275;2,288818;1,552582;1,64032;2,288818;1,293182;2,288818;1,298904;2,714157;1,134872;1,298904;1,096725;1,298904;0,8907318;1,018524;1,134872;1,096725;1,134872;2,288818;1,361847;2,288818;1,298904;1,293182;2,714157;1,293182;2,714157;1,293182;1,298904;1,298904;0,8907318;1,361847;1,361847;1,298904;1,552582;1,552582;1,096725;2,485275;3,908157;1,995087;3,908157;2,11525;3,639221;3,639221;5,134583;2,714157;3,908157;4,638672;3,639221;3,908157;3,639221;2,11525;2,11525;2,11525;2,485275;4,650116;5,134583;4,650116;1,995087;4,650116;3,946304;5,134583;3,639221;2,11525;3,908157;1,987457;2,11525;2,714157;1,987457;3,908157;1,995087;1,552582;4,650116;3,639221;3,908157;3,639221;2,485275;4,650116;2,11525;2,11525;1,995087;5,134583;2,485275;3,946304;2,485275;3,908157;5,134583;3,639221;3,908157;3,908157;1,987457;3,946304;1,64032;1,995087;2,11525;2,11525;2,714157;2,11525
"300";"1974-12-01";0,2412796;0,2088547;3,640175;0,5311966;0,5311966;0,2412796;0,2088547;1,284599;2,425194;3,640175;0,4968643;0,828743;3,640175;0,2412796;3,640175;0,5311966;3,080368;0,5950928;0,5311966;0,6885529;0,5311966;0,202179;0,0743866;0,5950928;0,6885529;0,5950928;3,640175;0,45681;3,640175;0,5311966;0,2412796;3,080368;0,2412796;3,080368;0,2412796;0,5311966;0,5311966;0,202179;0,45681;0,45681;0,5311966;0,4968643;0,4968643;0,6885529;2,425194;10,33688;2,506256;10,33688;2,908707;8,595467;8,595467;3,751755;3,080368;10,33688;5,126953;8,595467;10,33688;8,595467;2,908707;2,908707;2,908707;2,425194;6,381035;3,751755;6,381035;2,506256;6,381035;2,882004;3,751755;8,595467;2,908707;10,33688;1,284599;2,908707;3,080368;1,284599;10,33688;2,506256;0,4968643;6,381035;8,595467;10,33688;8,595467;2,425194;6,381035;2,908707;2,908707;2,506256;3,751755;2,425194;2,882004;2,425194;10,33688;3,751755;8,595467;10,33688;10,33688;1,284599;2,882004;0,828743;2,506256;2,908707;2,908707;3,080368;2,908707
"301";"1975-01-01";0,5760193;0,5207062;2,502441;0,869751;0,869751;0,5760193;0,5207062;1,432419;1,386642;2,502441;0,7953644;0,8029938;2,502441;0,5760193;2,502441;0,869751;2,07901;0,8831024;0,869751;0,9326935;0,869751;0,5989075;0,5893707;0,8831024;0,9326935;0,8831024;2,502441;1,087189;2,502441;0,869751;0,5760193;2,07901;0,5760193;2,07901;0,5760193;0,869751;0,869751;0,5989075;1,087189;1,087189;0,869751;0,7953644;0,7953644;0,9326935;1,386642;4,360199;0,9098053;4,360199;2,035141;3,131866;3,131866;1,167297;2,07901;4,360199;1,951218;3,131866;4,360199;3,131866;2,035141;2,035141;2,035141;1,386642;2,649307;1,167297;2,649307;0,9098053;2,649307;0,8678436;1,167297;3,131866;2,035141;4,360199;1,432419;2,035141;2,07901;1,432419;4,360199;0,9098053;0,7953644;2,649307;3,131866;4,360199;3,131866;1,386642;2,649307;2,035141;2,035141;0,9098053;1,167297;1,386642;0,8678436;1,386642;4,360199;1,167297;3,131866;4,360199;4,360199;1,432419;0,8678436;0,8029938;0,9098053;2,035141;2,035141;2,07901;2,035141
"302";"1975-02-01";0,3013611;0,4348755;2,054214;0,5588531;0,5588531;0,3013611;0,4348755;1,512527;2,206802;2,054214;0,7247925;0,5989075;2,054214;0,3013611;2,054214;0,5588531;3,013611;0,5016327;0,5588531;1,253128;0,5588531;0,421524;0,2613068;0,5016327;1,253128;0,5016327;2,054214;0,9174347;2,054214;0,5588531;0,3013611;3,013611;0,3013611;3,013611;0,3013611;0,5588531;0,5588531;0,421524;0,9174347;0,9174347;0,5588531;0,7247925;0,7247925;1,253128;2,206802;5,775452;1,585007;5,775452;3,356934;7,696152;7,696152;4,94194;3,013611;5,775452;5,393982;7,696152;5,775452;7,696152;3,356934;3,356934;3,356934;2,206802;6,010056;4,94194;6,010056;1,585007;6,010056;3,540039;4,94194;7,696152;3,356934;5,775452;1,512527;3,356934;3,013611;1,512527;5,775452;1,585007;0,7247925;6,010056;7,696152;5,775452;7,696152;2,206802;6,010056;3,356934;3,356934;1,585007;4,94194;2,206802;3,540039;2,206802;5,775452;4,94194;7,696152;5,775452;5,775452;1,512527;3,540039;0,5989075;1,585007;3,356934;3,356934;3,013611;3,356934
"303";"1975-03-01";0,5817413;0,4920959;2,864838;0,9765625;0,9765625;0,5817413;0,4920959;1,44577;2,101898;2,864838;0,7324219;0,7610321;2,864838;0,5817413;2,864838;0,9765625;3,046036;0,7858276;0,9765625;0,9002686;0,9765625;0,5340576;0,3433228;0,7858276;0,9002686;0,7858276;2,864838;0,8010864;2,864838;0,9765625;0,5817413;3,046036;0,5817413;3,046036;0,5817413;0,9765625;0,9765625;0,5340576;0,8010864;0,8010864;0,9765625;0,7324219;0,7324219;0,9002686;2,101898;6,072998;1,083374;6,072998;2,841949;5,945206;5,945206;2,199173;3,046036;6,072998;2,233505;5,945206;6,072998;5,945206;2,841949;2,841949;2,841949;2,101898;5,363464;2,199173;5,363464;1,083374;5,363464;1,464844;2,199173;5,945206;2,841949;6,072998;1,44577;2,841949;3,046036;1,44577;6,072998;1,083374;0,7324219;5,363464;5,945206;6,072998;5,945206;2,101898;5,363464;2,841949;2,841949;1,083374;2,199173;2,101898;1,464844;2,101898;6,072998;2,199173;5,945206;6,072998;6,072998;1,44577;1,464844;0,7610321;1,083374;2,841949;2,841949;3,046036;2,841949
"304";"1975-04-01";0,5874634;0,2880096;2,126694;1,174927;1,174927;0,5874634;0,2880096;1,211166;0,9422302;2,126694;0,7705688;0,5550385;2,126694;0,5874634;2,126694;1,174927;2,185822;0,9117126;1,174927;0,6446838;1,174927;0,5645752;0,3242493;0,9117126;0,6446838;0,9117126;2,126694;0,7591248;2,126694;1,174927;0,5874634;2,185822;0,5874634;2,185822;0,5874634;1,174927;1,174927;0,5645752;0,7591248;0,7591248;1,174927;0,7705688;0,7705688;0,6446838;0,9422302;2,128601;0,5912781;2,128601;1,695633;1,924515;1,924515;1,747131;2,185822;2,128601;1,859665;1,924515;2,128601;1,924515;1,695633;1,695633;1,695633;0,9422302;2,353668;1,747131;2,353668;0,5912781;2,353668;1,440048;1,747131;1,924515;1,695633;2,128601;1,211166;1,695633;2,185822;1,211166;2,128601;0,5912781;0,7705688;2,353668;1,924515;2,128601;1,924515;0,9422302;2,353668;1,695633;1,695633;0,5912781;1,747131;0,9422302;1,440048;0,9422302;2,128601;1,747131;1,924515;2,128601;2,128601;1,211166;1,440048;0,5550385;0,5912781;1,695633;1,695633;2,185822;1,695633
"305";"1975-05-01";7,156372;6,410599;6,637573;9,267807;9,267807;7,156372;6,410599;5,434036;7,598877;6,637573;4,302979;5,197525;6,637573;7,156372;6,637573;9,267807;13,56125;5,285263;9,267807;6,77681;9,267807;7,200241;6,942749;5,285263;6,77681;5,285263;6,637573;6,219864;6,637573;9,267807;7,156372;13,56125;7,156372;13,56125;7,156372;9,267807;9,267807;7,200241;6,219864;6,219864;9,267807;4,302979;4,302979;6,77681;7,598877;3,530502;3,65448;3,530502;5,250931;6,27327;6,27327;2,948761;13,56125;3,530502;3,293991;6,27327;3,530502;6,27327;5,250931;5,250931;5,250931;7,598877;6,71196;2,948761;6,71196;3,65448;6,71196;2,548218;2,948761;6,27327;5,250931;3,530502;5,434036;5,250931;13,56125;5,434036;3,530502;3,65448;4,302979;6,71196;6,27327;3,530502;6,27327;7,598877;6,71196;5,250931;5,250931;3,65448;2,948761;7,598877;2,548218;7,598877;3,530502;2,948761;6,27327;3,530502;3,530502;5,434036;2,548218;5,197525;3,65448;5,250931;5,250931;13,56125;5,250931
"306";"1975-06-01";5,340576;4,037857;5,712509;7,095337;7,095337;5,340576;4,037857;5,174637;5,361557;5,712509;4,989624;4,741669;5,712509;5,340576;5,712509;7,095337;7,686615;4,358292;7,095337;4,863739;7,095337;6,134033;5,084991;4,358292;4,863739;4,358292;5,712509;5,933762;5,712509;7,095337;5,340576;7,686615;5,340576;7,686615;5,340576;7,095337;7,095337;6,134033;5,933762;5,933762;7,095337;4,989624;4,989624;4,863739;5,361557;5,479813;5,598068;5,479813;5,210876;6,07872;6,07872;6,971359;7,686615;5,479813;6,92749;6,07872;5,479813;6,07872;5,210876;5,210876;5,210876;5,361557;6,502151;6,971359;6,502151;5,598068;6,502151;7,736206;6,971359;6,07872;5,210876;5,479813;5,174637;5,210876;7,686615;5,174637;5,479813;5,598068;4,989624;6,502151;6,07872;5,479813;6,07872;5,361557;6,502151;5,210876;5,210876;5,598068;6,971359;5,361557;7,736206;5,361557;5,479813;6,971359;6,07872;5,479813;5,479813;5,174637;7,736206;4,741669;5,598068;5,210876;5,210876;7,686615;5,210876
"307";"1975-07-01";3,528595;2,882004;3,253937;5,327225;5,327225;3,528595;2,882004;2,082825;3,107071;3,253937;2,61879;2,809525;3,253937;3,528595;3,253937;5,327225;4,400253;2,641678;5,327225;3,475189;5,327225;4,40979;3,355026;2,641678;3,475189;2,641678;3,253937;3,538132;3,253937;5,327225;3,528595;4,400253;3,528595;4,400253;3,528595;5,327225;5,327225;4,40979;3,538132;3,538132;5,327225;2,61879;2,61879;3,475189;3,107071;2,368927;3,822327;2,368927;2,405167;2,656937;2,656937;2,807617;4,400253;2,368927;1,909256;2,656937;2,368927;2,656937;2,405167;2,405167;2,405167;3,107071;2,885818;2,807617;2,885818;3,822327;2,885818;5,046844;2,807617;2,656937;2,405167;2,368927;2,082825;2,405167;4,400253;2,082825;2,368927;3,822327;2,61879;2,885818;2,656937;2,368927;2,656937;3,107071;2,885818;2,405167;2,405167;3,822327;2,807617;3,107071;5,046844;3,107071;2,368927;2,807617;2,656937;2,368927;2,368927;2,082825;5,046844;2,809525;3,822327;2,405167;2,405167;4,400253;2,405167
"308";"1975-08-01";1,653671;1,506805;2,714157;2,353668;2,353668;1,653671;1,506805;1,918793;2,269745;2,714157;1,710892;2,059937;2,714157;1,653671;2,714157;2,353668;3,067017;1,564026;2,353668;1,76239;2,353668;1,819611;1,457214;1,564026;1,76239;1,564026;2,714157;2,239227;2,714157;2,353668;1,653671;3,067017;1,653671;3,067017;1,653671;2,353668;2,353668;1,819611;2,239227;2,239227;2,353668;1,710892;1,710892;1,76239;2,269745;2,868652;3,293991;2,868652;2,658844;2,71225;2,71225;3,307343;3,067017;2,868652;2,68364;2,71225;2,868652;2,71225;2,658844;2,658844;2,658844;2,269745;2,624512;3,307343;2,624512;3,293991;2,624512;5,941391;3,307343;2,71225;2,658844;2,868652;1,918793;2,658844;3,067017;1,918793;2,868652;3,293991;1,710892;2,624512;2,71225;2,868652;2,71225;2,269745;2,624512;2,658844;2,658844;3,293991;3,307343;2,269745;5,941391;2,269745;2,868652;3,307343;2,71225;2,868652;2,868652;1,918793;5,941391;2,059937;3,293991;2,658844;2,658844;3,067017;2,658844
"309";"1975-09-01";4,047394;3,429413;6,454468;4,821777;4,821777;4,047394;3,429413;6,153107;5,962372;6,454468;4,400253;5,533218;6,454468;4,047394;6,454468;4,821777;6,454468;3,313065;4,821777;3,116608;4,821777;3,629684;3,43895;3,313065;3,116608;3,313065;6,454468;3,740311;6,454468;4,821777;4,047394;6,454468;4,047394;6,454468;4,047394;4,821777;4,821777;3,629684;3,740311;3,740311;4,821777;4,400253;4,400253;3,116608;5,962372;9,183884;8,817673;9,183884;7,089615;8,628845;8,628845;13,28087;6,454468;9,183884;13,52882;8,628845;9,183884;8,628845;7,089615;7,089615;7,089615;5,962372;9,592056;13,28087;9,592056;8,817673;9,592056;12,79259;13,28087;8,628845;7,089615;9,183884;6,153107;7,089615;6,454468;6,153107;9,183884;8,817673;4,400253;9,592056;8,628845;9,183884;8,628845;5,962372;9,592056;7,089615;7,089615;8,817673;13,28087;5,962372;12,79259;5,962372;9,183884;13,28087;8,628845;9,183884;9,183884;6,153107;12,79259;5,533218;8,817673;7,089615;7,089615;6,454468;7,089615
"310";"1975-10-01";2,075195;2,006531;5,422592;1,878738;1,878738;2,075195;2,006531;3,929138;4,94957;5,422592;2,872467;3,454208;5,422592;2,075195;5,422592;1,878738;4,537582;2,07901;1,878738;1,615524;1,878738;1,314163;1,209259;2,07901;1,615524;2,07901;5,422592;2,090454;5,422592;1,878738;2,075195;4,537582;2,075195;4,537582;2,075195;1,878738;1,878738;1,314163;2,090454;2,090454;1,878738;2,872467;2,872467;1,615524;4,94957;7,268906;3,736496;7,268906;3,927231;5,880356;5,880356;6,439209;4,537582;7,268906;6,881714;5,880356;7,268906;5,880356;3,927231;3,927231;3,927231;4,94957;7,135391;6,439209;7,135391;3,736496;7,135391;5,25856;6,439209;5,880356;3,927231;7,268906;3,929138;3,927231;4,537582;3,929138;7,268906;3,736496;2,872467;7,135391;5,880356;7,268906;5,880356;4,94957;7,135391;3,927231;3,927231;3,736496;6,439209;4,94957;5,25856;4,94957;7,268906;6,439209;5,880356;7,268906;7,268906;3,929138;5,25856;3,454208;3,736496;3,927231;3,927231;4,537582;3,927231
"311";"1975-11-01";0,202179;0,2708435;0,9441376;0,3185272;0,3185272;0,202179;0,2708435;0,535965;0,7820129;0,9441376;0,2994537;0,6313324;0,9441376;0,202179;0,9441376;0,3185272;1,091003;0,2727509;0,3185272;0,1411438;0,3185272;0,05912781;0,1010895;0,2727509;0,1411438;0,2727509;0,9441376;0,1678467;0,9441376;0,3185272;0,202179;1,091003;0,202179;1,091003;0,202179;0,3185272;0,3185272;0,05912781;0,1678467;0,1678467;0,3185272;0,2994537;0,2994537;0,1411438;0,7820129;1,838684;0,3795624;1,838684;0,7190704;1,686096;1,686096;1,312256;1,091003;1,838684;1,674652;1,686096;1,838684;1,686096;0,7190704;0,7190704;0,7190704;0,7820129;2,113342;1,312256;2,113342;0,3795624;2,113342;0,8144379;1,312256;1,686096;0,7190704;1,838684;0,535965;0,7190704;1,091003;0,535965;1,838684;0,3795624;0,2994537;2,113342;1,686096;1,838684;1,686096;0,7820129;2,113342;0,7190704;0,7190704;0,3795624;1,312256;0,7820129;0,8144379;0,7820129;1,838684;1,312256;1,686096;1,838684;1,838684;0,535965;0,8144379;0,6313324;0,3795624;0,7190704;0,7190704;1,091003;0,7190704
"312";"1975-12-01";0,1707077;0,207901;1,68705;0,2393723;0,2393723;0,1707077;0,207901;0,7600784;1,200676;1,68705;0,3185272;0,7658005;1,68705;0,1707077;1,68705;0,2393723;1,339912;0,2822876;0,2393723;0,09727478;0,2393723;0,02765656;0,009536743;0,2822876;0,09727478;0,2822876;1,68705;0,166893;1,68705;0,2393723;0,1707077;1,339912;0,1707077;1,339912;0,1707077;0,2393723;0,2393723;0,02765656;0,166893;0,166893;0,2393723;0,3185272;0,3185272;0,09727478;1,200676;4,727364;1,869202;4,727364;1,969337;3,569603;3,569603;3,397942;1,339912;4,727364;4,364014;3,569603;4,727364;3,569603;1,969337;1,969337;1,969337;1,200676;3,616333;3,397942;3,616333;1,869202;3,616333;2,040863;3,397942;3,569603;1,969337;4,727364;0,7600784;1,969337;1,339912;0,7600784;4,727364;1,869202;0,3185272;3,616333;3,569603;4,727364;3,569603;1,200676;3,616333;1,969337;1,969337;1,869202;3,397942;1,200676;2,040863;1,200676;4,727364;3,397942;3,569603;4,727364;4,727364;0,7600784;2,040863;0,7658005;1,869202;1,969337;1,969337;1,339912;1,969337
"313";"1976-01-01";0,3757477;0,4005432;2,132416;0,5378723;0,5378723;0,3757477;0,4005432;1,195908;2,13623;2,132416;0,6065369;0,9365082;2,132416;0,3757477;2,132416;0,5378723;2,471924;0,4730225;0,5378723;0,4291534;0,5378723;0,2536774;0,2632141;0,4730225;0,4291534;0,4730225;2,132416;0,5187988;2,132416;0,5378723;0,3757477;2,471924;0,3757477;2,471924;0,3757477;0,5378723;0,5378723;0,2536774;0,5187988;0,5187988;0,5378723;0,6065369;0,6065369;0,4291534;2,13623;5,655289;1,272202;5,655289;1,829147;6,07872;6,07872;3,02887;2,471924;5,655289;4,022598;6,07872;5,655289;6,07872;1,829147;1,829147;1,829147;2,13623;5,519867;3,02887;5,519867;1,272202;5,519867;1,785278;3,02887;6,07872;1,829147;5,655289;1,195908;1,829147;2,471924;1,195908;5,655289;1,272202;0,6065369;5,519867;6,07872;5,655289;6,07872;2,13623;5,519867;1,829147;1,829147;1,272202;3,02887;2,13623;1,785278;2,13623;5,655289;3,02887;6,07872;5,655289;5,655289;1,195908;1,785278;0,9365082;1,272202;1,829147;1,829147;2,471924;1,829147
"314";"1976-02-01";0,6113052;0,5531311;1,832008;0,9670258;0,9670258;0,6113052;0,5531311;1,545906;1,713753;1,832008;1,067162;0,6904602;1,832008;0,6113052;1,832008;0,9670258;2,262115;0,8935928;0,9670258;1,124382;0,9670258;0,8001328;0,5493164;0,8935928;1,124382;0,8935928;1,832008;1,031876;1,832008;0,9670258;0,6113052;2,262115;0,6113052;2,262115;0,6113052;0,9670258;0,9670258;0,8001328;1,031876;1,031876;0,9670258;1,067162;1,067162;1,124382;1,713753;3,177643;0,7429123;3,177643;1,701355;4,293442;4,293442;1,736641;2,262115;3,177643;1,469612;4,293442;3,177643;4,293442;1,701355;1,701355;1,701355;1,713753;3,511429;1,736641;3,511429;0,7429123;3,511429;1,534462;1,736641;4,293442;1,701355;3,177643;1,545906;1,701355;2,262115;1,545906;3,177643;0,7429123;1,067162;3,511429;4,293442;3,177643;4,293442;1,713753;3,511429;1,701355;1,701355;0,7429123;1,736641;1,713753;1,534462;1,713753;3,177643;1,736641;4,293442;3,177643;3,177643;1,545906;1,534462;0,6904602;0,7429123;1,701355;1,701355;2,262115;1,701355
"315";"1976-03-01";0,5970001;0,5187988;2,855301;1,190186;1,190186;0,5970001;0,5187988;1,802444;1,779556;2,855301;1,140594;1,039505;2,855301;0,5970001;2,855301;1,190186;3,498077;1,13678;1,190186;1,384735;1,190186;0,7171631;0,2479553;1,13678;1,384735;1,13678;2,855301;1,277924;2,855301;1,190186;0,5970001;3,498077;0,5970001;3,498077;0,5970001;1,190186;1,190186;0,7171631;1,277924;1,277924;1,190186;1,140594;1,140594;1,384735;1,779556;3,17955;0,5950928;3,17955;2,164841;3,692627;3,692627;1,86348;3,498077;3,17955;2,45285;3,692627;3,17955;3,692627;2,164841;2,164841;2,164841;1,779556;3,276825;1,86348;3,276825;0,5950928;3,276825;0,9822845;1,86348;3,692627;2,164841;3,17955;1,802444;2,164841;3,498077;1,802444;3,17955;0,5950928;1,140594;3,276825;3,692627;3,17955;3,692627;1,779556;3,276825;2,164841;2,164841;0,5950928;1,86348;1,779556;0,9822845;1,779556;3,17955;1,86348;3,692627;3,17955;3,17955;1,802444;0,9822845;1,039505;0,5950928;2,164841;2,164841;3,498077;2,164841
"316";"1976-04-01";2,674103;3,269196;6,088257;3,599167;3,599167;2,674103;3,269196;4,205704;5,346298;6,088257;2,727509;2,80571;6,088257;2,674103;6,088257;3,599167;8,422852;3,269196;3,599167;5,2948;3,599167;3,330231;2,277374;3,269196;5,2948;3,269196;6,088257;4,402161;6,088257;3,599167;2,674103;8,422852;2,674103;8,422852;2,674103;3,599167;3,599167;3,330231;4,402161;4,402161;3,599167;2,727509;2,727509;5,2948;5,346298;7,993698;2,323151;7,993698;5,987167;10,53619;10,53619;2,235413;8,422852;7,993698;2,908707;10,53619;7,993698;10,53619;5,987167;5,987167;5,987167;5,346298;8,939743;2,235413;8,939743;2,323151;8,939743;1,989365;2,235413;10,53619;5,987167;7,993698;4,205704;5,987167;8,422852;4,205704;7,993698;2,323151;2,727509;8,939743;10,53619;7,993698;10,53619;5,346298;8,939743;5,987167;5,987167;2,323151;2,235413;5,346298;1,989365;5,346298;7,993698;2,235413;10,53619;7,993698;7,993698;4,205704;1,989365;2,80571;2,323151;5,987167;5,987167;8,422852;5,987167
"317";"1976-05-01";4,447937;4,629135;6,656647;4,829407;4,829407;4,447937;4,629135;5,228043;7,120132;6,656647;4,390717;3,995895;6,656647;4,447937;6,656647;4,829407;10,03075;3,751755;4,829407;5,54657;4,829407;4,482269;3,547668;3,751755;5,54657;3,751755;6,656647;5,413055;6,656647;4,829407;4,447937;10,03075;4,447937;10,03075;4,447937;4,829407;4,829407;4,482269;5,413055;5,413055;4,829407;4,390717;4,390717;5,54657;7,120132;8,899689;4,108429;8,899689;5,861282;11,64246;11,64246;5,487442;10,03075;8,899689;7,745743;11,64246;8,899689;11,64246;5,861282;5,861282;5,861282;7,120132;10,02884;5,487442;10,02884;4,108429;10,02884;3,824234;5,487442;11,64246;5,861282;8,899689;5,228043;5,861282;10,03075;5,228043;8,899689;4,108429;4,390717;10,02884;11,64246;8,899689;11,64246;7,120132;10,02884;5,861282;5,861282;4,108429;5,487442;7,120132;3,824234;7,120132;8,899689;5,487442;11,64246;8,899689;8,899689;5,228043;3,824234;3,995895;4,108429;5,861282;5,861282;10,03075;5,861282
"318";"1976-06-01";3,96347;2,5177;6,225586;6,893158;6,893158;3,96347;2,5177;5,588531;4,688263;6,225586;4,074097;3,837585;6,225586;3,96347;6,225586;6,893158;10,05554;3,921509;6,893158;3,192902;6,893158;4,039764;3,444672;3,921509;3,192902;3,921509;6,225586;3,124237;6,225586;6,893158;3,96347;10,05554;3,96347;10,05554;3,96347;6,893158;6,893158;4,039764;3,124237;3,124237;6,893158;4,074097;4,074097;3,192902;4,688263;6,381989;9,746552;6,381989;6,587982;5,378723;5,378723;10,60486;10,05554;6,381989;8,598328;5,378723;6,381989;5,378723;6,587982;6,587982;6,587982;4,688263;5,962372;10,60486;5,962372;9,746552;5,962372;9,426117;10,60486;5,378723;6,587982;6,381989;5,588531;6,587982;10,05554;5,588531;6,381989;9,746552;4,074097;5,962372;5,378723;6,381989;5,378723;4,688263;5,962372;6,587982;6,587982;9,746552;10,60486;4,688263;9,426117;4,688263;6,381989;10,60486;5,378723;6,381989;6,381989;5,588531;9,426117;3,837585;9,746552;6,587982;6,587982;10,05554;6,587982
"319";"1976-07-01";5,281448;3,969193;5,178452;6,595612;6,595612;5,281448;3,969193;4,089355;5,146027;5,178452;4,608154;4,644394;5,178452;5,281448;5,178452;6,595612;6,032944;5,632401;6,595612;6,263733;6,595612;5,916595;5,443573;5,632401;6,263733;5,632401;5,178452;5,706787;5,178452;6,595612;5,281448;6,032944;5,281448;6,032944;5,281448;6,595612;6,595612;5,916595;5,706787;5,706787;6,595612;4,608154;4,608154;6,263733;5,146027;4,106522;6,198883;4,106522;4,177094;4,266739;4,266739;5,373001;6,032944;4,106522;4,550934;4,266739;4,106522;4,266739;4,177094;4,177094;4,177094;5,146027;4,989624;5,373001;4,989624;6,198883;4,989624;6,481171;5,373001;4,266739;4,177094;4,106522;4,089355;4,177094;6,032944;4,089355;4,106522;6,198883;4,608154;4,989624;4,266739;4,106522;4,266739;5,146027;4,989624;4,177094;4,177094;6,198883;5,373001;5,146027;6,481171;5,146027;4,106522;5,373001;4,266739;4,106522;4,106522;4,089355;6,481171;4,644394;6,198883;4,177094;4,177094;6,032944;4,177094
"320";"1976-08-01";1,819611;1,047134;3,509521;3,038406;3,038406;1,819611;1,047134;2,721786;2,225876;3,509521;2,716064;1,850128;3,509521;1,819611;3,509521;3,038406;3,410339;2,744675;3,038406;3,15094;3,038406;2,567291;1,699448;2,744675;3,15094;2,744675;3,509521;3,408432;3,509521;3,038406;1,819611;3,410339;1,819611;3,410339;1,819611;3,038406;3,038406;2,567291;3,408432;3,408432;3,038406;2,716064;2,716064;3,15094;2,225876;2,80571;4,648209;2,80571;2,733231;2,14386;2,14386;4,236221;3,410339;2,80571;2,565384;2,14386;2,80571;2,14386;2,733231;2,733231;2,733231;2,225876;2,422333;4,236221;2,422333;4,648209;2,422333;6,17981;4,236221;2,14386;2,733231;2,80571;2,721786;2,733231;3,410339;2,721786;2,80571;4,648209;2,716064;2,422333;2,14386;2,80571;2,14386;2,225876;2,422333;2,733231;2,733231;4,648209;4,236221;2,225876;6,17981;2,225876;2,80571;4,236221;2,14386;2,80571;2,80571;2,721786;6,17981;1,850128;4,648209;2,733231;2,733231;3,410339;2,733231
"321";"1976-09-01";2,233505;1,543045;3,314972;2,973557;2,973557;2,233505;1,543045;3,631592;3,068924;3,314972;2,931595;2,458572;3,314972;2,233505;3,314972;2,973557;3,757477;2,071381;2,973557;2,223969;2,973557;2,490997;1,840591;2,071381;2,223969;2,071381;3,314972;2,632141;3,314972;2,973557;2,233505;3,757477;2,233505;3,757477;2,233505;2,973557;2,973557;2,490997;2,632141;2,632141;2,973557;2,931595;2,931595;2,223969;3,068924;3,238678;5,222321;3,238678;4,026413;2,799988;2,799988;6,164551;3,757477;3,238678;4,379272;2,799988;3,238678;2,799988;4,026413;4,026413;4,026413;3,068924;3,53241;6,164551;3,53241;5,222321;3,53241;7,58934;6,164551;2,799988;4,026413;3,238678;3,631592;4,026413;3,757477;3,631592;3,238678;5,222321;2,931595;3,53241;2,799988;3,238678;2,799988;3,068924;3,53241;4,026413;4,026413;5,222321;6,164551;3,068924;7,58934;3,068924;3,238678;6,164551;2,799988;3,238678;3,238678;3,631592;7,58934;2,458572;5,222321;4,026413;4,026413;3,757477;4,026413
"322";"1976-10-01";2,991676;2,847672;7,202148;4,489899;4,489899;2,991676;2,847672;4,691124;5,020142;7,202148;3,51429;3,515244;7,202148;2,991676;7,202148;4,489899;7,224083;4,738808;4,489899;4,630089;4,489899;3,87001;3,125191;4,738808;4,630089;4,738808;7,202148;3,546715;7,202148;4,489899;2,991676;7,224083;2,991676;7,224083;2,991676;4,489899;4,489899;3,87001;3,546715;3,546715;4,489899;3,51429;3,51429;4,630089;5,020142;10,0584;5,928993;10,0584;6,001472;9,802818;9,802818;8,607864;7,224083;10,0584;7,2155;9,802818;10,0584;9,802818;6,001472;6,001472;6,001472;5,020142;8,244514;8,607864;8,244514;5,928993;8,244514;10,94246;8,607864;9,802818;6,001472;10,0584;4,691124;6,001472;7,224083;4,691124;10,0584;5,928993;3,51429;8,244514;9,802818;10,0584;9,802818;5,020142;8,244514;6,001472;6,001472;5,928993;8,607864;5,020142;10,94246;5,020142;10,0584;8,607864;9,802818;10,0584;10,0584;4,691124;10,94246;3,515244;5,928993;6,001472;6,001472;7,224083;6,001472
"323";"1976-11-01";0,4940033;0,5168915;4,40979;0,793457;0,793457;0,4940033;0,5168915;2,153397;3,211975;4,40979;0,9250641;1,720428;4,40979;0,4940033;4,40979;0,793457;3,828049;0,9708405;0,793457;0,3948212;0,793457;0,2174377;0,1716614;0,9708405;0,3948212;0,9708405;4,40979;0,4444122;4,40979;0,793457;0,4940033;3,828049;0,4940033;3,828049;0,4940033;0,793457;0,793457;0,2174377;0,4444122;0,4444122;0,793457;0,9250641;0,9250641;0,3948212;3,211975;10,53619;2,174377;10,53619;3,818512;9,656906;9,656906;6,071091;3,828049;10,53619;8,512497;9,656906;10,53619;9,656906;3,818512;3,818512;3,818512;3,211975;10,47325;6,071091;10,47325;2,174377;10,47325;3,225327;6,071091;9,656906;3,818512;10,53619;2,153397;3,818512;3,828049;2,153397;10,53619;2,174377;0,9250641;10,47325;9,656906;10,53619;9,656906;3,211975;10,47325;3,818512;3,818512;2,174377;6,071091;3,211975;3,225327;3,211975;10,53619;6,071091;9,656906;10,53619;10,53619;2,153397;3,225327;1,720428;2,174377;3,818512;3,818512;3,828049;3,818512
"324";"1976-12-01";0,2365112;0,2193451;2,258301;0,4463196;0,4463196;0,2365112;0,2193451;1,00708;1,38092;2,258301;0,453949;0,6847382;2,258301;0,2365112;2,258301;0,4463196;1,800537;0,4711151;0,4463196;0,2937317;0,4463196;0,125885;0,04959106;0,4711151;0,2937317;0,4711151;2,258301;0,371933;2,258301;0,4463196;0,2365112;1,800537;0,2365112;1,800537;0,2365112;0,4463196;0,4463196;0,125885;0,371933;0,371933;0,4463196;0,453949;0,453949;0,2937317;1,38092;5,647659;1,459122;5,647659;1,810074;3,940582;3,940582;2,55394;1,800537;5,647659;3,744125;3,940582;5,647659;3,940582;1,810074;1,810074;1,810074;1,38092;3,757477;2,55394;3,757477;1,459122;3,757477;1,440048;2,55394;3,940582;1,810074;5,647659;1,00708;1,810074;1,800537;1,00708;5,647659;1,459122;0,453949;3,757477;3,940582;5,647659;3,940582;1,38092;3,757477;1,810074;1,810074;1,459122;2,55394;1,38092;1,440048;1,38092;5,647659;2,55394;3,940582;5,647659;5,647659;1,00708;1,440048;0,6847382;1,459122;1,810074;1,810074;1,800537;1,810074
"325";"1977-01-01";0,2975464;0,2365112;2,185822;0,4711151;0,4711151;0,2975464;0,2365112;0,9078979;1,462936;2,185822;0,4081726;0,749588;2,185822;0,2975464;2,185822;0,4711151;1,600266;0,6484985;0,4711151;0,7972717;0,4711151;0,3967285;0,1831055;0,6484985;0,7972717;0,6484985;2,185822;0,4959106;2,185822;0,4711151;0,2975464;1,600266;0,2975464;1,600266;0,2975464;0,4711151;0,4711151;0,3967285;0,4959106;0,4959106;0,4711151;0,4081726;0,4081726;0,7972717;1,462936;6,641388;1,621246;6,641388;2,20108;4,825592;4,825592;4,802704;1,600266;6,641388;5,886078;4,825592;6,641388;4,825592;2,20108;2,20108;2,20108;1,462936;4,69017;4,802704;4,69017;1,621246;4,69017;2,613068;4,802704;4,825592;2,20108;6,641388;0,9078979;2,20108;1,600266;0,9078979;6,641388;1,621246;0,4081726;4,69017;4,825592;6,641388;4,825592;1,462936;4,69017;2,20108;2,20108;1,621246;4,802704;1,462936;2,613068;1,462936;6,641388;4,802704;4,825592;6,641388;6,641388;0,9078979;2,613068;0,749588;1,621246;2,20108;2,20108;1,600266;2,20108
"326";"1977-02-01";0,5073547;0,5779266;3,704071;0,7743835;0,7743835;0,5073547;0,5779266;1,789093;2,687454;3,704071;0,6542206;1,060486;3,704071;0,5073547;3,704071;0,7743835;3,099442;0,8163452;0,7743835;1,590729;0,7743835;0,8163452;0,3757477;0,8163452;1,590729;0,8163452;3,704071;1,029968;3,704071;0,7743835;0,5073547;3,099442;0,5073547;3,099442;0,5073547;0,7743835;0,7743835;0,8163452;1,029968;1,029968;0,7743835;0,6542206;0,6542206;1,590729;2,687454;10,57053;2,098083;10,57053;5,029678;8,155823;8,155823;4,074097;3,099442;10,57053;5,344391;8,155823;10,57053;8,155823;5,029678;5,029678;5,029678;2,687454;6,443024;4,074097;6,443024;2,098083;6,443024;2,658844;4,074097;8,155823;5,029678;10,57053;1,789093;5,029678;3,099442;1,789093;10,57053;2,098083;0,6542206;6,443024;8,155823;10,57053;8,155823;2,687454;6,443024;5,029678;5,029678;2,098083;4,074097;2,687454;2,658844;2,687454;10,57053;4,074097;8,155823;10,57053;10,57053;1,789093;2,658844;1,060486;2,098083;5,029678;5,029678;3,099442;5,029678
"327";"1977-03-01";0,5168915;0,4138947;1,422882;0,6370544;0,6370544;0,5168915;0,4138947;0,3471375;0,7534027;1,422882;0,2326965;0,4291534;1,422882;0,5168915;1,422882;0,6370544;1,081467;0,3395081;0,6370544;0,2346039;0,6370544;0,3395081;0,3089905;0,3395081;0,2346039;0,3395081;1,422882;0,1926422;1,422882;0,6370544;0,5168915;1,081467;0,5168915;1,081467;0,5168915;0,6370544;0,6370544;0,3395081;0,1926422;0,1926422;0,6370544;0,2326965;0,2326965;0,2346039;0,7534027;3,078461;0,6370544;3,078461;0,6847382;1,64032;1,64032;1,735687;1,081467;3,078461;1,852036;1,64032;3,078461;1,64032;0,6847382;0,6847382;0,6847382;0,7534027;1,937866;1,735687;1,937866;0,6370544;1,937866;0,995636;1,735687;1,64032;0,6847382;3,078461;0,3471375;0,6847382;1,081467;0,3471375;3,078461;0,6370544;0,2326965;1,937866;1,64032;3,078461;1,64032;0,7534027;1,937866;0,6847382;0,6847382;0,6370544;1,735687;0,7534027;0,995636;0,7534027;3,078461;1,735687;1,64032;3,078461;3,078461;0,3471375;0,995636;0,4291534;0,6370544;0,6847382;0,6847382;1,081467;0,6847382
"328";"1977-04-01";1,562119;1,865387;5,056381;1,995087;1,995087;1,562119;1,865387;3,856659;4,295349;5,056381;2,016068;1,548767;5,056381;1,562119;5,056381;1,995087;5,506516;1,791;1,995087;2,565384;1,995087;1,747131;1,033783;1,791;2,565384;1,791;5,056381;2,344131;5,056381;1,995087;1,562119;5,506516;1,562119;5,506516;1,562119;1,995087;1,995087;1,747131;2,344131;2,344131;1,995087;2,016068;2,016068;2,565384;4,295349;11,53183;2,883911;11,53183;7,621765;11,40594;11,40594;3,385544;5,506516;11,53183;3,555298;11,40594;11,53183;11,40594;7,621765;7,621765;7,621765;4,295349;7,343292;3,385544;7,343292;2,883911;7,343292;3,650665;3,385544;11,40594;7,621765;11,53183;3,856659;7,621765;5,506516;3,856659;11,53183;2,883911;2,016068;7,343292;11,40594;11,53183;11,40594;4,295349;7,343292;7,621765;7,621765;2,883911;3,385544;4,295349;3,650665;4,295349;11,53183;3,385544;11,40594;11,53183;11,53183;3,856659;3,650665;1,548767;2,883911;7,621765;7,621765;5,506516;7,621765
"329";"1977-05-01";3,065109;3,108978;2,695084;2,58255;2,58255;3,065109;3,108978;2,468109;3,74794;2,695084;1,792908;2,737045;2,695084;3,065109;2,695084;2,58255;4,793167;1,22261;2,58255;2,370834;2,58255;3,456116;2,86293;1,22261;2,370834;1,22261;2,695084;2,271652;2,695084;2,58255;3,065109;4,793167;3,065109;4,793167;3,065109;2,58255;2,58255;3,456116;2,271652;2,271652;2,58255;1,792908;1,792908;2,370834;3,74794;2,904892;3,755569;2,904892;3,229141;3,679276;3,679276;2,191544;4,793167;2,904892;1,810074;3,679276;2,904892;3,679276;3,229141;3,229141;3,229141;3,74794;4,365921;2,191544;4,365921;3,755569;4,365921;2,563477;2,191544;3,679276;3,229141;2,904892;2,468109;3,229141;4,793167;2,468109;2,904892;3,755569;1,792908;4,365921;3,679276;2,904892;3,679276;3,74794;4,365921;3,229141;3,229141;3,755569;2,191544;3,74794;2,563477;3,74794;2,904892;2,191544;3,679276;2,904892;2,904892;2,468109;2,563477;2,737045;3,755569;3,229141;3,229141;4,793167;3,229141
"330";"1977-06-01";4,928589;3,688812;4,758835;5,413055;5,413055;4,928589;3,688812;3,067017;5,132675;4,758835;3,517151;4,369736;4,758835;4,928589;4,758835;5,413055;6,095886;3,255844;5,413055;3,463745;5,413055;5,231857;5,125046;3,255844;3,463745;3,255844;4,758835;4,314423;4,758835;5,413055;4,928589;6,095886;4,928589;6,095886;4,928589;5,413055;5,413055;5,231857;4,314423;4,314423;5,413055;3,517151;3,517151;3,463745;5,132675;4,302979;5,752563;4,302979;3,133774;4,270554;4,270554;5,252838;6,095886;4,302979;4,259109;4,270554;4,302979;4,270554;3,133774;3,133774;3,133774;5,132675;5,018234;5,252838;5,018234;5,752563;5,018234;6,158829;5,252838;4,270554;3,133774;4,302979;3,067017;3,133774;6,095886;3,067017;4,302979;5,752563;3,517151;5,018234;4,270554;4,302979;4,270554;5,132675;5,018234;3,133774;3,133774;5,752563;5,252838;5,132675;6,158829;5,132675;4,302979;5,252838;4,270554;4,302979;4,302979;3,067017;6,158829;4,369736;5,752563;3,133774;3,133774;6,095886;3,133774
"331";"1977-07-01";1,020432;0,7972717;2,382278;1,647949;1,647949;1,020432;0,7972717;2,222061;1,432419;2,382278;2,096176;1,268387;2,382278;1,020432;2,382278;1,647949;2,677917;1,411438;1,647949;1,726151;1,647949;1,564026;0,8811951;1,411438;1,726151;1,411438;2,382278;2,719879;2,382278;1,647949;1,020432;2,677917;1,020432;2,677917;1,020432;1,647949;1,647949;1,564026;2,719879;2,719879;1,647949;2,096176;2,096176;1,726151;1,432419;1,794815;4,489899;1,794815;2,466202;1,493454;1,493454;2,988815;2,677917;1,794815;1,876831;1,493454;1,794815;1,493454;2,466202;2,466202;2,466202;1,432419;1,661301;2,988815;1,661301;4,489899;1,661301;4,934311;2,988815;1,493454;2,466202;1,794815;2,222061;2,466202;2,677917;2,222061;1,794815;4,489899;2,096176;1,661301;1,493454;1,794815;1,493454;1,432419;1,661301;2,466202;2,466202;4,489899;2,988815;1,432419;4,934311;1,432419;1,794815;2,988815;1,493454;1,794815;1,794815;2,222061;4,934311;1,268387;4,489899;2,466202;2,466202;2,677917;2,466202
"332";"1977-08-01";3,52478;2,595901;3,99971;4,31633;4,31633;3,52478;2,595901;3,200531;4,146576;3,99971;3,801346;3,488541;3,99971;3,52478;3,99971;4,31633;5,588531;3,616333;4,31633;3,826141;4,31633;4,146576;3,498077;3,616333;3,826141;3,616333;3,99971;4,274368;3,99971;4,31633;3,52478;5,588531;3,52478;5,588531;3,52478;4,31633;4,31633;4,146576;4,274368;4,274368;4,31633;3,801346;3,801346;3,826141;4,146576;2,174377;4,486084;2,174377;3,290176;3,173828;3,173828;4,301071;5,588531;2,174377;2,670288;3,173828;2,174377;3,173828;3,290176;3,290176;3,290176;4,146576;3,217697;4,301071;3,217697;4,486084;3,217697;6,456375;4,301071;3,173828;3,290176;2,174377;3,200531;3,290176;5,588531;3,200531;2,174377;4,486084;3,801346;3,217697;3,173828;2,174377;3,173828;4,146576;3,217697;3,290176;3,290176;4,486084;4,301071;4,146576;6,456375;4,146576;2,174377;4,301071;3,173828;2,174377;2,174377;3,200531;6,456375;3,488541;4,486084;3,290176;3,290176;5,588531;3,290176
"333";"1977-09-01";4,37355;2,086639;3,818512;5,090714;5,090714;4,37355;2,086639;2,876282;3,425598;3,818512;2,902985;2,803802;3,818512;4,37355;3,818512;5,090714;4,35257;2,513885;5,090714;2,729416;5,090714;4,781723;4,680634;2,513885;2,729416;2,513885;3,818512;3,377914;3,818512;5,090714;4,37355;4,35257;4,37355;4,35257;4,37355;5,090714;5,090714;4,781723;3,377914;3,377914;5,090714;2,902985;2,902985;2,729416;3,425598;2,853394;4,037857;2,853394;3,038406;2,346039;2,346039;4,722595;4,35257;2,853394;3,307343;2,346039;2,853394;2,346039;3,038406;3,038406;3,038406;3,425598;2,674103;4,722595;2,674103;4,037857;2,674103;6,568909;4,722595;2,346039;3,038406;2,853394;2,876282;3,038406;4,35257;2,876282;2,853394;4,037857;2,902985;2,674103;2,346039;2,853394;2,346039;3,425598;2,674103;3,038406;3,038406;4,037857;4,722595;3,425598;6,568909;3,425598;2,853394;4,722595;2,346039;2,853394;2,853394;2,876282;6,568909;2,803802;4,037857;3,038406;3,038406;4,35257;3,038406
"334";"1977-10-01";1,569748;1,283646;5,456924;2,569199;2,569199;1,569748;1,283646;2,96402;3,87764;5,456924;2,382278;2,510071;5,456924;1,569748;5,456924;2,569199;5,405426;2,779007;2,569199;2,893448;2,569199;1,930237;1,651764;2,779007;2,893448;2,779007;5,456924;2,696991;5,456924;2,569199;1,569748;5,405426;1,569748;5,405426;1,569748;2,569199;2,569199;1,930237;2,696991;2,696991;2,569199;2,382278;2,382278;2,893448;3,87764;7,795334;4,22287;7,795334;4,369736;7,541656;7,541656;7,724762;5,405426;7,795334;6,721497;7,541656;7,795334;7,541656;4,369736;4,369736;4,369736;3,87764;7,223129;7,724762;7,223129;4,22287;7,223129;7,577896;7,724762;7,541656;4,369736;7,795334;2,96402;4,369736;5,405426;2,96402;7,795334;4,22287;2,382278;7,223129;7,541656;7,795334;7,541656;3,87764;7,223129;4,369736;4,369736;4,22287;7,724762;3,87764;7,577896;3,87764;7,795334;7,724762;7,541656;7,795334;7,795334;2,96402;7,577896;2,510071;4,22287;4,369736;4,369736;5,405426;4,369736
"335";"1977-11-01";1,056671;1,205444;4,835129;1,506805;1,506805;1,056671;1,205444;3,271103;3,320694;4,835129;2,103806;1,565933;4,835129;1,056671;4,835129;1,506805;4,631042;1,710892;1,506805;1,935959;1,506805;1,501083;1,735687;1,710892;1,935959;1,710892;4,835129;1,951218;4,835129;1,506805;1,056671;4,631042;1,056671;4,631042;1,056671;1,506805;1,506805;1,501083;1,951218;1,951218;1,506805;2,103806;2,103806;1,935959;3,320694;9,031296;2,731323;9,031296;4,922867;8,769989;8,769989;4,50325;4,631042;9,031296;6,96373;8,769989;9,031296;8,769989;4,922867;4,922867;4,922867;3,320694;6,576538;4,50325;6,576538;2,731323;6,576538;3,068924;4,50325;8,769989;4,922867;9,031296;3,271103;4,922867;4,631042;3,271103;9,031296;2,731323;2,103806;6,576538;8,769989;9,031296;8,769989;3,320694;6,576538;4,922867;4,922867;2,731323;4,50325;3,320694;3,068924;3,320694;9,031296;4,50325;8,769989;9,031296;9,031296;3,271103;3,068924;1,565933;2,731323;4,922867;4,922867;4,631042;4,922867
"336";"1977-12-01";0,4310608;0,6999969;3,385544;0,9307861;0,9307861;0,4310608;0,6999969;2,244949;2,231598;3,385544;1,07193;1,237869;3,385544;0,4310608;3,385544;0,9307861;3,572464;0,9784698;0,9307861;1,087189;0,9307861;0,4253387;0,3833771;0,9784698;1,087189;0,9784698;3,385544;1,125336;3,385544;0,9307861;0,4310608;3,572464;0,4310608;3,572464;0,4310608;0,9307861;0,9307861;0,4253387;1,125336;1,125336;0,9307861;1,07193;1,07193;1,087189;2,231598;7,463455;2,983093;7,463455;4,051208;6,996155;6,996155;3,826141;3,572464;7,463455;4,261017;6,996155;7,463455;6,996155;4,051208;4,051208;4,051208;2,231598;5,22995;3,826141;5,22995;2,983093;5,22995;3,705978;3,826141;6,996155;4,051208;7,463455;2,244949;4,051208;3,572464;2,244949;7,463455;2,983093;1,07193;5,22995;6,996155;7,463455;6,996155;2,231598;5,22995;4,051208;4,051208;2,983093;3,826141;2,231598;3,705978;2,231598;7,463455;3,826141;6,996155;7,463455;7,463455;2,244949;3,705978;1,237869;2,983093;4,051208;4,051208;3,572464;4,051208
"337";"1978-01-01";0,1535416;0,1935959;1,719475;0,2756119;0,2756119;0,1535416;0,1935959;0,7400513;1,606941;1,719475;0,3271103;0,3995895;1,719475;0,1535416;1,719475;0,2756119;1,808167;0,2965927;0,2756119;0,3128052;0,2756119;0,1649857;0,1182556;0,2965927;0,3128052;0,2965927;1,719475;0,3538132;1,719475;0,2756119;0,1535416;1,808167;0,1535416;1,808167;0,1535416;0,2756119;0,2756119;0,1649857;0,3538132;0,3538132;0,2756119;0,3271103;0,3271103;0,3128052;1,606941;5,246162;1,865387;5,246162;1,997948;5,935669;5,935669;3,482819;1,808167;5,246162;4,754066;5,935669;5,246162;5,935669;1,997948;1,997948;1,997948;1,606941;4,016876;3,482819;4,016876;1,865387;4,016876;2,052307;3,482819;5,935669;1,997948;5,246162;0,7400513;1,997948;1,808167;0,7400513;5,246162;1,865387;0,3271103;4,016876;5,935669;5,246162;5,935669;1,606941;4,016876;1,997948;1,997948;1,865387;3,482819;1,606941;2,052307;1,606941;5,246162;3,482819;5,935669;5,246162;5,246162;0,7400513;2,052307;0,3995895;1,865387;1,997948;1,997948;1,808167;1,997948
"338";"1978-02-01";0,793457;0,6866455;2,58255;0,8144379;0,8144379;0,793457;0,6866455;1,104355;2,326965;2,58255;0,5588531;1,10054;2,58255;0,793457;2,58255;0,8144379;2,708435;0,7266998;0,8144379;0,5664825;0,8144379;0,5760193;0,6332397;0,7266998;0,5664825;0,7266998;2,58255;0,5607605;2,58255;0,8144379;0,793457;2,708435;0,793457;2,708435;0,793457;0,8144379;0,8144379;0,5760193;0,5607605;0,5607605;0,8144379;0,5588531;0,5588531;0,5664825;2,326965;6,677628;1,581192;6,677628;2,494812;6,343842;6,343842;2,721786;2,708435;6,677628;4,72641;6,343842;6,677628;6,343842;2,494812;2,494812;2,494812;2,326965;5,2948;2,721786;5,2948;1,581192;5,2948;1,094818;2,721786;6,343842;2,494812;6,677628;1,104355;2,494812;2,708435;1,104355;6,677628;1,581192;0,5588531;5,2948;6,343842;6,677628;6,343842;2,326965;5,2948;2,494812;2,494812;1,581192;2,721786;2,326965;1,094818;2,326965;6,677628;2,721786;6,343842;6,677628;6,677628;1,104355;1,094818;1,10054;1,581192;2,494812;2,494812;2,708435;2,494812
"339";"1978-03-01";1,88446;2,231598;4,148483;2,07901;2,07901;1,88446;2,231598;2,620697;4,089355;4,148483;1,537323;1,838684;4,148483;1,88446;4,148483;2,07901;5,0354;1,514435;2,07901;1,682281;2,07901;2,016068;1,726151;1,514435;1,682281;1,514435;4,148483;1,424789;4,148483;2,07901;1,88446;5,0354;1,88446;5,0354;1,88446;2,07901;2,07901;2,016068;1,424789;1,424789;2,07901;1,537323;1,537323;1,682281;4,089355;9,000778;2,061844;9,000778;4,808426;9,141922;9,141922;6,156921;5,0354;9,000778;8,970261;9,141922;9,000778;9,141922;4,808426;4,808426;4,808426;4,089355;7,013321;6,156921;7,013321;2,061844;7,013321;3,454208;6,156921;9,141922;4,808426;9,000778;2,620697;4,808426;5,0354;2,620697;9,000778;2,061844;1,537323;7,013321;9,141922;9,000778;9,141922;4,089355;7,013321;4,808426;4,808426;2,061844;6,156921;4,089355;3,454208;4,089355;9,000778;6,156921;9,141922;9,000778;9,000778;2,620697;3,454208;1,838684;2,061844;4,808426;4,808426;5,0354;4,808426
"340";"1978-04-01";1,752853;2,380371;3,574371;1,852036;1,852036;1,752853;2,380371;2,943039;4,039764;3,574371;1,626968;1,596451;3,574371;1,752853;3,574371;1,852036;4,961014;1,369476;1,852036;2,902985;1,852036;2,120972;1,264572;1,369476;2,902985;1,369476;3,574371;2,321243;3,574371;1,852036;1,752853;4,961014;1,752853;4,961014;1,752853;1,852036;1,852036;2,120972;2,321243;2,321243;1,852036;1,626968;1,626968;2,902985;4,039764;7,005692;3,040314;7,005692;5,329132;9,504318;9,504318;3,311157;4,961014;7,005692;4,274368;9,504318;7,005692;9,504318;5,329132;5,329132;5,329132;4,039764;6,772995;3,311157;6,772995;3,040314;6,772995;2,801895;3,311157;9,504318;5,329132;7,005692;2,943039;5,329132;4,961014;2,943039;7,005692;3,040314;1,626968;6,772995;9,504318;7,005692;9,504318;4,039764;6,772995;5,329132;5,329132;3,040314;3,311157;4,039764;2,801895;4,039764;7,005692;3,311157;9,504318;7,005692;7,005692;2,943039;2,801895;1,596451;3,040314;5,329132;5,329132;4,961014;5,329132
"341";"1978-05-01";2,420425;1,834869;3,259659;2,83432;2,83432;2,420425;1,834869;3,528595;2,71225;3,259659;1,928329;1,525879;3,259659;2,420425;3,259659;2,83432;4,772186;2,197266;2,83432;2,933502;2,83432;2,555847;2,315521;2,197266;2,933502;2,197266;3,259659;2,204895;3,259659;2,83432;2,420425;4,772186;2,420425;4,772186;2,420425;2,83432;2,83432;2,555847;2,204895;2,204895;2,83432;1,928329;1,928329;2,933502;2,71225;3,736496;3,931046;3,736496;5,804062;3,494263;3,494263;2,17247;4,772186;3,736496;2,019882;3,494263;3,736496;3,494263;5,804062;5,804062;5,804062;2,71225;2,672195;2,17247;2,672195;3,931046;2,672195;3,089905;2,17247;3,494263;5,804062;3,736496;3,528595;5,804062;4,772186;3,528595;3,736496;3,931046;1,928329;2,672195;3,494263;3,736496;3,494263;2,71225;2,672195;5,804062;5,804062;3,931046;2,17247;2,71225;3,089905;2,71225;3,736496;2,17247;3,494263;3,736496;3,736496;3,528595;3,089905;1,525879;3,931046;5,804062;5,804062;4,772186;5,804062
"342";"1978-06-01";7,213593;5,493164;6,267548;9,008408;9,008408;7,213593;5,493164;6,542206;8,619308;6,267548;5,945206;6,801605;6,267548;7,213593;6,267548;9,008408;13,17215;5,01442;9,008408;5,184174;9,008408;6,891251;7,116318;5,01442;5,184174;5,01442;6,267548;6,290436;6,267548;9,008408;7,213593;13,17215;7,213593;13,17215;7,213593;9,008408;9,008408;6,891251;6,290436;6,290436;9,008408;5,945206;5,945206;5,184174;8,619308;6,494522;9,626389;6,494522;7,417679;8,136749;8,136749;10,92911;13,17215;6,494522;9,860992;8,136749;6,494522;8,136749;7,417679;7,417679;7,417679;8,619308;7,738113;10,92911;7,738113;9,626389;7,738113;11,60049;10,92911;8,136749;7,417679;6,494522;6,542206;7,417679;13,17215;6,542206;6,494522;9,626389;5,945206;7,738113;8,136749;6,494522;8,136749;8,619308;7,738113;7,417679;7,417679;9,626389;10,92911;8,619308;11,60049;8,619308;6,494522;10,92911;8,136749;6,494522;6,494522;6,542206;11,60049;6,801605;9,626389;7,417679;7,417679;13,17215;7,417679
"343";"1978-07-01";2,077103;1,737595;3,879547;3,311157;3,311157;2,077103;1,737595;2,851486;3,082275;3,879547;2,603531;2,670288;3,879547;2,077103;3,879547;3,311157;3,828049;2,494812;3,311157;2,361298;3,311157;3,622055;2,138138;2,494812;2,361298;2,494812;3,879547;3,089905;3,879547;3,311157;2,077103;3,828049;2,077103;3,828049;2,077103;3,311157;3,311157;3,622055;3,089905;3,089905;3,311157;2,603531;2,603531;2,361298;3,082275;3,101349;5,125046;3,101349;3,318787;2,866745;2,866745;5,409241;3,828049;3,101349;3,765106;2,866745;3,101349;2,866745;3,318787;3,318787;3,318787;3,082275;3,061295;5,409241;3,061295;5,125046;3,061295;6,580353;5,409241;2,866745;3,318787;3,101349;2,851486;3,318787;3,828049;2,851486;3,101349;5,125046;2,603531;3,061295;2,866745;3,101349;2,866745;3,082275;3,061295;3,318787;3,318787;5,125046;5,409241;3,082275;6,580353;3,082275;3,101349;5,409241;2,866745;3,101349;3,101349;2,851486;6,580353;2,670288;5,125046;3,318787;3,318787;3,828049;3,318787
"344";"1978-08-01";1,928329;1,449585;3,43895;2,426147;2,426147;1,928329;1,449585;2,719879;2,889633;3,43895;2,435684;2,286911;3,43895;1,928329;3,43895;2,426147;3,362656;2,30217;2,426147;2,292633;2,426147;2,130508;1,394272;2,30217;2,292633;2,30217;3,43895;2,748489;3,43895;2,426147;1,928329;3,362656;1,928329;3,362656;1,928329;2,426147;2,426147;2,130508;2,748489;2,748489;2,426147;2,435684;2,435684;2,292633;2,889633;3,43132;5,027771;3,43132;2,799988;2,386093;2,386093;4,602432;3,362656;3,43132;2,742767;2,386093;3,43132;2,386093;2,799988;2,799988;2,799988;2,889633;2,464294;4,602432;2,464294;5,027771;2,464294;7,457733;4,602432;2,386093;2,799988;3,43132;2,719879;2,799988;3,362656;2,719879;3,43132;5,027771;2,435684;2,464294;2,386093;3,43132;2,386093;2,889633;2,464294;2,799988;2,799988;5,027771;4,602432;2,889633;7,457733;2,889633;3,43132;4,602432;2,386093;3,43132;3,43132;2,719879;7,457733;2,286911;5,027771;2,799988;2,799988;3,362656;2,799988
"345";"1978-09-01";5,655289;3,911972;8,197784;6,994247;6,994247;5,655289;3,911972;8,285522;6,706238;8,197784;6,629944;5,456924;8,197784;5,655289;8,197784;6,994247;7,02858;6,532669;6,994247;6,4888;6,994247;6,39534;5,804062;6,532669;6,4888;6,532669;8,197784;6,01387;8,197784;6,994247;5,655289;7,02858;5,655289;7,02858;5,655289;6,994247;6,994247;6,39534;6,01387;6,01387;6,994247;6,629944;6,629944;6,4888;6,706238;8,497238;11,24573;8,497238;9,180069;5,82695;5,82695;9,153366;7,02858;8,497238;7,072449;5,82695;8,497238;5,82695;9,180069;9,180069;9,180069;6,706238;6,118774;9,153366;6,118774;11,24573;6,118774;10,87379;9,153366;5,82695;9,180069;8,497238;8,285522;9,180069;7,02858;8,285522;8,497238;11,24573;6,629944;6,118774;5,82695;8,497238;5,82695;6,706238;6,118774;9,180069;9,180069;11,24573;9,153366;6,706238;10,87379;6,706238;8,497238;9,153366;5,82695;8,497238;8,497238;8,285522;10,87379;5,456924;11,24573;9,180069;9,180069;7,02858;9,180069
"346";"1978-10-01";2,445221;2,578735;5,794525;2,403259;2,403259;2,445221;2,578735;5,662918;4,562378;5,794525;3,395081;3,004074;5,794525;2,445221;5,794525;2,403259;5,149841;2,962112;2,403259;2,290726;2,403259;1,728058;1,98555;2,962112;2,290726;2,962112;5,794525;2,344131;5,794525;2,403259;2,445221;5,149841;2,445221;5,149841;2,445221;2,403259;2,403259;1,728058;2,344131;2,344131;2,403259;3,395081;3,395081;2,290726;4,562378;9,624481;9,016037;9,624481;7,255554;7,810593;7,810593;8,520126;5,149841;9,624481;7,436752;7,810593;9,624481;7,810593;7,255554;7,255554;7,255554;4,562378;8,003235;8,520126;8,003235;9,016037;8,003235;8,337021;8,520126;7,810593;7,255554;9,624481;5,662918;7,255554;5,149841;5,662918;9,624481;9,016037;3,395081;8,003235;7,810593;9,624481;7,810593;4,562378;8,003235;7,255554;7,255554;9,016037;8,520126;4,562378;8,337021;4,562378;9,624481;8,520126;7,810593;9,624481;9,624481;5,662918;8,337021;3,004074;9,016037;7,255554;7,255554;5,149841;7,255554
"347";"1978-11-01";0,6542206;0,7095337;1,905441;0,8411407;0,8411407;0,6542206;0,7095337;1,285553;1,623154;1,905441;0,8583069;1,089096;1,905441;0,6542206;1,905441;0,8411407;1,983643;0,6999969;0,8411407;0,5340576;0,8411407;0,5397797;0,3318787;0,6999969;0,5340576;0,6999969;1,905441;0,7019043;1,905441;0,8411407;0,6542206;1,983643;0,6542206;1,983643;0,6542206;0,8411407;0,8411407;0,5397797;0,7019043;0,7019043;0,8411407;0,8583069;0,8583069;0,5340576;1,623154;3,566742;2,061844;3,566742;2,229691;2,809525;2,809525;3,688812;1,983643;3,566742;4,535675;2,809525;3,566742;2,809525;2,229691;2,229691;2,229691;1,623154;2,609253;3,688812;2,609253;2,061844;2,609253;3,820419;3,688812;2,809525;2,229691;3,566742;1,285553;2,229691;1,983643;1,285553;3,566742;2,061844;0,8583069;2,609253;2,809525;3,566742;2,809525;1,623154;2,609253;2,229691;2,229691;2,061844;3,688812;1,623154;3,820419;1,623154;3,566742;3,688812;2,809525;3,566742;3,566742;1,285553;3,820419;1,089096;2,061844;2,229691;2,229691;1,983643;2,229691
"348";"1978-12-01";0,5912781;0,6046295;2,328873;0,7133484;0,7133484;0,5912781;0,6046295;1,066208;1,701355;2,328873;0,6370544;1,073837;2,328873;0,5912781;2,328873;0,7133484;2,145767;0,6122589;0,7133484;0,497818;0,7133484;0,2536774;0,3089905;0,6122589;0,497818;0,6122589;2,328873;0,7362366;2,328873;0,7133484;0,5912781;2,145767;0,5912781;2,145767;0,5912781;0,7133484;0,7133484;0,2536774;0,7362366;0,7362366;0,7133484;0,6370544;0,6370544;0,497818;1,701355;5,470276;0,9765625;5,470276;2,012253;3,740311;3,740311;5,023956;2,145767;5,470276;5,208969;3,740311;5,470276;3,740311;2,012253;2,012253;2,012253;1,701355;4,297256;5,023956;4,297256;0,9765625;4,297256;2,849579;5,023956;3,740311;2,012253;5,470276;1,066208;2,012253;2,145767;1,066208;5,470276;0,9765625;0,6370544;4,297256;3,740311;5,470276;3,740311;1,701355;4,297256;2,012253;2,012253;0,9765625;5,023956;1,701355;2,849579;1,701355;5,470276;5,023956;3,740311;5,470276;5,470276;1,066208;2,849579;1,073837;0,9765625;2,012253;2,012253;2,145767;2,012253
"349";"1979-01-01";0,1468658;0,1869202;1,874924;0,2632141;0,2632141;0,1468658;0,1869202;0,7247925;1,10817;1,874924;0,2498627;0,5340576;1,874924;0,1468658;1,874924;0,2632141;1,386642;0,2784729;0,2632141;0,1106262;0,2632141;0,04577637;0,05722046;0,2784729;0,1106262;0,2784729;1,874924;0,2384186;1,874924;0,2632141;0,1468658;1,386642;0,1468658;1,386642;0,1468658;0,2632141;0,2632141;0,04577637;0,2384186;0,2384186;0,2632141;0,2498627;0,2498627;0,1106262;1,10817;5,468369;1,173019;5,468369;2,04277;3,582001;3,582001;2,76947;1,386642;5,468369;4,179001;3,582001;5,468369;3,582001;2,04277;2,04277;2,04277;1,10817;3,61824;2,76947;3,61824;1,173019;3,61824;1,125336;2,76947;3,582001;2,04277;5,468369;0,7247925;2,04277;1,386642;0,7247925;5,468369;1,173019;0,2498627;3,61824;3,582001;5,468369;3,582001;1,10817;3,61824;2,04277;2,04277;1,173019;2,76947;1,10817;1,125336;1,10817;5,468369;2,76947;3,582001;5,468369;5,468369;0,7247925;1,125336;0,5340576;1,173019;2,04277;2,04277;1,386642;2,04277
"350";"1979-02-01";0,5741119;0,3986359;2,965927;0,7133484;0,7133484;0,5741119;0,3986359;2,046585;2,462387;2,965927;1,232147;0,9498596;2,965927;0,5741119;2,965927;0,7133484;3,168106;1,203537;0,7133484;1,792908;0,7133484;0,9384155;0,4673004;1,203537;1,792908;1,203537;2,965927;1,779556;2,965927;0,7133484;0,5741119;3,168106;0,5741119;3,168106;0,5741119;0,7133484;0,7133484;0,9384155;1,779556;1,779556;0,7133484;1,232147;1,232147;1,792908;2,462387;7,774353;1,619339;7,774353;4,673004;8,127213;8,127213;4,590988;3,168106;7,774353;5,773544;8,127213;7,774353;8,127213;4,673004;4,673004;4,673004;2,462387;6,68335;4,590988;6,68335;1,619339;6,68335;3,417969;4,590988;8,127213;4,673004;7,774353;2,046585;4,673004;3,168106;2,046585;7,774353;1,619339;1,232147;6,68335;8,127213;7,774353;8,127213;2,462387;6,68335;4,673004;4,673004;1,619339;4,590988;2,462387;3,417969;2,462387;7,774353;4,590988;8,127213;7,774353;7,774353;2,046585;3,417969;0,9498596;1,619339;4,673004;4,673004;3,168106;4,673004
"351";"1979-03-01";0,5073547;0,3471375;3,652573;0,7171631;0,7171631;0,5073547;0,3471375;2,113342;2,93541;3,652573;0,7514954;0,7019043;3,652573;0,5073547;3,652573;0,7171631;3,553391;0,5970001;0,7171631;1,049042;0,7171631;0,6942749;0,371933;0,5970001;1,049042;0,5970001;3,652573;0,8811951;3,652573;0,7171631;0,5073547;3,553391;0,5073547;3,553391;0,5073547;0,7171631;0,7171631;0,6942749;0,8811951;0,8811951;0,7171631;0,7514954;0,7514954;1,049042;2,93541;11,19804;2,033234;11,19804;5,332947;10,04601;10,04601;3,063202;3,553391;11,19804;3,370285;10,04601;11,19804;10,04601;5,332947;5,332947;5,332947;2,93541;5,750656;3,063202;5,750656;2,033234;5,750656;3,20816;3,063202;10,04601;5,332947;11,19804;2,113342;5,332947;3,553391;2,113342;11,19804;2,033234;0,7514954;5,750656;10,04601;11,19804;10,04601;2,93541;5,750656;5,332947;5,332947;2,033234;3,063202;2,93541;3,20816;2,93541;11,19804;3,063202;10,04601;11,19804;11,19804;2,113342;3,20816;0,7019043;2,033234;5,332947;5,332947;3,553391;5,332947
"352";"1979-04-01";2,950668;3,910065;4,75502;4,476547;4,476547;2,950668;3,910065;4,360199;6,183624;4,75502;2,922058;3,08609;4,75502;2,950668;4,75502;4,476547;9,746552;2,536774;4,476547;4,179001;4,476547;3,498077;2,965927;2,536774;4,179001;2,536774;4,75502;3,831863;4,75502;4,476547;2,950668;9,746552;2,950668;9,746552;2,950668;4,476547;4,476547;3,498077;3,831863;3,831863;4,476547;2,922058;2,922058;4,179001;6,183624;6,732941;4,135132;6,732941;5,172729;12,03918;12,03918;3,606796;9,746552;6,732941;4,739761;12,03918;6,732941;12,03918;5,172729;5,172729;5,172729;6,183624;9,807587;3,606796;9,807587;4,135132;9,807587;3,067017;3,606796;12,03918;5,172729;6,732941;4,360199;5,172729;9,746552;4,360199;6,732941;4,135132;2,922058;9,807587;12,03918;6,732941;12,03918;6,183624;9,807587;5,172729;5,172729;4,135132;3,606796;6,183624;3,067017;6,183624;6,732941;3,606796;12,03918;6,732941;6,732941;4,360199;3,067017;3,08609;4,135132;5,172729;5,172729;9,746552;5,172729
"353";"1979-05-01";3,641129;3,858566;6,456375;5,168915;5,168915;3,641129;3,858566;3,770828;6,427765;6,456375;2,082825;4,051208;6,456375;3,641129;6,456375;5,168915;11,00731;2,447128;5,168915;2,717972;5,168915;3,612518;2,813339;2,447128;2,717972;2,447128;6,456375;2,599716;6,456375;5,168915;3,641129;11,00731;3,641129;11,00731;3,641129;5,168915;5,168915;3,612518;2,599716;2,599716;5,168915;2,082825;2,082825;2,717972;6,427765;9,017944;5,590439;9,017944;5,506516;10,02312;10,02312;5,094528;11,00731;9,017944;6,608963;10,02312;9,017944;10,02312;5,506516;5,506516;5,506516;6,427765;9,03511;5,094528;9,03511;5,590439;9,03511;4,709244;5,094528;10,02312;5,506516;9,017944;3,770828;5,506516;11,00731;3,770828;9,017944;5,590439;2,082825;9,03511;10,02312;9,017944;10,02312;6,427765;9,03511;5,506516;5,506516;5,590439;5,094528;6,427765;4,709244;6,427765;9,017944;5,094528;10,02312;9,017944;9,017944;3,770828;4,709244;4,051208;5,590439;5,506516;5,506516;11,00731;5,506516
"354";"1979-06-01";2,61116;1,947403;5,655289;3,408432;3,408432;2,61116;1,947403;4,253387;3,90625;5,655289;3,112793;3,368378;5,655289;2,61116;5,655289;3,408432;5,19371;2,887726;3,408432;2,254486;3,408432;2,206802;2,161026;2,887726;2,254486;2,887726;5,655289;2,55394;5,655289;3,408432;2,61116;5,19371;2,61116;5,19371;2,61116;3,408432;3,408432;2,206802;2,55394;2,55394;3,408432;3,112793;3,112793;2,254486;3,90625;5,249023;4,354477;5,249023;4,045486;4,491806;4,491806;7,225037;5,19371;5,249023;6,906509;4,491806;5,249023;4,491806;4,045486;4,045486;4,045486;3,90625;5,237579;7,225037;5,237579;4,354477;5,237579;6,053925;7,225037;4,491806;4,045486;5,249023;4,253387;4,045486;5,19371;4,253387;5,249023;4,354477;3,112793;5,237579;4,491806;5,249023;4,491806;3,90625;5,237579;4,045486;4,045486;4,354477;7,225037;3,90625;6,053925;3,90625;5,249023;7,225037;4,491806;5,249023;5,249023;4,253387;6,053925;3,368378;4,354477;4,045486;4,045486;5,19371;4,045486
"355";"1979-07-01";5,342484;5,264282;5,397797;5,449295;5,449295;5,342484;5,264282;4,753113;6,782532;5,397797;3,128052;5,138397;5,397797;5,342484;5,397797;5,449295;6,845474;3,835678;5,449295;4,335403;5,449295;5,088806;5,037308;3,835678;4,335403;3,835678;5,397797;3,444672;5,397797;5,449295;5,342484;6,845474;5,342484;6,845474;5,342484;5,449295;5,449295;5,088806;3,444672;3,444672;5,449295;3,128052;3,128052;4,335403;6,782532;6,523132;6,811142;6,523132;5,393982;8,436203;8,436203;5,661011;6,845474;6,523132;4,920959;8,436203;6,523132;8,436203;5,393982;5,393982;5,393982;6,782532;8,18634;5,661011;8,18634;6,811142;8,18634;8,522034;5,661011;8,436203;5,393982;6,523132;4,753113;5,393982;6,845474;4,753113;6,523132;6,811142;3,128052;8,18634;8,436203;6,523132;8,436203;6,782532;8,18634;5,393982;5,393982;6,811142;5,661011;6,782532;8,522034;6,782532;6,523132;5,661011;8,436203;6,523132;6,523132;4,753113;8,522034;5,138397;6,811142;5,393982;5,393982;6,845474;5,393982
"356";"1979-08-01";2,904892;2,754211;5,701065;3,965378;3,965378;2,904892;2,754211;6,174088;4,232407;5,701065;4,674911;4,249573;5,701065;2,904892;5,701065;3,965378;5,722046;3,479004;3,965378;2,895355;3,965378;3,053665;2,716064;3,479004;2,895355;3,479004;5,701065;4,468918;5,701065;3,965378;2,904892;5,722046;2,904892;5,722046;2,904892;3,965378;3,965378;3,053665;4,468918;4,468918;3,965378;4,674911;4,674911;2,895355;4,232407;6,450653;8,090973;6,450653;6,961823;6,010056;6,010056;10,04601;5,722046;6,450653;8,92067;6,010056;6,450653;6,010056;6,961823;6,961823;6,961823;4,232407;6,385803;10,04601;6,385803;8,090973;6,385803;10,94818;10,04601;6,010056;6,961823;6,450653;6,174088;6,961823;5,722046;6,174088;6,450653;8,090973;4,674911;6,385803;6,010056;6,450653;6,010056;4,232407;6,385803;6,961823;6,961823;8,090973;10,04601;4,232407;10,94818;4,232407;6,450653;10,04601;6,010056;6,450653;6,450653;6,174088;10,94818;4,249573;8,090973;6,961823;6,961823;5,722046;6,961823
"357";"1979-09-01";7,089615;5,744934;8,50296;7,442474;7,442474;7,089615;5,744934;8,932114;8,565903;8,50296;7,183075;7,064819;8,50296;7,089615;8,50296;7,442474;8,396149;6,958008;7,442474;6,715775;7,442474;7,05719;6,917953;6,958008;6,715775;6,958008;8,50296;6,29425;8,50296;7,442474;7,089615;8,396149;7,089615;8,396149;7,089615;7,442474;7,442474;7,05719;6,29425;6,29425;7,442474;7,183075;7,183075;6,715775;8,565903;10,32448;9,48143;10,32448;9,090424;9,008408;9,008408;8,493423;8,396149;10,32448;7,236481;9,008408;10,32448;9,008408;9,090424;9,090424;9,090424;8,565903;9,241104;8,493423;9,241104;9,48143;9,241104;7,966995;8,493423;9,008408;9,090424;10,32448;8,932114;9,090424;8,396149;8,932114;10,32448;9,48143;7,183075;9,241104;9,008408;10,32448;9,008408;8,565903;9,241104;9,090424;9,090424;9,48143;8,493423;8,565903;7,966995;8,565903;10,32448;8,493423;9,008408;10,32448;10,32448;8,932114;7,966995;7,064819;9,48143;9,090424;9,090424;8,396149;9,090424
"358";"1979-10-01";1,010895;0,8277893;1,592636;1,178741;1,178741;1,010895;0,8277893;0,7305145;1,493454;1,592636;0,497818;1,132965;1,592636;1,010895;1,592636;1,178741;1,953125;0,5340576;1,178741;0,7839203;1,178741;1,07193;0,9841919;0,5340576;0,7839203;0,5340576;1,592636;0,535965;1,592636;1,178741;1,010895;1,953125;1,010895;1,953125;1,010895;1,178741;1,178741;1,07193;0,535965;0,535965;1,178741;0,497818;0,497818;0,7839203;1,493454;3,71933;1,703262;3,71933;1,213074;2,61879;2,61879;2,918243;1,953125;3,71933;2,775192;2,61879;3,71933;2,61879;1,213074;1,213074;1,213074;1,493454;2,849579;2,918243;2,849579;1,703262;2,849579;2,391815;2,918243;2,61879;1,213074;3,71933;0,7305145;1,213074;1,953125;0,7305145;3,71933;1,703262;0,497818;2,849579;2,61879;3,71933;2,61879;1,493454;2,849579;1,213074;1,213074;1,703262;2,918243;1,493454;2,391815;1,493454;3,71933;2,918243;2,61879;3,71933;3,71933;0,7305145;2,391815;1,132965;1,703262;1,213074;1,213074;1,953125;1,213074
"359";"1979-11-01";0,3995895;0,3814697;3,821373;0,7696152;0,7696152;0,3995895;0,3814697;1,651764;2,5177;3,821373;0,7295609;1,379013;3,821373;0,3995895;3,821373;0,7696152;3,23391;0,7219315;0,7696152;0,5865097;0,7696152;0,2660751;0,1316071;0,7219315;0,5865097;0,7219315;3,821373;0,5245209;3,821373;0,7696152;0,3995895;3,23391;0,3995895;3,23391;0,3995895;0,7696152;0,7696152;0,2660751;0,5245209;0,5245209;0,7696152;0,7295609;0,7295609;0,5865097;2,5177;9,812355;2,481461;9,812355;3,56102;7,516861;7,516861;5,412102;3,23391;9,812355;7,516861;7,516861;9,812355;7,516861;3,56102;3,56102;3,56102;2,5177;7,456779;5,412102;7,456779;2,481461;7,456779;3,008842;5,412102;7,516861;3,56102;9,812355;1,651764;3,56102;3,23391;1,651764;9,812355;2,481461;0,7295609;7,456779;7,516861;9,812355;7,516861;2,5177;7,456779;3,56102;3,56102;2,481461;5,412102;2,5177;3,008842;2,5177;9,812355;5,412102;7,516861;9,812355;9,812355;1,651764;3,008842;1,379013;2,481461;3,56102;3,56102;3,23391;3,56102
"360";"1979-12-01";0,6008148;0,4405975;2,723694;1,029968;1,029968;0,6008148;0,4405975;1,377106;1,527786;2,723694;0,8392334;1,029968;2,723694;0,6008148;2,723694;1,029968;2,174377;0,7648468;1,029968;0,8239746;1,029968;0,7572174;0,7343292;0,7648468;0,8239746;0,7648468;2,723694;0,8411407;2,723694;1,029968;0,6008148;2,174377;0,6008148;2,174377;0,6008148;1,029968;1,029968;0,7572174;0,8411407;0,8411407;1,029968;0,8392334;0,8392334;0,8239746;1,527786;6,223679;2,401352;6,223679;2,645493;4,302979;4,302979;3,383636;2,174377;6,223679;5,033493;4,302979;6,223679;4,302979;2,645493;2,645493;2,645493;1,527786;4,440308;3,383636;4,440308;2,401352;4,440308;2,319336;3,383636;4,302979;2,645493;6,223679;1,377106;2,645493;2,174377;1,377106;6,223679;2,401352;0,8392334;4,440308;4,302979;6,223679;4,302979;1,527786;4,440308;2,645493;2,645493;2,401352;3,383636;1,527786;2,319336;1,527786;6,223679;3,383636;4,302979;6,223679;6,223679;1,377106;2,319336;1,029968;2,401352;2,645493;2,645493;2,174377;2,645493
"361";"1980-01-01";0,9822845;0,8277893;2,552032;1,335144;1,335144;0,9822845;0,8277893;1,094818;2,096176;2,552032;0,6322861;0,8916855;2,552032;0,9822845;2,552032;1,335144;2,820969;0,8039474;1,335144;1,040459;1,335144;1,216888;1,086235;0,8039474;1,040459;0,8039474;2,552032;0,8306503;2,552032;1,335144;0,9822845;2,820969;0,9822845;2,820969;0,9822845;1,335144;1,335144;1,216888;0,8306503;0,8306503;1,335144;0,6322861;0,6322861;1,040459;2,096176;6,584167;1,79863;6,584167;2,268791;6,3591;6,3591;3,603935;2,820969;6,584167;5,278587;6,3591;6,584167;6,3591;2,268791;2,268791;2,268791;2,096176;3,89576;3,603935;3,89576;1,79863;3,89576;2,116203;3,603935;6,3591;2,268791;6,584167;1,094818;2,268791;2,820969;1,094818;6,584167;1,79863;0,6322861;3,89576;6,3591;6,584167;6,3591;2,096176;3,89576;2,268791;2,268791;1,79863;3,603935;2,096176;2,116203;2,096176;6,584167;3,603935;6,3591;6,584167;6,584167;1,094818;2,116203;0,8916855;1,79863;2,268791;2,268791;2,820969;2,268791
"362";"1980-02-01";0,202179;0,2555847;1,981735;0,1831055;0,1831055;0,202179;0,2555847;1,63269;1,350403;1,981735;0,5741119;0,5226135;1,981735;0,202179;1,981735;0,1831055;1,346588;0,2326965;0,1831055;0,2288818;0,1831055;0,09155273;0,08201599;0,2326965;0,2288818;0,2326965;1,981735;0,6141663;1,981735;0,1831055;0,202179;1,346588;0,202179;1,346588;0,202179;0,1831055;0,1831055;0,09155273;0,6141663;0,6141663;0,1831055;0,5741119;0,5741119;0,2288818;1,350403;6,916046;2,80571;6,916046;4,522324;4,535675;4,535675;2,384186;1,346588;6,916046;3,43132;4,535675;6,916046;4,535675;4,522324;4,522324;4,522324;1,350403;3,78418;2,384186;3,78418;2,80571;3,78418;1,61171;2,384186;4,535675;4,522324;6,916046;1,63269;4,522324;1,346588;1,63269;6,916046;2,80571;0,5741119;3,78418;4,535675;6,916046;4,535675;1,350403;3,78418;4,522324;4,522324;2,80571;2,384186;1,350403;1,61171;1,350403;6,916046;2,384186;4,535675;6,916046;6,916046;1,63269;1,61171;0,5226135;2,80571;4,522324;4,522324;1,346588;4,522324
"363";"1980-03-01";0,4520416;0,3471375;2,197266;0,793457;0,793457;0,4520416;0,3471375;1,279831;1,413345;2,197266;0,4844666;0,6046295;2,197266;0,4520416;2,197266;0,793457;2,27356;0,8468628;0,793457;0,9975433;0,793457;0,4806519;0,2422333;0,8468628;0,9975433;0,8468628;2,197266;0,6427765;2,197266;0,793457;0,4520416;2,27356;0,4520416;2,27356;0,4520416;0,793457;0,793457;0,4806519;0,6427765;0,6427765;0,793457;0,4844666;0,4844666;0,9975433;1,413345;4,688263;0,7190704;4,688263;3,343582;3,795624;3,795624;1,995087;2,27356;4,688263;2,733231;3,795624;4,688263;3,795624;3,343582;3,343582;3,343582;1,413345;2,68364;1,995087;2,68364;0,7190704;2,68364;1,115799;1,995087;3,795624;3,343582;4,688263;1,279831;3,343582;2,27356;1,279831;4,688263;0,7190704;0,4844666;2,68364;3,795624;4,688263;3,795624;1,413345;2,68364;3,343582;3,343582;0,7190704;1,995087;1,413345;1,115799;1,413345;4,688263;1,995087;3,795624;4,688263;4,688263;1,279831;1,115799;0,6046295;0,7190704;3,343582;3,343582;2,27356;3,343582
"364";"1980-04-01";1,394272;1,617432;4,875183;2,027512;2,027512;1,394272;1,617432;4,993439;4,108429;4,875183;4,146576;1,571655;4,875183;1,394272;4,875183;2,027512;5,994797;2,346039;2,027512;3,555298;2,027512;2,012253;1,335144;2,346039;3,555298;2,346039;4,875183;3,992081;4,875183;2,027512;1,394272;5,994797;1,394272;5,994797;1,394272;2,027512;2,027512;2,012253;3,992081;3,992081;2,027512;4,146576;4,146576;3,555298;4,108429;9,130478;2,023697;9,130478;7,102966;11,17897;11,17897;2,975464;5,994797;9,130478;4,676819;11,17897;9,130478;11,17897;7,102966;7,102966;7,102966;4,108429;7,160187;2,975464;7,160187;2,023697;7,160187;2,588272;2,975464;11,17897;7,102966;9,130478;4,993439;7,102966;5,994797;4,993439;9,130478;2,023697;4,146576;7,160187;11,17897;9,130478;11,17897;4,108429;7,160187;7,102966;7,102966;2,023697;2,975464;4,108429;2,588272;4,108429;9,130478;2,975464;11,17897;9,130478;9,130478;4,993439;2,588272;1,571655;2,023697;7,102966;7,102966;5,994797;7,102966
"365";"1980-05-01";3,993988;4,34494;6,229401;7,209778;7,209778;3,993988;4,34494;3,9711;5,836487;6,229401;3,292084;3,246307;6,229401;3,993988;6,229401;7,209778;14,15634;3,395081;7,209778;4,787445;7,209778;4,138947;3,498077;3,395081;4,787445;3,395081;6,229401;5,069733;6,229401;7,209778;3,993988;14,15634;3,993988;14,15634;3,993988;7,209778;7,209778;4,138947;5,069733;5,069733;7,209778;3,292084;3,292084;4,787445;5,836487;5,378723;4,001617;5,378723;5,60379;8,213043;8,213043;2,040863;14,15634;5,378723;4,463196;8,213043;5,378723;8,213043;5,60379;5,60379;5,60379;5,836487;6,275177;2,040863;6,275177;4,001617;6,275177;1,888275;2,040863;8,213043;5,60379;5,378723;3,9711;5,60379;14,15634;3,9711;5,378723;4,001617;3,292084;6,275177;8,213043;5,378723;8,213043;5,836487;6,275177;5,60379;5,60379;4,001617;2,040863;5,836487;1,888275;5,836487;5,378723;2,040863;8,213043;5,378723;5,378723;3,9711;1,888275;3,246307;4,001617;5,60379;5,60379;14,15634;5,60379
"366";"1980-06-01";2,063751;1,907349;2,511978;2,315521;2,315521;2,063751;1,907349;2,45285;2,45285;2,511978;1,962662;2,861023;2,511978;2,063751;2,511978;2,315521;3,452301;1,777649;2,315521;2,508163;2,315521;2,035141;1,947403;1,777649;2,508163;1,777649;2,511978;2,519608;2,511978;2,315521;2,063751;3,452301;2,063751;3,452301;2,063751;2,315521;2,315521;2,035141;2,519608;2,519608;2,315521;1,962662;1,962662;2,508163;2,45285;3,293991;4,987717;3,293991;3,65448;2,868652;2,868652;5,13649;3,452301;3,293991;4,236221;2,868652;3,293991;2,868652;3,65448;3,65448;3,65448;2,45285;3,923416;5,13649;3,923416;4,987717;3,923416;6,151199;5,13649;2,868652;3,65448;3,293991;2,45285;3,65448;3,452301;2,45285;3,293991;4,987717;1,962662;3,923416;2,868652;3,293991;2,868652;2,45285;3,923416;3,65448;3,65448;4,987717;5,13649;2,45285;6,151199;2,45285;3,293991;5,13649;2,868652;3,293991;3,293991;2,45285;6,151199;2,861023;4,987717;3,65448;3,65448;3,452301;3,65448
"367";"1980-07-01";1,882553;1,155853;3,358841;2,780914;2,780914;1,882553;1,155853;2,477646;2,071381;3,358841;2,073288;1,834869;3,358841;1,882553;3,358841;2,780914;2,838135;2,634048;2,780914;2,819061;2,780914;2,700806;2,445221;2,634048;2,819061;2,634048;3,358841;2,662659;3,358841;2,780914;1,882553;2,838135;1,882553;2,838135;1,882553;2,780914;2,780914;2,700806;2,662659;2,662659;2,780914;2,073288;2,073288;2,819061;2,071381;2,162933;3,582001;2,162933;2,620697;1,544952;1,544952;2,738953;2,838135;2,162933;1,737595;1,544952;2,162933;1,544952;2,620697;2,620697;2,620697;2,071381;1,991272;2,738953;1,991272;3,582001;1,991272;4,776001;2,738953;1,544952;2,620697;2,162933;2,477646;2,620697;2,838135;2,477646;2,162933;3,582001;2,073288;1,991272;1,544952;2,162933;1,544952;2,071381;1,991272;2,620697;2,620697;3,582001;2,738953;2,071381;4,776001;2,071381;2,162933;2,738953;1,544952;2,162933;2,162933;2,477646;4,776001;1,834869;3,582001;2,620697;2,620697;2,838135;2,620697
"368";"1980-08-01";5,691528;3,334045;5,292892;7,190704;7,190704;5,691528;3,334045;3,536224;5,060196;5,292892;4,611969;4,274368;5,292892;5,691528;5,292892;7,190704;5,867004;4,793167;7,190704;6,364822;7,190704;8,029938;7,646561;4,793167;6,364822;4,793167;5,292892;5,889893;5,292892;7,190704;5,691528;5,867004;5,691528;5,867004;5,691528;7,190704;7,190704;8,029938;5,889893;5,889893;7,190704;4,611969;4,611969;6,364822;5,060196;4,60434;6,181717;4,60434;3,791809;4,680634;4,680634;5,689621;5,867004;4,60434;4,304886;4,680634;4,60434;4,680634;3,791809;3,791809;3,791809;5,060196;4,779816;5,689621;4,779816;6,181717;4,779816;8,180618;5,689621;4,680634;3,791809;4,60434;3,536224;3,791809;5,867004;3,536224;4,60434;6,181717;4,611969;4,779816;4,680634;4,60434;4,680634;5,060196;4,779816;3,791809;3,791809;6,181717;5,689621;5,060196;8,180618;5,060196;4,60434;5,689621;4,680634;4,60434;4,60434;3,536224;8,180618;4,274368;6,181717;3,791809;3,791809;5,867004;3,791809
"369";"1980-09-01";5,079269;4,825592;6,263733;5,556107;5,556107;5,079269;4,825592;6,542206;6,931305;6,263733;4,838943;7,045746;6,263733;5,079269;6,263733;5,556107;7,171631;4,247665;5,556107;4,043579;5,556107;4,646301;4,808426;4,247665;4,043579;4,247665;6,263733;4,026413;6,263733;5,556107;5,079269;7,171631;5,079269;7,171631;5,079269;5,556107;5,556107;4,646301;4,026413;4,026413;5,556107;4,838943;4,838943;4,043579;6,931305;6,242752;7,228851;6,242752;6,29425;7,270813;7,270813;14,57405;7,171631;6,242752;14,09912;7,270813;6,242752;7,270813;6,29425;6,29425;6,29425;6,931305;10,51903;14,57405;10,51903;7,228851;10,51903;13,11111;14,57405;7,270813;6,29425;6,242752;6,542206;6,29425;7,171631;6,542206;6,242752;7,228851;4,838943;10,51903;7,270813;6,242752;7,270813;6,931305;10,51903;6,29425;6,29425;7,228851;14,57405;6,931305;13,11111;6,931305;6,242752;14,57405;7,270813;6,242752;6,242752;6,542206;13,11111;7,045746;7,228851;6,29425;6,29425;7,171631;6,29425
"370";"1980-10-01";1,424789;1,016617;2,714157;1,998901;1,998901;1,424789;1,016617;1,848221;1,834869;2,714157;1,499176;1,592636;2,714157;1,424789;2,714157;1,998901;2,550125;1,70517;1,998901;2,040863;1,998901;1,443863;1,256943;1,70517;2,040863;1,70517;2,714157;1,647949;2,714157;1,998901;1,424789;2,550125;1,424789;2,550125;1,424789;1,998901;1,998901;1,443863;1,647949;1,647949;1,998901;1,499176;1,499176;2,040863;1,834869;3,730774;2,790451;3,730774;1,941681;2,229691;2,229691;3,791809;2,550125;3,730774;3,90625;2,229691;3,730774;2,229691;1,941681;1,941681;1,941681;1,834869;3,353119;3,791809;3,353119;2,790451;3,353119;3,469467;3,791809;2,229691;1,941681;3,730774;1,848221;1,941681;2,550125;1,848221;3,730774;2,790451;1,499176;3,353119;2,229691;3,730774;2,229691;1,834869;3,353119;1,941681;1,941681;2,790451;3,791809;1,834869;3,469467;1,834869;3,730774;3,791809;2,229691;3,730774;3,730774;1,848221;3,469467;1,592636;2,790451;1,941681;1,941681;2,550125;1,941681
"371";"1980-11-01";0,415802;0,4253387;3,099442;0,9384155;0,9384155;0,415802;0,4253387;2,372742;1,642227;3,099442;1,384735;0,7858276;3,099442;0,415802;3,099442;0,9384155;2,605438;1,073837;0,9384155;0,9727478;0,9384155;0,4901886;0,1754761;1,073837;0,9727478;1,073837;3,099442;1,148224;3,099442;0,9384155;0,415802;2,605438;0,415802;2,605438;0,415802;0,9384155;0,9384155;0,4901886;1,148224;1,148224;0,9384155;1,384735;1,384735;0,9727478;1,642227;6,631851;4,610062;6,631851;4,098892;4,564285;4,564285;3,433228;2,605438;6,631851;3,637314;4,564285;6,631851;4,564285;4,098892;4,098892;4,098892;1,642227;3,791809;3,433228;3,791809;4,610062;3,791809;3,334045;3,433228;4,564285;4,098892;6,631851;2,372742;4,098892;2,605438;2,372742;6,631851;4,610062;1,384735;3,791809;4,564285;6,631851;4,564285;1,642227;3,791809;4,098892;4,098892;4,610062;3,433228;1,642227;3,334045;1,642227;6,631851;3,433228;4,564285;6,631851;6,631851;2,372742;3,334045;0,7858276;4,610062;4,098892;4,098892;2,605438;4,098892
"372";"1980-12-01";0,1564026;0,1373291;1,544952;0,3299713;0,3299713;0,1564026;0,1373291;0,6771088;0,9536743;1,544952;0,3070831;0,6999969;1,544952;0,1564026;1,544952;0,3299713;1,266479;0,3471375;0,3299713;0,1544952;0,3299713;0,08964539;0,03814697;0,3471375;0,1544952;0,3471375;1,544952;0,2269745;1,544952;0,3299713;0,1564026;1,266479;0,1564026;1,266479;0,1564026;0,3299713;0,3299713;0,08964539;0,2269745;0,2269745;0,3299713;0,3070831;0,3070831;0,1544952;0,9536743;4,1008;2,744675;4,1008;1,716614;3,082275;3,082275;3,660202;1,266479;4,1008;3,480911;3,082275;4,1008;3,082275;1,716614;1,716614;1,716614;0,9536743;3,484726;3,660202;3,484726;2,744675;3,484726;3,570557;3,660202;3,082275;1,716614;4,1008;0,6771088;1,716614;1,266479;0,6771088;4,1008;2,744675;0,3070831;3,484726;3,082275;4,1008;3,082275;0,9536743;3,484726;1,716614;1,716614;2,744675;3,660202;0,9536743;3,570557;0,9536743;4,1008;3,660202;3,082275;4,1008;4,1008;0,6771088;3,570557;0,6999969;2,744675;1,716614;1,716614;1,266479;1,716614
"373";"1981-01-01";0,3986359;0,3662109;3,684998;0,5378723;0,5378723;0,3986359;0,3662109;2,000809;3,009796;3,684998;0,5512238;1,115799;3,684998;0,3986359;3,684998;0,5378723;3,381729;0,4234314;0,5378723;0,2727509;0,5378723;0,2250671;0,2479553;0,4234314;0,2727509;0,4234314;3,684998;0,4653931;3,684998;0,5378723;0,3986359;3,381729;0,3986359;3,381729;0,3986359;0,5378723;0,5378723;0,2250671;0,4653931;0,4653931;0,5378723;0,5512238;0,5512238;0,2727509;3,009796;12,72964;5,973816;12,72964;6,473541;10,77652;10,77652;6,27327;3,381729;12,72964;6,883621;10,77652;12,72964;10,77652;6,473541;6,473541;6,473541;3,009796;7,871628;6,27327;7,871628;5,973816;7,871628;5,857468;6,27327;10,77652;6,473541;12,72964;2,000809;6,473541;3,381729;2,000809;12,72964;5,973816;0,5512238;7,871628;10,77652;12,72964;10,77652;3,009796;7,871628;6,473541;6,473541;5,973816;6,27327;3,009796;5,857468;3,009796;12,72964;6,27327;10,77652;12,72964;12,72964;2,000809;5,857468;1,115799;5,973816;6,473541;6,473541;3,381729;6,473541
"374";"1981-02-01";0,5970001;0,5664825;3,101349;1,113892;1,113892;0,5970001;0,5664825;2,178192;1,888275;3,101349;1,462936;1,087189;3,101349;0,5970001;3,101349;1,113892;2,971649;1,243591;1,113892;1,298904;1,113892;0,6771088;0,2918243;1,243591;1,298904;1,243591;3,101349;1,419067;3,101349;1,113892;0,5970001;2,971649;0,5970001;2,971649;0,5970001;1,113892;1,113892;0,6771088;1,419067;1,419067;1,113892;1,462936;1,462936;1,298904;1,888275;5,626678;2,037048;5,626678;3,047943;4,447937;4,447937;2,7771;2,971649;5,626678;4,707336;4,447937;5,626678;4,447937;3,047943;3,047943;3,047943;1,888275;4,487991;2,7771;4,487991;2,037048;4,487991;1,989365;2,7771;4,447937;3,047943;5,626678;2,178192;3,047943;2,971649;2,178192;5,626678;2,037048;1,462936;4,487991;4,447937;5,626678;4,447937;1,888275;4,487991;3,047943;3,047943;2,037048;2,7771;1,888275;1,989365;1,888275;5,626678;2,7771;4,447937;5,626678;5,626678;2,178192;1,989365;1,087189;2,037048;3,047943;3,047943;2,971649;3,047943
"375";"1981-03-01";1,344681;1,449585;5,186081;1,4534;1,4534;1,344681;1,449585;3,217697;3,231049;5,186081;1,142502;1,274109;5,186081;1,344681;5,186081;1,4534;4,699707;1,615524;1,4534;2,48909;1,4534;1,245499;1,22261;1,615524;2,48909;1,615524;5,186081;1,70517;5,186081;1,4534;1,344681;4,699707;1,344681;4,699707;1,344681;1,4534;1,4534;1,245499;1,70517;1,70517;1,4534;1,142502;1,142502;2,48909;3,231049;12,51221;2,725601;12,51221;8,094788;9,672165;9,672165;3,248215;4,699707;12,51221;3,980637;9,672165;12,51221;9,672165;8,094788;8,094788;8,094788;3,231049;7,810593;3,248215;7,810593;2,725601;7,810593;1,865387;3,248215;9,672165;8,094788;12,51221;3,217697;8,094788;4,699707;3,217697;12,51221;2,725601;1,142502;7,810593;9,672165;12,51221;9,672165;3,231049;7,810593;8,094788;8,094788;2,725601;3,248215;3,231049;1,865387;3,231049;12,51221;3,248215;9,672165;12,51221;12,51221;3,217697;1,865387;1,274109;2,725601;8,094788;8,094788;4,699707;8,094788
"376";"1981-04-01";1,775742;1,609802;6,879807;3,103256;3,103256;1,775742;1,609802;3,749847;4,642487;6,879807;1,638412;1,794815;6,879807;1,775742;6,879807;3,103256;7,038116;2,067566;3,103256;3,063202;3,103256;2,742767;2,13623;2,067566;3,063202;2,067566;6,879807;2,752304;6,879807;3,103256;1,775742;7,038116;1,775742;7,038116;1,775742;3,103256;3,103256;2,742767;2,752304;2,752304;3,103256;1,638412;1,638412;3,063202;4,642487;15,60974;5,075455;15,60974;8,987427;12,40921;12,40921;5,905151;7,038116;15,60974;5,277634;12,40921;15,60974;12,40921;8,987427;8,987427;8,987427;4,642487;7,276535;5,905151;7,276535;5,075455;7,276535;6,980896;5,905151;12,40921;8,987427;15,60974;3,749847;8,987427;7,038116;3,749847;15,60974;5,075455;1,638412;7,276535;12,40921;15,60974;12,40921;4,642487;7,276535;8,987427;8,987427;5,075455;5,905151;4,642487;6,980896;4,642487;15,60974;5,905151;12,40921;15,60974;15,60974;3,749847;6,980896;1,794815;5,075455;8,987427;8,987427;7,038116;8,987427
"377";"1981-05-01";6,389618;5,44548;7,053375;11,77216;11,77216;6,389618;5,44548;6,010056;8,077621;7,053375;3,866196;4,629135;7,053375;6,389618;7,053375;11,77216;17,08412;5,28717;11,77216;6,464005;11,77216;7,904053;5,893707;5,28717;6,464005;5,28717;7,053375;5,61142;7,053375;11,77216;6,389618;17,08412;6,389618;17,08412;6,389618;11,77216;11,77216;7,904053;5,61142;5,61142;11,77216;3,866196;3,866196;6,464005;8,077621;7,184982;4,779816;7,184982;7,421494;11,98959;11,98959;4,240036;17,08412;7,184982;7,579803;11,98959;7,184982;11,98959;7,421494;7,421494;7,421494;8,077621;10,36263;4,240036;10,36263;4,779816;10,36263;3,236771;4,240036;11,98959;7,421494;7,184982;6,010056;7,421494;17,08412;6,010056;7,184982;4,779816;3,866196;10,36263;11,98959;7,184982;11,98959;8,077621;10,36263;7,421494;7,421494;4,779816;4,240036;8,077621;3,236771;8,077621;7,184982;4,240036;11,98959;7,184982;7,184982;6,010056;3,236771;4,629135;4,779816;7,421494;7,421494;17,08412;7,421494
"378";"1981-06-01";13,38005;9,773254;12,8479;13,12828;13,12828;13,38005;9,773254;14,82391;13,78822;12,8479;10,31876;12,05635;12,8479;13,38005;12,8479;13,12828;14,82582;9,426117;13,12828;7,97081;13,12828;11,09314;12,05254;9,426117;7,97081;9,426117;12,8479;8,327484;12,8479;13,12828;13,38005;14,82582;13,38005;14,82582;13,38005;13,12828;13,12828;11,09314;8,327484;8,327484;13,12828;10,31876;10,31876;7,97081;13,78822;14,28795;21,87538;14,28795;16,94107;13,24844;13,24844;17,2081;14,82582;14,28795;15,92255;13,24844;14,28795;13,24844;16,94107;16,94107;16,94107;13,78822;13,4716;17,2081;13,4716;21,87538;13,4716;20,69283;17,2081;13,24844;16,94107;14,28795;14,82391;16,94107;14,82582;14,82391;14,28795;21,87538;10,31876;13,4716;13,24844;14,28795;13,24844;13,78822;13,4716;16,94107;16,94107;21,87538;17,2081;13,78822;20,69283;13,78822;14,28795;17,2081;13,24844;14,28795;14,28795;14,82391;20,69283;12,05635;21,87538;16,94107;16,94107;14,82582;16,94107
"379";"1981-07-01";3,871918;3,416061;5,775452;5,973816;5,973816;3,871918;3,416061;5,571365;4,999161;5,775452;3,793716;5,565643;5,775452;3,871918;5,775452;5,973816;7,701874;3,925323;5,973816;3,976822;5,973816;4,817963;4,079819;3,925323;3,976822;3,925323;5,775452;4,056931;5,775452;5,973816;3,871918;7,701874;3,871918;7,701874;3,871918;5,973816;5,973816;4,817963;4,056931;4,056931;5,973816;3,793716;3,793716;3,976822;4,999161;6,048203;8,729935;6,048203;6,656647;6,654739;6,654739;10,78033;7,701874;6,048203;10,72121;6,654739;6,048203;6,654739;6,656647;6,656647;6,656647;4,999161;7,879257;10,78033;7,879257;8,729935;7,879257;11,66153;10,78033;6,654739;6,656647;6,048203;5,571365;6,656647;7,701874;5,571365;6,048203;8,729935;3,793716;7,879257;6,654739;6,048203;6,654739;4,999161;7,879257;6,656647;6,656647;8,729935;10,78033;4,999161;11,66153;4,999161;6,048203;10,78033;6,654739;6,048203;6,048203;5,571365;11,66153;5,565643;8,729935;6,656647;6,656647;7,701874;6,656647
"380";"1981-08-01";5,470276;3,847122;8,277893;7,125854;7,125854;5,470276;3,847122;6,307602;4,732132;8,277893;4,686356;5,0354;8,277893;5,470276;8,277893;7,125854;6,811142;5,411148;7,125854;3,940582;7,125854;5,842209;6,059647;5,411148;3,940582;5,411148;8,277893;3,684998;8,277893;7,125854;5,470276;6,811142;5,470276;6,811142;5,470276;7,125854;7,125854;5,842209;3,684998;3,684998;7,125854;4,686356;4,686356;3,940582;4,732132;8,617401;9,775162;8,617401;7,476807;5,901337;5,901337;9,592056;6,811142;8,617401;9,2659;5,901337;8,617401;5,901337;7,476807;7,476807;7,476807;4,732132;6,456375;9,592056;6,456375;9,775162;6,456375;11,81602;9,592056;5,901337;7,476807;8,617401;6,307602;7,476807;6,811142;6,307602;8,617401;9,775162;4,686356;6,456375;5,901337;8,617401;5,901337;4,732132;6,456375;7,476807;7,476807;9,775162;9,592056;4,732132;11,81602;4,732132;8,617401;9,592056;5,901337;8,617401;8,617401;6,307602;11,81602;5,0354;9,775162;7,476807;7,476807;6,811142;7,476807
"381";"1981-09-01";3,77655;2,099991;8,232117;5,487442;5,487442;3,77655;2,099991;8,75473;3,791809;8,232117;7,478714;3,189087;8,232117;3,77655;8,232117;5,487442;6,439209;5,365372;5,487442;3,78418;5,487442;4,281998;4,173279;5,365372;3,78418;5,365372;8,232117;5,792618;8,232117;5,487442;3,77655;6,439209;3,77655;6,439209;3,77655;5,487442;5,487442;4,281998;5,792618;5,792618;5,487442;7,478714;7,478714;3,78418;3,791809;8,775711;10,79941;8,775711;9,04274;5,767822;5,767822;8,104324;6,439209;8,775711;5,571365;5,767822;8,775711;5,767822;9,04274;9,04274;9,04274;3,791809;4,993439;8,104324;4,993439;10,79941;4,993439;10,64301;8,104324;5,767822;9,04274;8,775711;8,75473;9,04274;6,439209;8,75473;8,775711;10,79941;7,478714;4,993439;5,767822;8,775711;5,767822;3,791809;4,993439;9,04274;9,04274;10,79941;8,104324;3,791809;10,64301;3,791809;8,775711;8,104324;5,767822;8,775711;8,775711;8,75473;10,64301;3,189087;10,79941;9,04274;9,04274;6,439209;9,04274
"382";"1981-10-01";1,232147;0,9250641;3,202438;1,88446;1,88446;1,232147;0,9250641;2,744675;2,17247;3,202438;1,478195;1,750946;3,202438;1,232147;3,202438;1,88446;2,971649;1,615524;1,88446;1,95694;1,88446;1,674652;1,562119;1,615524;1,95694;1,615524;3,202438;1,531601;3,202438;1,88446;1,232147;2,971649;1,232147;2,971649;1,232147;1,88446;1,88446;1,674652;1,531601;1,531601;1,88446;1,478195;1,478195;1,95694;2,17247;4,392624;3,953934;4,392624;3,765106;3,408432;3,408432;4,846573;2,971649;4,392624;4,161835;3,408432;4,392624;3,408432;3,765106;3,765106;3,765106;2,17247;3,957748;4,846573;3,957748;3,953934;3,957748;5,558014;4,846573;3,408432;3,765106;4,392624;2,744675;3,765106;2,971649;2,744675;4,392624;3,953934;1,478195;3,957748;3,408432;4,392624;3,408432;2,17247;3,957748;3,765106;3,765106;3,953934;4,846573;2,17247;5,558014;2,17247;4,392624;4,846573;3,408432;4,392624;4,392624;2,744675;5,558014;1,750946;3,953934;3,765106;3,765106;2,971649;3,765106
"383";"1981-11-01";0,1792908;0,1411438;1,25885;0,415802;0,415802;0,1792908;0,1411438;0,6446838;0,705719;1,25885;0,333786;0,4882812;1,25885;0,1792908;1,25885;0,415802;1,20163;0,4291534;0,415802;0,2574921;0,415802;0,1277924;0,05149841;0,4291534;0,2574921;0,4291534;1,25885;0,2002716;1,25885;0,415802;0,1792908;1,20163;0,1792908;1,20163;0,1792908;0,415802;0,415802;0,1277924;0,2002716;0,2002716;0,415802;0,333786;0,333786;0,2574921;0,705719;2,338409;0,9479523;2,338409;1,073837;1,794815;1,794815;1,861572;1,20163;2,338409;1,766205;1,794815;2,338409;1,794815;1,073837;1,073837;1,073837;0,705719;2,025604;1,861572;2,025604;0,9479523;2,025604;1,411438;1,861572;1,794815;1,073837;2,338409;0,6446838;1,073837;1,20163;0,6446838;2,338409;0,9479523;0,333786;2,025604;1,794815;2,338409;1,794815;0,705719;2,025604;1,073837;1,073837;0,9479523;1,861572;0,705719;1,411438;0,705719;2,338409;1,861572;1,794815;2,338409;2,338409;0,6446838;1,411438;0,4882812;0,9479523;1,073837;1,073837;1,20163;1,073837
"384";"1981-12-01";0,3528595;0,3528595;3,643036;0,5149841;0,5149841;0,3528595;0,3528595;2,159119;3,887177;3,643036;0,9250641;1,140594;3,643036;0,3528595;3,643036;0,5149841;4,236221;0,6389618;0,5149841;0,4730225;0,5149841;0,1392365;0,09727478;0,6389618;0,4730225;0,6389618;3,643036;0,7724762;3,643036;0,5149841;0,3528595;4,236221;0,3528595;4,236221;0,3528595;0,5149841;0,5149841;0,1392365;0,7724762;0,7724762;0,5149841;0,9250641;0,9250641;0,4730225;3,887177;10,31685;2,466202;10,31685;5,016327;13,17787;13,17787;4,970551;4,236221;10,31685;6,483078;13,17787;10,31685;13,17787;5,016327;5,016327;5,016327;3,887177;9,906769;4,970551;9,906769;2,466202;9,906769;3,210068;4,970551;13,17787;5,016327;10,31685;2,159119;5,016327;4,236221;2,159119;10,31685;2,466202;0,9250641;9,906769;13,17787;10,31685;13,17787;3,887177;9,906769;5,016327;5,016327;2,466202;4,970551;3,887177;3,210068;3,887177;10,31685;4,970551;13,17787;10,31685;10,31685;2,159119;3,210068;1,140594;2,466202;5,016327;5,016327;4,236221;5,016327
"385";"1982-01-01";0,1125336;0,128746;1,324654;0,2441406;0,2441406;0,1125336;0,128746;0,7476807;0,9593964;1,324654;0,2498627;0,3900528;1,324654;0,1125336;1,324654;0,2441406;1,233101;0,2965927;0,2441406;0,2088547;0,2441406;0,07534027;0,01621246;0,2965927;0,2088547;0,2965927;1,324654;0,1468658;1,324654;0,2441406;0,1125336;1,233101;0,1125336;1,233101;0,1125336;0,2441406;0,2441406;0,07534027;0,1468658;0,1468658;0,2441406;0,2498627;0,2498627;0,2088547;0,9593964;3,092766;0,6561279;3,092766;1,828194;3,046036;3,046036;1,776695;1,233101;3,092766;2,476692;3,046036;3,092766;3,046036;1,828194;1,828194;1,828194;0,9593964;2,892494;1,776695;2,892494;0,6561279;2,892494;1,18351;1,776695;3,046036;1,828194;3,092766;0,7476807;1,828194;1,233101;0,7476807;3,092766;0,6561279;0,2498627;2,892494;3,046036;3,092766;3,046036;0,9593964;2,892494;1,828194;1,828194;0,6561279;1,776695;0,9593964;1,18351;0,9593964;3,092766;1,776695;3,046036;3,092766;3,092766;0,7476807;1,18351;0,3900528;0,6561279;1,828194;1,828194;1,233101;1,828194
"386";"1982-02-01";1,935005;1,824379;5,232811;2,595901;2,595901;1,935005;1,824379;3,300667;4,083633;5,232811;2,02179;1,594543;5,232811;1,935005;5,232811;2,595901;5,657196;2,560616;2,595901;3,145218;2,595901;2,038002;1,602173;2,560616;3,145218;2,560616;5,232811;2,006531;5,232811;2,595901;1,935005;5,657196;1,935005;5,657196;1,935005;2,595901;2,595901;2,038002;2,006531;2,006531;2,595901;2,02179;2,02179;3,145218;4,083633;9,568214;4,481316;9,568214;5,099297;10,32352;10,32352;3,735542;5,657196;9,568214;4,236221;10,32352;9,568214;10,32352;5,099297;5,099297;5,099297;4,083633;7,16877;3,735542;7,16877;4,481316;7,16877;3,600121;3,735542;10,32352;5,099297;9,568214;3,300667;5,099297;5,657196;3,300667;9,568214;4,481316;2,02179;7,16877;10,32352;9,568214;10,32352;4,083633;7,16877;5,099297;5,099297;4,481316;3,735542;4,083633;3,600121;4,083633;9,568214;3,735542;10,32352;9,568214;9,568214;3,300667;3,600121;1,594543;4,481316;5,099297;5,099297;5,657196;5,099297
"387";"1982-03-01";0,7534027;0,7419586;2,986908;1,317978;1,317978;0,7534027;0,7419586;1,995087;2,17247;2,986908;1,472473;0,8392334;2,986908;0,7534027;2,986908;1,317978;3,746033;1,216888;1,317978;2,202988;1,317978;1,188278;0,7171631;1,216888;2,202988;1,216888;2,986908;1,895905;2,986908;1,317978;0,7534027;3,746033;0,7534027;3,746033;0,7534027;1,317978;1,317978;1,188278;1,895905;1,895905;1,317978;1,472473;1,472473;2,202988;2,17247;6,328583;1,86348;6,328583;3,177643;6,51741;6,51741;3,664017;3,746033;6,328583;4,959106;6,51741;6,328583;6,51741;3,177643;3,177643;3,177643;2,17247;4,751205;3,664017;4,751205;1,86348;4,751205;2,347946;3,664017;6,51741;3,177643;6,328583;1,995087;3,177643;3,746033;1,995087;6,328583;1,86348;1,472473;4,751205;6,51741;6,328583;6,51741;2,17247;4,751205;3,177643;3,177643;1,86348;3,664017;2,17247;2,347946;2,17247;6,328583;3,664017;6,51741;6,328583;6,328583;1,995087;2,347946;0,8392334;1,86348;3,177643;3,177643;3,746033;3,177643
"388";"1982-04-01";2,031326;2,285004;4,734039;2,490997;2,490997;2,031326;2,285004;4,892349;6,404877;4,734039;3,894806;2,29454;4,734039;2,031326;4,734039;2,490997;8,161545;2,313614;2,490997;3,56102;2,490997;2,504349;1,51825;2,313614;3,56102;2,313614;4,734039;4,562378;4,734039;2,490997;2,031326;8,161545;2,031326;8,161545;2,031326;2,490997;2,490997;2,504349;4,562378;4,562378;2,490997;3,894806;3,894806;3,56102;6,404877;8,470535;3,36647;8,470535;6,538391;18,37158;18,37158;7,749557;8,161545;8,470535;7,759094;18,37158;8,470535;18,37158;6,538391;6,538391;6,538391;6,404877;13,14735;7,749557;13,14735;3,36647;13,14735;6,795883;7,749557;18,37158;6,538391;8,470535;4,892349;6,538391;8,161545;4,892349;8,470535;3,36647;3,894806;13,14735;18,37158;8,470535;18,37158;6,404877;13,14735;6,538391;6,538391;3,36647;7,749557;6,404877;6,795883;6,404877;8,470535;7,749557;18,37158;8,470535;8,470535;4,892349;6,795883;2,29454;3,36647;6,538391;6,538391;8,161545;6,538391
"389";"1982-05-01";6,544113;5,172729;8,214951;7,574081;7,574081;6,544113;5,172729;6,530762;8,701324;8,214951;5,138397;4,94957;8,214951;6,544113;8,214951;7,574081;10,91576;5,994797;7,574081;8,018494;7,574081;8,291245;6,734848;5,994797;8,018494;5,994797;8,214951;6,732941;8,214951;7,574081;6,544113;10,91576;6,544113;10,91576;6,544113;7,574081;7,574081;8,291245;6,732941;6,732941;7,574081;5,138397;5,138397;8,018494;8,701324;13,24081;8,890152;13,24081;10,82611;15,26642;15,26642;9,61113;10,91576;13,24081;9,807587;15,26642;13,24081;15,26642;10,82611;10,82611;10,82611;8,701324;13,14735;9,61113;13,14735;8,890152;13,14735;9,017944;9,61113;15,26642;10,82611;13,24081;6,530762;10,82611;10,91576;6,530762;13,24081;8,890152;5,138397;13,14735;15,26642;13,24081;15,26642;8,701324;13,14735;10,82611;10,82611;8,890152;9,61113;8,701324;9,017944;8,701324;13,24081;9,61113;15,26642;13,24081;13,24081;6,530762;9,017944;4,94957;8,890152;10,82611;10,82611;10,91576;10,82611
"390";"1982-06-01";2,574921;2,082825;2,403259;3,189087;3,189087;2,574921;2,082825;2,567291;2,933502;2,403259;2,334595;2,304077;2,403259;2,574921;2,403259;3,189087;3,170013;2,552032;3,189087;2,26593;3,189087;2,876282;2,334595;2,552032;2,26593;2,552032;2,403259;2,258301;2,403259;3,189087;2,574921;3,170013;2,574921;3,170013;2,574921;3,189087;3,189087;2,876282;2,258301;2,258301;3,189087;2,334595;2,334595;2,26593;2,933502;2,658844;5,916595;2,658844;3,143311;3,200531;3,200531;10,11658;3,170013;2,658844;5,004883;3,200531;2,658844;3,200531;3,143311;3,143311;3,143311;2,933502;4,459381;10,11658;4,459381;5,916595;4,459381;10,0174;10,11658;3,200531;3,143311;2,658844;2,567291;3,143311;3,170013;2,567291;2,658844;5,916595;2,334595;4,459381;3,200531;2,658844;3,200531;2,933502;4,459381;3,143311;3,143311;5,916595;10,11658;2,933502;10,0174;2,933502;2,658844;10,11658;3,200531;2,658844;2,658844;2,567291;10,0174;2,304077;5,916595;3,143311;3,143311;3,170013;3,143311
"391";"1982-07-01";1,316071;0,8430481;2,067566;1,804352;1,804352;1,316071;0,8430481;2,27356;1,899719;2,067566;1,82724;1,834869;2,067566;1,316071;2,067566;1,804352;2,33078;1,171112;1,804352;1,049042;1,804352;1,571655;0,8735657;1,171112;1,049042;1,171112;2,067566;1,987457;2,067566;1,804352;1,316071;2,33078;1,316071;2,33078;1,316071;1,804352;1,804352;1,571655;1,987457;1,987457;1,804352;1,82724;1,82724;1,049042;1,899719;1,991272;4,898071;1,991272;2,723694;1,968384;1,968384;4,432678;2,33078;1,991272;2,807617;1,968384;1,991272;1,968384;2,723694;2,723694;2,723694;1,899719;2,372742;4,432678;2,372742;4,898071;2,372742;6,015778;4,432678;1,968384;2,723694;1,991272;2,27356;2,723694;2,33078;2,27356;1,991272;4,898071;1,82724;2,372742;1,968384;1,991272;1,968384;1,899719;2,372742;2,723694;2,723694;4,898071;4,432678;1,899719;6,015778;1,899719;1,991272;4,432678;1,968384;1,991272;1,991272;2,27356;6,015778;1,834869;4,898071;2,723694;2,723694;2,33078;2,723694
"392";"1982-08-01";1,586914;1,167297;2,077103;2,20871;2,20871;1,586914;1,167297;2,216339;1,831055;2,077103;2,195358;1,615524;2,077103;1,586914;2,077103;2,20871;2,262115;1,316071;2,20871;1,413345;2,20871;1,804352;1,255035;1,316071;1,413345;1,316071;2,077103;2,363205;2,077103;2,20871;1,586914;2,262115;1,586914;2,262115;1,586914;2,20871;2,20871;1,804352;2,363205;2,363205;2,20871;2,195358;2,195358;1,413345;1,831055;2,069473;3,868103;2,069473;2,758026;1,716614;1,716614;3,835678;2,262115;2,069473;2,325058;1,716614;2,069473;1,716614;2,758026;2,758026;2,758026;1,831055;2,094269;3,835678;2,094269;3,868103;2,094269;5,058289;3,835678;1,716614;2,758026;2,069473;2,216339;2,758026;2,262115;2,216339;2,069473;3,868103;2,195358;2,094269;1,716614;2,069473;1,716614;1,831055;2,094269;2,758026;2,758026;3,868103;3,835678;1,831055;5,058289;1,831055;2,069473;3,835678;1,716614;2,069473;2,069473;2,216339;5,058289;1,615524;3,868103;2,758026;2,758026;2,262115;2,758026
"393";"1982-09-01";3,664017;2,885818;5,599976;3,650665;3,650665;3,664017;2,885818;5,44548;4,720688;5,599976;3,479004;3,404617;5,599976;3,664017;5,599976;3,650665;5,743027;2,853394;3,650665;1,791;3,650665;2,258301;3,347397;2,853394;1,791;2,853394;5,599976;2,122879;5,599976;3,650665;3,664017;5,743027;3,664017;5,743027;3,664017;3,650665;3,650665;2,258301;2,122879;2,122879;3,650665;3,479004;3,479004;1,791;4,720688;6,355286;4,682541;6,355286;4,827499;5,428314;5,428314;7,301331;5,743027;6,355286;5,64003;5,428314;6,355286;5,428314;4,827499;4,827499;4,827499;4,720688;5,540848;7,301331;5,540848;4,682541;5,540848;7,93457;7,301331;5,428314;4,827499;6,355286;5,44548;4,827499;5,743027;5,44548;6,355286;4,682541;3,479004;5,540848;5,428314;6,355286;5,428314;4,720688;5,540848;4,827499;4,827499;4,682541;7,301331;4,720688;7,93457;4,720688;6,355286;7,301331;5,428314;6,355286;6,355286;5,44548;7,93457;3,404617;4,682541;4,827499;4,827499;5,743027;4,827499
"394";"1982-10-01";2,685547;1,577377;5,031586;3,681183;3,681183;2,685547;1,577377;2,655029;3,519058;5,031586;2,445221;2,681732;5,031586;2,685547;5,031586;3,681183;4,289627;3,128052;3,681183;2,534866;3,681183;2,700806;2,418518;3,128052;2,534866;3,128052;5,031586;2,046585;5,031586;3,681183;2,685547;4,289627;2,685547;4,289627;2,685547;3,681183;3,681183;2,700806;2,046585;2,046585;3,681183;2,445221;2,445221;2,534866;3,519058;7,381439;4,026413;7,381439;2,948761;5,199432;5,199432;5,912781;4,289627;7,381439;5,430222;5,199432;7,381439;5,199432;2,948761;2,948761;2,948761;3,519058;5,729675;5,912781;5,729675;4,026413;5,729675;5,559921;5,912781;5,199432;2,948761;7,381439;2,655029;2,948761;4,289627;2,655029;7,381439;4,026413;2,445221;5,729675;5,199432;7,381439;5,199432;3,519058;5,729675;2,948761;2,948761;4,026413;5,912781;3,519058;5,559921;3,519058;7,381439;5,912781;5,199432;7,381439;7,381439;2,655029;5,559921;2,681732;4,026413;2,948761;2,948761;4,289627;2,948761
"395";"1982-11-01";0,3700256;0,3528595;2,590179;0,623703;0,623703;0,3700256;0,3528595;1,888275;1,722336;2,590179;0,8983612;0,8850098;2,590179;0,3700256;2,590179;0,623703;2,248764;0,7343292;0,623703;0,6561279;0,623703;0,3070831;0,1754761;0,7343292;0,6561279;0,7343292;2,590179;0,5874634;2,590179;0,623703;0,3700256;2,248764;0,3700256;2,248764;0,3700256;0,623703;0,623703;0,3070831;0,5874634;0,5874634;0,623703;0,8983612;0,8983612;0,6561279;1,722336;5,296707;2,250671;5,296707;2,866745;4,88472;4,88472;2,632141;2,248764;5,296707;3,05748;4,88472;5,296707;4,88472;2,866745;2,866745;2,866745;1,722336;3,746033;2,632141;3,746033;2,250671;3,746033;1,943588;2,632141;4,88472;2,866745;5,296707;1,888275;2,866745;2,248764;1,888275;5,296707;2,250671;0,8983612;3,746033;4,88472;5,296707;4,88472;1,722336;3,746033;2,866745;2,866745;2,250671;2,632141;1,722336;1,943588;1,722336;5,296707;2,632141;4,88472;5,296707;5,296707;1,888275;1,943588;0,8850098;2,250671;2,866745;2,866745;2,248764;2,866745
"396";"1982-12-01";0,3204346;0,3070831;3,356934;0,629425;0,629425;0,3204346;0,3070831;1,911163;1,735687;3,356934;0,8049011;0,9002686;3,356934;0,3204346;3,356934;0,629425;2,30217;0,9174347;0,629425;0,4005432;0,629425;0,1506805;0,1411438;0,9174347;0,4005432;0,9174347;3,356934;0,5245209;3,356934;0,629425;0,3204346;2,30217;0,3204346;2,30217;0,3204346;0,629425;0,629425;0,1506805;0,5245209;0,5245209;0,629425;0,8049011;0,8049011;0,4005432;1,735687;6,92749;3,02887;6,92749;3,852844;5,044937;5,044937;3,505707;2,30217;6,92749;4,127502;5,044937;6,92749;5,044937;3,852844;3,852844;3,852844;1,735687;5,195618;3,505707;5,195618;3,02887;5,195618;2,286911;3,505707;5,044937;3,852844;6,92749;1,911163;3,852844;2,30217;1,911163;6,92749;3,02887;0,8049011;5,195618;5,044937;6,92749;5,044937;1,735687;5,195618;3,852844;3,852844;3,02887;3,505707;1,735687;2,286911;1,735687;6,92749;3,505707;5,044937;6,92749;6,92749;1,911163;2,286911;0,9002686;3,02887;3,852844;3,852844;2,30217;3,852844
"397";"1983-01-01";0,667572;0,5645752;3,81279;0,8983612;0,8983612;0,667572;0,5645752;2,292633;3,1147;3,81279;0,8792877;1,29509;3,81279;0,667572;3,81279;0,8983612;3,564835;0,8182526;0,8983612;1,186371;0,8983612;0,875473;0,5779266;0,8182526;1,186371;0,8182526;3,81279;1,12915;3,81279;0,8983612;0,667572;3,564835;0,667572;3,564835;0,667572;0,8983612;0,8983612;0,875473;1,12915;1,12915;0,8983612;0,8792877;0,8792877;1,186371;3,1147;11,47652;4,087448;11,47652;5,962372;10,54764;10,54764;4,613876;3,564835;11,47652;7,33757;10,54764;11,47652;10,54764;5,962372;5,962372;5,962372;3,1147;7,968903;4,613876;7,968903;4,087448;7,968903;3,417969;4,613876;10,54764;5,962372;11,47652;2,292633;5,962372;3,564835;2,292633;11,47652;4,087448;0,8792877;7,968903;10,54764;11,47652;10,54764;3,1147;7,968903;5,962372;5,962372;4,087448;4,613876;3,1147;3,417969;3,1147;11,47652;4,613876;10,54764;11,47652;11,47652;2,292633;3,417969;1,29509;4,087448;5,962372;5,962372;3,564835;5,962372
"398";"1983-02-01";1,53923;1,777649;3,232956;1,392365;1,392365;1,53923;1,777649;1,573563;3,278732;3,232956;0,7896423;1,756668;3,232956;1,53923;3,232956;1,392365;2,990723;0,9784698;1,392365;1,016617;1,392365;1,298904;1,579285;0,9784698;1,016617;0,9784698;3,232956;0,787735;3,232956;1,392365;1,53923;2,990723;1,53923;2,990723;1,53923;1,392365;1,392365;1,298904;0,787735;0,787735;1,392365;0,7896423;0,7896423;1,016617;3,278732;10,54001;5,386353;10,54001;4,386902;8,882523;8,882523;6,454468;2,990723;10,54001;8,28743;8,882523;10,54001;8,882523;4,386902;4,386902;4,386902;3,278732;5,737305;6,454468;5,737305;5,386353;5,737305;4,12178;6,454468;8,882523;4,386902;10,54001;1,573563;4,386902;2,990723;1,573563;10,54001;5,386353;0,7896423;5,737305;8,882523;10,54001;8,882523;3,278732;5,737305;4,386902;4,386902;5,386353;6,454468;3,278732;4,12178;3,278732;10,54001;6,454468;8,882523;10,54001;10,54001;1,573563;4,12178;1,756668;5,386353;4,386902;4,386902;2,990723;4,386902
"399";"1983-03-01";0,8068085;0,7324219;3,482819;0,9899139;0,9899139;0,8068085;0,7324219;1,785278;3,047943;3,482819;0,9422302;0,9994507;3,482819;0,8068085;3,482819;0,9899139;3,223419;1,010895;0,9899139;0,9975433;0,9899139;0,8926392;0,6446838;1,010895;0,9975433;1,010895;3,482819;0,9326935;3,482819;0,9899139;0,8068085;3,223419;0,8068085;3,223419;0,8068085;0,9899139;0,9899139;0,8926392;0,9326935;0,9326935;0,9899139;0,9422302;0,9422302;0,9975433;3,047943;10,03838;2,450943;10,03838;3,917694;9,191513;9,191513;3,217697;3,223419;10,03838;4,453659;9,191513;10,03838;9,191513;3,917694;3,917694;3,917694;3,047943;6,303787;3,217697;6,303787;2,450943;6,303787;2,23732;3,217697;9,191513;3,917694;10,03838;1,785278;3,917694;3,223419;1,785278;10,03838;2,450943;0,9422302;6,303787;9,191513;10,03838;9,191513;3,047943;6,303787;3,917694;3,917694;2,450943;3,217697;3,047943;2,23732;3,047943;10,03838;3,217697;9,191513;10,03838;10,03838;1,785278;2,23732;0,9994507;2,450943;3,917694;3,917694;3,223419;3,917694
"400";"1983-04-01";0,08773804;0,1106262;2,405167;0,0743866;0,0743866;0,08773804;0,1106262;1,020432;1,535416;2,405167;0,1792908;0,3471375;2,405167;0,08773804;2,405167;0,0743866;1,514435;0,1373291;0,0743866;0,07820129;0,0743866;0,01907349;0,01144409;0,1373291;0,07820129;0,1373291;2,405167;0,1239777;2,405167;0,0743866;0,08773804;1,514435;0,08773804;1,514435;0,08773804;0,0743866;0,0743866;0,01907349;0,1239777;0,1239777;0,0743866;0,1792908;0,1792908;0,07820129;1,535416;9,222031;2,084732;9,222031;3,194809;5,758286;5,758286;2,95639;1,514435;9,222031;3,967285;5,758286;9,222031;5,758286;3,194809;3,194809;3,194809;1,535416;3,904343;2,95639;3,904343;2,084732;3,904343;1,462936;2,95639;5,758286;3,194809;9,222031;1,020432;3,194809;1,514435;1,020432;9,222031;2,084732;0,1792908;3,904343;5,758286;9,222031;5,758286;1,535416;3,904343;3,194809;3,194809;2,084732;2,95639;1,535416;1,462936;1,535416;9,222031;2,95639;5,758286;9,222031;9,222031;1,020432;1,462936;0,3471375;2,084732;3,194809;3,194809;1,514435;3,194809
"401";"1983-05-01";0,9174347;0,6694794;4,959106;1,903534;1,903534;0,9174347;0,6694794;2,567291;3,240585;4,959106;1,44577;1,134872;4,959106;0,9174347;4,959106;1,903534;5,109787;1,363754;1,903534;2,286911;1,903534;1,480103;1,018524;1,363754;2,286911;1,363754;4,959106;1,966476;4,959106;1,903534;0,9174347;5,109787;0,9174347;5,109787;0,9174347;1,903534;1,903534;1,480103;1,966476;1,966476;1,903534;1,44577;1,44577;2,286911;3,240585;11,86371;6,771088;11,86371;6,10733;10,03456;10,03456;3,753662;5,109787;11,86371;2,902985;10,03456;11,86371;10,03456;6,10733;6,10733;6,10733;3,240585;5,016327;3,753662;5,016327;6,771088;5,016327;7,091522;3,753662;10,03456;6,10733;11,86371;2,567291;6,10733;5,109787;2,567291;11,86371;6,771088;1,44577;5,016327;10,03456;11,86371;10,03456;3,240585;5,016327;6,10733;6,10733;6,771088;3,753662;3,240585;7,091522;3,240585;11,86371;3,753662;10,03456;11,86371;11,86371;2,567291;7,091522;1,134872;6,771088;6,10733;6,10733;5,109787;6,10733
"402";"1983-06-01";6,608963;6,212234;6,565094;6,425858;6,425858;6,608963;6,212234;4,180908;9,41658;6,565094;3,490448;6,296158;6,565094;6,608963;6,565094;6,425858;11,35254;3,570557;6,425858;4,259109;6,425858;4,610062;5,609512;3,570557;4,259109;3,570557;6,565094;3,931046;6,565094;6,425858;6,608963;11,35254;6,608963;11,35254;6,608963;6,425858;6,425858;4,610062;3,931046;3,931046;6,425858;3,490448;3,490448;4,259109;9,41658;8,53157;8,66127;8,53157;5,76973;11,33347;11,33347;8,733749;11,35254;8,53157;7,619858;11,33347;8,53157;11,33347;5,76973;5,76973;5,76973;9,41658;11,1084;8,733749;11,1084;8,66127;11,1084;7,61795;8,733749;11,33347;5,76973;8,53157;4,180908;5,76973;11,35254;4,180908;8,53157;8,66127;3,490448;11,1084;11,33347;8,53157;11,33347;9,41658;11,1084;5,76973;5,76973;8,66127;8,733749;9,41658;7,61795;9,41658;8,53157;8,733749;11,33347;8,53157;8,53157;4,180908;7,61795;6,296158;8,66127;5,76973;5,76973;11,35254;5,76973
"403";"1983-07-01";3,410339;2,960205;5,290985;3,74794;3,74794;3,410339;2,960205;5,138397;4,816055;5,290985;4,177094;4,894257;5,290985;3,410339;5,290985;3,74794;6,000519;2,914429;3,74794;2,391815;3,74794;2,95639;2,29454;2,914429;2,391815;2,914429;5,290985;3,923416;5,290985;3,74794;3,410339;6,000519;3,410339;6,000519;3,410339;3,74794;3,74794;2,95639;3,923416;3,923416;3,74794;4,177094;4,177094;2,391815;4,816055;6,025314;7,217407;6,025314;6,175995;5,731583;5,731583;12,27951;6,000519;6,025314;10,91385;5,731583;6,025314;5,731583;6,175995;6,175995;6,175995;4,816055;7,87735;12,27951;7,87735;7,217407;7,87735;12,68959;12,27951;5,731583;6,175995;6,025314;5,138397;6,175995;6,000519;5,138397;6,025314;7,217407;4,177094;7,87735;5,731583;6,025314;5,731583;4,816055;7,87735;6,175995;6,175995;7,217407;12,27951;4,816055;12,68959;4,816055;6,025314;12,27951;5,731583;6,025314;6,025314;5,138397;12,68959;4,894257;7,217407;6,175995;6,175995;6,000519;6,175995
"404";"1983-08-01";1,407623;0,7743835;2,864838;2,609253;2,609253;1,407623;0,7743835;2,536774;1,773834;2,864838;2,479553;1,487732;2,864838;1,407623;2,864838;2,609253;3,017426;2,235413;2,609253;2,475739;2,609253;2,758026;1,655579;2,235413;2,475739;2,235413;2,864838;2,979279;2,864838;2,609253;1,407623;3,017426;1,407623;3,017426;1,407623;2,609253;2,609253;2,758026;2,979279;2,979279;2,609253;2,479553;2,479553;2,475739;1,773834;2,388;4,898071;2,388;2,952576;2,033234;2,033234;3,799438;3,017426;2,388;2,529144;2,033234;2,388;2,033234;2,952576;2,952576;2,952576;1,773834;2,006531;3,799438;2,006531;4,898071;2,006531;6,401062;3,799438;2,033234;2,952576;2,388;2,536774;2,952576;3,017426;2,536774;2,388;4,898071;2,479553;2,006531;2,033234;2,388;2,033234;1,773834;2,006531;2,952576;2,952576;4,898071;3,799438;1,773834;6,401062;1,773834;2,388;3,799438;2,033234;2,388;2,388;2,536774;6,401062;1,487732;4,898071;2,952576;2,952576;3,017426;2,952576
"405";"1983-09-01";4,112244;2,799988;5,54657;5,764008;5,764008;4,112244;2,799988;5,249023;4,21524;5,54657;5,027771;3,78418;5,54657;4,112244;5,54657;5,764008;5,1651;4,78363;5,764008;5,084991;5,764008;5,325317;4,833221;4,78363;5,084991;4,78363;5,54657;5,245209;5,54657;5,764008;4,112244;5,1651;4,112244;5,1651;4,112244;5,764008;5,764008;5,325317;5,245209;5,245209;5,764008;5,027771;5,027771;5,084991;4,21524;4,714966;6,252289;4,714966;4,79126;3,120422;3,120422;6,923676;5,1651;4,714966;4,673004;3,120422;4,714966;3,120422;4,79126;4,79126;4,79126;4,21524;4,226685;6,923676;4,226685;6,252289;4,226685;7,953644;6,923676;3,120422;4,79126;4,714966;5,249023;4,79126;5,1651;5,249023;4,714966;6,252289;5,027771;4,226685;3,120422;4,714966;3,120422;4,21524;4,226685;4,79126;4,79126;6,252289;6,923676;4,21524;7,953644;4,21524;4,714966;6,923676;3,120422;4,714966;4,714966;5,249023;7,953644;3,78418;6,252289;4,79126;4,79126;5,1651;4,79126
"406";"1983-10-01";0,9593964;0,8525848;3,295898;1,57547;1,57547;0,9593964;0,8525848;2,840042;2,374649;3,295898;2,292633;1,722336;3,295898;0,9593964;3,295898;1,57547;3,507614;1,373291;1,57547;1,131058;1,57547;0,7781982;0,4425049;1,373291;1,131058;1,373291;3,295898;2,035141;3,295898;1,57547;0,9593964;3,507614;0,9593964;3,507614;0,9593964;1,57547;1,57547;0,7781982;2,035141;2,035141;1,57547;2,292633;2,292633;1,131058;2,374649;4,335403;3,267288;4,335403;3,450394;4,173279;4,173279;4,838943;3,507614;4,335403;5,300522;4,173279;4,335403;4,173279;3,450394;3,450394;3,450394;2,374649;4,903793;4,838943;4,903793;3,267288;4,903793;5,163193;4,838943;4,173279;3,450394;4,335403;2,840042;3,450394;3,507614;2,840042;4,335403;3,267288;2,292633;4,903793;4,173279;4,335403;4,173279;2,374649;4,903793;3,450394;3,450394;3,267288;4,838943;2,374649;5,163193;2,374649;4,335403;4,838943;4,173279;4,335403;4,335403;2,840042;5,163193;1,722336;3,267288;3,450394;3,450394;3,507614;3,450394
"407";"1983-11-01";1,926422;2,040863;4,007339;1,880646;1,880646;1,926422;2,040863;2,468109;3,837585;4,007339;1,4534;1,970291;4,007339;1,926422;4,007339;1,880646;4,619598;1,102448;1,880646;1,731873;1,880646;1,602173;1,613617;1,102448;1,731873;1,102448;4,007339;1,682281;4,007339;1,880646;1,926422;4,619598;1,926422;4,619598;1,926422;1,880646;1,880646;1,602173;1,682281;1,682281;1,880646;1,4534;1,4534;1,731873;3,837585;10,00023;3,602982;10,00023;4,322052;9,153366;9,153366;7,038116;4,619598;10,00023;8,91304;9,153366;10,00023;9,153366;4,322052;4,322052;4,322052;3,837585;6,334305;7,038116;6,334305;3,602982;6,334305;6,14357;7,038116;9,153366;4,322052;10,00023;2,468109;4,322052;4,619598;2,468109;10,00023;3,602982;1,4534;6,334305;9,153366;10,00023;9,153366;3,837585;6,334305;4,322052;4,322052;3,602982;7,038116;3,837585;6,14357;3,837585;10,00023;7,038116;9,153366;10,00023;10,00023;2,468109;6,14357;1,970291;3,602982;4,322052;4,322052;4,619598;4,322052
"408";"1983-12-01";0,2174377;0,213623;1,534462;0,5102158;0,5102158;0,2174377;0,213623;1,076698;0,8363724;1,534462;0,8468628;0,6513596;1,534462;0,2174377;1,534462;0,5102158;1,423836;0,4987717;0,5102158;0,3032684;0,5102158;0,2317429;0,1964569;0,4987717;0,3032684;0,4987717;1,534462;0,7047653;1,534462;0,5102158;0,2174377;1,423836;0,2174377;1,423836;0,2174377;0,5102158;0,5102158;0,2317429;0,7047653;0,7047653;0,5102158;0,8468628;0,8468628;0,3032684;0,8363724;2,921104;0,8459091;2,921104;1,423836;2,301216;2,301216;1,980782;1,423836;2,921104;3,64399;2,301216;2,921104;2,301216;1,423836;1,423836;1,423836;0,8363724;2,264023;1,980782;2,264023;0,8459091;2,264023;1,239777;1,980782;2,301216;1,423836;2,921104;1,076698;1,423836;1,423836;1,076698;2,921104;0,8459091;0,8468628;2,264023;2,301216;2,921104;2,301216;0,8363724;2,264023;1,423836;1,423836;0,8459091;1,980782;0,8363724;1,239777;0,8363724;2,921104;1,980782;2,301216;2,921104;2,921104;1,076698;1,239777;0,6513596;0,8459091;1,423836;1,423836;1,423836;1,423836
"409";"1984-01-01";0,705719;0,7209778;3,154755;0,9021759;0,9021759;0,705719;0,7209778;1,497269;2,35939;3,154755;0,6351471;1,096725;3,154755;0,705719;3,154755;0,9021759;2,487183;0,831604;0,9021759;1,020432;0,9021759;0,6961823;0,6828308;0,831604;1,020432;0,831604;3,154755;0,667572;3,154755;0,9021759;0,705719;2,487183;0,705719;2,487183;0,705719;0,9021759;0,9021759;0,6961823;0,667572;0,667572;0,9021759;0,6351471;0,6351471;1,020432;2,35939;9,084702;4,081726;9,084702;3,881454;6,795883;6,795883;3,755569;2,487183;9,084702;4,903793;6,795883;9,084702;6,795883;3,881454;3,881454;3,881454;2,35939;4,945755;3,755569;4,945755;4,081726;4,945755;3,156662;3,755569;6,795883;3,881454;9,084702;1,497269;3,881454;2,487183;1,497269;9,084702;4,081726;0,6351471;4,945755;6,795883;9,084702;6,795883;2,35939;4,945755;3,881454;3,881454;4,081726;3,755569;2,35939;3,156662;2,35939;9,084702;3,755569;6,795883;9,084702;9,084702;1,497269;3,156662;1,096725;4,081726;3,881454;3,881454;2,487183;3,881454
"410";"1984-02-01";0,705719;0,6790161;5,205154;1,220703;1,220703;0,705719;0,6790161;2,983093;3,875732;5,205154;1,499176;1,031876;5,205154;0,705719;5,205154;1,220703;5,052567;1,512527;1,220703;2,79808;1,220703;1,249313;0,743866;1,512527;2,79808;1,512527;5,205154;1,842499;5,205154;1,220703;0,705719;5,052567;0,705719;5,052567;0,705719;1,220703;1,220703;1,249313;1,842499;1,842499;1,220703;1,499176;1,499176;2,79808;3,875732;15,52963;4,646301;15,52963;7,648468;13,50594;13,50594;3,950119;5,052567;15,52963;4,781723;13,50594;15,52963;13,50594;7,648468;7,648468;7,648468;3,875732;7,972717;3,950119;7,972717;4,646301;7,972717;4,705429;3,950119;13,50594;7,648468;15,52963;2,983093;7,648468;5,052567;2,983093;15,52963;4,646301;1,499176;7,972717;13,50594;15,52963;13,50594;3,875732;7,972717;7,648468;7,648468;4,646301;3,950119;3,875732;4,705429;3,875732;15,52963;3,950119;13,50594;15,52963;15,52963;2,983093;4,705429;1,031876;4,646301;7,648468;7,648468;5,052567;7,648468
"411";"1984-03-01";0,5989075;0,5226135;2,698898;0,6542206;0,6542206;0,5989075;0,5226135;1,848221;1,86348;2,698898;0,8430481;0,6504059;2,698898;0,5989075;2,698898;0,6542206;2,429962;0,9288788;0,6542206;1,523972;0,6542206;0,9422302;0,5722046;0,9288788;1,523972;0,9288788;2,698898;1,262665;2,698898;0,6542206;0,5989075;2,429962;0,5989075;2,429962;0,5989075;0,6542206;0,6542206;0,9422302;1,262665;1,262665;0,6542206;0,8430481;0,8430481;1,523972;1,86348;7,648468;1,426697;7,648468;5,674362;5,567551;5,567551;2,298355;2,429962;7,648468;2,672195;5,567551;7,648468;5,567551;5,674362;5,674362;5,674362;1,86348;3,852844;2,298355;3,852844;1,426697;3,852844;1,247406;2,298355;5,567551;5,674362;7,648468;1,848221;5,674362;2,429962;1,848221;7,648468;1,426697;0,8430481;3,852844;5,567551;7,648468;5,567551;1,86348;3,852844;5,674362;5,674362;1,426697;2,298355;1,86348;1,247406;1,86348;7,648468;2,298355;5,567551;7,648468;7,648468;1,848221;1,247406;0,6504059;1,426697;5,674362;5,674362;2,429962;5,674362
"412";"1984-04-01";0,3128052;0,2536774;3,200531;0,6313324;0,6313324;0,3128052;0,2536774;2,113342;2,134323;3,200531;0,6027222;0,5111694;3,200531;0,3128052;3,200531;0,6313324;2,855301;0,6980896;0,6313324;0,6542206;0,6313324;0,2937317;0,1869202;0,6980896;0,6542206;0,6980896;3,200531;0,4310608;3,200531;0,6313324;0,3128052;2,855301;0,3128052;2,855301;0,3128052;0,6313324;0,6313324;0,2937317;0,4310608;0,4310608;0,6313324;0,6027222;0,6027222;0,6542206;2,134323;9,664536;1,079559;9,664536;5,235672;7,448196;7,448196;2,523422;2,855301;9,664536;3,831863;7,448196;9,664536;7,448196;5,235672;5,235672;5,235672;2,134323;4,909515;2,523422;4,909515;1,079559;4,909515;1,688004;2,523422;7,448196;5,235672;9,664536;2,113342;5,235672;2,855301;2,113342;9,664536;1,079559;0,6027222;4,909515;7,448196;9,664536;7,448196;2,134323;4,909515;5,235672;5,235672;1,079559;2,523422;2,134323;1,688004;2,134323;9,664536;2,523422;7,448196;9,664536;9,664536;2,113342;1,688004;0,5111694;1,079559;5,235672;5,235672;2,855301;5,235672
"413";"1984-05-01";5,977631;6,355286;10,6411;8,779526;8,779526;5,977631;6,355286;10,54001;10,91385;10,6411;7,579803;6,759644;10,6411;5,977631;10,6411;8,779526;18,13316;6,702423;8,779526;6,23703;8,779526;4,79126;4,558563;6,702423;6,23703;6,702423;10,6411;6,891251;10,6411;8,779526;5,977631;18,13316;5,977631;18,13316;5,977631;8,779526;8,779526;4,79126;6,891251;6,891251;8,779526;7,579803;7,579803;6,23703;10,91385;10,76126;7,064819;10,76126;10,83183;16,23154;16,23154;8,785248;18,13316;10,76126;10,65826;16,23154;10,76126;16,23154;10,83183;10,83183;10,83183;10,91385;14,31847;8,785248;14,31847;7,064819;14,31847;7,516861;8,785248;16,23154;10,83183;10,76126;10,54001;10,83183;18,13316;10,54001;10,76126;7,064819;7,579803;14,31847;16,23154;10,76126;16,23154;10,91385;14,31847;10,83183;10,83183;7,064819;8,785248;10,91385;7,516861;10,91385;10,76126;8,785248;16,23154;10,76126;10,76126;10,54001;7,516861;6,759644;7,064819;10,83183;10,83183;18,13316;10,83183
"414";"1984-06-01";8,045197;7,108688;8,621216;11,24763;11,24763;8,045197;7,108688;6,984711;9,98497;8,621216;5,647659;7,09343;8,621216;8,045197;8,621216;11,24763;13,48114;6,948471;11,24763;7,152557;11,24763;9,077072;7,358551;6,948471;7,152557;6,948471;8,621216;5,950928;8,621216;11,24763;8,045197;13,48114;8,045197;13,48114;8,045197;11,24763;11,24763;9,077072;5,950928;5,950928;11,24763;5,647659;5,647659;7,152557;9,98497;8,69751;11,72829;8,69751;8,647919;10,54382;10,54382;9,979248;13,48114;8,69751;13,06152;10,54382;8,69751;10,54382;8,647919;8,647919;8,647919;9,98497;10,66208;9,979248;10,66208;11,72829;10,66208;9,500504;9,979248;10,54382;8,647919;8,69751;6,984711;8,647919;13,48114;6,984711;8,69751;11,72829;5,647659;10,66208;10,54382;8,69751;10,54382;9,98497;10,66208;8,647919;8,647919;11,72829;9,979248;9,98497;9,500504;9,98497;8,69751;9,979248;10,54382;8,69751;8,69751;6,984711;9,500504;7,09343;11,72829;8,647919;8,647919;13,48114;8,647919
"415";"1984-07-01";6,061554;5,550385;5,929947;6,04248;6,04248;6,061554;5,550385;5,760193;7,936478;5,929947;5,0354;7,669449;5,929947;6,061554;5,929947;6,04248;6,959915;4,491806;6,04248;5,25856;6,04248;6,187439;5,357742;4,491806;5,25856;4,491806;5,929947;5,563736;5,929947;6,04248;6,061554;6,959915;6,061554;6,959915;6,061554;6,04248;6,04248;6,187439;5,563736;5,563736;6,04248;5,0354;5,0354;5,25856;7,936478;8,293152;10,9787;8,293152;7,581711;8,440018;8,440018;18,33916;6,959915;8,293152;23,24486;8,440018;8,293152;8,440018;7,581711;7,581711;7,581711;7,936478;10,6411;18,33916;10,6411;10,9787;10,6411;14,33372;18,33916;8,440018;7,581711;8,293152;5,760193;7,581711;6,959915;5,760193;8,293152;10,9787;5,0354;10,6411;8,440018;8,293152;8,440018;7,936478;10,6411;7,581711;7,581711;10,9787;18,33916;7,936478;14,33372;7,936478;8,293152;18,33916;8,440018;8,293152;8,293152;5,760193;14,33372;7,669449;10,9787;7,581711;7,581711;6,959915;7,581711
"416";"1984-08-01";5,626678;4,386902;6,111145;5,706787;5,706787;5,626678;4,386902;5,702972;6,55365;6,111145;4,581451;5,516052;6,111145;5,626678;6,111145;5,706787;6,759644;3,799438;5,706787;3,9711;5,706787;5,615234;5,451202;3,799438;3,9711;3,799438;6,111145;4,53186;6,111145;5,706787;5,626678;6,759644;5,626678;6,759644;5,626678;5,706787;5,706787;5,615234;4,53186;4,53186;5,706787;4,581451;4,581451;3,9711;6,55365;6,088257;7,759094;6,088257;6,263733;5,893707;5,893707;11,79123;6,759644;6,088257;8,499146;5,893707;6,088257;5,893707;6,263733;6,263733;6,263733;6,55365;8,087158;11,79123;8,087158;7,759094;8,087158;12,23373;11,79123;5,893707;6,263733;6,088257;5,702972;6,263733;6,759644;5,702972;6,088257;7,759094;4,581451;8,087158;5,893707;6,088257;5,893707;6,55365;8,087158;6,263733;6,263733;7,759094;11,79123;6,55365;12,23373;6,55365;6,088257;11,79123;5,893707;6,088257;6,088257;5,702972;12,23373;5,516052;7,759094;6,263733;6,263733;6,759644;6,263733
"417";"1984-09-01";9,738922;7,879257;16,48712;11,11603;11,11603;9,738922;7,879257;15,7299;12,91656;16,48712;13,00621;9,838104;16,48712;9,738922;16,48712;11,11603;14,59503;11,25717;11,11603;9,338379;11,11603;9,239197;9,454727;11,25717;9,338379;11,25717;16,48712;11,81221;16,48712;11,11603;9,738922;14,59503;9,738922;14,59503;9,738922;11,11603;11,11603;9,239197;11,81221;11,81221;11,11603;13,00621;13,00621;9,338379;12,91656;24,12605;23,28873;24,12605;19,63615;18,58902;18,58902;23,63205;14,59503;24,12605;19,26422;18,58902;24,12605;18,58902;19,63615;19,63615;19,63615;12,91656;15,72037;23,63205;15,72037;23,28873;15,72037;24,3206;23,63205;18,58902;19,63615;24,12605;15,7299;19,63615;14,59503;15,7299;24,12605;23,28873;13,00621;15,72037;18,58902;24,12605;18,58902;12,91656;15,72037;19,63615;19,63615;23,28873;23,63205;12,91656;24,3206;12,91656;24,12605;23,63205;18,58902;24,12605;24,12605;15,7299;24,3206;9,838104;23,28873;19,63615;19,63615;14,59503;19,63615
"418";"1984-10-01";0,6847382;0,50354;1,61171;1,148224;1,148224;0,6847382;0,50354;1,203537;0,8449554;1,61171;0,743866;0,8068085;1,61171;0,6847382;1,61171;1,148224;1,516342;0,6313324;1,148224;0,8163452;1,148224;0,9727478;0,793457;0,6313324;0,8163452;0,6313324;1,61171;0,9651184;1,61171;1,148224;0,6847382;1,516342;0,6847382;1,516342;0,6847382;1,148224;1,148224;0,9727478;0,9651184;0,9651184;1,148224;0,743866;0,743866;0,8163452;0,8449554;2,254486;2,338409;2,254486;1,840591;1,926422;1,926422;2,584457;1,516342;2,254486;2,094269;1,926422;2,254486;1,926422;1,840591;1,840591;1,840591;0,8449554;2,357483;2,584457;2,357483;2,338409;2,357483;3,116608;2,584457;1,926422;1,840591;2,254486;1,203537;1,840591;1,516342;1,203537;2,254486;2,338409;0,743866;2,357483;1,926422;2,254486;1,926422;0,8449554;2,357483;1,840591;1,840591;2,338409;2,584457;0,8449554;3,116608;0,8449554;2,254486;2,584457;1,926422;2,254486;2,254486;1,203537;3,116608;0,8068085;2,338409;1,840591;1,840591;1,516342;1,840591
"419";"1984-11-01";0,4177094;0,4806519;2,542496;0,7095337;0,7095337;0,4177094;0,4806519;1,176834;1,51825;2,542496;0,6370544;1,04332;2,542496;0,4177094;2,542496;0,7095337;2,147675;0,6484985;0,7095337;0,3433228;0,7095337;0,4405975;0,3089905;0,6484985;0,3433228;0,6484985;2,542496;0,497818;2,542496;0,7095337;0,4177094;2,147675;0,4177094;2,147675;0,4177094;0,7095337;0,7095337;0,4405975;0,497818;0,497818;0,7095337;0,6370544;0,6370544;0,3433228;1,51825;4,955292;1,371384;4,955292;1,85585;3,723145;3,723145;1,998901;2,147675;4,955292;2,994537;3,723145;4,955292;3,723145;1,85585;1,85585;1,85585;1,51825;4,343033;1,998901;4,343033;1,371384;4,343033;1,256943;1,998901;3,723145;1,85585;4,955292;1,176834;1,85585;2,147675;1,176834;4,955292;1,371384;0,6370544;4,343033;3,723145;4,955292;3,723145;1,51825;4,343033;1,85585;1,85585;1,371384;1,998901;1,51825;1,256943;1,51825;4,955292;1,998901;3,723145;4,955292;4,955292;1,176834;1,256943;1,04332;1,371384;1,85585;1,85585;2,147675;1,85585
"420";"1984-12-01";0,3929138;0,5931854;2,084732;0,7209778;0,7209778;0,3929138;0,5931854;1,468658;1,369476;2,084732;0,831604;1,117706;2,084732;0,3929138;2,084732;0,7209778;2,141953;0,8449554;0,7209778;0,7419586;0,7209778;0,3509521;0,2727509;0,8449554;0,7419586;0,8449554;2,084732;0,8678436;2,084732;0,7209778;0,3929138;2,141953;0,3929138;2,141953;0,3929138;0,7209778;0,7209778;0,3509521;0,8678436;0,8678436;0,7209778;0,831604;0,831604;0,7419586;1,369476;2,998352;1,689911;2,998352;2,244949;3,545761;3,545761;3,339767;2,141953;2,998352;3,631592;3,545761;2,998352;3,545761;2,244949;2,244949;2,244949;1,369476;3,646851;3,339767;3,646851;1,689911;3,646851;2,874374;3,339767;3,545761;2,244949;2,998352;1,468658;2,244949;2,141953;1,468658;2,998352;1,689911;0,831604;3,646851;3,545761;2,998352;3,545761;1,369476;3,646851;2,244949;2,244949;1,689911;3,339767;1,369476;2,874374;1,369476;2,998352;3,339767;3,545761;2,998352;2,998352;1,468658;2,874374;1,117706;1,689911;2,244949;2,244949;2,141953;2,244949
"421";"1985-01-01";0,2536774;0,2250671;2,258301;0,5378723;0,5378723;0,2536774;0,2250671;1,235962;1,415253;2,258301;0,6370544;0,5550385;2,258301;0,2536774;2,258301;0,5378723;2,033234;0,6427765;0,5378723;0,7457733;0,5378723;0,2689362;0,1373291;0,6427765;0,7457733;0,6427765;2,258301;0,6847382;2,258301;0,5378723;0,2536774;2,033234;0,2536774;2,033234;0,2536774;0,5378723;0,5378723;0,2689362;0,6847382;0,6847382;0,5378723;0,6370544;0,6370544;0,7457733;1,415253;5,746841;1,676559;5,746841;2,614975;4,499435;4,499435;2,479553;2,033234;5,746841;3,149033;4,499435;5,746841;4,499435;2,614975;2,614975;2,614975;1,415253;3,520966;2,479553;3,520966;1,676559;3,520966;1,377106;2,479553;4,499435;2,614975;5,746841;1,235962;2,614975;2,033234;1,235962;5,746841;1,676559;0,6370544;3,520966;4,499435;5,746841;4,499435;1,415253;3,520966;2,614975;2,614975;1,676559;2,479553;1,415253;1,377106;1,415253;5,746841;2,479553;4,499435;5,746841;5,746841;1,235962;1,377106;0,5550385;1,676559;2,614975;2,614975;2,033234;2,614975
"422";"1985-02-01";0,7705688;0,5569458;2,477646;1,316071;1,316071;0,7705688;0,5569458;1,338959;2,008438;2,477646;0,7419586;1,159668;2,477646;0,7705688;2,477646;1,316071;2,902985;0,9422302;1,316071;1,218796;1,316071;1,052856;0,5283356;0,9422302;1,218796;0,9422302;2,477646;1,060486;2,477646;1,316071;0,7705688;2,902985;0,7705688;2,902985;0,7705688;1,316071;1,316071;1,052856;1,060486;1,060486;1,316071;0,7419586;0,7419586;1,218796;2,008438;4,28009;1,895905;4,28009;2,103806;4,247665;4,247665;3,759384;2,902985;4,28009;5,155563;4,247665;4,28009;4,247665;2,103806;2,103806;2,103806;2,008438;4,016876;3,759384;4,016876;1,895905;4,016876;2,168655;3,759384;4,247665;2,103806;4,28009;1,338959;2,103806;2,902985;1,338959;4,28009;1,895905;0,7419586;4,016876;4,247665;4,28009;4,247665;2,008438;4,016876;2,103806;2,103806;1,895905;3,759384;2,008438;2,168655;2,008438;4,28009;3,759384;4,247665;4,28009;4,28009;1,338959;2,168655;1,159668;1,895905;2,103806;2,103806;2,902985;2,103806
"423";"1985-03-01";0,5970001;0,4730225;3,128052;1,379013;1,379013;0,5970001;0,4730225;1,663208;2,0504;3,128052;0,9803772;1,064301;3,128052;0,5970001;3,128052;1,379013;3,534317;1,077652;1,379013;1,308441;1,379013;0,8926392;0,4692078;1,077652;1,308441;1,077652;3,128052;1,274109;3,128052;1,379013;0,5970001;3,534317;0,5970001;3,534317;0,5970001;1,379013;1,379013;0,8926392;1,274109;1,274109;1,379013;0,9803772;0,9803772;1,308441;2,0504;6,261826;1,951218;6,261826;3,158569;6,086349;6,086349;4,920959;3,534317;6,261826;5,466461;6,086349;6,261826;6,086349;3,158569;3,158569;3,158569;2,0504;5,472183;4,920959;5,472183;1,951218;5,472183;2,723694;4,920959;6,086349;3,158569;6,261826;1,663208;3,158569;3,534317;1,663208;6,261826;1,951218;0,9803772;5,472183;6,086349;6,261826;6,086349;2,0504;5,472183;3,158569;3,158569;1,951218;4,920959;2,0504;2,723694;2,0504;6,261826;4,920959;6,086349;6,261826;6,261826;1,663208;2,723694;1,064301;1,951218;3,158569;3,158569;3,534317;3,158569
"424";"1985-04-01";3,809929;4,090309;7,338524;4,570961;4,570961;3,809929;4,090309;6,645203;7,274628;7,338524;5,335808;3,703117;7,338524;3,809929;7,338524;4,570961;10,12897;4,308701;4,570961;6,230354;4,570961;4,548073;3,773689;4,308701;6,230354;4,308701;7,338524;6,566048;7,338524;4,570961;3,809929;10,12897;3,809929;10,12897;3,809929;4,570961;4,570961;4,548073;6,566048;6,566048;4,570961;5,335808;5,335808;6,230354;7,274628;10,71548;5,552292;10,71548;8,277893;14,93931;14,93931;8,209229;10,12897;10,71548;9,665489;14,93931;10,71548;14,93931;8,277893;8,277893;8,277893;7,274628;12,27951;8,209229;12,27951;5,552292;12,27951;5,125046;8,209229;14,93931;8,277893;10,71548;6,645203;8,277893;10,12897;6,645203;10,71548;5,552292;5,335808;12,27951;14,93931;10,71548;14,93931;7,274628;12,27951;8,277893;8,277893;5,552292;8,209229;7,274628;5,125046;7,274628;10,71548;8,209229;14,93931;10,71548;10,71548;6,645203;5,125046;3,703117;5,552292;8,277893;8,277893;10,12897;8,277893
"425";"1985-05-01";3,858566;4,310608;4,440308;4,230499;4,230499;3,858566;4,310608;3,759384;5,636215;4,440308;3,190994;3,978729;4,440308;3,858566;4,440308;4,230499;6,982803;3,002167;4,230499;3,786087;4,230499;3,90625;3,725052;3,002167;3,786087;3,002167;4,440308;3,828049;4,440308;4,230499;3,858566;6,982803;3,858566;6,982803;3,858566;4,230499;4,230499;3,90625;3,828049;3,828049;4,230499;3,190994;3,190994;3,786087;5,636215;5,439758;4,653931;5,439758;5,496979;6,872177;6,872177;4,383087;6,982803;5,439758;5,67627;6,872177;5,439758;6,872177;5,496979;5,496979;5,496979;5,636215;7,068634;4,383087;7,068634;4,653931;7,068634;4,005432;4,383087;6,872177;5,496979;5,439758;3,759384;5,496979;6,982803;3,759384;5,439758;4,653931;3,190994;7,068634;6,872177;5,439758;6,872177;5,636215;7,068634;5,496979;5,496979;4,653931;4,383087;5,636215;4,005432;5,636215;5,439758;4,383087;6,872177;5,439758;5,439758;3,759384;4,005432;3,978729;4,653931;5,496979;5,496979;6,982803;5,496979
"426";"1985-06-01";9,935379;7,0858;8,396149;10,68497;10,68497;9,935379;7,0858;6,58989;9,527206;8,396149;5,912781;6,467819;8,396149;9,935379;8,396149;10,68497;10,61249;7,118225;10,68497;8,255005;10,68497;10,34737;9,403229;7,118225;8,255005;7,118225;8,396149;6,633759;8,396149;10,68497;9,935379;10,61249;9,935379;10,61249;9,935379;10,68497;10,68497;10,34737;6,633759;6,633759;10,68497;5,912781;5,912781;8,255005;9,527206;11,09505;11,28387;11,09505;9,502411;10,29396;10,29396;10,24818;10,61249;11,09505;8,678436;10,29396;11,09505;10,29396;9,502411;9,502411;9,502411;9,527206;9,16481;10,24818;9,16481;11,28387;9,16481;13,17215;10,24818;10,29396;9,502411;11,09505;6,58989;9,502411;10,61249;6,58989;11,09505;11,28387;5,912781;9,16481;10,29396;11,09505;10,29396;9,527206;9,16481;9,502411;9,502411;11,28387;10,24818;9,527206;13,17215;9,527206;11,09505;10,24818;10,29396;11,09505;11,09505;6,58989;13,17215;6,467819;11,28387;9,502411;9,502411;10,61249;9,502411
"427";"1985-07-01";4,302979;3,15094;7,358551;6,008148;6,008148;4,302979;3,15094;7,84874;5,313873;7,358551;6,591797;4,283905;7,358551;4,302979;7,358551;6,008148;7,089615;5,281448;6,008148;5,540848;6,008148;5,725861;4,37355;5,281448;5,540848;5,281448;7,358551;6,483078;7,358551;6,008148;4,302979;7,089615;4,302979;7,089615;4,302979;6,008148;6,008148;5,725861;6,483078;6,483078;6,008148;6,591797;6,591797;5,540848;5,313873;7,678986;12,54845;7,678986;9,002686;5,615234;5,615234;7,802963;7,089615;7,678986;5,662918;5,615234;7,678986;5,615234;9,002686;9,002686;9,002686;5,313873;5,681992;7,802963;5,681992;12,54845;5,681992;10,46371;7,802963;5,615234;9,002686;7,678986;7,84874;9,002686;7,089615;7,84874;7,678986;12,54845;6,591797;5,681992;5,615234;7,678986;5,615234;5,313873;5,681992;9,002686;9,002686;12,54845;7,802963;5,313873;10,46371;5,313873;7,678986;7,802963;5,615234;7,678986;7,678986;7,84874;10,46371;4,283905;12,54845;9,002686;9,002686;7,089615;9,002686
"428";"1985-08-01";3,143311;2,439499;3,391266;4,144669;4,144669;3,143311;2,439499;4,247665;3,471375;3,391266;3,742218;3,427505;3,391266;3,143311;3,391266;4,144669;4,014969;1,869202;4,144669;2,641678;4,144669;3,570557;3,015518;1,869202;2,641678;1,869202;3,391266;3,94249;3,391266;4,144669;3,143311;4,014969;3,143311;4,014969;3,143311;4,144669;4,144669;3,570557;3,94249;3,94249;4,144669;3,742218;3,742218;2,641678;3,471375;3,759384;7,228851;3,759384;4,934311;2,929688;2,929688;7,97081;4,014969;3,759384;5,449295;2,929688;3,759384;2,929688;4,934311;4,934311;4,934311;3,471375;4,364014;7,97081;4,364014;7,228851;4,364014;10,08987;7,97081;2,929688;4,934311;3,759384;4,247665;4,934311;4,014969;4,247665;3,759384;7,228851;3,742218;4,364014;2,929688;3,759384;2,929688;3,471375;4,364014;4,934311;4,934311;7,228851;7,97081;3,471375;10,08987;3,471375;3,759384;7,97081;2,929688;3,759384;3,759384;4,247665;10,08987;3,427505;7,228851;4,934311;4,934311;4,014969;4,934311
"429";"1985-09-01";2,889633;1,548767;4,154205;4,262924;4,262924;2,889633;1,548767;3,833771;3,211975;4,154205;3,383636;2,527237;4,154205;2,889633;4,154205;4,262924;3,660202;2,088547;4,262924;1,506805;4,262924;4,434586;3,408432;2,088547;1,506805;2,088547;4,154205;2,784729;4,154205;4,262924;2,889633;3,660202;2,889633;3,660202;2,889633;4,262924;4,262924;4,434586;2,784729;2,784729;4,262924;3,383636;3,383636;1,506805;3,211975;3,580093;4,648209;3,580093;3,229141;2,361298;2,361298;4,861832;3,660202;3,580093;3,105164;2,361298;3,580093;2,361298;3,229141;3,229141;3,229141;3,211975;2,857208;4,861832;2,857208;4,648209;2,857208;5,449295;4,861832;2,361298;3,229141;3,580093;3,833771;3,229141;3,660202;3,833771;3,580093;4,648209;3,383636;2,857208;2,361298;3,580093;2,361298;3,211975;2,857208;3,229141;3,229141;4,648209;4,861832;3,211975;5,449295;3,211975;3,580093;4,861832;2,361298;3,580093;3,580093;3,833771;5,449295;2,527237;4,648209;3,229141;3,229141;3,660202;3,229141
"430";"1985-10-01";1,430511;0,8983612;3,736496;1,886368;1,886368;1,430511;0,8983612;3,360748;2,960205;3,736496;2,332687;2,141953;3,736496;1,430511;3,736496;1,886368;3,913879;1,802444;1,886368;1,064301;1,886368;1,663208;1,476288;1,802444;1,064301;1,802444;3,736496;1,38092;3,736496;1,886368;1,430511;3,913879;1,430511;3,913879;1,430511;1,886368;1,886368;1,663208;1,38092;1,38092;1,886368;2,332687;2,332687;1,064301;2,960205;5,214691;3,488541;5,214691;3,667831;5,310059;5,310059;4,737854;3,913879;5,214691;4,981995;5,310059;5,214691;5,310059;3,667831;3,667831;3,667831;2,960205;5,939484;4,737854;5,939484;3,488541;5,939484;4,339218;4,737854;5,310059;3,667831;5,214691;3,360748;3,667831;3,913879;3,360748;5,214691;3,488541;2,332687;5,939484;5,310059;5,214691;5,310059;2,960205;5,939484;3,667831;3,667831;3,488541;4,737854;2,960205;4,339218;2,960205;5,214691;4,737854;5,310059;5,214691;5,214691;3,360748;4,339218;2,141953;3,488541;3,667831;3,667831;3,913879;3,667831
"431";"1985-11-01";0,4196167;0,4463196;1,562119;0,620842;0,620842;0,4196167;0,4463196;0,7724762;1,365662;1,562119;0,2317429;0,579834;1,562119;0,4196167;1,562119;0,620842;1,578331;0,3843307;0,620842;0,4987717;0,620842;0,6046295;0,7591248;0,3843307;0,4987717;0,3843307;1,562119;0,3318787;1,562119;0,620842;0,4196167;1,578331;0,4196167;1,578331;0,4196167;0,620842;0,620842;0,6046295;0,3318787;0,3318787;0,620842;0,2317429;0,2317429;0,4987717;1,365662;4,818916;1,962662;4,818916;2,210617;3,917694;3,917694;3,186226;1,578331;4,818916;3,702164;3,917694;4,818916;3,917694;2,210617;2,210617;2,210617;1,365662;2,883911;3,186226;2,883911;1,962662;2,883911;2,877235;3,186226;3,917694;2,210617;4,818916;0,7724762;2,210617;1,578331;0,7724762;4,818916;1,962662;0,2317429;2,883911;3,917694;4,818916;3,917694;1,365662;2,883911;2,210617;2,210617;1,962662;3,186226;1,365662;2,877235;1,365662;4,818916;3,186226;3,917694;4,818916;4,818916;0,7724762;2,877235;0,579834;1,962662;2,210617;2,210617;1,578331;2,210617
"432";"1985-12-01";0,4863739;0,4081726;3,818512;0,992775;0,992775;0,4863739;0,4081726;1,646042;2,027512;3,818512;0,9231567;1,033783;3,818512;0,4863739;3,818512;0,992775;3,069878;1,133919;0,992775;1,190186;0,992775;0,5664825;0,3862381;1,133919;1,190186;1,133919;3,818512;1,081467;3,818512;0,992775;0,4863739;3,069878;0,4863739;3,069878;0,4863739;0,992775;0,992775;0,5664825;1,081467;1,081467;0,992775;0,9231567;0,9231567;1,190186;2,027512;7,893562;1,508713;7,893562;3,551483;5,652428;5,652428;3,416061;3,069878;7,893562;4,406929;5,652428;7,893562;5,652428;3,551483;3,551483;3,551483;2,027512;4,889488;3,416061;4,889488;1,508713;4,889488;2,096176;3,416061;5,652428;3,551483;7,893562;1,646042;3,551483;3,069878;1,646042;7,893562;1,508713;0,9231567;4,889488;5,652428;7,893562;5,652428;2,027512;4,889488;3,551483;3,551483;1,508713;3,416061;2,027512;2,096176;2,027512;7,893562;3,416061;5,652428;7,893562;7,893562;1,646042;2,096176;1,033783;1,508713;3,551483;3,551483;3,069878;3,551483
"433";"1986-01-01";0,3242493;0,3395081;1,121521;0,3662109;0,3662109;0,3242493;0,3395081;0,6103516;1,134872;1,121521;0,2689362;0,5912781;1,121521;0,3242493;1,121521;0,3662109;1,285553;0,2422333;0,3662109;0,1392365;0,3662109;0,1163483;0,1087189;0,2422333;0,1392365;0,2422333;1,121521;0,1659393;1,121521;0,3662109;0,3242493;1,285553;0,3242493;1,285553;0,3242493;0,3662109;0,3662109;0,1163483;0,1659393;0,1659393;0,3662109;0,2689362;0,2689362;0,1392365;1,134872;2,822876;0,4692078;2,822876;1,226425;2,48909;2,48909;1,621246;1,285553;2,822876;1,914978;2,48909;2,822876;2,48909;1,226425;1,226425;1,226425;1,134872;2,946854;1,621246;2,946854;0,4692078;2,946854;1,087189;1,621246;2,48909;1,226425;2,822876;0,6103516;1,226425;1,285553;0,6103516;2,822876;0,4692078;0,2689362;2,946854;2,48909;2,822876;2,48909;1,134872;2,946854;1,226425;1,226425;0,4692078;1,621246;1,134872;1,087189;1,134872;2,822876;1,621246;2,48909;2,822876;2,822876;0,6103516;1,087189;0,5912781;0,4692078;1,226425;1,226425;1,285553;1,226425
"434";"1986-02-01";0,9422302;1,239777;3,440857;1,264572;1,264572;0,9422302;1,239777;1,838684;3,038406;3,440857;0,7972717;1,560211;3,440857;0,9422302;3,440857;1,264572;3,950119;0,9670258;1,264572;0,8392334;1,264572;0,6961823;0,4558563;0,9670258;0,8392334;0,9670258;3,440857;0,6427765;3,440857;1,264572;0,9422302;3,950119;0,9422302;3,950119;0,9422302;1,264572;1,264572;0,6961823;0,6427765;0,6427765;1,264572;0,7972717;0,7972717;0,8392334;3,038406;8,192062;2,159119;8,192062;3,412247;7,823944;7,823944;2,418518;3,950119;8,192062;4,987717;7,823944;8,192062;7,823944;3,412247;3,412247;3,412247;3,038406;6,296158;2,418518;6,296158;2,159119;6,296158;1,621246;2,418518;7,823944;3,412247;8,192062;1,838684;3,412247;3,950119;1,838684;8,192062;2,159119;0,7972717;6,296158;7,823944;8,192062;7,823944;3,038406;6,296158;3,412247;3,412247;2,159119;2,418518;3,038406;1,621246;3,038406;8,192062;2,418518;7,823944;8,192062;8,192062;1,838684;1,621246;1,560211;2,159119;3,412247;3,412247;3,950119;3,412247
"435";"1986-03-01";0,1678467;0,1907349;3,044128;0,3528595;0,3528595;0,1678467;0,1907349;1,10054;2,532959;3,044128;0,3700256;0,7591248;3,044128;0,1678467;3,044128;0,3528595;2,916336;0,4730225;0,3528595;0,2841949;0,3528595;0,09727478;0,02670288;0,4730225;0,2841949;0,4730225;3,044128;0,2288818;3,044128;0,3528595;0,1678467;2,916336;0,1678467;2,916336;0,1678467;0,3528595;0,3528595;0,09727478;0,2288818;0,2288818;0,3528595;0,3700256;0,3700256;0,2841949;2,532959;8,611679;2,283096;8,611679;2,931595;9,057999;9,057999;3,511429;2,916336;8,611679;3,725052;9,057999;8,611679;9,057999;2,931595;2,931595;2,931595;2,532959;7,799149;3,511429;7,799149;2,283096;7,799149;2,767563;3,511429;9,057999;2,931595;8,611679;1,10054;2,931595;2,916336;1,10054;8,611679;2,283096;0,3700256;7,799149;9,057999;8,611679;9,057999;2,532959;7,799149;2,931595;2,931595;2,283096;3,511429;2,532959;2,767563;2,532959;8,611679;3,511429;9,057999;8,611679;8,611679;1,10054;2,767563;0,7591248;2,283096;2,931595;2,931595;2,916336;2,931595
"436";"1986-04-01";3,507614;3,463745;4,962921;4,285812;4,285812;3,507614;3,463745;4,144669;4,383087;4,962921;3,694534;2,990723;4,962921;3,507614;4,962921;4,285812;6,492615;3,656387;4,285812;4,686356;4,285812;4,112244;3,334045;3,656387;4,686356;3,656387;4,962921;4,938126;4,962921;4,285812;3,507614;6,492615;3,507614;6,492615;3,507614;4,285812;4,285812;4,112244;4,938126;4,938126;4,285812;3,694534;3,694534;4,686356;4,383087;6,002426;3,137589;6,002426;4,343033;6,824493;6,824493;2,939224;6,492615;6,002426;3,480911;6,824493;6,002426;6,824493;4,343033;4,343033;4,343033;4,383087;5,861282;2,939224;5,861282;3,137589;5,861282;3,622055;2,939224;6,824493;4,343033;6,002426;4,144669;4,343033;6,492615;4,144669;6,002426;3,137589;3,694534;5,861282;6,824493;6,002426;6,824493;4,383087;5,861282;4,343033;4,343033;3,137589;2,939224;4,383087;3,622055;4,383087;6,002426;2,939224;6,824493;6,002426;6,002426;4,144669;3,622055;2,990723;3,137589;4,343033;4,343033;6,492615;4,343033
"437";"1986-05-01";4,768372;5,098343;6,778717;4,947662;4,947662;4,768372;5,098343;6,471634;6,538391;6,778717;5,319595;5,01442;6,778717;4,768372;6,778717;4,947662;8,205414;5,104065;4,947662;7,665634;4,947662;6,248474;5,756378;5,104065;7,665634;5,104065;6,778717;6,891251;6,778717;4,947662;4,768372;8,205414;4,768372;8,205414;4,768372;4,947662;4,947662;6,248474;6,891251;6,891251;4,947662;5,319595;5,319595;7,665634;6,538391;7,457733;4,15802;7,457733;6,467819;7,799149;7,799149;5,243301;8,205414;7,457733;5,470276;7,799149;7,457733;7,799149;6,467819;6,467819;6,467819;6,538391;8,752823;5,243301;8,752823;4,15802;8,752823;4,756927;5,243301;7,799149;6,467819;7,457733;6,471634;6,467819;8,205414;6,471634;7,457733;4,15802;5,319595;8,752823;7,799149;7,457733;7,799149;6,538391;8,752823;6,467819;6,467819;4,15802;5,243301;6,538391;4,756927;6,538391;7,457733;5,243301;7,799149;7,457733;7,457733;6,471634;4,756927;5,01442;4,15802;6,467819;6,467819;8,205414;6,467819
"438";"1986-06-01";4,667282;3,009796;4,692078;5,788803;5,788803;4,667282;3,009796;4,35257;4,850388;4,692078;3,835678;4,432678;4,692078;4,667282;4,692078;5,788803;5,926132;3,988266;5,788803;4,484177;5,788803;5,8918;4,110336;3,988266;4,484177;3,988266;4,692078;4,838943;4,692078;5,788803;4,667282;5,926132;4,667282;5,926132;4,667282;5,788803;5,788803;5,8918;4,838943;4,838943;5,788803;3,835678;3,835678;4,484177;4,850388;5,4245;7,93457;5,4245;6,025314;5,592346;5,592346;10,05363;5,926132;5,4245;7,787704;5,592346;5,4245;5,592346;6,025314;6,025314;6,025314;4,850388;5,832672;10,05363;5,832672;7,93457;5,832672;11,36589;10,05363;5,592346;6,025314;5,4245;4,35257;6,025314;5,926132;4,35257;5,4245;7,93457;3,835678;5,832672;5,592346;5,4245;5,592346;4,850388;5,832672;6,025314;6,025314;7,93457;10,05363;4,850388;11,36589;4,850388;5,4245;10,05363;5,592346;5,4245;5,4245;4,35257;11,36589;4,432678;7,93457;6,025314;6,025314;5,926132;6,025314
"439";"1986-07-01";1,853943;1,581192;2,33078;2,521515;2,521515;1,853943;1,581192;1,945496;1,934052;2,33078;1,571655;2,008438;2,33078;1,853943;2,33078;2,521515;2,861023;2,086639;2,521515;2,370834;2,521515;2,311707;1,897812;2,086639;2,370834;2,086639;2,33078;1,918793;2,33078;2,521515;1,853943;2,861023;1,853943;2,861023;1,853943;2,521515;2,521515;2,311707;1,918793;1,918793;2,521515;1,571655;1,571655;2,370834;1,934052;2,227783;4,266739;2,227783;2,859116;2,193451;2,193451;4,995346;2,861023;2,227783;3,795624;2,193451;2,227783;2,193451;2,859116;2,859116;2,859116;1,934052;3,091812;4,995346;3,091812;4,266739;3,091812;5,987167;4,995346;2,193451;2,859116;2,227783;1,945496;2,859116;2,861023;1,945496;2,227783;4,266739;1,571655;3,091812;2,193451;2,227783;2,193451;1,934052;3,091812;2,859116;2,859116;4,266739;4,995346;1,934052;5,987167;1,934052;2,227783;4,995346;2,193451;2,227783;2,227783;1,945496;5,987167;2,008438;4,266739;2,859116;2,859116;2,861023;2,859116
"440";"1986-08-01";1,987457;1,253128;3,164291;3,246307;3,246307;1,987457;1,253128;2,313614;1,98555;3,164291;2,178192;1,792908;3,164291;1,987457;3,164291;3,246307;3,078461;2,23732;3,246307;2,214432;3,246307;3,250122;2,353668;2,23732;2,214432;2,23732;3,164291;2,370834;3,164291;3,246307;1,987457;3,078461;1,987457;3,078461;1,987457;3,246307;3,246307;3,250122;2,370834;2,370834;3,246307;2,178192;2,178192;2,214432;1,98555;2,231598;4,550934;2,231598;2,990723;1,716614;1,716614;3,528595;3,078461;2,231598;2,305984;1,716614;2,231598;1,716614;2,990723;2,990723;2,990723;1,98555;1,962662;3,528595;1,962662;4,550934;1,962662;5,296707;3,528595;1,716614;2,990723;2,231598;2,313614;2,990723;3,078461;2,313614;2,231598;4,550934;2,178192;1,962662;1,716614;2,231598;1,716614;1,98555;1,962662;2,990723;2,990723;4,550934;3,528595;1,98555;5,296707;1,98555;2,231598;3,528595;1,716614;2,231598;2,231598;2,313614;5,296707;1,792908;4,550934;2,990723;2,990723;3,078461;2,990723
"441";"1986-09-01";2,55394;2,5177;3,053665;2,809525;2,809525;2,55394;2,5177;2,26593;3,320694;3,053665;1,943588;4,001617;3,053665;2,55394;3,053665;2,809525;3,885269;1,928329;2,809525;1,977921;2,809525;2,29454;2,082825;1,928329;1,977921;1,928329;3,053665;2,225876;3,053665;2,809525;2,55394;3,885269;2,55394;3,885269;2,55394;2,809525;2,809525;2,29454;2,225876;2,225876;2,809525;1,943588;1,943588;1,977921;3,320694;2,750397;4,823685;2,750397;3,248215;3,454208;3,454208;6,544113;3,885269;2,750397;6,839752;3,454208;2,750397;3,454208;3,248215;3,248215;3,248215;3,320694;5,022049;6,544113;5,022049;4,823685;5,022049;6,677628;6,544113;3,454208;3,248215;2,750397;2,26593;3,248215;3,885269;2,26593;2,750397;4,823685;1,943588;5,022049;3,454208;2,750397;3,454208;3,320694;5,022049;3,248215;3,248215;4,823685;6,544113;3,320694;6,677628;3,320694;2,750397;6,544113;3,454208;2,750397;2,750397;2,26593;6,677628;4,001617;4,823685;3,248215;3,248215;3,885269;3,248215
"442";"1986-10-01";2,321243;2,067566;5,325317;3,356934;3,356934;2,321243;2,067566;2,912521;3,988266;5,325317;3,118515;2,454758;5,325317;2,321243;5,325317;3,356934;4,976273;2,563477;3,356934;2,637863;3,356934;2,925873;2,43187;2,563477;2,637863;2,563477;5,325317;3,421783;5,325317;3,356934;2,321243;4,976273;2,321243;4,976273;2,321243;3,356934;3,356934;2,925873;3,421783;3,421783;3,356934;3,118515;3,118515;2,637863;3,988266;10,54955;3,391266;10,54955;4,938126;8,440018;8,440018;6,034851;4,976273;10,54955;7,299423;8,440018;10,54955;8,440018;4,938126;4,938126;4,938126;3,988266;6,509781;6,034851;6,509781;3,391266;6,509781;5,10788;6,034851;8,440018;4,938126;10,54955;2,912521;4,938126;4,976273;2,912521;10,54955;3,391266;3,118515;6,509781;8,440018;10,54955;8,440018;3,988266;6,509781;4,938126;4,938126;3,391266;6,034851;3,988266;5,10788;3,988266;10,54955;6,034851;8,440018;10,54955;10,54955;2,912521;5,10788;2,454758;3,391266;4,938126;4,938126;4,976273;4,938126
"443";"1986-11-01";1,188278;0,9632111;4,175186;1,806259;1,806259;1,188278;0,9632111;2,445221;2,500534;4,175186;1,390457;1,901627;4,175186;1,188278;4,175186;1,806259;3,520966;1,832962;1,806259;1,050949;1,806259;1,005173;0,9174347;1,832962;1,050949;1,832962;4,175186;0,793457;4,175186;1,806259;1,188278;3,520966;1,188278;3,520966;1,188278;1,806259;1,806259;1,005173;0,793457;0,793457;1,806259;1,390457;1,390457;1,050949;2,500534;6,958008;3,2444;6,958008;3,238678;5,241394;5,241394;7,411957;3,520966;6,958008;7,390976;5,241394;6,958008;5,241394;3,238678;3,238678;3,238678;2,500534;4,934311;7,411957;4,934311;3,2444;4,934311;7,133484;7,411957;5,241394;3,238678;6,958008;2,445221;3,238678;3,520966;2,445221;6,958008;3,2444;1,390457;4,934311;5,241394;6,958008;5,241394;2,500534;4,934311;3,238678;3,238678;3,2444;7,411957;2,500534;7,133484;2,500534;6,958008;7,411957;5,241394;6,958008;6,958008;2,445221;7,133484;1,901627;3,2444;3,238678;3,238678;3,520966;3,238678
"444";"1986-12-01";0,8735657;0,7553101;4,007339;0,9002686;0,9002686;0,8735657;0,7553101;1,777649;3,137589;4,007339;0,705719;1,182556;4,007339;0,8735657;4,007339;0,9002686;3,559113;0,8010864;0,9002686;0,66185;0,9002686;0,4901886;0,5645752;0,8010864;0,66185;0,8010864;4,007339;0,7896423;4,007339;0,9002686;0,8735657;3,559113;0,8735657;3,559113;0,8735657;0,9002686;0,9002686;0,4901886;0,7896423;0,7896423;0,9002686;0,705719;0,705719;0,66185;3,137589;11,20758;3,862381;11,20758;4,272461;9,334564;9,334564;5,264282;3,559113;11,20758;6,793976;9,334564;11,20758;9,334564;4,272461;4,272461;4,272461;3,137589;6,980896;5,264282;6,980896;3,862381;6,980896;3,709793;5,264282;9,334564;4,272461;11,20758;1,777649;4,272461;3,559113;1,777649;11,20758;3,862381;0,705719;6,980896;9,334564;11,20758;9,334564;3,137589;6,980896;4,272461;4,272461;3,862381;5,264282;3,137589;3,709793;3,137589;11,20758;5,264282;9,334564;11,20758;11,20758;1,777649;3,709793;1,182556;3,862381;4,272461;4,272461;3,559113;4,272461
"445";"1987-01-01";0,04005432;0,0629425;1,089096;0,04196167;0,04196167;0,04005432;0,0629425;0,4291534;0,8144379;1,089096;0,0743866;0,2403259;1,089096;0,04005432;1,089096;0,04196167;0,8182526;0,0705719;0,04196167;0,03433228;0,04196167;0,009536743;0,005722046;0,0705719;0,03433228;0,0705719;1,089096;0,03814697;1,089096;0,04196167;0,04005432;0,8182526;0,04005432;0,8182526;0,04005432;0,04196167;0,04196167;0,009536743;0,03814697;0,03814697;0,04196167;0,0743866;0,0743866;0,03433228;0,8144379;4,219055;1,256943;4,219055;1,661301;3,276825;3,276825;2,11525;0,8182526;4,219055;2,372742;3,276825;4,219055;3,276825;1,661301;1,661301;1,661301;0,8144379;2,607346;2,11525;2,607346;1,256943;2,607346;1,178741;2,11525;3,276825;1,661301;4,219055;0,4291534;1,661301;0,8182526;0,4291534;4,219055;1,256943;0,0743866;2,607346;3,276825;4,219055;3,276825;0,8144379;2,607346;1,661301;1,661301;1,256943;2,11525;0,8144379;1,178741;0,8144379;4,219055;2,11525;3,276825;4,219055;4,219055;0,4291534;1,178741;0,2403259;1,256943;1,661301;1,661301;0,8182526;1,661301
"446";"1987-02-01";0,1335144;0,1754761;2,481461;0,1163483;0,1163483;0,1335144;0,1754761;1,171112;1,73378;2,481461;0,169754;0,3662109;2,481461;0,1335144;2,481461;0,1163483;1,752853;0,2231598;0,1163483;0,1850128;0,1163483;0,05722046;0,04386902;0,2231598;0,1850128;0,2231598;2,481461;0,1850128;2,481461;0,1163483;0,1335144;1,752853;0,1335144;1,752853;0,1335144;0,1163483;0,1163483;0,05722046;0,1850128;0,1850128;0,1163483;0,169754;0,169754;0,1850128;1,73378;8,903503;1,918793;8,903503;4,264832;6,601334;6,601334;2,880096;1,752853;8,903503;4,919052;6,601334;8,903503;6,601334;4,264832;4,264832;4,264832;1,73378;3,929138;2,880096;3,929138;1,918793;3,929138;1,747131;2,880096;6,601334;4,264832;8,903503;1,171112;4,264832;1,752853;1,171112;8,903503;1,918793;0,169754;3,929138;6,601334;8,903503;6,601334;1,73378;3,929138;4,264832;4,264832;1,918793;2,880096;1,73378;1,747131;1,73378;8,903503;2,880096;6,601334;8,903503;8,903503;1,171112;1,747131;0,3662109;1,918793;4,264832;4,264832;1,752853;4,264832
"447";"1987-03-01";1,199722;0,9784698;4,270554;1,211166;1,211166;1,199722;0,9784698;2,548218;4,394531;4,270554;1,312256;1,499176;4,270554;1,199722;4,270554;1,211166;4,493713;1,024246;1,211166;1,276016;1,211166;1,024246;0,9078979;1,024246;1,276016;1,024246;4,270554;1,350403;4,270554;1,211166;1,199722;4,493713;1,199722;4,493713;1,199722;1,211166;1,211166;1,024246;1,350403;1,350403;1,211166;1,312256;1,312256;1,276016;4,394531;11,95908;2,719879;11,95908;5,783081;12,19177;12,19177;5,731583;4,493713;11,95908;8,827209;12,19177;11,95908;12,19177;5,783081;5,783081;5,783081;4,394531;7,972717;5,731583;7,972717;2,719879;7,972717;3,18718;5,731583;12,19177;5,783081;11,95908;2,548218;5,783081;4,493713;2,548218;11,95908;2,719879;1,312256;7,972717;12,19177;11,95908;12,19177;4,394531;7,972717;5,783081;5,783081;2,719879;5,731583;4,394531;3,18718;4,394531;11,95908;5,731583;12,19177;11,95908;11,95908;2,548218;3,18718;1,499176;2,719879;5,783081;5,783081;4,493713;5,783081
"448";"1987-04-01";1,752853;2,243042;6,494522;2,401352;2,401352;1,752853;2,243042;4,415512;6,782532;6,494522;2,212524;2,540588;6,494522;1,752853;6,494522;2,401352;8,577347;2,937317;2,401352;4,577637;2,401352;3,036499;1,829147;2,937317;4,577637;2,937317;6,494522;3,412247;6,494522;2,401352;1,752853;8,577347;1,752853;8,577347;1,752853;2,401352;2,401352;3,036499;3,412247;3,412247;2,401352;2,212524;2,212524;4,577637;6,782532;14,925;3,61824;14,925;8,796692;18,66341;18,66341;6,097794;8,577347;14,925;7,753372;18,66341;14,925;18,66341;8,796692;8,796692;8,796692;6,782532;14,90784;6,097794;14,90784;3,61824;14,90784;4,198074;6,097794;18,66341;8,796692;14,925;4,415512;8,796692;8,577347;4,415512;14,925;3,61824;2,212524;14,90784;18,66341;14,925;18,66341;6,782532;14,90784;8,796692;8,796692;3,61824;6,097794;6,782532;4,198074;6,782532;14,925;6,097794;18,66341;14,925;14,925;4,415512;4,198074;2,540588;3,61824;8,796692;8,796692;8,577347;8,796692
"449";"1987-05-01";2,70462;2,756119;4,947662;3,65448;3,65448;2,70462;2,756119;3,623962;3,81279;4,947662;2,475739;2,187729;4,947662;2,70462;4,947662;3,65448;6,845474;2,39563;3,65448;3,33786;3,65448;3,286362;2,901077;2,39563;3,33786;2,39563;4,947662;3,21579;4,947662;3,65448;2,70462;6,845474;2,70462;6,845474;2,70462;3,65448;3,65448;3,286362;3,21579;3,21579;3,65448;2,475739;2,475739;3,33786;3,81279;5,065918;2,672195;5,065918;5,70488;5,992889;5,992889;1,813889;6,845474;5,065918;2,26593;5,992889;5,065918;5,992889;5,70488;5,70488;5,70488;3,81279;5,420685;1,813889;5,420685;2,672195;5,420685;2,035141;1,813889;5,992889;5,70488;5,065918;3,623962;5,70488;6,845474;3,623962;5,065918;2,672195;2,475739;5,420685;5,992889;5,065918;5,992889;3,81279;5,420685;5,70488;5,70488;2,672195;1,813889;3,81279;2,035141;3,81279;5,065918;1,813889;5,992889;5,065918;5,065918;3,623962;2,035141;2,187729;2,672195;5,70488;5,70488;6,845474;5,70488
"450";"1987-06-01";5,878448;4,566193;9,418488;8,304596;8,304596;5,878448;4,566193;7,217407;8,270264;9,418488;4,970551;5,649567;9,418488;5,878448;9,418488;8,304596;11,64627;5,607605;8,304596;5,371094;8,304596;6,584167;5,10788;5,607605;5,371094;5,607605;9,418488;4,898071;9,418488;8,304596;5,878448;11,64627;5,878448;11,64627;5,878448;8,304596;8,304596;6,584167;4,898071;4,898071;8,304596;4,970551;4,970551;5,371094;8,270264;9,777069;9,700775;9,777069;7,915497;10,47134;10,47134;8,483887;11,64627;9,777069;7,984161;10,47134;9,777069;10,47134;7,915497;7,915497;7,915497;8,270264;9,399414;8,483887;9,399414;9,700775;9,399414;9,277344;8,483887;10,47134;7,915497;9,777069;7,217407;7,915497;11,64627;7,217407;9,777069;9,700775;4,970551;9,399414;10,47134;9,777069;10,47134;8,270264;9,399414;7,915497;7,915497;9,700775;8,483887;8,270264;9,277344;8,270264;9,777069;8,483887;10,47134;9,777069;9,777069;7,217407;9,277344;5,649567;9,700775;7,915497;7,915497;11,64627;7,915497
"451";"1987-07-01";5,661011;5,241394;7,949829;6,698608;6,698608;5,661011;5,241394;7,164001;7,499695;7,949829;5,680084;7,595062;7,949829;5,661011;7,949829;6,698608;9,120941;5,817413;6,698608;5,901337;6,698608;5,580902;4,993439;5,817413;5,901337;5,817413;7,949829;5,828857;7,949829;6,698608;5,661011;9,120941;5,661011;9,120941;5,661011;6,698608;6,698608;5,580902;5,828857;5,828857;6,698608;5,680084;5,680084;5,901337;7,499695;10,29587;13,74054;10,29587;9,811401;9,662628;9,662628;16,04843;9,120941;10,29587;16,28113;9,662628;10,29587;9,662628;9,811401;9,811401;9,811401;7,499695;10,8223;16,04843;10,8223;13,74054;10,8223;17,6239;16,04843;9,662628;9,811401;10,29587;7,164001;9,811401;9,120941;7,164001;10,29587;13,74054;5,680084;10,8223;9,662628;10,29587;9,662628;7,499695;10,8223;9,811401;9,811401;13,74054;16,04843;7,499695;17,6239;7,499695;10,29587;16,04843;9,662628;10,29587;10,29587;7,164001;17,6239;7,595062;13,74054;9,811401;9,811401;9,120941;9,811401
"452";"1987-08-01";1,699448;1,197815;2,616882;2,447128;2,447128;1,699448;1,197815;2,738953;2,485275;2,616882;2,189636;2,227783;2,616882;1,699448;2,616882;2,447128;3,437042;1,213074;2,447128;0,8792877;2,447128;2,122879;1,369476;1,213074;0,8792877;1,213074;2,616882;2,037048;2,616882;2,447128;1,699448;3,437042;1,699448;3,437042;1,699448;2,447128;2,447128;2,122879;2,037048;2,037048;2,447128;2,189636;2,189636;0,8792877;2,485275;3,30925;6,240845;3,30925;3,629684;3,175735;3,175735;5,365372;3,437042;3,30925;3,717422;3,175735;3,30925;3,175735;3,629684;3,629684;3,629684;2,485275;3,648758;5,365372;3,648758;6,240845;3,648758;7,518768;5,365372;3,175735;3,629684;3,30925;2,738953;3,629684;3,437042;2,738953;3,30925;6,240845;2,189636;3,648758;3,175735;3,30925;3,175735;2,485275;3,648758;3,629684;3,629684;6,240845;5,365372;2,485275;7,518768;2,485275;3,30925;5,365372;3,175735;3,30925;3,30925;2,738953;7,518768;2,227783;6,240845;3,629684;3,629684;3,437042;3,629684
"453";"1987-09-01";6,303787;3,938675;7,606506;7,629395;7,629395;6,303787;3,938675;6,357193;6,772995;7,606506;6,351471;4,508972;7,606506;6,303787;7,606506;7,629395;8,039474;5,683899;7,629395;4,060745;7,629395;5,174637;5,819321;5,683899;4,060745;5,683899;7,606506;4,987717;7,606506;7,629395;6,303787;8,039474;6,303787;8,039474;6,303787;7,629395;7,629395;5,174637;4,987717;4,987717;7,629395;6,351471;6,351471;4,060745;6,772995;8,674622;5,947113;8,674622;6,39534;5,92804;5,92804;6,122589;8,039474;8,674622;5,130768;5,92804;8,674622;5,92804;6,39534;6,39534;6,39534;6,772995;4,621506;6,122589;4,621506;5,947113;4,621506;7,837296;6,122589;5,92804;6,39534;8,674622;6,357193;6,39534;8,039474;6,357193;8,674622;5,947113;6,351471;4,621506;5,92804;8,674622;5,92804;6,772995;4,621506;6,39534;6,39534;5,947113;6,122589;6,772995;7,837296;6,772995;8,674622;6,122589;5,92804;8,674622;8,674622;6,357193;7,837296;4,508972;5,947113;6,39534;6,39534;8,039474;6,39534
"454";"1987-10-01";0,4730225;0,4348755;1,514435;0,333786;0,333786;0,4730225;0,4348755;1,07193;1,779556;1,514435;0,5016327;1,083374;1,514435;0,4730225;1,514435;0,333786;1,655579;0,2708435;0,333786;0,05722046;0,333786;0,02098083;0,06484985;0,2708435;0,05722046;0,2708435;1,514435;0,2098083;1,514435;0,333786;0,4730225;1,655579;0,4730225;1,655579;0,4730225;0,333786;0,333786;0,02098083;0,2098083;0,2098083;0,333786;0,5016327;0,5016327;0,05722046;1,779556;4,339218;2,428055;4,339218;2,031326;3,908157;3,908157;4,91333;1,655579;4,339218;4,091263;3,908157;4,339218;3,908157;2,031326;2,031326;2,031326;1,779556;4,676819;4,91333;4,676819;2,428055;4,676819;3,858566;4,91333;3,908157;2,031326;4,339218;1,07193;2,031326;1,655579;1,07193;4,339218;2,428055;0,5016327;4,676819;3,908157;4,339218;3,908157;1,779556;4,676819;2,031326;2,031326;2,428055;4,91333;1,779556;3,858566;1,779556;4,339218;4,91333;3,908157;4,339218;4,339218;1,07193;3,858566;1,083374;2,428055;2,031326;2,031326;1,655579;2,031326
"455";"1987-11-01";0,5702972;0,6542206;3,698349;0,8411407;0,8411407;0,5702972;0,6542206;1,909256;2,376556;3,698349;0,825882;0,8678436;3,698349;0,5702972;3,698349;0,8411407;2,750397;0,9384155;0,8411407;1,422882;0,8411407;0,5664825;0,3700256;0,9384155;1,422882;0,9384155;3,698349;1,014709;3,698349;0,8411407;0,5702972;2,750397;0,5702972;2,750397;0,5702972;0,8411407;0,8411407;0,5664825;1,014709;1,014709;0,8411407;0,825882;0,825882;1,422882;2,376556;9,317398;2,449036;9,317398;4,238129;6,622314;6,622314;1,987457;2,750397;9,317398;3,002167;6,622314;9,317398;6,622314;4,238129;4,238129;4,238129;2,376556;5,260468;1,987457;5,260468;2,449036;5,260468;1,340866;1,987457;6,622314;4,238129;9,317398;1,909256;4,238129;2,750397;1,909256;9,317398;2,449036;0,825882;5,260468;6,622314;9,317398;6,622314;2,376556;5,260468;4,238129;4,238129;2,449036;1,987457;2,376556;1,340866;2,376556;9,317398;1,987457;6,622314;9,317398;9,317398;1,909256;1,340866;0,8678436;2,449036;4,238129;4,238129;2,750397;4,238129
"456";"1987-12-01";0,1564026;0,1659393;2,056122;0,213623;0,213623;0,1564026;0,1659393;0,8449554;1,834869;2,056122;0,1850128;0,7095337;2,056122;0,1564026;2,056122;0,213623;1,943588;0,3395081;0,213623;0,2918243;0,213623;0,08010864;0,07629395;0,3395081;0,2918243;0,3395081;2,056122;0,3166199;2,056122;0,213623;0,1564026;1,943588;0,1564026;1,943588;0,1564026;0,213623;0,213623;0,08010864;0,3166199;0,3166199;0,213623;0,1850128;0,1850128;0,2918243;1,834869;6,483078;2,439499;6,483078;2,813339;6,479263;6,479263;3,601074;1,943588;6,483078;3,803253;6,479263;6,483078;6,479263;2,813339;2,813339;2,813339;1,834869;4,840851;3,601074;4,840851;2,439499;4,840851;2,920151;3,601074;6,479263;2,813339;6,483078;0,8449554;2,813339;1,943588;0,8449554;6,483078;2,439499;0,1850128;4,840851;6,479263;6,483078;6,479263;1,834869;4,840851;2,813339;2,813339;2,439499;3,601074;1,834869;2,920151;1,834869;6,483078;3,601074;6,479263;6,483078;6,483078;0,8449554;2,920151;0,7095337;2,439499;2,813339;2,813339;1,943588;2,813339
"457";"1988-01-01";0,1010895;0,1010895;2,080917;0,2803802;0,2803802;0,1010895;0,1010895;0,6752014;1,083374;2,080917;0,2098083;0,5779266;2,080917;0,1010895;2,080917;0,2803802;1,419067;0,41008;0,2803802;0,3566742;0,2803802;0,2441406;0,06484985;0,41008;0,3566742;0,41008;2,080917;0,1907349;2,080917;0,2803802;0,1010895;1,419067;0,1010895;1,419067;0,1010895;0,2803802;0,2803802;0,2441406;0,1907349;0,1907349;0,2803802;0,2098083;0,2098083;0,3566742;1,083374;5,851746;1,491547;5,851746;2,023697;3,978729;3,978729;2,5177;1,419067;5,851746;3,433228;3,978729;5,851746;3,978729;2,023697;2,023697;2,023697;1,083374;3,7117;2,5177;3,7117;1,491547;3,7117;1,504898;2,5177;3,978729;2,023697;5,851746;0,6752014;2,023697;1,419067;0,6752014;5,851746;1,491547;0,2098083;3,7117;3,978729;5,851746;3,978729;1,083374;3,7117;2,023697;2,023697;1,491547;2,5177;1,083374;1,504898;1,083374;5,851746;2,5177;3,978729;5,851746;5,851746;0,6752014;1,504898;0,5779266;1,491547;2,023697;2,023697;1,419067;2,023697
"458";"1988-02-01";0,4367828;0,3223419;3,002167;0,8487701;0,8487701;0,4367828;0,3223419;1,3237;1,840591;3,002167;1,031876;0,6942749;3,002167;0,4367828;3,002167;0,8487701;2,771378;0,7400513;0,8487701;1,026154;0,8487701;0,5054474;0,3356934;0,7400513;1,026154;0,7400513;3,002167;1,075745;3,002167;0,8487701;0,4367828;2,771378;0,4367828;2,771378;0,4367828;0,8487701;0,8487701;0,5054474;1,075745;1,075745;0,8487701;1,031876;1,031876;1,026154;1,840591;7,135391;2,355576;7,135391;3,206253;6,011963;6,011963;4,005432;2,771378;7,135391;4,699707;6,011963;7,135391;6,011963;3,206253;3,206253;3,206253;1,840591;4,652023;4,005432;4,652023;2,355576;4,652023;2,902985;4,005432;6,011963;3,206253;7,135391;1,3237;3,206253;2,771378;1,3237;7,135391;2,355576;1,031876;4,652023;6,011963;7,135391;6,011963;1,840591;4,652023;3,206253;3,206253;2,355576;4,005432;1,840591;2,902985;1,840591;7,135391;4,005432;6,011963;7,135391;7,135391;1,3237;2,902985;0,6942749;2,355576;3,206253;3,206253;2,771378;3,206253
"459";"1988-03-01";0,8659363;1,125336;3,973007;1,249313;1,249313;0,8659363;1,125336;2,30217;2,80571;3,973007;1,125336;1,014709;3,973007;0,8659363;3,973007;1,249313;4,28772;0,8811951;1,249313;1,41716;1,249313;0,6694794;0,535965;0,8811951;1,41716;0,8811951;3,973007;1,64032;3,973007;1,249313;0,8659363;4,28772;0,8659363;4,28772;0,8659363;1,249313;1,249313;0,6694794;1,64032;1,64032;1,249313;1,125336;1,125336;1,41716;2,80571;11,11031;2,651215;11,11031;6,46019;8,647919;8,647919;3,330231;4,28772;11,11031;4,468918;8,647919;11,11031;8,647919;6,46019;6,46019;6,46019;2,80571;5,634308;3,330231;5,634308;2,651215;5,634308;2,094269;3,330231;8,647919;6,46019;11,11031;2,30217;6,46019;4,28772;2,30217;11,11031;2,651215;1,125336;5,634308;8,647919;11,11031;8,647919;2,80571;5,634308;6,46019;6,46019;2,651215;3,330231;2,80571;2,094269;2,80571;11,11031;3,330231;8,647919;11,11031;11,11031;2,30217;2,094269;1,014709;2,651215;6,46019;6,46019;4,28772;6,46019
"460";"1988-04-01";0,9937286;0,7362366;7,194519;1,79863;1,79863;0,9937286;0,7362366;4,800797;4,640579;7,194519;1,995087;1,367569;7,194519;0,9937286;7,194519;1,79863;6,658554;1,676559;1,79863;2,088547;1,79863;1,125336;0,8220673;1,676559;2,088547;1,676559;7,194519;2,222061;7,194519;1,79863;0,9937286;6,658554;0,9937286;6,658554;0,9937286;1,79863;1,79863;1,125336;2,222061;2,222061;1,79863;1,995087;1,995087;2,088547;4,640579;19,69528;5,105972;19,69528;10,98251;15,63072;15,63072;3,944397;6,658554;19,69528;6,20842;15,63072;19,69528;15,63072;10,98251;10,98251;10,98251;4,640579;9,063721;3,944397;9,063721;5,105972;9,063721;4,66156;3,944397;15,63072;10,98251;19,69528;4,800797;10,98251;6,658554;4,800797;19,69528;5,105972;1,995087;9,063721;15,63072;19,69528;15,63072;4,640579;9,063721;10,98251;10,98251;5,105972;3,944397;4,640579;4,66156;4,640579;19,69528;3,944397;15,63072;19,69528;19,69528;4,800797;4,66156;1,367569;5,105972;10,98251;10,98251;6,658554;10,98251
"461";"1988-05-01";2,454758;2,645493;5,781174;2,906799;2,906799;2,454758;2,645493;4,468918;6,847382;5,781174;2,48909;3,479004;5,781174;2,454758;5,781174;2,906799;8,646011;2,304077;2,906799;4,001617;2,906799;3,116608;1,873016;2,304077;4,001617;2,304077;5,781174;3,267288;5,781174;2,906799;2,454758;8,646011;2,454758;8,646011;2,454758;2,906799;2,906799;3,116608;3,267288;3,267288;2,906799;2,48909;2,48909;4,001617;6,847382;12,78687;6,507874;12,78687;6,534576;17,11845;17,11845;9,000778;8,646011;12,78687;9,29451;17,11845;12,78687;17,11845;6,534576;6,534576;6,534576;6,847382;16,67023;9,000778;16,67023;6,507874;16,67023;6,160736;9,000778;17,11845;6,534576;12,78687;4,468918;6,534576;8,646011;4,468918;12,78687;6,507874;2,48909;16,67023;17,11845;12,78687;17,11845;6,847382;16,67023;6,534576;6,534576;6,507874;9,000778;6,847382;6,160736;6,847382;12,78687;9,000778;17,11845;12,78687;12,78687;4,468918;6,160736;3,479004;6,507874;6,534576;6,534576;8,646011;6,534576
"462";"1988-06-01";4,737854;4,295349;10,74982;6,198883;6,198883;4,737854;4,295349;8,468628;7,823944;10,74982;5,28717;5,641937;10,74982;4,737854;10,74982;6,198883;11,46317;5,573273;6,198883;5,634308;6,198883;4,833221;4,650116;5,573273;5,634308;5,573273;10,74982;5,123138;10,74982;6,198883;4,737854;11,46317;4,737854;11,46317;4,737854;6,198883;6,198883;4,833221;5,123138;5,123138;6,198883;5,28717;5,28717;5,634308;7,823944;13,39722;10,38742;13,39722;10,36835;11,60431;11,60431;14,85062;11,46317;13,39722;15,14816;11,60431;13,39722;11,60431;10,36835;10,36835;10,36835;7,823944;11,75308;14,85062;11,75308;10,38742;11,75308;12,49695;14,85062;11,60431;10,36835;13,39722;8,468628;10,36835;11,46317;8,468628;13,39722;10,38742;5,28717;11,75308;11,60431;13,39722;11,60431;7,823944;11,75308;10,36835;10,36835;10,38742;14,85062;7,823944;12,49695;7,823944;13,39722;14,85062;11,60431;13,39722;13,39722;8,468628;12,49695;5,641937;10,38742;10,36835;10,36835;11,46317;10,36835
"463";"1988-07-01";3,2444;2,27356;4,371643;4,434586;4,434586;3,2444;2,27356;3,43132;3,614426;4,371643;2,809525;3,185272;4,371643;3,2444;4,371643;4,434586;5,331039;3,400803;4,434586;3,78418;4,434586;3,673553;3,551483;3,400803;3,78418;3,400803;4,371643;3,248215;4,371643;4,434586;3,2444;5,331039;3,2444;5,331039;3,2444;4,434586;4,434586;3,673553;3,248215;3,248215;4,434586;2,809525;2,809525;3,78418;3,614426;3,900528;6,788254;3,900528;3,990173;4,25148;4,25148;6,814957;5,331039;3,900528;5,329132;4,25148;3,900528;4,25148;3,990173;3,990173;3,990173;3,614426;4,285812;6,814957;4,285812;6,788254;4,285812;9,021759;6,814957;4,25148;3,990173;3,900528;3,43132;3,990173;5,331039;3,43132;3,900528;6,788254;2,809525;4,285812;4,25148;3,900528;4,25148;3,614426;4,285812;3,990173;3,990173;6,788254;6,814957;3,614426;9,021759;3,614426;3,900528;6,814957;4,25148;3,900528;3,900528;3,43132;9,021759;3,185272;6,788254;3,990173;3,990173;5,331039;3,990173
"464";"1988-08-01";5,367279;4,140854;7,349014;6,988525;6,988525;5,367279;4,140854;7,024765;7,579803;7,349014;4,981995;6,036758;7,349014;5,367279;7,349014;6,988525;9,105682;4,802704;6,988525;3,7117;6,988525;5,212784;4,753113;4,802704;3,7117;4,802704;7,349014;4,15802;7,349014;6,988525;5,367279;9,105682;5,367279;9,105682;5,367279;6,988525;6,988525;5,212784;4,15802;4,15802;6,988525;4,981995;4,981995;3,7117;7,579803;8,85582;8,687973;8,85582;7,631302;10,55145;10,55145;11,64055;9,105682;8,85582;10,35118;10,55145;8,85582;10,55145;7,631302;7,631302;7,631302;7,579803;10,05936;11,64055;10,05936;8,687973;10,05936;12,42828;11,64055;10,55145;7,631302;8,85582;7,024765;7,631302;9,105682;7,024765;8,85582;8,687973;4,981995;10,05936;10,55145;8,85582;10,55145;7,579803;10,05936;7,631302;7,631302;8,687973;11,64055;7,579803;12,42828;7,579803;8,85582;11,64055;10,55145;8,85582;8,85582;7,024765;12,42828;6,036758;8,687973;7,631302;7,631302;9,105682;7,631302
"465";"1988-09-01";6,86264;4,945755;7,87735;6,84166;6,84166;6,86264;4,945755;6,969452;8,464813;7,87735;5,123138;5,895615;7,87735;6,86264;7,87735;6,84166;8,256912;5,344391;6,84166;4,354477;6,84166;5,784988;5,344391;5,344391;4,354477;5,344391;7,87735;3,768921;7,87735;6,84166;6,86264;8,256912;6,86264;8,256912;6,86264;6,84166;6,84166;5,784988;3,768921;3,768921;6,84166;5,123138;5,123138;4,354477;8,464813;11,14273;10,28061;11,14273;8,043289;12,39967;12,39967;10,0174;8,256912;11,14273;8,964539;12,39967;11,14273;12,39967;8,043289;8,043289;8,043289;8,464813;9,614944;10,0174;9,614944;10,28061;9,614944;10,87379;10,0174;12,39967;8,043289;11,14273;6,969452;8,043289;8,256912;6,969452;11,14273;10,28061;5,123138;9,614944;12,39967;11,14273;12,39967;8,464813;9,614944;8,043289;8,043289;10,28061;10,0174;8,464813;10,87379;8,464813;11,14273;10,0174;12,39967;11,14273;11,14273;6,969452;10,87379;5,895615;10,28061;8,043289;8,043289;8,256912;8,043289
"466";"1988-10-01";1,00708;0,8888245;3,87001;1,478195;1,478195;1,00708;0,8888245;2,674103;2,613068;3,87001;1,665115;1,981735;3,87001;1,00708;3,87001;1,478195;3,69072;1,327515;1,478195;0,8049011;1,478195;0,7019043;0,4081726;1,327515;0,8049011;1,327515;3,87001;1,232147;3,87001;1,478195;1,00708;3,69072;1,00708;3,69072;1,00708;1,478195;1,478195;0,7019043;1,232147;1,232147;1,478195;1,665115;1,665115;0,8049011;2,613068;7,0858;5,134583;7,0858;4,179001;4,243851;4,243851;4,753113;3,69072;7,0858;4,779816;4,243851;7,0858;4,243851;4,179001;4,179001;4,179001;2,613068;4,981995;4,753113;4,981995;5,134583;4,981995;4,724503;4,753113;4,243851;4,179001;7,0858;2,674103;4,179001;3,69072;2,674103;7,0858;5,134583;1,665115;4,981995;4,243851;7,0858;4,243851;2,613068;4,981995;4,179001;4,179001;5,134583;4,753113;2,613068;4,724503;2,613068;7,0858;4,753113;4,243851;7,0858;7,0858;2,674103;4,724503;1,981735;5,134583;4,179001;4,179001;3,69072;4,179001
"467";"1988-11-01";0,289917;0,4177094;0,7305145;0,1735687;0,1735687;0,289917;0,4177094;0,3318787;0,9002686;0,7305145;0,2727509;0,6217957;0,7305145;0,289917;0,7305145;0,1735687;0,6122589;0,213623;0,1735687;0,1335144;0,1735687;0,06103516;0,04577637;0,213623;0,1335144;0,213623;0,7305145;0,2746582;0,7305145;0,1735687;0,289917;0,6122589;0,289917;0,6122589;0,289917;0,1735687;0,1735687;0,06103516;0,2746582;0,2746582;0,1735687;0,2727509;0,2727509;0,1335144;0,9002686;1,516342;0,7991791;1,516342;0,4673004;1,415253;1,415253;2,147675;0,6122589;1,516342;2,000809;1,415253;1,516342;1,415253;0,4673004;0,4673004;0,4673004;0,9002686;1,991272;2,147675;1,991272;0,7991791;1,991272;1,785278;2,147675;1,415253;0,4673004;1,516342;0,3318787;0,4673004;0,6122589;0,3318787;1,516342;0,7991791;0,2727509;1,991272;1,415253;1,516342;1,415253;0,9002686;1,991272;0,4673004;0,4673004;0,7991791;2,147675;0,9002686;1,785278;0,9002686;1,516342;2,147675;1,415253;1,516342;1,516342;0,3318787;1,785278;0,6217957;0,7991791;0,4673004;0,4673004;0,6122589;0,4673004
"468";"1988-12-01";0,1926422;0,1754761;1,937866;0,3986359;0,3986359;0,1926422;0,1754761;0,5989075;1,049042;1,937866;0,3833771;1,098633;1,937866;0,1926422;1,937866;0,3986359;1,415253;0,5340576;0,3986359;0,09918213;0,3986359;0,05912781;0,04005432;0,5340576;0,09918213;0,5340576;1,937866;0,1449585;1,937866;0,3986359;0,1926422;1,415253;0,1926422;1,415253;0,1926422;0,3986359;0,3986359;0,05912781;0,1449585;0,1449585;0,3986359;0,3833771;0,3833771;0,09918213;1,049042;3,423691;1,10817;3,423691;0,8525848;2,922058;2,922058;5,418777;1,415253;3,423691;5,950928;2,922058;3,423691;2,922058;0,8525848;0,8525848;0,8525848;1,049042;4,621506;5,418777;4,621506;1,10817;4,621506;3,313065;5,418777;2,922058;0,8525848;3,423691;0,5989075;0,8525848;1,415253;0,5989075;3,423691;1,10817;0,3833771;4,621506;2,922058;3,423691;2,922058;1,049042;4,621506;0,8525848;0,8525848;1,10817;5,418777;1,049042;3,313065;1,049042;3,423691;5,418777;2,922058;3,423691;3,423691;0,5989075;3,313065;1,098633;1,10817;0,8525848;0,8525848;1,415253;0,8525848
"469";"1989-01-01";0,2336502;0,1955032;0,9555817;0,3223419;0,3223419;0,2336502;0,1955032;0,8687973;0,8955002;0,9555817;0,4043579;0,500679;0,9555817;0,2336502;0,9555817;0,3223419;1,114845;0,3061295;0,3223419;0,4911423;0,3223419;0,1525879;0,1087189;0,3061295;0,4911423;0,3061295;0,9555817;0,4043579;0,9555817;0,3223419;0,2336502;1,114845;0,2336502;1,114845;0,2336502;0,3223419;0,3223419;0,1525879;0,4043579;0,4043579;0,3223419;0,4043579;0,4043579;0,4911423;0,8955002;2,174377;1,104355;2,174377;1,339912;2,189636;2,189636;1,729965;1,114845;2,174377;1,885414;2,189636;2,174377;2,189636;1,339912;1,339912;1,339912;0,8955002;2,150536;1,729965;2,150536;1,104355;2,150536;2,002716;1,729965;2,189636;1,339912;2,174377;0,8687973;1,339912;1,114845;0,8687973;2,174377;1,104355;0,4043579;2,150536;2,189636;2,174377;2,189636;0,8955002;2,150536;1,339912;1,339912;1,104355;1,729965;0,8955002;2,002716;0,8955002;2,174377;1,729965;2,189636;2,174377;2,174377;0,8687973;2,002716;0,500679;1,104355;1,339912;1,339912;1,114845;1,339912
"470";"1989-02-01";0,1888275;0,1621246;1,624107;0,3824234;0,3824234;0,1888275;0,1621246;0,5979538;0,7753372;1,624107;0,2985001;0,743866;1,624107;0,1888275;1,624107;0,3824234;1,234055;0,4243851;0,3824234;0,2679825;0,3824234;0,1106262;0,08296967;0,4243851;0,2679825;0,4243851;1,624107;0,3871918;1,624107;0,3824234;0,1888275;1,234055;0,1888275;1,234055;0,1888275;0,3824234;0,3824234;0,1106262;0,3871918;0,3871918;0,3824234;0,2985001;0,2985001;0,2679825;0,7753372;3,08609;0,869751;3,08609;0,9479523;1,970291;1,970291;2,203941;1,234055;3,08609;2,538681;1,970291;3,08609;1,970291;0,9479523;0,9479523;0,9479523;0,7753372;3,029823;2,203941;3,029823;0,869751;3,029823;1,800537;2,203941;1,970291;0,9479523;3,08609;0,5979538;0,9479523;1,234055;0,5979538;3,08609;0,869751;0,2985001;3,029823;1,970291;3,08609;1,970291;0,7753372;3,029823;0,9479523;0,9479523;0,869751;2,203941;0,7753372;1,800537;0,7753372;3,08609;2,203941;1,970291;3,08609;3,08609;0,5979538;1,800537;0,743866;0,869751;0,9479523;0,9479523;1,234055;0,9479523
"471";"1989-03-01";0,6361008;0,6370544;2,652168;0,9098053;0,9098053;0,6361008;0,6370544;1,874924;1,613617;2,652168;1,312256;0,6332397;2,652168;0,6361008;2,652168;0,9098053;2,614021;0,9012222;0,9098053;0,9899139;0,9098053;0,5073547;0,4997253;0,9012222;0,9899139;0,9012222;2,652168;1,504898;2,652168;0,9098053;0,6361008;2,614021;0,6361008;2,614021;0,6361008;0,9098053;0,9098053;0,5073547;1,504898;1,504898;0,9098053;1,312256;1,312256;0,9899139;1,613617;5,005836;0,9002686;5,005836;3,134727;4,264832;4,264832;1,713753;2,614021;5,005836;2,427101;4,264832;5,005836;4,264832;3,134727;3,134727;3,134727;1,613617;3,045082;1,713753;3,045082;0,9002686;3,045082;0,8039474;1,713753;4,264832;3,134727;5,005836;1,874924;3,134727;2,614021;1,874924;5,005836;0,9002686;1,312256;3,045082;4,264832;5,005836;4,264832;1,613617;3,045082;3,134727;3,134727;0,9002686;1,713753;1,613617;0,8039474;1,613617;5,005836;1,713753;4,264832;5,005836;5,005836;1,874924;0,8039474;0,6332397;0,9002686;3,134727;3,134727;2,614021;3,134727
"472";"1989-04-01";1,617432;2,155304;6,820679;2,342224;2,342224;1,617432;2,155304;4,583359;6,26564;6,820679;3,145218;2,45285;6,820679;1,617432;6,820679;2,342224;9,159088;2,576828;2,342224;3,318787;2,342224;1,337051;0,9670258;2,576828;3,318787;2,576828;6,820679;3,759384;6,820679;2,342224;1,617432;9,159088;1,617432;9,159088;1,617432;2,342224;2,342224;1,337051;3,759384;3,759384;2,342224;3,145218;3,145218;3,318787;6,26564;13,71384;3,757477;13,71384;8,188248;18,00537;18,00537;5,054474;9,159088;13,71384;6,68335;18,00537;13,71384;18,00537;8,188248;8,188248;8,188248;6,26564;11,43837;5,054474;11,43837;3,757477;11,43837;5,659103;5,054474;18,00537;8,188248;13,71384;4,583359;8,188248;9,159088;4,583359;13,71384;3,757477;3,145218;11,43837;18,00537;13,71384;18,00537;6,26564;11,43837;8,188248;8,188248;3,757477;5,054474;6,26564;5,659103;6,26564;13,71384;5,054474;18,00537;13,71384;13,71384;4,583359;5,659103;2,45285;3,757477;8,188248;8,188248;9,159088;8,188248
"473";"1989-05-01";1,800537;2,082825;3,660202;2,918243;2,918243;1,800537;2,082825;2,782822;3,652573;3,660202;2,02179;2,590179;3,660202;1,800537;3,660202;2,918243;6,092072;2,250671;2,918243;2,779007;2,918243;2,571106;1,716614;2,250671;2,779007;2,250671;3,660202;2,574921;3,660202;2,918243;1,800537;6,092072;1,800537;6,092072;1,800537;2,918243;2,918243;2,571106;2,574921;2,574921;2,918243;2,02179;2,02179;2,779007;3,652573;3,583908;2,576828;3,583908;4,108429;6,378174;6,378174;3,185272;6,092072;3,583908;3,726959;6,378174;3,583908;6,378174;4,108429;4,108429;4,108429;3,652573;5,92804;3,185272;5,92804;2,576828;5,92804;3,810883;3,185272;6,378174;4,108429;3,583908;2,782822;4,108429;6,092072;2,782822;3,583908;2,576828;2,02179;5,92804;6,378174;3,583908;6,378174;3,652573;5,92804;4,108429;4,108429;2,576828;3,185272;3,652573;3,810883;3,652573;3,583908;3,185272;6,378174;3,583908;3,583908;2,782822;3,810883;2,590179;2,576828;4,108429;4,108429;6,092072;4,108429
"474";"1989-06-01";8,625031;7,770538;8,766174;8,815765;8,815765;8,625031;7,770538;7,602692;11,24954;8,766174;5,901337;8,411407;8,766174;8,625031;8,766174;8,815765;12,96234;5,767822;8,815765;5,451202;8,815765;6,736755;7,801056;5,767822;5,451202;5,767822;8,766174;5,310059;8,766174;8,815765;8,625031;12,96234;8,625031;12,96234;8,625031;8,815765;8,815765;6,736755;5,310059;5,310059;8,815765;5,901337;5,901337;5,451202;11,24954;10,75745;8,304596;10,75745;8,823395;14,16397;14,16397;14,09531;12,96234;10,75745;14,68658;14,16397;10,75745;14,16397;8,823395;8,823395;8,823395;11,24954;12,41302;14,09531;12,41302;8,304596;12,41302;11,93619;14,09531;14,16397;8,823395;10,75745;7,602692;8,823395;12,96234;7,602692;10,75745;8,304596;5,901337;12,41302;14,16397;10,75745;14,16397;11,24954;12,41302;8,823395;8,823395;8,304596;14,09531;11,24954;11,93619;11,24954;10,75745;14,09531;14,16397;10,75745;10,75745;7,602692;11,93619;8,411407;8,304596;8,823395;8,823395;12,96234;8,823395
"475";"1989-07-01";2,534866;2,321243;5,235672;3,522873;3,522873;2,534866;2,321243;4,234314;3,513336;5,235672;3,274918;3,547668;5,235672;2,534866;5,235672;3,522873;5,077362;3,137589;3,522873;3,040314;3,522873;2,83432;2,210617;3,137589;3,040314;3,137589;5,235672;3,335953;5,235672;3,522873;2,534866;5,077362;2,534866;5,077362;2,534866;3,522873;3,522873;2,83432;3,335953;3,335953;3,522873;3,274918;3,274918;3,040314;3,513336;6,977081;6,793976;6,977081;5,519867;5,908966;5,908966;7,602692;5,077362;6,977081;6,568909;5,908966;6,977081;5,908966;5,519867;5,519867;5,519867;3,513336;5,722046;7,602692;5,722046;6,793976;5,722046;8,695602;7,602692;5,908966;5,519867;6,977081;4,234314;5,519867;5,077362;4,234314;6,977081;6,793976;3,274918;5,722046;5,908966;6,977081;5,908966;3,513336;5,722046;5,519867;5,519867;6,793976;7,602692;3,513336;8,695602;3,513336;6,977081;7,602692;5,908966;6,977081;6,977081;4,234314;8,695602;3,547668;6,793976;5,519867;5,519867;5,077362;5,519867
"476";"1989-08-01";4,993439;3,429413;4,699707;6,710052;6,710052;4,993439;3,429413;4,1008;4,581451;4,699707;4,074097;4,108429;4,699707;4,993439;4,699707;6,710052;5,313873;4,600525;6,710052;5,943298;6,710052;6,984711;6,267548;4,600525;5,943298;4,600525;4,699707;5,489349;4,699707;6,710052;4,993439;5,313873;4,993439;5,313873;4,993439;6,710052;6,710052;6,984711;5,489349;5,489349;6,710052;4,074097;4,074097;5,943298;4,581451;4,062653;6,732941;4,062653;4,291534;3,795624;3,795624;6,080627;5,313873;4,062653;4,497528;3,795624;4,062653;3,795624;4,291534;4,291534;4,291534;4,581451;3,887177;6,080627;3,887177;6,732941;3,887177;8,289337;6,080627;3,795624;4,291534;4,062653;4,1008;4,291534;5,313873;4,1008;4,062653;6,732941;4,074097;3,887177;3,795624;4,062653;3,795624;4,581451;3,887177;4,291534;4,291534;6,732941;6,080627;4,581451;8,289337;4,581451;4,062653;6,080627;3,795624;4,062653;4,062653;4,1008;8,289337;4,108429;6,732941;4,291534;4,291534;5,313873;4,291534
"477";"1989-09-01";4,728317;3,890991;6,58226;4,972458;4,972458;4,728317;3,890991;6,33049;5,935669;6,58226;4,247665;4,680634;6,58226;4,728317;6,58226;4,972458;6,326675;3,1147;4,972458;2,080917;4,972458;3,43895;3,164291;3,1147;2,080917;3,1147;6,58226;3,276825;6,58226;4,972458;4,728317;6,326675;4,728317;6,326675;4,728317;4,972458;4,972458;3,43895;3,276825;3,276825;4,972458;4,247665;4,247665;2,080917;5,935669;8,817673;5,563736;8,817673;6,555557;7,051468;7,051468;9,946823;6,326675;8,817673;7,499695;7,051468;8,817673;7,051468;6,555557;6,555557;6,555557;5,935669;6,372452;9,946823;6,372452;5,563736;6,372452;11,49178;9,946823;7,051468;6,555557;8,817673;6,33049;6,555557;6,326675;6,33049;8,817673;5,563736;4,247665;6,372452;7,051468;8,817673;7,051468;5,935669;6,372452;6,555557;6,555557;5,563736;9,946823;5,935669;11,49178;5,935669;8,817673;9,946823;7,051468;8,817673;8,817673;6,33049;11,49178;4,680634;5,563736;6,555557;6,555557;6,326675;6,555557
"478";"1989-10-01";2,132416;1,186371;3,892899;3,190994;3,190994;2,132416;1,186371;2,277374;3,442764;3,892899;1,941681;2,122879;3,892899;2,132416;3,892899;3,190994;4,238129;2,319336;3,190994;1,516342;3,190994;1,9207;1,813889;2,319336;1,516342;2,319336;3,892899;1,646042;3,892899;3,190994;2,132416;4,238129;2,132416;4,238129;2,132416;3,190994;3,190994;1,9207;1,646042;1,646042;3,190994;1,941681;1,941681;1,516342;3,442764;5,987167;4,299164;5,987167;3,137589;5,407333;5,407333;3,818512;4,238129;5,987167;3,002167;5,407333;5,987167;5,407333;3,137589;3,137589;3,137589;3,442764;4,997253;3,818512;4,997253;4,299164;4,997253;3,856659;3,818512;5,407333;3,137589;5,987167;2,277374;3,137589;4,238129;2,277374;5,987167;4,299164;1,941681;4,997253;5,407333;5,987167;5,407333;3,442764;4,997253;3,137589;3,137589;4,299164;3,818512;3,442764;3,856659;3,442764;5,987167;3,818512;5,407333;5,987167;5,987167;2,277374;3,856659;2,122879;4,299164;3,137589;3,137589;4,238129;3,137589
"479";"1989-11-01";0,6351471;0,4558563;2,820969;1,115799;1,115799;0,6351471;0,4558563;2,086639;1,655579;2,820969;1,003265;1,062393;2,820969;0,6351471;2,820969;1,115799;2,695084;1,232147;1,115799;0,8106232;1,115799;0,6656647;0,4196167;1,232147;0,8106232;1,232147;2,820969;0,6790161;2,820969;1,115799;0,6351471;2,695084;0,6351471;2,695084;0,6351471;1,115799;1,115799;0,6656647;0,6790161;0,6790161;1,115799;1,003265;1,003265;0,8106232;1,655579;4,230499;2,290726;4,230499;2,635956;3,679276;3,679276;4,333496;2,695084;4,230499;3,795624;3,679276;4,230499;3,679276;2,635956;2,635956;2,635956;1,655579;3,681183;4,333496;3,681183;2,290726;3,681183;4,007339;4,333496;3,679276;2,635956;4,230499;2,086639;2,635956;2,695084;2,086639;4,230499;2,290726;1,003265;3,681183;3,679276;4,230499;3,679276;1,655579;3,681183;2,635956;2,635956;2,290726;4,333496;1,655579;4,007339;1,655579;4,230499;4,333496;3,679276;4,230499;4,230499;2,086639;4,007339;1,062393;2,290726;2,635956;2,635956;2,695084;2,635956
"480";"1989-12-01";0,4653931;0,579834;2,23732;0,4749298;0,4749298;0,4653931;0,579834;0,8850098;1,486778;2,23732;0,4081726;0,6227493;2,23732;0,4653931;2,23732;0,4749298;1,854897;0,5493164;0,4749298;0,6093979;0,4749298;0,2775192;0,2737045;0,5493164;0,6093979;0,5493164;2,23732;0,4711151;2,23732;0,4749298;0,4653931;1,854897;0,4653931;1,854897;0,4653931;0,4749298;0,4749298;0,2775192;0,4711151;0,4711151;0,4749298;0,4081726;0,4081726;0,6093979;1,486778;6,236076;1,395226;6,236076;2,11525;4,910469;4,910469;4,384995;1,854897;6,236076;6,298065;4,910469;6,236076;4,910469;2,11525;2,11525;2,11525;1,486778;4,036903;4,384995;4,036903;1,395226;4,036903;1,563072;4,384995;4,910469;2,11525;6,236076;0,8850098;2,11525;1,854897;0,8850098;6,236076;1,395226;0,4081726;4,036903;4,910469;6,236076;4,910469;1,486778;4,036903;2,11525;2,11525;1,395226;4,384995;1,486778;1,563072;1,486778;6,236076;4,384995;4,910469;6,236076;6,236076;0,8850098;1,563072;0,6227493;1,395226;2,11525;2,11525;1,854897;2,11525
"481";"1990-01-01";0,330925;0,287056;1,489639;0,5378723;0,5378723;0,330925;0,287056;0,9288788;1,134872;1,489639;0,7600784;0,6914139;1,489639;0,330925;1,489639;0,5378723;1,606941;0,5779266;0,5378723;0,7600784;0,5378723;0,3547668;0,1144409;0,5779266;0,7600784;0,5779266;1,489639;0,8230209;1,489639;0,5378723;0,330925;1,606941;0,330925;1,606941;0,330925;0,5378723;0,5378723;0,3547668;0,8230209;0,8230209;0,5378723;0,7600784;0,7600784;0,7600784;1,134872;2,832413;1,196861;2,832413;1,563072;2,865791;2,865791;2,541542;1,606941;2,832413;3,011703;2,865791;2,832413;2,865791;1,563072;1,563072;1,563072;1,134872;2,948761;2,541542;2,948761;1,196861;2,948761;1,893997;2,541542;2,865791;1,563072;2,832413;0,9288788;1,563072;1,606941;0,9288788;2,832413;1,196861;0,7600784;2,948761;2,865791;2,832413;2,865791;1,134872;2,948761;1,563072;1,563072;1,196861;2,541542;1,134872;1,893997;1,134872;2,832413;2,541542;2,865791;2,832413;2,832413;0,9288788;1,893997;0,6914139;1,196861;1,563072;1,563072;1,606941;1,563072
"482";"1990-02-01";1,142502;1,443863;4,532814;1,355171;1,355171;1,142502;1,443863;2,52533;3,44944;4,532814;1,457214;1,505852;4,532814;1,142502;4,532814;1,355171;4,36306;1,785278;1,355171;2,692223;1,355171;1,335144;1,049995;1,785278;2,692223;1,785278;4,532814;1,99604;4,532814;1,355171;1,142502;4,36306;1,142502;4,36306;1,142502;1,355171;1,355171;1,335144;1,99604;1,99604;1,355171;1,457214;1,457214;2,692223;3,44944;9,680748;2,649307;9,680748;5,067825;10,89478;10,89478;4,603386;4,36306;9,680748;5,228996;10,89478;9,680748;10,89478;5,067825;5,067825;5,067825;3,44944;7,163048;4,603386;7,163048;2,649307;7,163048;3,987312;4,603386;10,89478;5,067825;9,680748;2,52533;5,067825;4,36306;2,52533;9,680748;2,649307;1,457214;7,163048;10,89478;9,680748;10,89478;3,44944;7,163048;5,067825;5,067825;2,649307;4,603386;3,44944;3,987312;3,44944;9,680748;4,603386;10,89478;9,680748;9,680748;2,52533;3,987312;1,505852;2,649307;5,067825;5,067825;4,36306;5,067825
"483";"1990-03-01";0,7991791;0,8525848;3,522873;1,247406;1,247406;0,7991791;0,8525848;2,216339;3,286362;3,522873;1,571655;1,10054;3,522873;0,7991791;3,522873;1,247406;3,976822;1,214981;1,247406;1,850128;1,247406;0,9708405;0,5111694;1,214981;1,850128;1,214981;3,522873;2,029419;3,522873;1,247406;0,7991791;3,976822;0,7991791;3,976822;0,7991791;1,247406;1,247406;0,9708405;2,029419;2,029419;1,247406;1,571655;1,571655;1,850128;3,286362;7,804871;1,577377;7,804871;4,144669;8,69751;8,69751;2,672195;3,976822;7,804871;3,65448;8,69751;7,804871;8,69751;4,144669;4,144669;4,144669;3,286362;5,914688;2,672195;5,914688;1,577377;5,914688;1,600266;2,672195;8,69751;4,144669;7,804871;2,216339;4,144669;3,976822;2,216339;7,804871;1,577377;1,571655;5,914688;8,69751;7,804871;8,69751;3,286362;5,914688;4,144669;4,144669;1,577377;2,672195;3,286362;1,600266;3,286362;7,804871;2,672195;8,69751;7,804871;7,804871;2,216339;1,600266;1,10054;1,577377;4,144669;4,144669;3,976822;4,144669
"484";"1990-04-01";3,993988;4,976273;7,448196;5,271912;5,271912;3,993988;4,976273;5,540848;8,068085;7,448196;3,570557;3,990173;7,448196;3,993988;7,448196;5,271912;12,94518;3,433228;5,271912;4,110336;5,271912;3,587723;2,717972;3,433228;4,110336;3,433228;7,448196;4,077911;7,448196;5,271912;3,993988;12,94518;3,993988;12,94518;3,993988;5,271912;5,271912;3,587723;4,077911;4,077911;5,271912;3,570557;3,570557;4,110336;8,068085;13,34;6,280899;13,34;8,481979;15,50484;15,50484;6,782532;12,94518;13,34;9,115219;15,50484;13,34;15,50484;8,481979;8,481979;8,481979;8,068085;10,87379;6,782532;10,87379;6,280899;10,87379;4,764557;6,782532;15,50484;8,481979;13,34;5,540848;8,481979;12,94518;5,540848;13,34;6,280899;3,570557;10,87379;15,50484;13,34;15,50484;8,068085;10,87379;8,481979;8,481979;6,280899;6,782532;8,068085;4,764557;8,068085;13,34;6,782532;15,50484;13,34;13,34;5,540848;4,764557;3,990173;6,280899;8,481979;8,481979;12,94518;8,481979
"485";"1990-05-01";3,793716;3,505707;3,908157;4,076004;4,076004;3,793716;3,505707;3,543854;5,191803;3,908157;2,202988;3,732681;3,908157;3,793716;3,908157;4,076004;7,614136;1,686096;4,076004;1,947403;4,076004;3,627777;3,21579;1,686096;1,947403;1,686096;3,908157;2,353668;3,908157;4,076004;3,793716;7,614136;3,793716;7,614136;3,793716;4,076004;4,076004;3,627777;2,353668;2,353668;4,076004;2,202988;2,202988;1,947403;5,191803;4,529953;4,394531;4,529953;4,407883;6,011963;6,011963;2,954483;7,614136;4,529953;3,297806;6,011963;4,529953;6,011963;4,407883;4,407883;4,407883;5,191803;5,056381;2,954483;5,056381;4,394531;5,056381;2,981186;2,954483;6,011963;4,407883;4,529953;3,543854;4,407883;7,614136;3,543854;4,529953;4,394531;2,202988;5,056381;6,011963;4,529953;6,011963;5,191803;5,056381;4,407883;4,407883;4,394531;2,954483;5,191803;2,981186;5,191803;4,529953;2,954483;6,011963;4,529953;4,529953;3,543854;2,981186;3,732681;4,394531;4,407883;4,407883;7,614136;4,407883
"486";"1990-06-01";3,032684;2,309799;3,725052;3,885269;3,885269;3,032684;2,309799;3,875732;3,866196;3,725052;3,288269;3,921509;3,725052;3,032684;3,725052;3,885269;4,526138;2,246857;3,885269;2,742767;3,885269;4,262924;2,893448;2,246857;2,742767;2,246857;3,725052;3,795624;3,725052;3,885269;3,032684;4,526138;3,032684;4,526138;3,032684;3,885269;3,885269;4,262924;3,795624;3,795624;3,885269;3,288269;3,288269;2,742767;3,866196;3,761292;7,135391;3,761292;5,069733;2,689362;2,689362;6,383896;4,526138;3,761292;5,577087;2,689362;3,761292;2,689362;5,069733;5,069733;5,069733;3,866196;3,925323;6,383896;3,925323;7,135391;3,925323;7,455826;6,383896;2,689362;5,069733;3,761292;3,875732;5,069733;4,526138;3,875732;3,761292;7,135391;3,288269;3,925323;2,689362;3,761292;2,689362;3,866196;3,925323;5,069733;5,069733;7,135391;6,383896;3,866196;7,455826;3,866196;3,761292;6,383896;2,689362;3,761292;3,761292;3,875732;7,455826;3,921509;7,135391;5,069733;5,069733;4,526138;5,069733
"487";"1990-07-01";3,755569;2,630234;4,760742;5,86319;5,86319;3,755569;2,630234;4,455566;3,862381;4,760742;4,999161;3,463745;4,760742;3,755569;4,760742;5,86319;5,825043;4,837036;5,86319;6,324768;5,86319;6,349564;4,495621;4,837036;6,324768;4,837036;4,760742;6,51741;4,760742;5,86319;3,755569;5,825043;3,755569;5,825043;3,755569;5,86319;5,86319;6,349564;6,51741;6,51741;5,86319;4,999161;4,999161;6,324768;3,862381;4,608154;8,289337;4,608154;5,706787;3,707886;3,707886;5,659103;5,825043;4,608154;4,341125;3,707886;4,608154;3,707886;5,706787;5,706787;5,706787;3,862381;4,278183;5,659103;4,278183;8,289337;4,278183;7,604599;5,659103;3,707886;5,706787;4,608154;4,455566;5,706787;5,825043;4,455566;4,608154;8,289337;4,999161;4,278183;3,707886;4,608154;3,707886;3,862381;4,278183;5,706787;5,706787;8,289337;5,659103;3,862381;7,604599;3,862381;4,608154;5,659103;3,707886;4,608154;4,608154;4,455566;7,604599;3,463745;8,289337;5,706787;5,706787;5,825043;5,706787
"488";"1990-08-01";1,718521;1,41716;3,658295;2,689362;2,689362;1,718521;1,41716;4,606247;2,635956;3,658295;3,116608;2,153397;3,658295;1,718521;3,658295;2,689362;3,553391;2,037048;2,689362;2,277374;2,689362;2,437592;1,964569;2,037048;2,277374;2,037048;3,658295;3,101349;3,658295;2,689362;1,718521;3,553391;1,718521;3,553391;1,718521;2,689362;2,689362;2,437592;3,101349;3,101349;2,689362;3,116608;3,116608;2,277374;2,635956;5,155563;7,173538;5,155563;7,486343;2,914429;2,914429;5,443573;3,553391;5,155563;3,210068;2,914429;5,155563;2,914429;7,486343;7,486343;7,486343;2,635956;3,017426;5,443573;3,017426;7,173538;3,017426;7,471085;5,443573;2,914429;7,486343;5,155563;4,606247;7,486343;3,553391;4,606247;5,155563;7,173538;3,116608;3,017426;2,914429;5,155563;2,914429;2,635956;3,017426;7,486343;7,486343;7,173538;5,443573;2,635956;7,471085;2,635956;5,155563;5,443573;2,914429;5,155563;5,155563;4,606247;7,471085;2,153397;7,173538;7,486343;7,486343;3,553391;7,486343
"489";"1990-09-01";3,326416;2,502441;5,456924;4,312515;4,312515;3,326416;2,502441;4,575729;4,808426;5,456924;4,135132;3,681183;5,456924;3,326416;5,456924;4,312515;6,025314;4,135132;4,312515;4,22287;4,312515;3,894806;3,667831;4,135132;4,22287;4,135132;5,456924;3,883362;5,456924;4,312515;3,326416;6,025314;3,326416;6,025314;3,326416;4,312515;4,312515;3,894806;3,883362;3,883362;4,312515;4,135132;4,135132;4,22287;4,808426;5,659103;6,607056;5,659103;5,079269;5,544662;5,544662;6,866455;6,025314;5,659103;5,361557;5,544662;5,659103;5,544662;5,079269;5,079269;5,079269;4,808426;5,653381;6,866455;5,653381;6,607056;5,653381;8,319855;6,866455;5,544662;5,079269;5,659103;4,575729;5,079269;6,025314;4,575729;5,659103;6,607056;4,135132;5,653381;5,544662;5,659103;5,544662;4,808426;5,653381;5,079269;5,079269;6,607056;6,866455;4,808426;8,319855;4,808426;5,659103;6,866455;5,544662;5,659103;5,659103;4,575729;8,319855;3,681183;6,607056;5,079269;5,079269;6,025314;5,079269
"490";"1990-10-01";2,838135;2,87056;5,216599;3,721237;3,721237;2,838135;2,87056;3,20816;3,896713;5,216599;2,679825;2,841949;5,216599;2,838135;5,216599;3,721237;5,817413;2,782822;3,721237;2,725601;3,721237;2,689362;2,336502;2,782822;2,725601;2,782822;5,216599;2,689362;5,216599;3,721237;2,838135;5,817413;2,838135;5,817413;2,838135;3,721237;3,721237;2,689362;2,689362;2,689362;3,721237;2,679825;2,679825;2,725601;3,896713;6,614685;3,383636;6,614685;3,234863;5,491257;5,491257;5,479813;5,817413;6,614685;5,460739;5,491257;6,614685;5,491257;3,234863;3,234863;3,234863;3,896713;4,863739;5,479813;4,863739;3,383636;4,863739;5,361557;5,479813;5,491257;3,234863;6,614685;3,20816;3,234863;5,817413;3,20816;6,614685;3,383636;2,679825;4,863739;5,491257;6,614685;5,491257;3,896713;4,863739;3,234863;3,234863;3,383636;5,479813;3,896713;5,361557;3,896713;6,614685;5,479813;5,491257;6,614685;6,614685;3,20816;5,361557;2,841949;3,383636;3,234863;3,234863;5,817413;3,234863
"491";"1990-11-01";0,7896423;0,6332397;2,689362;1,247406;1,247406;0,7896423;0,6332397;1,708984;1,552582;2,689362;1,049042;1,609802;2,689362;0,7896423;2,689362;1,247406;2,176285;1,12915;1,247406;0,5626678;1,247406;0,8239746;0,6942749;1,12915;0,5626678;1,12915;2,689362;0,6656647;2,689362;1,247406;0,7896423;2,176285;0,7896423;2,176285;0,7896423;1,247406;1,247406;0,8239746;0,6656647;0,6656647;1,247406;1,049042;1,049042;0,5626678;1,552582;3,499985;1,667023;3,499985;2,170563;2,883911;2,883911;4,264832;2,176285;3,499985;5,010605;2,883911;3,499985;2,883911;2,170563;2,170563;2,170563;1,552582;3,807068;4,264832;3,807068;1,667023;3,807068;3,200531;4,264832;2,883911;2,170563;3,499985;1,708984;2,170563;2,176285;1,708984;3,499985;1,667023;1,049042;3,807068;2,883911;3,499985;2,883911;1,552582;3,807068;2,170563;2,170563;1,667023;4,264832;1,552582;3,200531;1,552582;3,499985;4,264832;2,883911;3,499985;3,499985;1,708984;3,200531;1,609802;1,667023;2,170563;2,170563;2,176285;2,170563
"492";"1990-12-01";0,3070831;0,3671646;1,279831;0,4281998;0,4281998;0,3070831;0,3671646;0,5235672;0,9660721;1,279831;0,3480911;0,8583069;1,279831;0,3070831;1,279831;0,4281998;1,194;0,3900528;0,4281998;0,3232956;0,4281998;0,1592636;0,1916885;0,3900528;0,3232956;0,3900528;1,279831;0,2985001;1,279831;0,4281998;0,3070831;1,194;0,3070831;1,194;0,3070831;0,4281998;0,4281998;0,1592636;0,2985001;0,2985001;0,4281998;0,3480911;0,3480911;0,3232956;0,9660721;2,333641;0,3862381;2,333641;0,7305145;1,774788;1,774788;2,019882;1,194;2,333641;2,628326;1,774788;2,333641;1,774788;0,7305145;0,7305145;0,7305145;0,9660721;2,077103;2,019882;2,077103;0,3862381;2,077103;1,210213;2,019882;1,774788;0,7305145;2,333641;0,5235672;0,7305145;1,194;0,5235672;2,333641;0,3862381;0,3480911;2,077103;1,774788;2,333641;1,774788;0,9660721;2,077103;0,7305145;0,7305145;0,3862381;2,019882;0,9660721;1,210213;0,9660721;2,333641;2,019882;1,774788;2,333641;2,333641;0,5235672;1,210213;0,8583069;0,3862381;0,7305145;0,7305145;1,194;0,7305145
"493";"1991-01-01";0,1525879;0,164032;2,565384;0,4138947;0,4138947;0,1525879;0,164032;0,9784698;1,457214;2,565384;0,3471375;0,5626678;2,565384;0,1525879;2,565384;0,4138947;1,993179;0,6332397;0,4138947;0,4825592;0,4138947;0,2593994;0,05340576;0,6332397;0,4825592;0,6332397;2,565384;0,3566742;2,565384;0,4138947;0,1525879;1,993179;0,1525879;1,993179;0,1525879;0,4138947;0,4138947;0,2593994;0,3566742;0,3566742;0,4138947;0,3471375;0,3471375;0,4825592;1,457214;6,507874;2,10762;6,507874;2,803802;5,292892;5,292892;5,117416;1,993179;6,507874;6,351471;5,292892;6,507874;5,292892;2,803802;2,803802;2,803802;1,457214;4,190445;5,117416;4,190445;2,10762;4,190445;3,904343;5,117416;5,292892;2,803802;6,507874;0,9784698;2,803802;1,993179;0,9784698;6,507874;2,10762;0,3471375;4,190445;5,292892;6,507874;5,292892;1,457214;4,190445;2,803802;2,803802;2,10762;5,117416;1,457214;3,904343;1,457214;6,507874;5,117416;5,292892;6,507874;6,507874;0,9784698;3,904343;0,5626678;2,10762;2,803802;2,803802;1,993179;2,803802
"494";"1991-02-01";0,2231598;0,1630783;3,340721;0,5865097;0,5865097;0,2231598;0,1630783;1,585007;1,872063;3,340721;0,6008148;0,6542206;3,340721;0,2231598;3,340721;0,5865097;2,690315;0,7486343;0,5865097;0,6504059;0,5865097;0,2326965;0,1344681;0,7486343;0,6504059;0,7486343;3,340721;0,6561279;3,340721;0,5865097;0,2231598;2,690315;0,2231598;2,690315;0,2231598;0,5865097;0,5865097;0,2326965;0,6561279;0,6561279;0,5865097;0,6008148;0,6008148;0,6504059;1,872063;7,795334;1,532555;7,795334;3,263474;6,541252;6,541252;2,491951;2,690315;7,795334;3,582001;6,541252;7,795334;6,541252;3,263474;3,263474;3,263474;1,872063;5,173683;2,491951;5,173683;1,532555;5,173683;1,652718;2,491951;6,541252;3,263474;7,795334;1,585007;3,263474;2,690315;1,585007;7,795334;1,532555;0,6008148;5,173683;6,541252;7,795334;6,541252;1,872063;5,173683;3,263474;3,263474;1,532555;2,491951;1,872063;1,652718;1,872063;7,795334;2,491951;6,541252;7,795334;7,795334;1,585007;1,652718;0,6542206;1,532555;3,263474;3,263474;2,690315;3,263474
"495";"1991-03-01";0,1811981;0,09727478;0,7972717;0,3242493;0,3242493;0,1811981;0,09727478;0,3032684;0,667572;0,7972717;0,1583099;0,2708435;0,7972717;0,1811981;0,7972717;0,3242493;1,132965;0,2212524;0,3242493;0,295639;0,3242493;0,2574921;0,1068115;0,2212524;0,295639;0,2212524;0,7972717;0,2384186;0,7972717;0,3242493;0,1811981;1,132965;0,1811981;1,132965;0,1811981;0,3242493;0,3242493;0,2574921;0,2384186;0,2384186;0,3242493;0,1583099;0,1583099;0,295639;0,667572;1,996994;0,4634857;1,996994;0,7286072;2,13623;2,13623;2,313614;1,132965;1,996994;2,262115;2,13623;1,996994;2,13623;0,7286072;0,7286072;0,7286072;0,667572;2,019882;2,313614;2,019882;0,4634857;2,019882;1,605988;2,313614;2,13623;0,7286072;1,996994;0,3032684;0,7286072;1,132965;0,3032684;1,996994;0,4634857;0,1583099;2,019882;2,13623;1,996994;2,13623;0,667572;2,019882;0,7286072;0,7286072;0,4634857;2,313614;0,667572;1,605988;0,667572;1,996994;2,313614;2,13623;1,996994;1,996994;0,3032684;1,605988;0,2708435;0,4634857;0,7286072;0,7286072;1,132965;0,7286072
"496";"1991-04-01";1,676559;1,852036;5,523682;2,464294;2,464294;1,676559;1,852036;3,936768;4,44603;5,523682;1,903534;2,283096;5,523682;1,676559;5,523682;2,464294;7,52449;1,945496;2,464294;1,726151;2,464294;1,251221;0,7648468;1,945496;1,726151;1,945496;5,523682;1,976013;5,523682;2,464294;1,676559;7,52449;1,676559;7,52449;1,676559;2,464294;2,464294;1,251221;1,976013;1,976013;2,464294;1,903534;1,903534;1,726151;4,44603;9,637833;1,317978;9,637833;7,2155;9,447098;9,447098;2,290726;7,52449;9,637833;2,639771;9,447098;9,637833;9,447098;7,2155;7,2155;7,2155;4,44603;6,267548;2,290726;6,267548;1,317978;6,267548;2,29454;2,290726;9,447098;7,2155;9,637833;3,936768;7,2155;7,52449;3,936768;9,637833;1,317978;1,903534;6,267548;9,447098;9,637833;9,447098;4,44603;6,267548;7,2155;7,2155;1,317978;2,290726;4,44603;2,29454;4,44603;9,637833;2,290726;9,447098;9,637833;9,637833;3,936768;2,29454;2,283096;1,317978;7,2155;7,2155;7,52449;7,2155
"497";"1991-05-01";4,779816;4,873276;4,213333;4,423141;4,423141;4,779816;4,873276;3,967285;6,681442;4,213333;3,162384;4,985809;4,213333;4,779816;4,213333;4,423141;7,644653;1,981735;4,423141;4,041672;4,423141;5,023956;4,526138;1,981735;4,041672;1,981735;4,213333;4,1008;4,213333;4,423141;4,779816;7,644653;4,779816;7,644653;4,779816;4,423141;4,423141;5,023956;4,1008;4,1008;4,423141;3,162384;3,162384;4,041672;6,681442;4,566193;4,796982;4,566193;5,565643;6,639481;6,639481;4,068375;7,644653;4,566193;4,907608;6,639481;4,566193;6,639481;5,565643;5,565643;5,565643;6,681442;8,426666;4,068375;8,426666;4,796982;8,426666;2,7771;4,068375;6,639481;5,565643;4,566193;3,967285;5,565643;7,644653;3,967285;4,566193;4,796982;3,162384;8,426666;6,639481;4,566193;6,639481;6,681442;8,426666;5,565643;5,565643;4,796982;4,068375;6,681442;2,7771;6,681442;4,566193;4,068375;6,639481;4,566193;4,566193;3,967285;2,7771;4,985809;4,796982;5,565643;5,565643;7,644653;5,565643
"498";"1991-06-01";7,43866;5,57518;7,591248;8,333206;8,333206;7,43866;5,57518;6,086349;8,325577;7,591248;6,662369;6,498337;7,591248;7,43866;7,591248;8,333206;9,311676;8,094788;8,333206;9,876251;8,333206;10,12993;8,964539;8,094788;9,876251;8,094788;7,591248;7,84874;7,591248;8,333206;7,43866;9,311676;7,43866;9,311676;7,43866;8,333206;8,333206;10,12993;7,84874;7,84874;8,333206;6,662369;6,662369;9,876251;8,325577;7,804871;11,16562;7,804871;7,925034;10,05554;10,05554;12,84218;9,311676;7,804871;12,81548;10,05554;7,804871;10,05554;7,925034;7,925034;7,925034;8,325577;11,48987;12,84218;11,48987;11,16562;11,48987;11,03592;12,84218;10,05554;7,925034;7,804871;6,086349;7,925034;9,311676;6,086349;7,804871;11,16562;6,662369;11,48987;10,05554;7,804871;10,05554;8,325577;11,48987;7,925034;7,925034;11,16562;12,84218;8,325577;11,03592;8,325577;7,804871;12,84218;10,05554;7,804871;7,804871;6,086349;11,03592;6,498337;11,16562;7,925034;7,925034;9,311676;7,925034
"499";"1991-07-01";4,055023;3,452301;5,615234;4,699707;4,699707;4,055023;3,452301;4,020691;5,084991;5,615234;4,009247;4,03595;5,615234;4,055023;5,615234;4,699707;5,962372;4,394531;4,699707;4,806519;4,699707;4,646301;3,616333;4,394531;4,806519;4,394531;5,615234;4,425049;5,615234;4,699707;4,055023;5,962372;4,055023;5,962372;4,055023;4,699707;4,699707;4,646301;4,425049;4,425049;4,699707;4,009247;4,009247;4,806519;5,084991;6,401062;6,793976;6,401062;5,35965;6,416321;6,416321;6,404877;5,962372;6,401062;5,439758;6,416321;6,401062;6,416321;5,35965;5,35965;5,35965;5,084991;5,832672;6,404877;5,832672;6,793976;5,832672;8,049011;6,404877;6,416321;5,35965;6,401062;4,020691;5,35965;5,962372;4,020691;6,401062;6,793976;4,009247;5,832672;6,416321;6,401062;6,416321;5,084991;5,832672;5,35965;5,35965;6,793976;6,404877;5,084991;8,049011;5,084991;6,401062;6,404877;6,416321;6,401062;6,401062;4,020691;8,049011;4,03595;6,793976;5,35965;5,35965;5,962372;5,35965
"500";"1991-08-01";2,628326;1,354218;3,538132;3,852844;3,852844;2,628326;1,354218;2,706528;2,233505;3,538132;3,347397;2,244949;3,538132;2,628326;3,538132;3,852844;3,265381;2,241135;3,852844;2,20108;3,852844;3,982544;2,664566;2,241135;2,20108;2,241135;3,538132;3,660202;3,538132;3,852844;2,628326;3,265381;2,628326;3,265381;2,628326;3,852844;3,852844;3,982544;3,660202;3,660202;3,852844;3,347397;3,347397;2,20108;2,233505;2,485275;4,713058;2,485275;3,034592;1,934052;1,934052;3,454208;3,265381;2,485275;2,531052;1,934052;2,485275;1,934052;3,034592;3,034592;3,034592;2,233505;2,325058;3,454208;2,325058;4,713058;2,325058;5,224228;3,454208;1,934052;3,034592;2,485275;2,706528;3,034592;3,265381;2,706528;2,485275;4,713058;3,347397;2,325058;1,934052;2,485275;1,934052;2,233505;2,325058;3,034592;3,034592;4,713058;3,454208;2,233505;5,224228;2,233505;2,485275;3,454208;1,934052;2,485275;2,485275;2,706528;5,224228;2,244949;4,713058;3,034592;3,034592;3,265381;3,034592
"501";"1991-09-01";6,444931;4,686356;7,110596;7,261276;7,261276;6,444931;4,686356;5,807877;6,954193;7,110596;5,680084;6,258011;7,110596;6,444931;7,110596;7,261276;7,278442;6,177902;7,261276;6,317139;7,261276;6,887436;5,859375;6,177902;6,317139;6,177902;7,110596;5,853653;7,110596;7,261276;6,444931;7,278442;6,444931;7,278442;6,444931;7,261276;7,261276;6,887436;5,853653;5,853653;7,261276;5,680084;5,680084;6,317139;6,954193;7,665634;7,499695;7,665634;5,899429;6,645203;6,645203;11,00731;7,278442;7,665634;10,92148;6,645203;7,665634;6,645203;5,899429;5,899429;5,899429;6,954193;7,884979;11,00731;7,884979;7,499695;7,884979;10,3054;11,00731;6,645203;5,899429;7,665634;5,807877;5,899429;7,278442;5,807877;7,665634;7,499695;5,680084;7,884979;6,645203;7,665634;6,645203;6,954193;7,884979;5,899429;5,899429;7,499695;11,00731;6,954193;10,3054;6,954193;7,665634;11,00731;6,645203;7,665634;7,665634;5,807877;10,3054;6,258011;7,499695;5,899429;5,899429;7,278442;5,899429
"502";"1991-10-01";4,016876;3,265381;6,296158;4,787445;4,787445;4,016876;3,265381;5,784988;4,779816;6,296158;4,514694;4,777908;6,296158;4,016876;6,296158;4,787445;5,857468;4,295349;4,787445;4,003525;4,787445;4,524231;4,499435;4,295349;4,003525;4,295349;6,296158;4,014969;6,296158;4,787445;4,016876;5,857468;4,016876;5,857468;4,016876;4,787445;4,787445;4,524231;4,014969;4,014969;4,787445;4,514694;4,514694;4,003525;4,779816;6,824493;4,835129;6,824493;5,823135;5,588531;5,588531;7,736206;5,857468;6,824493;8,390427;5,588531;6,824493;5,588531;5,823135;5,823135;5,823135;4,779816;7,167816;7,736206;7,167816;4,835129;7,167816;7,123947;7,736206;5,588531;5,823135;6,824493;5,784988;5,823135;5,857468;5,784988;6,824493;4,835129;4,514694;7,167816;5,588531;6,824493;5,588531;4,779816;7,167816;5,823135;5,823135;4,835129;7,736206;4,779816;7,123947;4,779816;6,824493;7,736206;5,588531;6,824493;6,824493;5,784988;7,123947;4,777908;4,835129;5,823135;5,823135;5,857468;5,823135
"503";"1991-11-01";1,008987;1,031876;3,202438;1,468658;1,468658;1,008987;1,031876;2,031326;2,679825;3,202438;1,28746;1,773834;3,202438;1,008987;3,202438;1,468658;3,534317;1,209259;1,468658;1,014709;1,468658;0,8640289;0,5378723;1,209259;1,014709;1,209259;3,202438;1,150131;3,202438;1,468658;1,008987;3,534317;1,008987;3,534317;1,008987;1,468658;1,468658;0,8640289;1,150131;1,150131;1,468658;1,28746;1,28746;1,014709;2,679825;4,936218;4,585266;4,936218;2,985001;5,346298;5,346298;3,93486;3,534317;4,936218;4,770279;5,346298;4,936218;5,346298;2,985001;2,985001;2,985001;2,679825;4,75502;3,93486;4,75502;4,585266;4,75502;3,921509;3,93486;5,346298;2,985001;4,936218;2,031326;2,985001;3,534317;2,031326;4,936218;4,585266;1,28746;4,75502;5,346298;4,936218;5,346298;2,679825;4,75502;2,985001;2,985001;4,585266;3,93486;2,679825;3,921509;2,679825;4,936218;3,93486;5,346298;4,936218;4,936218;2,031326;3,921509;1,773834;4,585266;2,985001;2,985001;3,534317;2,985001
"504";"1991-12-01";0,3576279;0,3480911;3,670692;0,9069443;0,9069443;0,3576279;0,3480911;1,629829;1,822472;3,670692;1,220703;0,9441376;3,670692;0,3576279;3,670692;0,9069443;2,789497;1,134872;0,9069443;0,8058548;0,9069443;0,4205704;0,1783371;1,134872;0,8058548;1,134872;3,670692;1,026154;3,670692;0,9069443;0,3576279;2,789497;0,3576279;2,789497;0,3576279;0,9069443;0,9069443;0,4205704;1,026154;1,026154;0,9069443;1,220703;1,220703;0,8058548;1,822472;7,078171;1,795769;7,078171;2,55394;5,405426;5,405426;4,117012;2,789497;7,078171;4,952431;5,405426;7,078171;5,405426;2,55394;2,55394;2,55394;1,822472;4,638672;4,117012;4,638672;1,795769;4,638672;3,152847;4,117012;5,405426;2,55394;7,078171;1,629829;2,55394;2,789497;1,629829;7,078171;1,795769;1,220703;4,638672;5,405426;7,078171;5,405426;1,822472;4,638672;2,55394;2,55394;1,795769;4,117012;1,822472;3,152847;1,822472;7,078171;4,117012;5,405426;7,078171;7,078171;1,629829;3,152847;0,9441376;1,795769;2,55394;2,55394;2,789497;2,55394
"505";"1992-01-01";1,148224;1,13678;4,709244;1,537323;1,537323;1,148224;1,13678;2,624512;3,482819;4,709244;1,432419;1,430511;4,709244;1,148224;4,709244;1,537323;4,116058;1,44577;1,537323;1,977921;1,537323;1,689911;1,556396;1,44577;1,977921;1,44577;4,709244;1,745224;4,709244;1,537323;1,148224;4,116058;1,148224;4,116058;1,148224;1,537323;1,537323;1,689911;1,745224;1,745224;1,537323;1,432419;1,432419;1,977921;3,482819;12,70485;3,095627;12,70485;5,989075;10,76317;10,76317;5,001068;4,116058;12,70485;6,998062;10,76317;12,70485;10,76317;5,989075;5,989075;5,989075;3,482819;7,678986;5,001068;7,678986;3,095627;7,678986;2,462387;5,001068;10,76317;5,989075;12,70485;2,624512;5,989075;4,116058;2,624512;12,70485;3,095627;1,432419;7,678986;10,76317;12,70485;10,76317;3,482819;7,678986;5,989075;5,989075;3,095627;5,001068;3,482819;2,462387;3,482819;12,70485;5,001068;10,76317;12,70485;12,70485;2,624512;2,462387;1,430511;3,095627;5,989075;5,989075;4,116058;5,989075
"506";"1992-02-01";0,9241104;1,029015;3,040314;0,9269714;0,9269714;0,9241104;1,029015;1,713753;2,685547;3,040314;0,70858;1,35231;3,040314;0,9241104;3,040314;0,9269714;2,903938;0,7343292;0,9269714;1,027107;0,9269714;0,8487701;0,9689331;0,7343292;1,027107;0,7343292;3,040314;0,8516312;3,040314;0,9269714;0,9241104;2,903938;0,9241104;2,903938;0,9241104;0,9269714;0,9269714;0,8487701;0,8516312;0,8516312;0,9269714;0,70858;0,70858;1,027107;2,685547;8,601189;3,525734;8,601189;4,667282;7,63607;7,63607;3,810883;2,903938;8,601189;5,781174;7,63607;8,601189;7,63607;4,667282;4,667282;4,667282;2,685547;5,702972;3,810883;5,702972;3,525734;5,702972;2,555847;3,810883;7,63607;4,667282;8,601189;1,713753;4,667282;2,903938;1,713753;8,601189;3,525734;0,70858;5,702972;7,63607;8,601189;7,63607;2,685547;5,702972;4,667282;4,667282;3,525734;3,810883;2,685547;2,555847;2,685547;8,601189;3,810883;7,63607;8,601189;8,601189;1,713753;2,555847;1,35231;3,525734;4,667282;4,667282;2,903938;4,667282
"507";"1992-03-01";0,2975464;0,3871918;4,610062;0,5550385;0,5550385;0,2975464;0,3871918;2,752304;4,936218;4,610062;0,8640289;1,119614;4,610062;0,2975464;4,610062;0,5550385;5,693436;0,6847382;0,5550385;0,8106232;0,5550385;0,2326965;0,1106262;0,6847382;0,8106232;0,6847382;4,610062;1,052856;4,610062;0,5550385;0,2975464;5,693436;0,2975464;5,693436;0,2975464;0,5550385;0,5550385;0,2326965;1,052856;1,052856;0,5550385;0,8640289;0,8640289;0,8106232;4,936218;15,03181;4,457474;15,03181;7,316589;18,75496;18,75496;8,211136;5,693436;15,03181;8,943558;18,75496;15,03181;18,75496;7,316589;7,316589;7,316589;4,936218;13,09204;8,211136;13,09204;4,457474;13,09204;6,414413;8,211136;18,75496;7,316589;15,03181;2,752304;7,316589;5,693436;2,752304;15,03181;4,457474;0,8640289;13,09204;18,75496;15,03181;18,75496;4,936218;13,09204;7,316589;7,316589;4,457474;8,211136;4,936218;6,414413;4,936218;15,03181;8,211136;18,75496;15,03181;15,03181;2,752304;6,414413;1,119614;4,457474;7,316589;7,316589;5,693436;7,316589
"508";"1992-04-01";1,562119;1,98555;6,620407;1,911163;1,911163;1,562119;1,98555;4,152298;6,439209;6,620407;2,088547;1,937866;6,620407;1,562119;6,620407;1,911163;8,377075;1,903534;1,911163;3,137589;1,911163;1,865387;1,232147;1,903534;3,137589;1,903534;6,620407;3,242493;6,620407;1,911163;1,562119;8,377075;1,562119;8,377075;1,562119;1,911163;1,911163;1,865387;3,242493;3,242493;1,911163;2,088547;2,088547;3,137589;6,439209;17,92145;4,137039;17,92145;10,03075;20,38002;20,38002;7,629395;8,377075;17,92145;10,31494;20,38002;17,92145;20,38002;10,03075;10,03075;10,03075;6,439209;12,96806;7,629395;12,96806;4,137039;12,96806;7,081985;7,629395;20,38002;10,03075;17,92145;4,152298;10,03075;8,377075;4,152298;17,92145;4,137039;2,088547;12,96806;20,38002;17,92145;20,38002;6,439209;12,96806;10,03075;10,03075;4,137039;7,629395;6,439209;7,081985;6,439209;17,92145;7,629395;20,38002;17,92145;17,92145;4,152298;7,081985;1,937866;4,137039;10,03075;10,03075;8,377075;10,03075
"509";"1992-05-01";6,322861;7,390976;9,027481;7,50351;7,50351;6,322861;7,390976;6,202698;9,710312;9,027481;5,796432;6,469727;9,027481;6,322861;9,027481;7,50351;13,46207;6,742477;7,50351;8,78334;7,50351;7,436752;5,922318;6,742477;8,78334;6,742477;9,027481;7,457733;9,027481;7,50351;6,322861;13,46207;6,322861;13,46207;6,322861;7,50351;7,50351;7,436752;7,457733;7,457733;7,50351;5,796432;5,796432;8,78334;9,710312;9,399414;4,940033;9,399414;6,772995;13,71002;13,71002;4,405975;13,46207;9,399414;6,052017;13,71002;9,399414;13,71002;6,772995;6,772995;6,772995;9,710312;13,65089;4,405975;13,65089;4,940033;13,65089;3,622055;4,405975;13,71002;6,772995;9,399414;6,202698;6,772995;13,46207;6,202698;9,399414;4,940033;5,796432;13,65089;13,71002;9,399414;13,71002;9,710312;13,65089;6,772995;6,772995;4,940033;4,405975;9,710312;3,622055;9,710312;9,399414;4,405975;13,71002;9,399414;9,399414;6,202698;3,622055;6,469727;4,940033;6,772995;6,772995;13,46207;6,772995
"510";"1992-06-01";4,610062;3,356934;4,766464;5,102158;5,102158;4,610062;3,356934;3,868103;4,390717;4,766464;3,189087;3,543854;4,766464;4,610062;4,766464;5,102158;5,786896;3,646851;5,102158;3,822327;5,102158;4,573822;4,928589;3,646851;3,822327;3,646851;4,766464;3,681183;4,766464;5,102158;4,610062;5,786896;4,610062;5,786896;4,610062;5,102158;5,102158;4,573822;3,681183;3,681183;5,102158;3,189087;3,189087;3,822327;4,390717;5,262375;4,030228;5,262375;5,077362;4,827499;4,827499;5,529404;5,786896;5,262375;5,760193;4,827499;5,262375;4,827499;5,077362;5,077362;5,077362;4,390717;4,831314;5,529404;4,831314;4,030228;4,831314;5,878448;5,529404;4,827499;5,077362;5,262375;3,868103;5,077362;5,786896;3,868103;5,262375;4,030228;3,189087;4,831314;4,827499;5,262375;4,827499;4,390717;4,831314;5,077362;5,077362;4,030228;5,529404;4,390717;5,878448;4,390717;5,262375;5,529404;4,827499;5,262375;5,262375;3,868103;5,878448;3,543854;4,030228;5,077362;5,077362;5,786896;5,077362
"511";"1992-07-01";2,658844;2,26593;3,833771;3,631592;3,631592;2,658844;2,26593;2,071381;3,303528;3,833771;2,269745;3,051758;3,833771;2,658844;3,833771;3,631592;4,417419;3,311157;3,631592;3,566742;3,631592;3,299713;2,742767;3,311157;3,566742;3,311157;3,833771;3,471375;3,833771;3,631592;2,658844;4,417419;2,658844;4,417419;2,658844;3,631592;3,631592;3,299713;3,471375;3,471375;3,631592;2,269745;2,269745;3,566742;3,303528;3,21579;5,992889;3,21579;3,009796;3,448486;3,448486;6,420135;4,417419;3,21579;4,46701;3,448486;3,21579;3,448486;3,009796;3,009796;3,009796;3,303528;3,982544;6,420135;3,982544;5,992889;3,982544;8,197784;6,420135;3,448486;3,009796;3,21579;2,071381;3,009796;4,417419;2,071381;3,21579;5,992889;2,269745;3,982544;3,448486;3,21579;3,448486;3,303528;3,982544;3,009796;3,009796;5,992889;6,420135;3,303528;8,197784;3,303528;3,21579;6,420135;3,448486;3,21579;3,21579;2,071381;8,197784;3,051758;5,992889;3,009796;3,009796;4,417419;3,009796
"512";"1992-08-01";1,951218;1,247406;3,704071;2,76947;2,76947;1,951218;1,247406;2,803802;2,325058;3,704071;2,716064;2,323151;3,704071;1,951218;3,704071;2,76947;2,971649;2,456665;2,76947;2,74086;2,76947;3,023148;1,785278;2,456665;2,74086;2,456665;3,704071;3,669739;3,704071;2,76947;1,951218;2,971649;1,951218;2,971649;1,951218;2,76947;2,76947;3,023148;3,669739;3,669739;2,76947;2,716064;2,716064;2,74086;2,325058;2,573013;5,605698;2,573013;3,463745;2,023697;2,023697;4,875183;2,971649;2,573013;3,986359;2,023697;2,573013;2,023697;3,463745;3,463745;3,463745;2,325058;2,895355;4,875183;2,895355;5,605698;2,895355;6,263733;4,875183;2,023697;3,463745;2,573013;2,803802;3,463745;2,971649;2,803802;2,573013;5,605698;2,716064;2,895355;2,023697;2,573013;2,023697;2,325058;2,895355;3,463745;3,463745;5,605698;4,875183;2,325058;6,263733;2,325058;2,573013;4,875183;2,023697;2,573013;2,573013;2,803802;6,263733;2,323151;5,605698;3,463745;3,463745;2,971649;3,463745
"513";"1992-09-01";3,040314;2,658844;5,680084;4,070282;4,070282;3,040314;2,658844;6,057739;4,039764;5,680084;4,562378;3,627777;5,680084;3,040314;5,680084;4,070282;5,081177;3,341675;4,070282;3,078461;4,070282;3,387451;2,552032;3,341675;3,078461;3,341675;5,680084;4,081726;5,680084;4,070282;3,040314;5,081177;3,040314;5,081177;3,040314;4,070282;4,070282;3,387451;4,081726;4,081726;4,070282;4,562378;4,562378;3,078461;4,039764;5,367279;6,378174;5,367279;6,164551;4,058838;4,058838;6,530762;5,081177;5,367279;5,393982;4,058838;5,367279;4,058838;6,164551;6,164551;6,164551;4,039764;4,570007;6,530762;4,570007;6,378174;4,570007;7,762909;6,530762;4,058838;6,164551;5,367279;6,057739;6,164551;5,081177;6,057739;5,367279;6,378174;4,562378;4,570007;4,058838;5,367279;4,058838;4,039764;4,570007;6,164551;6,164551;6,378174;6,530762;4,039764;7,762909;4,039764;5,367279;6,530762;4,058838;5,367279;5,367279;6,057739;7,762909;3,627777;6,378174;6,164551;6,164551;5,081177;6,164551
"514";"1992-10-01";2,185822;1,808167;4,482269;3,137589;3,137589;2,185822;1,808167;3,652573;3,667831;4,482269;2,609253;2,696991;4,482269;2,185822;4,482269;3,137589;4,871368;3,84903;3,137589;4,247665;3,137589;2,418518;1,897812;3,84903;4,247665;3,84903;4,482269;2,710342;4,482269;3,137589;2,185822;4,871368;2,185822;4,871368;2,185822;3,137589;3,137589;2,418518;2,710342;2,710342;3,137589;2,609253;2,609253;4,247665;3,667831;4,598618;3,152847;4,598618;3,326416;5,758286;5,758286;4,78363;4,871368;4,598618;4,28009;5,758286;4,598618;5,758286;3,326416;3,326416;3,326416;3,667831;5,319595;4,78363;5,319595;3,152847;5,319595;5,218506;4,78363;5,758286;3,326416;4,598618;3,652573;3,326416;4,871368;3,652573;4,598618;3,152847;2,609253;5,319595;5,758286;4,598618;5,758286;3,667831;5,319595;3,326416;3,326416;3,152847;4,78363;3,667831;5,218506;3,667831;4,598618;4,78363;5,758286;4,598618;4,598618;3,652573;5,218506;2,696991;3,152847;3,326416;3,326416;4,871368;3,326416
"515";"1992-11-01";1,4925;1,162529;4,48513;1,955032;1,955032;1,4925;1,162529;2,648354;3,135681;4,48513;1,66893;1,93882;4,48513;1,4925;4,48513;1,955032;3,735542;2,146721;1,955032;3,08609;1,955032;2,008438;1,886368;2,146721;3,08609;2,146721;4,48513;2,484322;4,48513;1,955032;1,4925;3,735542;1,4925;3,735542;1,4925;1,955032;1,955032;2,008438;2,484322;2,484322;1,955032;1,66893;1,66893;3,08609;3,135681;8,407593;2,420425;8,407593;4,702568;5,878448;5,878448;4,80938;3,735542;8,407593;6,064415;5,878448;8,407593;5,878448;4,702568;4,702568;4,702568;3,135681;5,13649;4,80938;5,13649;2,420425;5,13649;3,030777;4,80938;5,878448;4,702568;8,407593;2,648354;4,702568;3,735542;2,648354;8,407593;2,420425;1,66893;5,13649;5,878448;8,407593;5,878448;3,135681;5,13649;4,702568;4,702568;2,420425;4,80938;3,135681;3,030777;3,135681;8,407593;4,80938;5,878448;8,407593;8,407593;2,648354;3,030777;1,93882;2,420425;4,702568;4,702568;3,735542;4,702568
"516";"1992-12-01";0,1096725;0,09155273;0,5941391;0,164032;0,164032;0,1096725;0,09155273;0,2889633;0,41008;0,5941391;0,1583099;0,2384186;0,5941391;0,1096725;0,5941391;0,164032;0,6027222;0,1459122;0,164032;0,1182556;0,164032;0,05531311;0,02288818;0,1459122;0,1182556;0,1459122;0,5941391;0,1783371;0,5941391;0,164032;0,1096725;0,6027222;0,1096725;0,6027222;0,1096725;0,164032;0,164032;0,05531311;0,1783371;0,1783371;0,164032;0,1583099;0,1583099;0,1182556;0,41008;1,490593;0,6351471;1,490593;0,7505417;1,091957;1,091957;1,737595;0,6027222;1,490593;1,367569;1,091957;1,490593;1,091957;0,7505417;0,7505417;0,7505417;0,41008;0,9860992;1,737595;0,9860992;0,6351471;0,9860992;1,830101;1,737595;1,091957;0,7505417;1,490593;0,2889633;0,7505417;0,6027222;0,2889633;1,490593;0,6351471;0,1583099;0,9860992;1,091957;1,490593;1,091957;0,41008;0,9860992;0,7505417;0,7505417;0,6351471;1,737595;0,41008;1,830101;0,41008;1,490593;1,737595;1,091957;1,490593;1,490593;0,2889633;1,830101;0,2384186;0,6351471;0,7505417;0,7505417;0,6027222;0,7505417
"517";"1993-01-01";0,4119873;0,3566742;1,787186;0,6484985;0,6484985;0,4119873;0,3566742;1,169205;1,663208;1,787186;0,6809235;0,8125305;1,787186;0,4119873;1,787186;0,6484985;2,241135;0,5722046;0,6484985;0,4673004;0,6484985;0,2269745;0,1983643;0,5722046;0,4673004;0,5722046;1,787186;0,8277893;1,787186;0,6484985;0,4119873;2,241135;0,4119873;2,241135;0,4119873;0,6484985;0,6484985;0,2269745;0,8277893;0,8277893;0,6484985;0,6809235;0,6809235;0,4673004;1,663208;4,016876;1,054764;4,016876;2,056122;4,19426;4,19426;2,614975;2,241135;4,016876;2,977371;4,19426;4,016876;4,19426;2,056122;2,056122;2,056122;1,663208;3,606796;2,614975;3,606796;1,054764;3,606796;1,928329;2,614975;4,19426;2,056122;4,016876;1,169205;2,056122;2,241135;1,169205;4,016876;1,054764;0,6809235;3,606796;4,19426;4,016876;4,19426;1,663208;3,606796;2,056122;2,056122;1,054764;2,614975;1,663208;1,928329;1,663208;4,016876;2,614975;4,19426;4,016876;4,016876;1,169205;1,928329;0,8125305;1,054764;2,056122;2,056122;2,241135;2,056122
"518";"1993-02-01";0,5397797;0,5474091;2,595901;0,8087158;0,8087158;0,5397797;0,5474091;2,040863;1,53923;2,595901;1,115799;0,6847382;2,595901;0,5397797;2,595901;0,8087158;2,096176;0,9117126;0,8087158;0,9498596;0,8087158;0,6084442;0,4367828;0,9117126;0,9498596;0,9117126;2,595901;1,050949;2,595901;0,8087158;0,5397797;2,096176;0,5397797;2,096176;0,5397797;0,8087158;0,8087158;0,6084442;1,050949;1,050949;0,8087158;1,115799;1,115799;0,9498596;1,53923;5,788803;1,848221;5,788803;3,408432;4,060745;4,060745;1,899719;2,096176;5,788803;1,996994;4,060745;5,788803;4,060745;3,408432;3,408432;3,408432;1,53923;3,143311;1,899719;3,143311;1,848221;3,143311;1,630783;1,899719;4,060745;3,408432;5,788803;2,040863;3,408432;2,096176;2,040863;5,788803;1,848221;1,115799;3,143311;4,060745;5,788803;4,060745;1,53923;3,143311;3,408432;3,408432;1,848221;1,899719;1,53923;1,630783;1,53923;5,788803;1,899719;4,060745;5,788803;5,788803;2,040863;1,630783;0,6847382;1,848221;3,408432;3,408432;2,096176;3,408432
"519";"1993-03-01";0,3175735;0,3948212;4,396439;0,5493164;0,5493164;0,3175735;0,3948212;2,393723;2,970695;4,396439;0,8525848;0,7019043;4,396439;0,3175735;4,396439;0,5493164;3,560066;0,667572;0,5493164;0,4892349;0,5493164;0,2250671;0,1468658;0,667572;0,4892349;0,667572;4,396439;0,8573532;4,396439;0,5493164;0,3175735;3,560066;0,3175735;3,560066;0,3175735;0,5493164;0,5493164;0,2250671;0,8573532;0,8573532;0,5493164;0,8525848;0,8525848;0,4892349;2,970695;13,4182;1,122475;13,4182;5,793571;10,43415;10,43415;1,880646;3,560066;13,4182;3,512383;10,43415;13,4182;10,43415;5,793571;5,793571;5,793571;2,970695;6,052971;1,880646;6,052971;1,122475;6,052971;1,038551;1,880646;10,43415;5,793571;13,4182;2,393723;5,793571;3,560066;2,393723;13,4182;1,122475;0,8525848;6,052971;10,43415;13,4182;10,43415;2,970695;6,052971;5,793571;5,793571;1,122475;1,880646;2,970695;1,038551;2,970695;13,4182;1,880646;10,43415;13,4182;13,4182;2,393723;1,038551;0,7019043;1,122475;5,793571;5,793571;3,560066;5,793571
"520";"1993-04-01";1,678467;1,932144;4,751205;2,193451;2,193451;1,678467;1,932144;3,442764;4,419327;4,751205;2,17247;1,720428;4,751205;1,678467;4,751205;2,193451;6,235123;2,191544;2,193451;2,20108;2,193451;1,331329;1,140594;2,191544;2,20108;2,191544;4,751205;2,176285;4,751205;2,193451;1,678467;6,235123;1,678467;6,235123;1,678467;2,193451;2,193451;1,331329;2,176285;2,176285;2,193451;2,17247;2,17247;2,20108;4,419327;9,435654;0,9555817;9,435654;5,573273;10,33401;10,33401;2,902985;6,235123;9,435654;3,845215;10,33401;9,435654;10,33401;5,573273;5,573273;5,573273;4,419327;7,762909;2,902985;7,762909;0,9555817;7,762909;2,016068;2,902985;10,33401;5,573273;9,435654;3,442764;5,573273;6,235123;3,442764;9,435654;0,9555817;2,17247;7,762909;10,33401;9,435654;10,33401;4,419327;7,762909;5,573273;5,573273;0,9555817;2,902985;4,419327;2,016068;4,419327;9,435654;2,902985;10,33401;9,435654;9,435654;3,442764;2,016068;1,720428;0,9555817;5,573273;5,573273;6,235123;5,573273
"521";"1993-05-01";1,756668;2,614975;8,113861;2,538681;2,538681;1,756668;2,614975;5,781174;8,670807;8,113861;2,796173;3,156662;8,113861;1,756668;8,113861;2,538681;11,30867;2,182007;2,538681;2,902985;2,538681;1,281738;1,041412;2,182007;2,902985;2,182007;8,113861;3,21579;8,113861;2,538681;1,756668;11,30867;1,756668;11,30867;1,756668;2,538681;2,538681;1,281738;3,21579;3,21579;2,538681;2,796173;2,796173;2,902985;8,670807;20,56694;3,547668;20,56694;10,70213;26,48354;26,48354;5,876541;11,30867;20,56694;10,04219;26,48354;20,56694;26,48354;10,70213;10,70213;10,70213;8,670807;16,82854;5,876541;16,82854;3,547668;16,82854;4,404068;5,876541;26,48354;10,70213;20,56694;5,781174;10,70213;11,30867;5,781174;20,56694;3,547668;2,796173;16,82854;26,48354;20,56694;26,48354;8,670807;16,82854;10,70213;10,70213;3,547668;5,876541;8,670807;4,404068;8,670807;20,56694;5,876541;26,48354;20,56694;20,56694;5,781174;4,404068;3,156662;3,547668;10,70213;10,70213;11,30867;10,70213
"522";"1993-06-01";6,58989;6,504059;8,800507;7,198334;7,198334;6,58989;6,504059;7,604599;8,85582;8,800507;5,868912;8,466721;8,800507;6,58989;8,800507;7,198334;9,918213;6,130219;7,198334;6,685257;7,198334;6,315231;5,313873;6,130219;6,685257;6,130219;8,800507;6,193161;8,800507;7,198334;6,58989;9,918213;6,58989;9,918213;6,58989;7,198334;7,198334;6,315231;6,193161;6,193161;7,198334;5,868912;5,868912;6,685257;8,85582;9,809494;12,46452;9,809494;9,744644;9,916306;9,916306;12,64763;9,918213;9,809494;12,03537;9,916306;9,809494;9,916306;9,744644;9,744644;9,744644;8,85582;10,33592;12,64763;10,33592;12,46452;10,33592;15,39612;12,64763;9,916306;9,744644;9,809494;7,604599;9,744644;9,918213;7,604599;9,809494;12,46452;5,868912;10,33592;9,916306;9,809494;9,916306;8,85582;10,33592;9,744644;9,744644;12,46452;12,64763;8,85582;15,39612;8,85582;9,809494;12,64763;9,916306;9,809494;9,809494;7,604599;15,39612;8,466721;12,46452;9,744644;9,744644;9,918213;9,744644
"523";"1993-07-01";1,564026;1,535416;2,929688;2,506256;2,506256;1,564026;1,535416;2,252579;2,380371;2,929688;1,655579;2,281189;2,929688;1,564026;2,929688;2,506256;3,833771;1,95694;2,506256;2,454758;2,506256;2,826691;1,573563;1,95694;2,454758;1,95694;2,929688;2,233505;2,929688;2,506256;1,564026;3,833771;1,564026;3,833771;1,564026;2,506256;2,506256;2,826691;2,233505;2,233505;2,506256;1,655579;1,655579;2,454758;2,380371;3,658295;5,104065;3,658295;3,43895;3,40271;3,40271;4,852295;3,833771;3,658295;3,744125;3,40271;3,658295;3,40271;3,43895;3,43895;3,43895;2,380371;3,356934;4,852295;3,356934;5,104065;3,356934;7,133484;4,852295;3,40271;3,43895;3,658295;2,252579;3,43895;3,833771;2,252579;3,658295;5,104065;1,655579;3,356934;3,40271;3,658295;3,40271;2,380371;3,356934;3,43895;3,43895;5,104065;4,852295;2,380371;7,133484;2,380371;3,658295;4,852295;3,40271;3,658295;3,658295;2,252579;7,133484;2,281189;5,104065;3,43895;3,43895;3,833771;3,43895
"524";"1993-08-01";1,995087;1,955032;3,7117;2,67601;2,67601;1,995087;1,955032;3,7117;2,780914;3,7117;2,775192;2,447128;3,7117;1,995087;3,7117;2,67601;4,444122;2,176285;2,67601;1,422882;2,67601;1,489639;1,806259;2,176285;1,422882;2,176285;3,7117;2,244949;3,7117;2,67601;1,995087;4,444122;1,995087;4,444122;1,995087;2,67601;2,67601;1,489639;2,244949;2,244949;2,67601;2,775192;2,775192;1,422882;2,780914;3,347397;6,406784;3,347397;4,426956;2,931595;2,931595;5,350113;4,444122;3,347397;4,21524;2,931595;3,347397;2,931595;4,426956;4,426956;4,426956;2,780914;3,284454;5,350113;3,284454;6,406784;3,284454;6,937027;5,350113;2,931595;4,426956;3,347397;3,7117;4,426956;4,444122;3,7117;3,347397;6,406784;2,775192;3,284454;2,931595;3,347397;2,931595;2,780914;3,284454;4,426956;4,426956;6,406784;5,350113;2,780914;6,937027;2,780914;3,347397;5,350113;2,931595;3,347397;3,347397;3,7117;6,937027;2,447128;6,406784;4,426956;4,426956;4,444122;4,426956
"525";"1993-09-01";3,324509;2,082825;5,001068;4,543304;4,543304;3,324509;2,082825;4,907608;3,917694;5,001068;3,593445;3,517151;5,001068;3,324509;5,001068;4,543304;5,048752;3,648758;4,543304;3,698349;4,543304;4,560471;3,646851;3,648758;3,698349;3,648758;5,001068;3,767014;5,001068;4,543304;3,324509;5,048752;3,324509;5,048752;3,324509;4,543304;4,543304;4,560471;3,767014;3,767014;4,543304;3,593445;3,593445;3,698349;3,917694;5,996704;6,170273;5,996704;5,796432;4,430771;4,430771;7,324219;5,048752;5,996704;5,842209;4,430771;5,996704;4,430771;5,796432;5,796432;5,796432;3,917694;4,714966;7,324219;4,714966;6,170273;4,714966;9,389877;7,324219;4,430771;5,796432;5,996704;4,907608;5,796432;5,048752;4,907608;5,996704;6,170273;3,593445;4,714966;4,430771;5,996704;4,430771;3,917694;4,714966;5,796432;5,796432;6,170273;7,324219;3,917694;9,389877;3,917694;5,996704;7,324219;4,430771;5,996704;5,996704;4,907608;9,389877;3,517151;6,170273;5,796432;5,796432;5,048752;5,796432
"526";"1993-10-01";1,823425;1,38855;4,238129;2,357483;2,357483;1,823425;1,38855;2,99263;2,519608;4,238129;2,464294;1,823425;4,238129;1,823425;4,238129;2,357483;3,574371;2,35939;2,357483;2,342224;2,357483;1,996994;1,661301;2,35939;2,342224;2,35939;4,238129;2,548218;4,238129;2,357483;1,823425;3,574371;1,823425;3,574371;1,823425;2,357483;2,357483;1,996994;2,548218;2,548218;2,357483;2,464294;2,464294;2,342224;2,519608;5,355835;2,277374;5,355835;3,059387;3,08609;3,08609;3,862381;3,574371;5,355835;3,334045;3,08609;5,355835;3,08609;3,059387;3,059387;3,059387;2,519608;3,509521;3,862381;3,509521;2,277374;3,509521;3,217697;3,862381;3,08609;3,059387;5,355835;2,99263;3,059387;3,574371;2,99263;5,355835;2,277374;2,464294;3,509521;3,08609;5,355835;3,08609;2,519608;3,509521;3,059387;3,059387;2,277374;3,862381;2,519608;3,217697;2,519608;5,355835;3,862381;3,08609;5,355835;5,355835;2,99263;3,217697;1,823425;2,277374;3,059387;3,059387;3,574371;3,059387
"527";"1993-11-01";0,541687;0,3395081;2,111435;1,03569;1,03569;0,541687;0,3395081;1,428604;1,249313;2,111435;0,8049011;0,743866;2,111435;0,541687;2,111435;1,03569;1,893997;0,9593964;1,03569;0,7152557;1,03569;0,6427765;0,6103516;0,9593964;0,7152557;0,9593964;2,111435;0,6694794;2,111435;1,03569;0,541687;1,893997;0,541687;1,893997;0,541687;1,03569;1,03569;0,6427765;0,6694794;0,6694794;1,03569;0,8049011;0,8049011;0,7152557;1,249313;4,529953;2,626419;4,529953;2,344131;3,419876;3,419876;3,200531;1,893997;4,529953;2,763748;3,419876;4,529953;3,419876;2,344131;2,344131;2,344131;1,249313;3,242493;3,200531;3,242493;2,626419;3,242493;3,181458;3,200531;3,419876;2,344131;4,529953;1,428604;2,344131;1,893997;1,428604;4,529953;2,626419;0,8049011;3,242493;3,419876;4,529953;3,419876;1,249313;3,242493;2,344131;2,344131;2,626419;3,200531;1,249313;3,181458;1,249313;4,529953;3,200531;3,419876;4,529953;4,529953;1,428604;3,181458;0,743866;2,626419;2,344131;2,344131;1,893997;2,344131
"528";"1993-12-01";0,0743866;0,07629395;1,163483;0,1659393;0,1659393;0,0743866;0,07629395;0,2288818;0,6046295;1,163483;0,1220703;0,3013611;1,163483;0,0743866;1,163483;0,1659393;0,7724762;0,2422333;0,1659393;0,2574921;0,1659393;0,1029968;0,02288818;0,2422333;0,2574921;0,2422333;1,163483;0,1068115;1,163483;0,1659393;0,0743866;0,7724762;0,0743866;0,7724762;0,0743866;0,1659393;0,1659393;0,1029968;0,1068115;0,1068115;0,1659393;0,1220703;0,1220703;0,2574921;0,6046295;3,328323;0,5130768;3,328323;0,6351471;1,998901;1,998901;1,51062;0,7724762;3,328323;1,590729;1,998901;3,328323;1,998901;0,6351471;0,6351471;0,6351471;0,6046295;2,23732;1,51062;2,23732;0,5130768;2,23732;1,04332;1,51062;1,998901;0,6351471;3,328323;0,2288818;0,6351471;0,7724762;0,2288818;3,328323;0,5130768;0,1220703;2,23732;1,998901;3,328323;1,998901;0,6046295;2,23732;0,6351471;0,6351471;0,5130768;1,51062;0,6046295;1,04332;0,6046295;3,328323;1,51062;1,998901;3,328323;3,328323;0,2288818;1,04332;0,3013611;0,5130768;0,6351471;0,6351471;0,7724762;0,6351471
"529";"1994-01-01";0,2145767;0,1707077;2,299309;0,500679;0,500679;0,2145767;0,1707077;0,8945465;1,187325;2,299309;0,4138947;0,6561279;2,299309;0,2145767;2,299309;0,500679;1,752853;0,5760193;0,500679;0,8144379;0,500679;0,2746582;0,1535416;0,5760193;0,8144379;0,5760193;2,299309;0,626564;2,299309;0,500679;0,2145767;1,752853;0,2145767;1,752853;0,2145767;0,500679;0,500679;0,2746582;0,626564;0,626564;0,500679;0,4138947;0,4138947;0,8144379;1,187325;5,090714;1,914978;5,090714;1,81675;3,803253;3,803253;3,046989;1,752853;5,090714;3,442764;3,803253;5,090714;3,803253;1,81675;1,81675;1,81675;1,187325;3,534317;3,046989;3,534317;1,914978;3,534317;2,416611;3,046989;3,803253;1,81675;5,090714;0,8945465;1,81675;1,752853;0,8945465;5,090714;1,914978;0,4138947;3,534317;3,803253;5,090714;3,803253;1,187325;3,534317;1,81675;1,81675;1,914978;3,046989;1,187325;2,416611;1,187325;5,090714;3,046989;3,803253;5,090714;5,090714;0,8945465;2,416611;0,6561279;1,914978;1,81675;1,81675;1,752853;1,81675
"530";"1994-02-01";0,3614426;0,330925;1,897812;0,5245209;0,5245209;0,3614426;0,330925;1,411438;1,563072;1,897812;0,5254745;0,8392334;1,897812;0,3614426;1,897812;0,5245209;1,955032;0,4291534;0,5245209;0,3986359;0,5245209;0,3252029;0,1811981;0,4291534;0,3986359;0,4291534;1,897812;0,4272461;1,897812;0,5245209;0,3614426;1,955032;0,3614426;1,955032;0,3614426;0,5245209;0,5245209;0,3252029;0,4272461;0,4272461;0,5245209;0,5254745;0,5254745;0,3986359;1,563072;4,387856;1,049042;4,387856;2,337456;4,206657;4,206657;2,999306;1,955032;4,387856;3,939629;4,206657;4,387856;4,206657;2,337456;2,337456;2,337456;1,563072;4,089355;2,999306;4,089355;1,049042;4,089355;1,450539;2,999306;4,206657;2,337456;4,387856;1,411438;2,337456;1,955032;1,411438;4,387856;1,049042;0,5254745;4,089355;4,206657;4,387856;4,206657;1,563072;4,089355;2,337456;2,337456;1,049042;2,999306;1,563072;1,450539;1,563072;4,387856;2,999306;4,206657;4,387856;4,387856;1,411438;1,450539;0,8392334;1,049042;2,337456;2,337456;1,955032;2,337456
"531";"1994-03-01";0,3938675;0,3118515;2,220154;1,029968;1,029968;0,3938675;0,3118515;1,54686;1,353264;2,220154;0,66185;0,5292892;2,220154;0,3938675;2,220154;1,029968;2,792358;0,7734299;1,029968;1,074791;1,029968;0,5998611;0,2841949;0,7734299;1,074791;0,7734299;2,220154;1,188278;2,220154;1,029968;0,3938675;2,792358;0,3938675;2,792358;0,3938675;1,029968;1,029968;0,5998611;1,188278;1,188278;1,029968;0,66185;0,66185;1,074791;1,353264;4,796982;1,055717;4,796982;2,425194;3,783226;3,783226;1,605988;2,792358;4,796982;1,905441;3,783226;4,796982;3,783226;2,425194;2,425194;2,425194;1,353264;3,371239;1,605988;3,371239;1,055717;3,371239;1,013756;1,605988;3,783226;2,425194;4,796982;1,54686;2,425194;2,792358;1,54686;4,796982;1,055717;0,66185;3,371239;3,783226;4,796982;3,783226;1,353264;3,371239;2,425194;2,425194;1,055717;1,605988;1,353264;1,013756;1,353264;4,796982;1,605988;3,783226;4,796982;4,796982;1,54686;1,013756;0,5292892;1,055717;2,425194;2,425194;2,792358;2,425194
"532";"1994-04-01";1,95694;2,084732;5,340576;3,282547;3,282547;1,95694;2,084732;4,116058;4,241943;5,340576;2,878189;1,905441;5,340576;1,95694;5,340576;3,282547;7,051468;2,414703;3,282547;3,181458;3,282547;2,267838;1,073837;2,414703;3,181458;2,414703;5,340576;3,639221;5,340576;3,282547;1,95694;7,051468;1,95694;7,051468;1,95694;3,282547;3,282547;2,267838;3,639221;3,639221;3,282547;2,878189;2,878189;3,181458;4,241943;8,710861;2,43187;8,710861;5,712509;8,806229;8,806229;1,749039;7,051468;8,710861;2,092361;8,806229;8,710861;8,806229;5,712509;5,712509;5,712509;4,241943;5,151749;1,749039;5,151749;2,43187;5,151749;1,699448;1,749039;8,806229;5,712509;8,710861;4,116058;5,712509;7,051468;4,116058;8,710861;2,43187;2,878189;5,151749;8,806229;8,710861;8,806229;4,241943;5,151749;5,712509;5,712509;2,43187;1,749039;4,241943;1,699448;4,241943;8,710861;1,749039;8,806229;8,710861;8,710861;4,116058;1,699448;1,905441;2,43187;5,712509;5,712509;7,051468;5,712509
"533";"1994-05-01";2,10762;2,840042;3,43895;2,216339;2,216339;2,10762;2,840042;3,997803;3,921509;3,43895;2,479553;3,135681;3,43895;2,10762;3,43895;2,216339;5,109787;1,844406;2,216339;3,015518;2,216339;2,456665;1,628876;1,844406;3,015518;1,844406;3,43895;2,950668;3,43895;2,216339;2,10762;5,109787;2,10762;5,109787;2,10762;2,216339;2,216339;2,456665;2,950668;2,950668;2,216339;2,479553;2,479553;3,015518;3,921509;4,646301;3,768921;4,646301;4,493713;6,116867;6,116867;4,415512;5,109787;4,646301;4,858017;6,116867;4,646301;6,116867;4,493713;4,493713;4,493713;3,921509;7,879257;4,415512;7,879257;3,768921;7,879257;2,893448;4,415512;6,116867;4,493713;4,646301;3,997803;4,493713;5,109787;3,997803;4,646301;3,768921;2,479553;7,879257;6,116867;4,646301;6,116867;3,921509;7,879257;4,493713;4,493713;3,768921;4,415512;3,921509;2,893448;3,921509;4,646301;4,415512;6,116867;4,646301;4,646301;3,997803;2,893448;3,135681;3,768921;4,493713;4,493713;5,109787;4,493713
"534";"1994-06-01";8,041382;6,534576;5,420685;10,42938;10,42938;8,041382;6,534576;4,535675;7,152557;5,420685;4,772186;5,386353;5,420685;8,041382;5,420685;10,42938;11,37924;5,462646;10,42938;7,232666;10,42938;8,476257;7,896423;5,462646;7,232666;5,462646;5,420685;6,893158;5,420685;10,42938;8,041382;11,37924;8,041382;11,37924;8,041382;10,42938;10,42938;8,476257;6,893158;6,893158;10,42938;4,772186;4,772186;7,232666;7,152557;3,501892;4,814148;3,501892;4,02832;6,816864;6,816864;4,337311;11,37924;3,501892;4,638672;6,816864;3,501892;6,816864;4,02832;4,02832;4,02832;7,152557;5,825043;4,337311;5,825043;4,814148;5,825043;5,981445;4,337311;6,816864;4,02832;3,501892;4,535675;4,02832;11,37924;4,535675;3,501892;4,814148;4,772186;5,825043;6,816864;3,501892;6,816864;7,152557;5,825043;4,02832;4,02832;4,814148;4,337311;7,152557;5,981445;7,152557;3,501892;4,337311;6,816864;3,501892;3,501892;4,535675;5,981445;5,386353;4,814148;4,02832;4,02832;11,37924;4,02832
"535";"1994-07-01";1,22261;0,7381439;2,052307;1,838684;1,838684;1,22261;0,7381439;1,625061;1,207352;2,052307;1,44577;1,113892;2,052307;1,22261;2,052307;1,838684;1,958847;1,548767;1,838684;1,947403;1,838684;1,57547;1,317978;1,548767;1,947403;1,548767;2,052307;2,296448;2,052307;1,838684;1,22261;1,958847;1,22261;1,958847;1,22261;1,838684;1,838684;1,57547;2,296448;2,296448;1,838684;1,44577;1,44577;1,947403;1,207352;1,419067;2,456665;1,419067;1,613617;1,182556;1,182556;2,325058;1,958847;1,419067;1,28746;1,182556;1,419067;1,182556;1,613617;1,613617;1,613617;1,207352;1,441956;2,325058;1,441956;2,456665;1,441956;2,979279;2,325058;1,182556;1,613617;1,419067;1,625061;1,613617;1,958847;1,625061;1,419067;2,456665;1,44577;1,441956;1,182556;1,419067;1,182556;1,207352;1,441956;1,613617;1,613617;2,456665;2,325058;1,207352;2,979279;1,207352;1,419067;2,325058;1,182556;1,419067;1,419067;1,625061;2,979279;1,113892;2,456665;1,613617;1,613617;1,958847;1,613617
"536";"1994-08-01";7,165909;6,008148;7,123947;8,501053;8,501053;7,165909;6,008148;5,680084;7,295609;7,123947;5,374908;5,414963;7,123947;7,165909;7,123947;8,501053;7,785797;6,530762;8,501053;7,875443;8,501053;9,078979;7,09343;6,530762;7,875443;6,530762;7,123947;6,593704;7,123947;8,501053;7,165909;7,785797;7,165909;7,785797;7,165909;8,501053;8,501053;9,078979;6,593704;6,593704;8,501053;5,374908;5,374908;7,875443;7,295609;6,668091;7,410049;6,668091;5,737305;6,404877;6,404877;7,501602;7,785797;6,668091;5,85556;6,404877;6,668091;6,404877;5,737305;5,737305;5,737305;7,295609;6,462097;7,501602;6,462097;7,410049;6,462097;10,42175;7,501602;6,404877;5,737305;6,668091;5,680084;5,737305;7,785797;5,680084;6,668091;7,410049;5,374908;6,462097;6,404877;6,668091;6,404877;7,295609;6,462097;5,737305;5,737305;7,410049;7,501602;7,295609;10,42175;7,295609;6,668091;7,501602;6,404877;6,668091;6,668091;5,680084;10,42175;5,414963;7,410049;5,737305;5,737305;7,785797;5,737305
"537";"1994-09-01";2,655029;1,838684;4,259109;3,324509;3,324509;2,655029;1,838684;3,746033;3,973007;4,259109;3,406525;2,700806;4,259109;2,655029;4,259109;3,324509;4,674911;3,284454;3,324509;3,828049;3,324509;3,347397;2,632141;3,284454;3,828049;3,284454;4,259109;3,927231;4,259109;3,324509;2,655029;4,674911;2,655029;4,674911;2,655029;3,324509;3,324509;3,347397;3,927231;3,927231;3,324509;3,406525;3,406525;3,828049;3,973007;4,537582;4,261017;4,537582;3,763199;4,821777;4,821777;4,611969;4,674911;4,537582;3,112793;4,821777;4,537582;4,821777;3,763199;3,763199;3,763199;3,973007;5,187988;4,611969;5,187988;4,261017;5,187988;5,846024;4,611969;4,821777;3,763199;4,537582;3,746033;3,763199;4,674911;3,746033;4,537582;4,261017;3,406525;5,187988;4,821777;4,537582;4,821777;3,973007;5,187988;3,763199;3,763199;4,261017;4,611969;3,973007;5,846024;3,973007;4,537582;4,611969;4,821777;4,537582;4,537582;3,746033;5,846024;2,700806;4,261017;3,763199;3,763199;4,674911;3,763199
"538";"1994-10-01";1,703262;1,739502;3,435135;2,767563;2,767563;1,703262;1,739502;2,30217;3,072739;3,435135;1,544952;1,834869;3,435135;1,703262;3,435135;2,767563;4,228592;1,567841;2,767563;1,455307;2,767563;1,934052;1,777649;1,567841;1,455307;1,567841;3,435135;1,626968;3,435135;2,767563;1,703262;4,228592;1,703262;4,228592;1,703262;2,767563;2,767563;1,934052;1,626968;1,626968;2,767563;1,544952;1,544952;1,455307;3,072739;5,167007;3,520966;5,167007;3,7117;5,277634;5,277634;4,257202;4,228592;5,167007;3,879547;5,277634;5,167007;5,277634;3,7117;3,7117;3,7117;3,072739;4,533768;4,257202;4,533768;3,520966;4,533768;4,259109;4,257202;5,277634;3,7117;5,167007;2,30217;3,7117;4,228592;2,30217;5,167007;3,520966;1,544952;4,533768;5,277634;5,167007;5,277634;3,072739;4,533768;3,7117;3,7117;3,520966;4,257202;3,072739;4,259109;3,072739;5,167007;4,257202;5,277634;5,167007;5,167007;2,30217;4,259109;1,834869;3,520966;3,7117;3,7117;4,228592;3,7117
"539";"1994-11-01";0,2536774;0,2593994;1,138687;0,415802;0,415802;0,2536774;0,2593994;0,7476807;0,7610321;1,138687;0,3852844;0,6504059;1,138687;0,2536774;1,138687;0,415802;1,150131;0,377655;0,415802;0,2117157;0,415802;0,08583069;0,05531311;0,377655;0,2117157;0,377655;1,138687;0,2765656;1,138687;0,415802;0,2536774;1,150131;0,2536774;1,150131;0,2536774;0,415802;0,415802;0,08583069;0,2765656;0,2765656;0,415802;0,3852844;0,3852844;0,2117157;0,7610321;1,899719;2,122879;1,899719;1,44577;1,438141;1,438141;3,475189;1,150131;1,899719;2,105713;1,438141;1,899719;1,438141;1,44577;1,44577;1,44577;0,7610321;1,689911;3,475189;1,689911;2,122879;1,689911;3,927231;3,475189;1,438141;1,44577;1,899719;0,7476807;1,44577;1,150131;0,7476807;1,899719;2,122879;0,3852844;1,689911;1,438141;1,899719;1,438141;0,7610321;1,689911;1,44577;1,44577;2,122879;3,475189;0,7610321;3,927231;0,7610321;1,899719;3,475189;1,438141;1,899719;1,899719;0,7476807;3,927231;0,6504059;2,122879;1,44577;1,44577;1,150131;1,44577
"540";"1994-12-01";0,2288818;0,2288818;2,317429;0,377655;0,377655;0,2288818;0,2288818;1,070023;1,554489;2,317429;0,535965;0,6561279;2,317429;0,2288818;2,317429;0,377655;1,893997;0,371933;0,377655;0,6523132;0,377655;0,1983643;0,08392334;0,371933;0,6523132;0,371933;2,317429;0,5054474;2,317429;0,377655;0,2288818;1,893997;0,2288818;1,893997;0,2288818;0,377655;0,377655;0,1983643;0,5054474;0,5054474;0,377655;0,535965;0,535965;0,6523132;1,554489;6,807327;1,779556;6,807327;2,616882;4,924774;4,924774;2,153397;1,893997;6,807327;2,580643;4,924774;6,807327;4,924774;2,616882;2,616882;2,616882;1,554489;3,610611;2,153397;3,610611;1,779556;3,610611;1,594543;2,153397;4,924774;2,616882;6,807327;1,070023;2,616882;1,893997;1,070023;6,807327;1,779556;0,535965;3,610611;4,924774;6,807327;4,924774;1,554489;3,610611;2,616882;2,616882;1,779556;2,153397;1,554489;1,594543;1,554489;6,807327;2,153397;4,924774;6,807327;6,807327;1,070023;1,594543;0,6561279;1,779556;2,616882;2,616882;1,893997;2,616882
"541";"1995-01-01";0,3795624;0,3585815;2,700806;0,5683899;0,5683899;0,3795624;0,3585815;1,316071;1,808167;2,700806;0,8945465;0,6790161;2,700806;0,3795624;2,700806;0,5683899;2,212524;0,9002686;0,5683899;1,224518;0,5683899;0,6408691;0,3414154;0,9002686;1,224518;0,9002686;2,700806;0,9727478;2,700806;0,5683899;0,3795624;2,212524;0,3795624;2,212524;0,3795624;0,5683899;0,5683899;0,6408691;0,9727478;0,9727478;0,5683899;0,8945465;0,8945465;1,224518;1,808167;6,759644;1,12915;6,759644;2,555847;6,053925;6,053925;2,889633;2,212524;6,759644;3,700256;6,053925;6,759644;6,053925;2,555847;2,555847;2,555847;1,808167;4,520416;2,889633;4,520416;1,12915;4,520416;1,556396;2,889633;6,053925;2,555847;6,759644;1,316071;2,555847;2,212524;1,316071;6,759644;1,12915;0,8945465;4,520416;6,053925;6,759644;6,053925;1,808167;4,520416;2,555847;2,555847;1,12915;2,889633;1,808167;1,556396;1,808167;6,759644;2,889633;6,053925;6,759644;6,759644;1,316071;1,556396;0,6790161;1,12915;2,555847;2,555847;2,212524;2,555847
"542";"1995-02-01";0,5455017;0,5655289;2,597809;1,021385;1,021385;0,5455017;0,5655289;1,914024;2,202034;2,597809;1,106262;0,8811951;2,597809;0,5455017;2,597809;1,021385;3,204346;1,088142;1,021385;1,595497;1,021385;0,7200241;0,2384186;1,088142;1,595497;1,088142;2,597809;1,360893;2,597809;1,021385;0,5455017;3,204346;0,5455017;3,204346;0,5455017;1,021385;1,021385;0,7200241;1,360893;1,360893;1,021385;1,106262;1,106262;1,595497;2,202034;4,702568;0,3604889;4,702568;2,396584;5,915642;5,915642;2,259254;3,204346;4,702568;2,451897;5,915642;4,702568;5,915642;2,396584;2,396584;2,396584;2,202034;4,181862;2,259254;4,181862;0,3604889;4,181862;1,097679;2,259254;5,915642;2,396584;4,702568;1,914024;2,396584;3,204346;1,914024;4,702568;0,3604889;1,106262;4,181862;5,915642;4,702568;5,915642;2,202034;4,181862;2,396584;2,396584;0,3604889;2,259254;2,202034;1,097679;2,202034;4,702568;2,259254;5,915642;4,702568;4,702568;1,914024;1,097679;0,8811951;0,3604889;2,396584;2,396584;3,204346;2,396584
"543";"1995-03-01";1,075745;1,187325;4,234314;1,350403;1,350403;1,075745;1,187325;2,650261;3,504753;4,234314;1,533508;1,430511;4,234314;1,075745;4,234314;1,350403;4,303932;1,168251;1,350403;1,558304;1,350403;0,9241104;0,5607605;1,168251;1,558304;1,168251;4,234314;1,748085;4,234314;1,350403;1,075745;4,303932;1,075745;4,303932;1,075745;1,350403;1,350403;0,9241104;1,748085;1,748085;1,350403;1,533508;1,533508;1,558304;3,504753;8,787155;2,654076;8,787155;4,732132;8,551598;8,551598;2,56443;4,303932;8,787155;4,892349;8,551598;8,787155;8,551598;4,732132;4,732132;4,732132;3,504753;6,186485;2,56443;6,186485;2,654076;6,186485;1,057625;2,56443;8,551598;4,732132;8,787155;2,650261;4,732132;4,303932;2,650261;8,787155;2,654076;1,533508;6,186485;8,551598;8,787155;8,551598;3,504753;6,186485;4,732132;4,732132;2,654076;2,56443;3,504753;1,057625;3,504753;8,787155;2,56443;8,551598;8,787155;8,787155;2,650261;1,057625;1,430511;2,654076;4,732132;4,732132;4,303932;4,732132
"544";"1995-04-01";1,390457;1,596451;5,460739;1,966476;1,966476;1,390457;1,596451;4,119873;4,28009;5,460739;1,48201;1,886368;5,460739;1,390457;5,460739;1,966476;5,889893;1,382828;1,966476;1,533508;1,966476;1,279831;0,9479523;1,382828;1,533508;1,382828;5,460739;1,564026;5,460739;1,966476;1,390457;5,889893;1,390457;5,889893;1,390457;1,966476;1,966476;1,279831;1,564026;1,564026;1,966476;1,48201;1,48201;1,533508;4,28009;13,25417;3,335953;13,25417;9,914398;11,64627;11,64627;3,498077;5,889893;13,25417;4,12941;11,64627;13,25417;11,64627;9,914398;9,914398;9,914398;4,28009;8,304596;3,498077;8,304596;3,335953;8,304596;2,296448;3,498077;11,64627;9,914398;13,25417;4,119873;9,914398;5,889893;4,119873;13,25417;3,335953;1,48201;8,304596;11,64627;13,25417;11,64627;4,28009;8,304596;9,914398;9,914398;3,335953;3,498077;4,28009;2,296448;4,28009;13,25417;3,498077;11,64627;13,25417;13,25417;4,119873;2,296448;1,886368;3,335953;9,914398;9,914398;5,889893;9,914398
"545";"1995-05-01";3,71933;2,292633;3,795624;5,760193;5,760193;3,71933;2,292633;2,731323;3,20816;3,795624;2,368927;2,563477;3,795624;3,71933;3,795624;5,760193;5,771637;3,623962;5,760193;4,829407;5,760193;5,41687;4,653931;3,623962;4,829407;3,623962;3,795624;3,227234;3,795624;5,760193;3,71933;5,771637;3,71933;5,771637;3,71933;5,760193;5,760193;5,41687;3,227234;3,227234;5,760193;2,368927;2,368927;4,829407;3,20816;1,605988;2,010345;1,605988;2,39563;1,88446;1,88446;1,167297;5,771637;1,605988;0,9727478;1,88446;1,605988;1,88446;2,39563;2,39563;2,39563;3,20816;2,307892;1,167297;2,307892;2,010345;2,307892;1,609802;1,167297;1,88446;2,39563;1,605988;2,731323;2,39563;5,771637;2,731323;1,605988;2,010345;2,368927;2,307892;1,88446;1,605988;1,88446;3,20816;2,307892;2,39563;2,39563;2,010345;1,167297;3,20816;1,609802;3,20816;1,605988;1,167297;1,88446;1,605988;1,605988;2,731323;1,609802;2,563477;2,010345;2,39563;2,39563;5,771637;2,39563
"546";"1995-06-01";3,322601;2,513885;6,221771;4,34494;4,34494;3,322601;2,513885;4,920959;4,034042;6,221771;3,938675;3,313065;6,221771;3,322601;6,221771;4,34494;5,273819;3,9711;4,34494;3,7117;4,34494;3,705978;2,742767;3,9711;3,7117;3,9711;6,221771;3,717422;6,221771;4,34494;3,322601;5,273819;3,322601;5,273819;3,322601;4,34494;4,34494;3,705978;3,717422;3,717422;4,34494;3,938675;3,938675;3,7117;4,034042;6,946564;5,302429;6,946564;5,735397;4,852295;4,852295;6,42395;5,273819;6,946564;4,640579;4,852295;6,946564;4,852295;5,735397;5,735397;5,735397;4,034042;5,828857;6,42395;5,828857;5,302429;5,828857;6,677628;6,42395;4,852295;5,735397;6,946564;4,920959;5,735397;5,273819;4,920959;6,946564;5,302429;3,938675;5,828857;4,852295;6,946564;4,852295;4,034042;5,828857;5,735397;5,735397;5,302429;6,42395;4,034042;6,677628;4,034042;6,946564;6,42395;4,852295;6,946564;6,946564;4,920959;6,677628;3,313065;5,302429;5,735397;5,735397;5,273819;5,735397
"547";"1995-07-01";3,501892;2,58255;5,970001;6,038666;6,038666;3,501892;2,58255;4,684448;5,321503;5,970001;3,7117;4,131317;5,970001;3,501892;5,970001;6,038666;8,728027;4,074097;6,038666;4,47464;6,038666;4,806519;2,853394;4,074097;4,47464;4,074097;5,970001;4,03595;5,970001;6,038666;3,501892;8,728027;3,501892;8,728027;3,501892;6,038666;6,038666;4,806519;4,03595;4,03595;6,038666;3,7117;3,7117;4,47464;5,321503;6,256104;7,781982;6,256104;5,458832;7,331848;7,331848;9,059906;8,728027;6,256104;7,381439;7,331848;6,256104;7,331848;5,458832;5,458832;5,458832;5,321503;6,275177;9,059906;6,275177;7,781982;6,275177;10,40268;9,059906;7,331848;5,458832;6,256104;4,684448;5,458832;8,728027;4,684448;6,256104;7,781982;3,7117;6,275177;7,331848;6,256104;7,331848;5,321503;6,275177;5,458832;5,458832;7,781982;9,059906;5,321503;10,40268;5,321503;6,256104;9,059906;7,331848;6,256104;6,256104;4,684448;10,40268;4,131317;7,781982;5,458832;5,458832;8,728027;5,458832
"548";"1995-08-01";7,295609;5,187988;8,785248;9,191513;9,191513;7,295609;5,187988;7,087708;8,922577;8,785248;5,880356;7,141113;8,785248;7,295609;8,785248;9,191513;9,723663;7,505417;9,191513;7,49588;9,191513;8,361816;7,095337;7,505417;7,49588;7,505417;8,785248;6,519318;8,785248;9,191513;7,295609;9,723663;7,295609;9,723663;7,295609;9,191513;9,191513;8,361816;6,519318;6,519318;9,191513;5,880356;5,880356;7,49588;8,922577;10,252;11,31058;10,252;8,584976;10,56099;10,56099;10,25963;9,723663;10,252;13,29422;10,56099;10,252;10,56099;8,584976;8,584976;8,584976;8,922577;9,576797;10,25963;9,576797;11,31058;9,576797;10,91957;10,25963;10,56099;8,584976;10,252;7,087708;8,584976;9,723663;7,087708;10,252;11,31058;5,880356;9,576797;10,56099;10,252;10,56099;8,922577;9,576797;8,584976;8,584976;11,31058;10,25963;8,922577;10,91957;8,922577;10,252;10,25963;10,56099;10,252;10,252;7,087708;10,91957;7,141113;11,31058;8,584976;8,584976;9,723663;8,584976
"549";"1995-09-01";3,293991;2,405167;4,85611;4,247665;4,247665;3,293991;2,405167;3,84903;4,695892;4,85611;3,599167;4,060745;4,85611;3,293991;4,85611;4,247665;5,062103;3,961563;4,247665;3,582001;4,247665;3,845215;2,267838;3,961563;3,582001;3,961563;4,85611;3,252029;4,85611;4,247665;3,293991;5,062103;3,293991;5,062103;3,293991;4,247665;4,247665;3,845215;3,252029;3,252029;4,247665;3,599167;3,599167;3,582001;4,695892;5,466461;5,51796;5,466461;4,106522;4,508972;4,508972;5,706787;5,062103;5,466461;4,211426;4,508972;5,466461;4,508972;4,106522;4,106522;4,106522;4,695892;5,338669;5,706787;5,338669;5,51796;5,338669;7,02095;5,706787;4,508972;4,106522;5,466461;3,84903;4,106522;5,062103;3,84903;5,466461;5,51796;3,599167;5,338669;4,508972;5,466461;4,508972;4,695892;5,338669;4,106522;4,106522;5,51796;5,706787;4,695892;7,02095;4,695892;5,466461;5,706787;4,508972;5,466461;5,466461;3,84903;7,02095;4,060745;5,51796;4,106522;4,106522;5,062103;4,106522
"550";"1995-10-01";2,779007;3,107071;4,930496;2,61116;2,61116;2,779007;3,107071;5,937576;6,204605;4,930496;3,147125;5,395889;4,930496;2,779007;4,930496;2,61116;6,320953;2,454758;2,61116;1,649857;2,61116;1,375198;1,787186;2,454758;1,649857;2,454758;4,930496;1,968384;4,930496;2,61116;2,779007;6,320953;2,779007;6,320953;2,779007;2,61116;2,61116;1,375198;1,968384;1,968384;2,61116;3,147125;3,147125;1,649857;6,204605;6,128311;5,664825;6,128311;6,458282;10,57434;10,57434;9,508133;6,320953;6,128311;8,750916;10,57434;6,128311;10,57434;6,458282;6,458282;6,458282;6,204605;11,56425;9,508133;11,56425;5,664825;11,56425;7,677078;9,508133;10,57434;6,458282;6,128311;5,937576;6,458282;6,320953;5,937576;6,128311;5,664825;3,147125;11,56425;10,57434;6,128311;10,57434;6,204605;11,56425;6,458282;6,458282;5,664825;9,508133;6,204605;7,677078;6,204605;6,128311;9,508133;10,57434;6,128311;6,128311;5,937576;7,677078;5,395889;5,664825;6,458282;6,458282;6,320953;6,458282
"551";"1995-11-01";0,8621216;0,7419586;3,631592;1,54686;1,54686;0,8621216;0,7419586;2,729416;2,315521;3,631592;1,945496;1,537323;3,631592;0,8621216;3,631592;1,54686;3,791809;1,630783;1,54686;1,842499;1,54686;0,793457;0,5664825;1,630783;1,842499;1,630783;3,631592;2,054214;3,631592;1,54686;0,8621216;3,791809;0,8621216;3,791809;0,8621216;1,54686;1,54686;0,793457;2,054214;2,054214;1,54686;1,945496;1,945496;1,842499;2,315521;6,296158;3,255844;6,296158;3,759384;5,304337;5,304337;4,541397;3,791809;6,296158;3,938675;5,304337;6,296158;5,304337;3,759384;3,759384;3,759384;2,315521;4,85611;4,541397;4,85611;3,255844;4,85611;4,476547;4,541397;5,304337;3,759384;6,296158;2,729416;3,759384;3,791809;2,729416;6,296158;3,255844;1,945496;4,85611;5,304337;6,296158;5,304337;2,315521;4,85611;3,759384;3,759384;3,255844;4,541397;2,315521;4,476547;2,315521;6,296158;4,541397;5,304337;6,296158;6,296158;2,729416;4,476547;1,537323;3,255844;3,759384;3,759384;3,791809;3,759384
"552";"1995-12-01";1,178741;1,174927;2,843857;1,35231;1,35231;1,178741;1,174927;1,663208;1,935959;2,843857;1,161575;1,28746;2,843857;1,178741;2,843857;1,35231;2,466202;1,344681;1,35231;1,382828;1,35231;1,174927;1,188278;1,344681;1,382828;1,344681;2,843857;1,382828;2,843857;1,35231;1,178741;2,466202;1,178741;2,466202;1,178741;1,35231;1,35231;1,174927;1,382828;1,382828;1,35231;1,161575;1,161575;1,382828;1,935959;6,811142;1,876831;6,811142;2,811432;4,386902;4,386902;3,517151;2,466202;6,811142;4,413605;4,386902;6,811142;4,386902;2,811432;2,811432;2,811432;1,935959;3,623962;3,517151;3,623962;1,876831;3,623962;1,670837;3,517151;4,386902;2,811432;6,811142;1,663208;2,811432;2,466202;1,663208;6,811142;1,876831;1,161575;3,623962;4,386902;6,811142;4,386902;1,935959;3,623962;2,811432;2,811432;1,876831;3,517151;1,935959;1,670837;1,935959;6,811142;3,517151;4,386902;6,811142;6,811142;1,663208;1,670837;1,28746;1,876831;2,811432;2,811432;2,466202;2,811432
"553";"1996-01-01";0,03814697;0,03433228;0,5722046;0,04768372;0,04768372;0,03814697;0,03433228;0,125885;0,3128052;0,5722046;0,04577637;0,1659393;0,5722046;0,03814697;0,5722046;0,04768372;0,3204346;0,05531311;0,04768372;0,02670288;0,04768372;0,03623962;0,01525879;0,05531311;0,02670288;0,05531311;0,5722046;0,02670288;0,5722046;0,04768372;0,03814697;0,3204346;0,03814697;0,3204346;0,03814697;0,04768372;0,04768372;0,03623962;0,02670288;0,02670288;0,04768372;0,04577637;0,04577637;0,02670288;0,3128052;2,103806;0,5149841;2,103806;0,4768372;1,251221;1,251221;1,516342;0,3204346;2,103806;1,560211;1,251221;2,103806;1,251221;0,4768372;0,4768372;0,4768372;0,3128052;1,501083;1,516342;1,501083;0,5149841;1,501083;0,7705688;1,516342;1,251221;0,4768372;2,103806;0,125885;0,4768372;0,3204346;0,125885;2,103806;0,5149841;0,04577637;1,501083;1,251221;2,103806;1,251221;0,3128052;1,501083;0,4768372;0,4768372;0,5149841;1,516342;0,3128052;0,7705688;0,3128052;2,103806;1,516342;1,251221;2,103806;2,103806;0,125885;0,7705688;0,1659393;0,5149841;0,4768372;0,4768372;0,3204346;0,4768372
"554";"1996-02-01";0,2193451;0,213623;1,996994;0,3585815;0,3585815;0,2193451;0,213623;0,8563995;1,20163;1,996994;0,4119873;0,6885529;1,996994;0,2193451;1,996994;0,3585815;1,535416;0,5321503;0,3585815;0,3376007;0,3585815;0,2765656;0,09727478;0,5321503;0,3376007;0,5321503;1,996994;0,2784729;1,996994;0,3585815;0,2193451;1,535416;0,2193451;1,535416;0,2193451;0,3585815;0,3585815;0,2765656;0,2784729;0,2784729;0,3585815;0,4119873;0,4119873;0,3376007;1,20163;4,62532;1,195908;4,62532;1,22261;3,637314;3,637314;3,229141;1,535416;4,62532;4,205704;3,637314;4,62532;3,637314;1,22261;1,22261;1,22261;1,20163;3,927231;3,229141;3,927231;1,195908;3,927231;1,720428;3,229141;3,637314;1,22261;4,62532;0,8563995;1,22261;1,535416;0,8563995;4,62532;1,195908;0,4119873;3,927231;3,637314;4,62532;3,637314;1,20163;3,927231;1,22261;1,22261;1,195908;3,229141;1,20163;1,720428;1,20163;4,62532;3,229141;3,637314;4,62532;4,62532;0,8563995;1,720428;0,6885529;1,195908;1,22261;1,22261;1,535416;1,22261
"555";"1996-03-01";0,2574921;0,2593994;2,897263;0,4482269;0,4482269;0,2574921;0,2593994;2,334595;1,804352;2,897263;0,5912781;0,4291534;2,897263;0,2574921;2,897263;0,4482269;2,220154;0,7266998;0,4482269;0,6980896;0,4482269;0,289917;0,1163483;0,7266998;0,6980896;0,7266998;2,897263;0,6217957;2,897263;0,4482269;0,2574921;2,220154;0,2574921;2,220154;0,2574921;0,4482269;0,4482269;0,289917;0,6217957;0,6217957;0,4482269;0,5912781;0,5912781;0,6980896;1,804352;8,676529;2,706528;8,676529;6,019592;6,193161;6,193161;2,132416;2,220154;8,676529;2,931595;6,193161;8,676529;6,193161;6,019592;6,019592;6,019592;1,804352;3,889084;2,132416;3,889084;2,706528;3,889084;1,466751;2,132416;6,193161;6,019592;8,676529;2,334595;6,019592;2,220154;2,334595;8,676529;2,706528;0,5912781;3,889084;6,193161;8,676529;6,193161;1,804352;3,889084;6,019592;6,019592;2,706528;2,132416;1,804352;1,466751;1,804352;8,676529;2,132416;6,193161;8,676529;8,676529;2,334595;1,466751;0,4291534;2,706528;6,019592;6,019592;2,220154;6,019592
"556";"1996-04-01";1,119614;1,054764;6,801605;2,674103;2,674103;1,119614;1,054764;6,893158;3,541946;6,801605;3,885269;1,564026;6,801605;1,119614;6,801605;2,674103;6,639481;3,398895;2,674103;3,34549;2,674103;1,506805;0,7076263;3,398895;3,34549;3,398895;6,801605;2,901077;6,801605;2,674103;1,119614;6,639481;1,119614;6,639481;1,119614;2,674103;2,674103;1,506805;2,901077;2,901077;2,674103;3,885269;3,885269;3,34549;3,541946;11,32774;3,540039;11,32774;8,91304;9,824753;9,824753;3,93486;6,639481;11,32774;4,798889;9,824753;11,32774;9,824753;8,91304;8,91304;8,91304;3,541946;7,577896;3,93486;7,577896;3,540039;7,577896;2,470016;3,93486;9,824753;8,91304;11,32774;6,893158;8,91304;6,639481;6,893158;11,32774;3,540039;3,885269;7,577896;9,824753;11,32774;9,824753;3,541946;7,577896;8,91304;8,91304;3,540039;3,93486;3,541946;2,470016;3,541946;11,32774;3,93486;9,824753;11,32774;11,32774;6,893158;2,470016;1,564026;3,540039;8,91304;8,91304;6,639481;8,91304
"557";"1996-05-01";1,707077;1,293182;2,449036;2,328873;2,328873;1,707077;1,293182;2,267838;2,113342;2,449036;1,600266;1,205444;2,449036;1,707077;2,449036;2,328873;4,022598;1,630783;2,328873;2,822876;2,328873;2,220154;1,541138;1,630783;2,822876;1,630783;2,449036;2,305984;2,449036;2,328873;1,707077;4,022598;1,707077;4,022598;1,707077;2,328873;2,328873;2,220154;2,305984;2,305984;2,328873;1,600266;1,600266;2,822876;2,113342;2,475739;2,670288;2,475739;2,763748;2,11525;2,11525;1,922607;4,022598;2,475739;1,512527;2,11525;2,475739;2,11525;2,763748;2,763748;2,763748;2,113342;2,687454;1,922607;2,687454;2,670288;2,687454;2,02179;1,922607;2,11525;2,763748;2,475739;2,267838;2,763748;4,022598;2,267838;2,475739;2,670288;1,600266;2,687454;2,11525;2,475739;2,11525;2,113342;2,687454;2,763748;2,763748;2,670288;1,922607;2,113342;2,02179;2,113342;2,475739;1,922607;2,11525;2,475739;2,475739;2,267838;2,02179;1,205444;2,670288;2,763748;2,763748;4,022598;2,763748
"558";"1996-06-01";8,390427;7,558823;10,98824;12,9261;12,9261;8,390427;7,558823;6,71196;12,12311;10,98824;5,413055;8,63266;10,98824;8,390427;10,98824;12,9261;22,27592;7,514954;12,9261;8,741379;12,9261;9,279251;8,792877;7,514954;8,741379;7,514954;10,98824;6,990433;10,98824;12,9261;8,390427;22,27592;8,390427;22,27592;8,390427;12,9261;12,9261;9,279251;6,990433;6,990433;12,9261;5,413055;5,413055;8,741379;12,12311;12,78305;10,66589;12,78305;8,987427;17,29774;17,29774;12,08115;22,27592;12,78305;13,79395;17,29774;12,78305;17,29774;8,987427;8,987427;8,987427;12,12311;13,02719;12,08115;13,02719;10,66589;13,02719;13,25035;12,08115;17,29774;8,987427;12,78305;6,71196;8,987427;22,27592;6,71196;12,78305;10,66589;5,413055;13,02719;17,29774;12,78305;17,29774;12,12311;13,02719;8,987427;8,987427;10,66589;12,08115;12,12311;13,25035;12,12311;12,78305;12,08115;17,29774;12,78305;12,78305;6,71196;13,25035;8,63266;10,66589;8,987427;8,987427;22,27592;8,987427
"559";"1996-07-01";2,475739;1,82724;4,15802;3,53241;3,53241;2,475739;1,82724;3,799438;2,630234;4,15802;2,803802;2,674103;4,15802;2,475739;4,15802;3,53241;4,125595;2,920151;3,53241;2,67601;3,53241;2,714157;2,216339;2,920151;2,67601;2,920151;4,15802;2,943039;4,15802;3,53241;2,475739;4,125595;2,475739;4,125595;2,475739;3,53241;3,53241;2,714157;2,943039;2,943039;3,53241;2,803802;2,803802;2,67601;2,630234;3,358841;5,386353;3,358841;3,890991;2,971649;2,971649;5,07164;4,125595;3,358841;4,19426;2,971649;3,358841;2,971649;3,890991;3,890991;3,890991;2,630234;3,904343;5,07164;3,904343;5,386353;3,904343;6,372452;5,07164;2,971649;3,890991;3,358841;3,799438;3,890991;4,125595;3,799438;3,358841;5,386353;2,803802;3,904343;2,971649;3,358841;2,971649;2,630234;3,904343;3,890991;3,890991;5,386353;5,07164;2,630234;6,372452;2,630234;3,358841;5,07164;2,971649;3,358841;3,358841;3,799438;6,372452;2,674103;5,386353;3,890991;3,890991;4,125595;3,890991
"560";"1996-08-01";4,323959;3,789902;4,997253;6,015778;6,015778;4,323959;3,789902;5,718231;5,661011;4,997253;4,692078;4,947662;4,997253;4,323959;4,997253;6,015778;6,072998;4,4384;6,015778;5,052567;6,015778;6,076813;4,62532;4,4384;5,052567;4,4384;4,997253;5,0354;4,997253;6,015778;4,323959;6,072998;4,323959;6,072998;4,323959;6,015778;6,015778;6,076813;5,0354;5,0354;6,015778;4,692078;4,692078;5,052567;5,661011;5,283356;6,174088;5,283356;5,111694;6,147385;6,147385;8,478165;6,072998;5,283356;9,494781;6,147385;5,283356;6,147385;5,111694;5,111694;5,111694;5,661011;7,156372;8,478165;7,156372;6,174088;7,156372;7,350922;8,478165;6,147385;5,111694;5,283356;5,718231;5,111694;6,072998;5,718231;5,283356;6,174088;4,692078;7,156372;6,147385;5,283356;6,147385;5,661011;7,156372;5,111694;5,111694;6,174088;8,478165;5,661011;7,350922;5,661011;5,283356;8,478165;6,147385;5,283356;5,283356;5,718231;7,350922;4,947662;6,174088;5,111694;5,111694;6,072998;5,111694
"561";"1996-09-01";4,060745;3,381729;4,514694;6,58226;6,58226;4,060745;3,381729;2,946854;3,952026;4,514694;2,309799;3,051758;4,514694;4,060745;4,514694;6,58226;7,675171;3,055573;6,58226;2,61116;6,58226;3,879547;3,78418;3,055573;2,61116;3,055573;4,514694;2,933502;4,514694;6,58226;4,060745;7,675171;4,060745;7,675171;4,060745;6,58226;6,58226;3,879547;2,933502;2,933502;6,58226;2,309799;2,309799;2,61116;3,952026;2,527237;3,025055;2,527237;2,80571;3,486633;3,486633;3,095627;7,675171;2,527237;3,013611;3,486633;2,527237;3,486633;2,80571;2,80571;2,80571;3,952026;3,168106;3,095627;3,168106;3,025055;3,168106;3,866196;3,095627;3,486633;2,80571;2,527237;2,946854;2,80571;7,675171;2,946854;2,527237;3,025055;2,309799;3,168106;3,486633;2,527237;3,486633;3,952026;3,168106;2,80571;2,80571;3,025055;3,095627;3,952026;3,866196;3,952026;2,527237;3,095627;3,486633;2,527237;2,527237;2,946854;3,866196;3,051758;3,025055;2,80571;2,80571;7,675171;2,80571
"562";"1996-10-01";4,262924;3,808975;5,420685;4,444122;4,444122;4,262924;3,808975;3,559113;5,664825;5,420685;3,396988;4,814148;5,420685;4,262924;5,420685;4,444122;5,861282;4,117966;4,444122;3,664017;4,444122;3,162384;3,572464;4,117966;3,664017;4,117966;5,420685;3,257751;5,420685;4,444122;4,262924;5,861282;4,262924;5,861282;4,262924;4,444122;4,444122;3,162384;3,257751;3,257751;4,444122;3,396988;3,396988;3,664017;5,664825;7,944107;4,821777;7,944107;4,068375;8,094788;8,094788;9,786606;5,861282;7,944107;10,64491;8,094788;7,944107;8,094788;4,068375;4,068375;4,068375;5,664825;8,970261;9,786606;8,970261;4,821777;8,970261;7,913589;9,786606;8,094788;4,068375;7,944107;3,559113;4,068375;5,861282;3,559113;7,944107;4,821777;3,396988;8,970261;8,094788;7,944107;8,094788;5,664825;8,970261;4,068375;4,068375;4,821777;9,786606;5,664825;7,913589;5,664825;7,944107;9,786606;8,094788;7,944107;7,944107;3,559113;7,913589;4,814148;4,821777;4,068375;4,068375;5,861282;4,068375
"563";"1996-11-01";0,2555847;0,2727509;1,756668;0,453949;0,453949;0,2555847;0,2727509;1,382828;1,188278;1,756668;0,6942749;1,083374;1,756668;0,2555847;1,756668;0,453949;1,625061;0,5245209;0,453949;0,1220703;0,453949;0,05722046;0,08583069;0,5245209;0,1220703;0,5245209;1,756668;0,289917;1,756668;0,453949;0,2555847;1,625061;0,2555847;1,625061;0,2555847;0,453949;0,453949;0,05722046;0,289917;0,289917;0,453949;0,6942749;0,6942749;0,1220703;1,188278;2,868652;1,478195;2,868652;1,659393;2,960205;2,960205;2,944946;1,625061;2,868652;3,746033;2,960205;2,868652;2,960205;1,659393;1,659393;1,659393;1,188278;3,78418;2,944946;3,78418;1,478195;3,78418;1,977921;2,944946;2,960205;1,659393;2,868652;1,382828;1,659393;1,625061;1,382828;2,868652;1,478195;0,6942749;3,78418;2,960205;2,868652;2,960205;1,188278;3,78418;1,659393;1,659393;1,478195;2,944946;1,188278;1,977921;1,188278;2,868652;2,944946;2,960205;2,868652;2,868652;1,382828;1,977921;1,083374;1,478195;1,659393;1,659393;1,625061;1,659393
"564";"1996-12-01";0,25177;0,1869202;1,508713;0,5741119;0,5741119;0,25177;0,1869202;1,047134;0,8563995;1,508713;0,6256104;0,4730225;1,508713;0,25177;1,508713;0,5741119;1,535416;0,50354;0,5741119;0,579834;0,5741119;0,3547668;0,1964569;0,50354;0,579834;0,50354;1,508713;0,7610321;1,508713;0,5741119;0,25177;1,535416;0,25177;1,535416;0,25177;0,5741119;0,5741119;0,3547668;0,7610321;0,7610321;0,5741119;0,6256104;0,6256104;0,579834;0,8563995;2,933502;0,9880066;2,933502;1,512527;2,527237;2,527237;1,829147;1,535416;2,933502;2,515793;2,527237;2,933502;2,527237;1,512527;1,512527;1,512527;0,8563995;2,067566;1,829147;2,067566;0,9880066;2,067566;1,209259;1,829147;2,527237;1,512527;2,933502;1,047134;1,512527;1,535416;1,047134;2,933502;0,9880066;0,6256104;2,067566;2,527237;2,933502;2,527237;0,8563995;2,067566;1,512527;1,512527;0,9880066;1,829147;0,8563995;1,209259;0,8563995;2,933502;1,829147;2,527237;2,933502;2,933502;1,047134;1,209259;0,4730225;0,9880066;1,512527;1,512527;1,535416;1,512527
"565";"1997-01-01";0,4310608;0,4425049;1,897812;0,6961823;0,6961823;0,4310608;0,4425049;0,9994507;1,626968;1,897812;0,3108978;0,7610321;1,897812;0,4310608;1,897812;0,6961823;2,269745;0,5283356;0,6961823;0,5073547;0,6961823;0,4234314;0,3929138;0,5283356;0,5073547;0,5283356;1,897812;0,3185272;1,897812;0,6961823;0,4310608;2,269745;0,4310608;2,269745;0,4310608;0,6961823;0,6961823;0,4234314;0,3185272;0,3185272;0,6961823;0,3108978;0,3108978;0,5073547;1,626968;5,395889;2,61116;5,395889;2,540588;4,869461;4,869461;2,717972;2,269745;5,395889;3,866196;4,869461;5,395889;4,869461;2,540588;2,540588;2,540588;1,626968;3,435135;2,717972;3,435135;2,61116;3,435135;1,922607;2,717972;4,869461;2,540588;5,395889;0,9994507;2,540588;2,269745;0,9994507;5,395889;2,61116;0,3108978;3,435135;4,869461;5,395889;4,869461;1,626968;3,435135;2,540588;2,540588;2,61116;2,717972;1,626968;1,922607;1,626968;5,395889;2,717972;4,869461;5,395889;5,395889;0,9994507;1,922607;0,7610321;2,61116;2,540588;2,540588;2,269745;2,540588
"566";"1997-02-01";0,1888275;0,202179;1,998901;0,3585815;0,3585815;0,1888275;0,202179;1,348495;0,9918213;1,998901;0,5321503;0,5970001;1,998901;0,1888275;1,998901;0,3585815;1,367569;0,4634857;0,3585815;0,4234314;0,3585815;0,1029968;0,03242493;0,4634857;0,4234314;0,4634857;1,998901;0,3452301;1,998901;0,3585815;0,1888275;1,367569;0,1888275;1,367569;0,1888275;0,3585815;0,3585815;0,1029968;0,3452301;0,3452301;0,3585815;0,5321503;0,5321503;0,4234314;0,9918213;4,329681;0,8430481;4,329681;2,733231;2,7771;2,7771;2,435684;1,367569;4,329681;3,128052;2,7771;4,329681;2,7771;2,733231;2,733231;2,733231;0,9918213;3,339767;2,435684;3,339767;0,8430481;3,339767;1,146317;2,435684;2,7771;2,733231;4,329681;1,348495;2,733231;1,367569;1,348495;4,329681;0,8430481;0,5321503;3,339767;2,7771;4,329681;2,7771;0,9918213;3,339767;2,733231;2,733231;0,8430481;2,435684;0,9918213;1,146317;0,9918213;4,329681;2,435684;2,7771;4,329681;4,329681;1,348495;1,146317;0,5970001;0,8430481;2,733231;2,733231;1,367569;2,733231
"567";"1997-03-01";1,119614;1,058578;4,451752;1,598358;1,598358;1,119614;1,058578;4,180908;3,284454;4,451752;1,909256;1,348495;4,451752;1,119614;4,451752;1,598358;4,928589;2,071381;1,598358;3,170013;1,598358;1,636505;1,012802;2,071381;3,170013;2,071381;4,451752;2,487183;4,451752;1,598358;1,119614;4,928589;1,119614;4,928589;1,119614;1,598358;1,598358;1,636505;2,487183;2,487183;1,598358;1,909256;1,909256;3,170013;3,284454;8,216858;2,147675;8,216858;7,966995;9,431839;9,431839;2,882004;4,928589;8,216858;3,77655;9,431839;8,216858;9,431839;7,966995;7,966995;7,966995;3,284454;5,443573;2,882004;5,443573;2,147675;5,443573;2,044678;2,882004;9,431839;7,966995;8,216858;4,180908;7,966995;4,928589;4,180908;8,216858;2,147675;1,909256;5,443573;9,431839;8,216858;9,431839;3,284454;5,443573;7,966995;7,966995;2,147675;2,882004;3,284454;2,044678;3,284454;8,216858;2,882004;9,431839;8,216858;8,216858;4,180908;2,044678;1,348495;2,147675;7,966995;7,966995;4,928589;7,966995
"568";"1997-04-01";2,986908;3,17955;8,354187;3,953934;3,953934;2,986908;3,17955;5,85556;6,874084;8,354187;3,509521;2,346039;8,354187;2,986908;8,354187;3,953934;10,82039;4,055023;3,953934;6,574631;3,953934;3,883362;2,92778;4,055023;6,574631;4,055023;8,354187;5,60379;8,354187;3,953934;2,986908;10,82039;2,986908;10,82039;2,986908;3,953934;3,953934;3,883362;5,60379;5,60379;3,953934;3,509521;3,509521;6,574631;6,874084;16,05225;3,534317;16,05225;9,698868;20,19119;20,19119;7,198334;10,82039;16,05225;11,28578;20,19119;16,05225;20,19119;9,698868;9,698868;9,698868;6,874084;12,88033;7,198334;12,88033;3,534317;12,88033;4,217148;7,198334;20,19119;9,698868;16,05225;5,85556;9,698868;10,82039;5,85556;16,05225;3,534317;3,509521;12,88033;20,19119;16,05225;20,19119;6,874084;12,88033;9,698868;9,698868;3,534317;7,198334;6,874084;4,217148;6,874084;16,05225;7,198334;20,19119;16,05225;16,05225;5,85556;4,217148;2,346039;3,534317;9,698868;9,698868;10,82039;9,698868
"569";"1997-05-01";3,551483;4,390717;8,247375;4,528046;4,528046;3,551483;4,390717;5,130768;6,057739;8,247375;3,917694;3,448486;8,247375;3,551483;8,247375;4,528046;10,31876;4,722595;4,528046;5,779266;4,528046;3,639221;2,933502;4,722595;5,779266;4,722595;8,247375;5,134583;8,247375;4,528046;3,551483;10,31876;3,551483;10,31876;3,551483;4,528046;4,528046;3,639221;5,134583;5,134583;4,528046;3,917694;3,917694;5,779266;6,057739;9,590149;3,223419;9,590149;6,103516;10,86426;10,86426;3,536224;10,31876;9,590149;4,676819;10,86426;9,590149;10,86426;6,103516;6,103516;6,103516;6,057739;8,838654;3,536224;8,838654;3,223419;8,838654;2,937317;3,536224;10,86426;6,103516;9,590149;5,130768;6,103516;10,31876;5,130768;9,590149;3,223419;3,917694;8,838654;10,86426;9,590149;10,86426;6,057739;8,838654;6,103516;6,103516;3,223419;3,536224;6,057739;2,937317;6,057739;9,590149;3,536224;10,86426;9,590149;9,590149;5,130768;2,937317;3,448486;3,223419;6,103516;6,103516;10,31876;6,103516
"570";"1997-06-01";3,011703;2,746582;3,005981;3,116608;3,116608;3,011703;2,746582;2,817154;3,799438;3,005981;2,702713;3,444672;3,005981;3,011703;3,005981;3,116608;4,163742;2,267838;3,116608;3,177643;3,116608;2,920151;2,874374;2,267838;3,177643;2,267838;3,005981;3,286362;3,005981;3,116608;3,011703;4,163742;3,011703;4,163742;3,011703;3,116608;3,116608;2,920151;3,286362;3,286362;3,116608;2,702713;2,702713;3,177643;3,799438;3,456116;4,957199;3,456116;3,755569;3,9711;3,9711;4,663467;4,163742;3,456116;3,341675;3,9711;3,456116;3,9711;3,755569;3,755569;3,755569;3,799438;4,724503;4,663467;4,724503;4,957199;4,724503;5,130768;4,663467;3,9711;3,755569;3,456116;2,817154;3,755569;4,163742;2,817154;3,456116;4,957199;2,702713;4,724503;3,9711;3,456116;3,9711;3,799438;4,724503;3,755569;3,755569;4,957199;4,663467;3,799438;5,130768;3,799438;3,456116;4,663467;3,9711;3,456116;3,456116;2,817154;5,130768;3,444672;4,957199;3,755569;3,755569;4,163742;3,755569
"571";"1997-07-01";1,873016;1,346588;3,234863;2,923965;2,923965;1,873016;1,346588;3,252029;2,527237;3,234863;2,895355;2,058029;3,234863;1,873016;3,234863;2,923965;3,734589;2,578735;2,923965;3,225327;2,923965;2,735138;1,918793;2,578735;3,225327;2,578735;3,234863;3,540039;3,234863;2,923965;1,873016;3,734589;1,873016;3,734589;1,873016;2,923965;2,923965;2,735138;3,540039;3,540039;2,923965;2,895355;2,895355;3,225327;2,527237;2,820969;6,071091;2,820969;3,751755;2,254486;2,254486;3,986359;3,734589;2,820969;2,958298;2,254486;2,820969;2,254486;3,751755;3,751755;3,751755;2,527237;2,716064;3,986359;2,716064;6,071091;2,716064;5,729675;3,986359;2,254486;3,751755;2,820969;3,252029;3,751755;3,734589;3,252029;2,820969;6,071091;2,895355;2,716064;2,254486;2,820969;2,254486;2,527237;2,716064;3,751755;3,751755;6,071091;3,986359;2,527237;5,729675;2,527237;2,820969;3,986359;2,254486;2,820969;2,820969;3,252029;5,729675;2,058029;6,071091;3,751755;3,751755;3,734589;3,751755
"572";"1997-08-01";1,991272;1,176834;2,822876;2,889633;2,889633;1,991272;1,176834;2,462387;2,056122;2,822876;2,382278;1,888275;2,822876;1,991272;2,822876;2,889633;3,290176;2,252579;2,889633;2,637863;2,889633;2,555847;2,162933;2,252579;2,637863;2,252579;2,822876;2,670288;2,822876;2,889633;1,991272;3,290176;1,991272;3,290176;1,991272;2,889633;2,889633;2,555847;2,670288;2,670288;2,889633;2,382278;2,382278;2,637863;2,056122;2,332687;3,923416;2,332687;2,986908;1,768112;1,768112;2,813339;3,290176;2,332687;1,819611;1,768112;2,332687;1,768112;2,986908;2,986908;2,986908;2,056122;2,292633;2,813339;2,292633;3,923416;2,292633;4,40979;2,813339;1,768112;2,986908;2,332687;2,462387;2,986908;3,290176;2,462387;2,332687;3,923416;2,382278;2,292633;1,768112;2,332687;1,768112;2,056122;2,292633;2,986908;2,986908;3,923416;2,813339;2,056122;4,40979;2,056122;2,332687;2,813339;1,768112;2,332687;2,332687;2,462387;4,40979;1,888275;3,923416;2,986908;2,986908;3,290176;2,986908
"573";"1997-09-01";4,240036;2,470016;5,626678;4,751205;4,751205;4,240036;2,470016;5,750656;4,964828;5,626678;5,19371;3,866196;5,626678;4,240036;5,626678;4,751205;5,79834;3,757477;4,751205;3,610611;4,751205;4,095078;4,28009;3,757477;3,610611;3,757477;5,626678;4,644394;5,626678;4,751205;4,240036;5,79834;4,240036;5,79834;4,240036;4,751205;4,751205;4,095078;4,644394;4,644394;4,751205;5,19371;5,19371;3,610611;4,964828;6,55365;5,529404;6,55365;5,475998;4,91333;4,91333;7,049561;5,79834;6,55365;5,191803;4,91333;6,55365;4,91333;5,475998;5,475998;5,475998;4,964828;5,392075;7,049561;5,392075;5,529404;5,392075;8,796692;7,049561;4,91333;5,475998;6,55365;5,750656;5,475998;5,79834;5,750656;6,55365;5,529404;5,19371;5,392075;4,91333;6,55365;4,91333;4,964828;5,392075;5,475998;5,475998;5,529404;7,049561;4,964828;8,796692;4,964828;6,55365;7,049561;4,91333;6,55365;6,55365;5,750656;8,796692;3,866196;5,529404;5,475998;5,475998;5,79834;5,475998
"574";"1997-10-01";4,871368;4,421234;7,961273;5,804062;5,804062;4,871368;4,421234;5,907059;6,99234;7,961273;3,932953;5,571365;7,961273;4,871368;7,961273;5,804062;8,714676;4,341125;5,804062;3,557205;5,804062;4,104614;4,091263;4,341125;3,557205;4,341125;7,961273;2,96402;7,961273;5,804062;4,871368;8,714676;4,871368;8,714676;4,871368;5,804062;5,804062;4,104614;2,96402;2,96402;5,804062;3,932953;3,932953;3,557205;6,99234;10,98442;10,39886;10,98442;7,614136;9,727478;9,727478;9,284973;8,714676;10,98442;9,214401;9,727478;10,98442;9,727478;7,614136;7,614136;7,614136;6,99234;9,07135;9,284973;9,07135;10,39886;9,07135;9,635925;9,284973;9,727478;7,614136;10,98442;5,907059;7,614136;8,714676;5,907059;10,98442;10,39886;3,932953;9,07135;9,727478;10,98442;9,727478;6,99234;9,07135;7,614136;7,614136;10,39886;9,284973;6,99234;9,635925;6,99234;10,98442;9,284973;9,727478;10,98442;10,98442;5,907059;9,635925;5,571365;10,39886;7,614136;7,614136;8,714676;7,614136
"575";"1997-11-01";1,085281;1,024246;4,686356;1,737595;1,737595;1,085281;1,024246;2,950668;1,974106;4,686356;2,065659;1,464844;4,686356;1,085281;4,686356;1,737595;3,183365;1,962662;1,737595;1,823425;1,737595;1,754761;1,213074;1,962662;1,823425;1,962662;4,686356;1,968384;4,686356;1,737595;1,085281;3,183365;1,085281;3,183365;1,085281;1,737595;1,737595;1,754761;1,968384;1,968384;1,737595;2,065659;2,065659;1,823425;1,974106;7,204056;1,934052;7,204056;4,407883;4,407883;4,407883;3,372192;3,183365;7,204056;3,793716;4,407883;7,204056;4,407883;4,407883;4,407883;4,407883;1,974106;4,220963;3,372192;4,220963;1,934052;4,220963;2,656937;3,372192;4,407883;4,407883;7,204056;2,950668;4,407883;3,183365;2,950668;7,204056;1,934052;2,065659;4,220963;4,407883;7,204056;4,407883;1,974106;4,220963;4,407883;4,407883;1,934052;3,372192;1,974106;2,656937;1,974106;7,204056;3,372192;4,407883;7,204056;7,204056;2,950668;2,656937;1,464844;1,934052;4,407883;4,407883;3,183365;4,407883
"576";"1997-12-01";0,957489;1,064301;3,02124;0,9803772;0,9803772;0,957489;1,064301;1,338959;2,120972;3,02124;0,9613037;1,228333;3,02124;0,957489;3,02124;0,9803772;2,231598;0,9765625;0,9803772;0,8773804;0,9803772;0,8811951;1,033783;0,9765625;0,8773804;0,9765625;3,02124;0,8392334;3,02124;0,9803772;0,957489;2,231598;0,957489;2,231598;0,957489;0,9803772;0,9803772;0,8811951;0,8392334;0,8392334;0,9803772;0,9613037;0,9613037;0,8773804;2,120972;8,76236;2,83432;8,76236;2,758026;5,508423;5,508423;4,245758;2,231598;8,76236;5,008698;5,508423;8,76236;5,508423;2,758026;2,758026;2,758026;2,120972;4,283905;4,245758;4,283905;2,83432;4,283905;2,20871;4,245758;5,508423;2,758026;8,76236;1,338959;2,758026;2,231598;1,338959;8,76236;2,83432;0,9613037;4,283905;5,508423;8,76236;5,508423;2,120972;4,283905;2,758026;2,758026;2,83432;4,245758;2,120972;2,20871;2,120972;8,76236;4,245758;5,508423;8,76236;8,76236;1,338959;2,20871;1,228333;2,83432;2,758026;2,758026;2,231598;2,758026
"577";"1998-01-01";0,1029968;0,09918213;2,586365;0,25177;0,25177;0,1029968;0,09918213;1,052856;1,422882;2,586365;0,2822876;0,377655;2,586365;0,1029968;2,586365;0,25177;1,678467;0,3318787;0,25177;0,2098083;0,25177;0,1106262;0,06103516;0,3318787;0,2098083;0,3318787;2,586365;0,3433228;2,586365;0,25177;0,1029968;1,678467;0,1029968;1,678467;0,1029968;0,25177;0,25177;0,1106262;0,3433228;0,3433228;0,25177;0,2822876;0,2822876;0,2098083;1,422882;8,583069;2,52533;8,583069;3,482819;5,535126;5,535126;3,738403;1,678467;8,583069;5,935669;5,535126;8,583069;5,535126;3,482819;3,482819;3,482819;1,422882;3,650665;3,738403;3,650665;2,52533;3,650665;2,006531;3,738403;5,535126;3,482819;8,583069;1,052856;3,482819;1,678467;1,052856;8,583069;2,52533;0,2822876;3,650665;5,535126;8,583069;5,535126;1,422882;3,650665;3,482819;3,482819;2,52533;3,738403;1,422882;2,006531;1,422882;8,583069;3,738403;5,535126;8,583069;8,583069;1,052856;2,006531;0,377655;2,52533;3,482819;3,482819;1,678467;3,482819
"578";"1998-02-01";0,03051758;0,02861023;0,951767;0,08583069;0,08583069;0,03051758;0,02861023;0,4062653;0,9307861;0,951767;0,07247925;0,1010895;0,951767;0,03051758;0,951767;0,08583069;1,029968;0,08964539;0,08583069;0,07247925;0,08583069;0,05340576;0,01907349;0,08964539;0,07247925;0,08964539;0,951767;0,08010864;0,951767;0,08583069;0,03051758;1,029968;0,03051758;1,029968;0,03051758;0,08583069;0,08583069;0,05340576;0,08010864;0,08010864;0,08583069;0,07247925;0,07247925;0,07247925;0,9307861;3,62587;0,7553101;3,62587;1,413345;3,71933;3,71933;1,142502;1,029968;3,62587;1,94931;3,71933;3,62587;3,71933;1,413345;1,413345;1,413345;0,9307861;1,983643;1,142502;1,983643;0,7553101;1,983643;0,705719;1,142502;3,71933;1,413345;3,62587;0,4062653;1,413345;1,029968;0,4062653;3,62587;0,7553101;0,07247925;1,983643;3,71933;3,62587;3,71933;0,9307861;1,983643;1,413345;1,413345;0,7553101;1,142502;0,9307861;0,705719;0,9307861;3,62587;1,142502;3,71933;3,62587;3,62587;0,4062653;0,705719;0,1010895;0,7553101;1,413345;1,413345;1,029968;1,413345
"579";"1998-03-01";0,1029968;0,1602173;3,341675;0,125885;0,125885;0,1029968;0,1602173;1,693726;2,597809;3,341675;0,1087189;0,5111694;3,341675;0,1029968;3,341675;0,125885;2,550125;0,1411438;0,125885;0,07629395;0,125885;0,07629395;0,03242493;0,1411438;0,07629395;0,1411438;3,341675;0,1163483;3,341675;0,125885;0,1029968;2,550125;0,1029968;2,550125;0,1029968;0,125885;0,125885;0,07629395;0,1163483;0,1163483;0,125885;0,1087189;0,1087189;0,07629395;2,597809;13,25417;4,878998;13,25417;6,698608;10,26535;10,26535;4,728317;2,550125;13,25417;6,792068;10,26535;13,25417;10,26535;6,698608;6,698608;6,698608;2,597809;6,753922;4,728317;6,753922;4,878998;6,753922;3,501892;4,728317;10,26535;6,698608;13,25417;1,693726;6,698608;2,550125;1,693726;13,25417;4,878998;0,1087189;6,753922;10,26535;13,25417;10,26535;2,597809;6,753922;6,698608;6,698608;4,878998;4,728317;2,597809;3,501892;2,597809;13,25417;4,728317;10,26535;13,25417;13,25417;1,693726;3,501892;0,5111694;4,878998;6,698608;6,698608;2,550125;6,698608
"580";"1998-04-01";0,1926422;0,1411438;3,69072;0,415802;0,415802;0,1926422;0,1411438;2,157211;1,979828;3,69072;0,3547668;0,5149841;3,69072;0,1926422;3,69072;0,415802;2,363205;0,3929138;0,415802;0,617981;0,415802;0,5283356;0,1029968;0,3929138;0,617981;0,3929138;3,69072;0,3223419;3,69072;0,415802;0,1926422;2,363205;0,1926422;2,363205;0,1926422;0,415802;0,415802;0,5283356;0,3223419;0,3223419;0,415802;0,3547668;0,3547668;0,617981;1,979828;12,92229;3,171921;12,92229;7,043839;7,295609;7,295609;3,90625;2,363205;12,92229;5,79071;7,295609;12,92229;7,295609;7,043839;7,043839;7,043839;1,979828;5,361557;3,90625;5,361557;3,171921;5,361557;2,088547;3,90625;7,295609;7,043839;12,92229;2,157211;7,043839;2,363205;2,157211;12,92229;3,171921;0,3547668;5,361557;7,295609;12,92229;7,295609;1,979828;5,361557;7,043839;7,043839;3,171921;3,90625;1,979828;2,088547;1,979828;12,92229;3,90625;7,295609;12,92229;12,92229;2,157211;2,088547;0,5149841;3,171921;7,043839;7,043839;2,363205;7,043839
"581";"1998-05-01";0,4920959;0,3852844;1,148224;0,579834;0,579834;0,4920959;0,3852844;0,6523132;1,274109;1,148224;0,3089905;0,7705688;1,148224;0,4920959;1,148224;0,579834;1,472473;0,4234314;0,579834;0,4386902;0,579834;0,3662109;0,4310608;0,4234314;0,4386902;0,4234314;1,148224;0,3242493;1,148224;0,579834;0,4920959;1,472473;0,4920959;1,472473;0,4920959;0,579834;0,579834;0,3662109;0,3242493;0,3242493;0,579834;0,3089905;0,3089905;0,4386902;1,274109;1,873016;0,7972717;1,873016;1,110077;2,532959;2,532959;1,197815;1,472473;1,873016;0,9422302;2,532959;1,873016;2,532959;1,110077;1,110077;1,110077;1,274109;2,182007;1,197815;2,182007;0,7972717;2,182007;0,8354187;1,197815;2,532959;1,110077;1,873016;0,6523132;1,110077;1,472473;0,6523132;1,873016;0,7972717;0,3089905;2,182007;2,532959;1,873016;2,532959;1,274109;2,182007;1,110077;1,110077;0,7972717;1,197815;1,274109;0,8354187;1,274109;1,873016;1,197815;2,532959;1,873016;1,873016;0,6523132;0,8354187;0,7705688;0,7972717;1,110077;1,110077;1,472473;1,110077
"582";"1998-06-01";2,52533;1,823425;3,509521;4,35257;4,35257;2,52533;1,823425;3,238678;2,357483;3,509521;2,277374;2,147675;3,509521;2,52533;3,509521;4,35257;4,84848;3,318787;4,35257;3,505707;4,35257;3,20816;2,567291;3,318787;3,505707;3,318787;3,509521;2,140045;3,509521;4,35257;2,52533;4,84848;2,52533;4,84848;2,52533;4,35257;4,35257;3,20816;2,140045;2,140045;4,35257;2,277374;2,277374;3,505707;2,357483;2,841949;3,124237;2,841949;3,02887;2,403259;2,403259;2,388;4,84848;2,841949;1,865387;2,403259;2,841949;2,403259;3,02887;3,02887;3,02887;2,357483;3,34549;2,388;3,34549;3,124237;3,34549;3,52478;2,388;2,403259;3,02887;2,841949;3,238678;3,02887;4,84848;3,238678;2,841949;3,124237;2,277374;3,34549;2,403259;2,841949;2,403259;2,357483;3,34549;3,02887;3,02887;3,124237;2,388;2,357483;3,52478;2,357483;2,841949;2,388;2,403259;2,841949;2,841949;3,238678;3,52478;2,147675;3,124237;3,02887;3,02887;4,84848;3,02887
"583";"1998-07-01";2,220154;1,686096;3,77655;4,306793;4,306793;2,220154;1,686096;3,154755;2,929688;3,77655;1,991272;3,032684;3,77655;2,220154;3,77655;4,306793;6,736755;2,204895;4,306793;1,430511;4,306793;2,113342;1,495361;2,204895;1,430511;2,204895;3,77655;1,552582;3,77655;4,306793;2,220154;6,736755;2,220154;6,736755;2,220154;4,306793;4,306793;2,113342;1,552582;1,552582;4,306793;1,991272;1,991272;1,430511;2,929688;3,726959;4,91333;3,726959;3,883362;3,681183;3,681183;6,565094;6,736755;3,726959;5,477905;3,681183;3,726959;3,681183;3,883362;3,883362;3,883362;2,929688;4,329681;6,565094;4,329681;4,91333;4,329681;8,426666;6,565094;3,681183;3,883362;3,726959;3,154755;3,883362;6,736755;3,154755;3,726959;4,91333;1,991272;4,329681;3,681183;3,726959;3,681183;2,929688;4,329681;3,883362;3,883362;4,91333;6,565094;2,929688;8,426666;2,929688;3,726959;6,565094;3,681183;3,726959;3,726959;3,154755;8,426666;3,032684;4,91333;3,883362;3,883362;6,736755;3,883362
"584";"1998-08-01";4,364014;2,803802;3,715515;3,860474;3,860474;4,364014;2,803802;3,364563;4,364014;3,715515;2,918243;3,528595;3,715515;4,364014;3,715515;3,860474;4,1008;2,605438;3,860474;3,074646;3,860474;3,322601;4,608154;2,605438;3,074646;2,605438;3,715515;2,880096;3,715515;3,860474;4,364014;4,1008;4,364014;4,1008;4,364014;3,860474;3,860474;3,322601;2,880096;2,880096;3,860474;2,918243;2,918243;3,074646;4,364014;3,9711;3,932953;3,9711;3,246307;3,059387;3,059387;4,226685;4,1008;3,9711;3,242493;3,059387;3,9711;3,059387;3,246307;3,246307;3,246307;4,364014;3,96347;4,226685;3,96347;3,932953;3,96347;5,596161;4,226685;3,059387;3,246307;3,9711;3,364563;3,246307;4,1008;3,364563;3,9711;3,932953;2,918243;3,96347;3,059387;3,9711;3,059387;4,364014;3,96347;3,246307;3,246307;3,932953;4,226685;4,364014;5,596161;4,364014;3,9711;4,226685;3,059387;3,9711;3,9711;3,364563;5,596161;3,528595;3,932953;3,246307;3,246307;4,1008;3,246307
"585";"1998-09-01";13,60893;10,92911;12,65144;13,2885;13,2885;13,60893;10,92911;11,15417;16,42609;12,65144;9,811401;14,08195;12,65144;13,60893;12,65144;13,2885;16,1972;10,72884;13,2885;12,75444;13,2885;13,34;13,16643;10,72884;12,75444;10,72884;12,65144;10,51903;12,65144;13,2885;13,60893;16,1972;13,60893;16,1972;13,60893;13,2885;13,2885;13,34;10,51903;10,51903;13,2885;9,811401;9,811401;12,75444;16,42609;16,18958;14,16016;16,18958;12,87079;21,40236;21,40236;21,31462;16,1972;16,18958;21,44432;21,40236;16,18958;21,40236;12,87079;12,87079;12,87079;16,42609;17,11082;21,31462;17,11082;14,16016;17,11082;22,95876;21,31462;21,40236;12,87079;16,18958;11,15417;12,87079;16,1972;11,15417;16,18958;14,16016;9,811401;17,11082;21,40236;16,18958;21,40236;16,42609;17,11082;12,87079;12,87079;14,16016;21,31462;16,42609;22,95876;16,42609;16,18958;21,31462;21,40236;16,18958;16,18958;11,15417;22,95876;14,08195;14,16016;12,87079;12,87079;16,1972;12,87079
"586";"1998-10-01";4,02832;4,28009;7,125854;5,191803;5,191803;4,02832;4,28009;6,065369;6,500244;7,125854;4,112244;7,118225;7,125854;4,02832;7,125854;5,191803;7,87735;4,421234;5,191803;3,353119;5,191803;3,53241;2,944946;4,421234;3,353119;4,421234;7,125854;3,372192;7,125854;5,191803;4,02832;7,87735;4,02832;7,87735;4,02832;5,191803;5,191803;3,53241;3,372192;3,372192;5,191803;4,112244;4,112244;3,353119;6,500244;8,25882;7,205963;8,25882;6,93512;8,232117;8,232117;13,68713;7,87735;8,25882;16,13617;8,232117;8,25882;8,232117;6,93512;6,93512;6,93512;6,500244;11,6806;13,68713;11,6806;7,205963;11,6806;10,96344;13,68713;8,232117;6,93512;8,25882;6,065369;6,93512;7,87735;6,065369;8,25882;7,205963;4,112244;11,6806;8,232117;8,25882;8,232117;6,500244;11,6806;6,93512;6,93512;7,205963;13,68713;6,500244;10,96344;6,500244;8,25882;13,68713;8,232117;8,25882;8,25882;6,065369;10,96344;7,118225;7,205963;6,93512;6,93512;7,87735;6,93512
"587";"1998-11-01";1,228333;0,8811951;4,776001;1,853943;1,853943;1,228333;0,8811951;3,000259;3,980637;4,776001;1,766205;1,708984;4,776001;1,228333;4,776001;1,853943;5,418777;1,659393;1,853943;0,825882;1,853943;0,9441376;0,7133484;1,659393;0,825882;1,659393;4,776001;1,22261;4,776001;1,853943;1,228333;5,418777;1,228333;5,418777;1,228333;1,853943;1,853943;0,9441376;1,22261;1,22261;1,853943;1,766205;1,766205;0,825882;3,980637;8,094788;6,538391;8,094788;4,560471;9,790421;9,790421;7,736206;5,418777;8,094788;6,139755;9,790421;8,094788;9,790421;4,560471;4,560471;4,560471;3,980637;7,936478;7,736206;7,936478;6,538391;7,936478;7,831573;7,736206;9,790421;4,560471;8,094788;3,000259;4,560471;5,418777;3,000259;8,094788;6,538391;1,766205;7,936478;9,790421;8,094788;9,790421;3,980637;7,936478;4,560471;4,560471;6,538391;7,736206;3,980637;7,831573;3,980637;8,094788;7,736206;9,790421;8,094788;8,094788;3,000259;7,831573;1,708984;6,538391;4,560471;4,560471;5,418777;4,560471
"588";"1998-12-01";0,09346008;0,09441376;0,7295609;0,09632111;0,09632111;0,09346008;0,09441376;0,2908707;0,5702972;0,7295609;0,1039505;0,4501343;0,7295609;0,09346008;0,7295609;0,09632111;0,5807877;0,09918213;0,09632111;0,02861023;0,09632111;0,01525879;0,00667572;0,09918213;0,02861023;0,09918213;0,7295609;0,04386902;0,7295609;0,09632111;0,09346008;0,5807877;0,09346008;0,5807877;0,09346008;0,09632111;0,09632111;0,01525879;0,04386902;0,04386902;0,09632111;0,1039505;0,1039505;0,02861023;0,5702972;2,419472;1,299858;2,419472;0,8459091;1,761436;1,761436;3,635406;0,5807877;2,419472;2,915382;1,761436;2,419472;1,761436;0,8459091;0,8459091;0,8459091;0,5702972;2,352715;3,635406;2,352715;1,299858;2,352715;3,490448;3,635406;1,761436;0,8459091;2,419472;0,2908707;0,8459091;0,5807877;0,2908707;2,419472;1,299858;0,1039505;2,352715;1,761436;2,419472;1,761436;0,5702972;2,352715;0,8459091;0,8459091;1,299858;3,635406;0,5702972;3,490448;0,5702972;2,419472;3,635406;1,761436;2,419472;2,419472;0,2908707;3,490448;0,4501343;1,299858;0,8459091;0,8459091;0,5807877;0,8459091
"589";"1999-01-01";0,04673004;0,05149841;1,18351;0,07820129;0,07820129;0,04673004;0,05149841;0,4310608;0,8211136;1,18351;0,1010895;0,2565384;1,18351;0,04673004;1,18351;0,07820129;0,8687973;0,1506805;0,07820129;0,05626678;0,07820129;0,009536743;0,0009536743;0,1506805;0,05626678;0,1506805;1,18351;0,07152557;1,18351;0,07820129;0,04673004;0,8687973;0,04673004;0,8687973;0,04673004;0,07820129;0,07820129;0,009536743;0,07152557;0,07152557;0,07820129;0,1010895;0,1010895;0,05626678;0,8211136;3,797531;0,743866;3,797531;1,257896;3,01075;3,01075;1,009941;0,8687973;3,797531;1,434326;3,01075;3,797531;3,01075;1,257896;1,257896;1,257896;0,8211136;2,612114;1,009941;2,612114;0,743866;2,612114;0,7696152;1,009941;3,01075;1,257896;3,797531;0,4310608;1,257896;0,8687973;0,4310608;3,797531;0,743866;0,1010895;2,612114;3,01075;3,797531;3,01075;0,8211136;2,612114;1,257896;1,257896;0,743866;1,009941;0,8211136;0,7696152;0,8211136;3,797531;1,009941;3,01075;3,797531;3,797531;0,4310608;0,7696152;0,2565384;0,743866;1,257896;1,257896;0,8687973;1,257896
"590";"1999-02-01";0,5607605;0,5283356;1,207352;0,4272461;0,4272461;0,5607605;0,5283356;0,6523132;1,57547;1,207352;0,4959106;0,7781982;1,207352;0,5607605;1,207352;0,4272461;1,564026;0,3128052;0,4272461;0,1430511;0,4272461;0,1564026;0,2269745;0,3128052;0,1430511;0,3128052;1,207352;0,3910065;1,207352;0,4272461;0,5607605;1,564026;0,5607605;1,564026;0,5607605;0,4272461;0,4272461;0,1564026;0,3910065;0,3910065;0,4272461;0,4959106;0,4959106;0,1430511;1,57547;2,534866;0,8506775;2,534866;0,8869171;2,782822;2,782822;2,321243;1,564026;2,534866;2,672195;2,782822;2,534866;2,782822;0,8869171;0,8869171;0,8869171;1,57547;2,487183;2,321243;2,487183;0,8506775;2,487183;1,567841;2,321243;2,782822;0,8869171;2,534866;0,6523132;0,8869171;1,564026;0,6523132;2,534866;0,8506775;0,4959106;2,487183;2,782822;2,534866;2,782822;1,57547;2,487183;0,8869171;0,8869171;0,8506775;2,321243;1,57547;1,567841;1,57547;2,534866;2,321243;2,782822;2,534866;2,534866;0,6523132;1,567841;0,7781982;0,8506775;0,8869171;0,8869171;1,564026;0,8869171
"591";"1999-03-01";0,6370544;0,9059906;2,389908;0,9899139;0,9899139;0,6370544;0,9059906;1,95694;2,096176;2,389908;0,7896423;0,6656647;2,389908;0,6370544;2,389908;0,9899139;3,166199;0,623703;0,9899139;1,159668;0,9899139;1,089096;0,5092621;0,623703;1,159668;0,623703;2,389908;1,194;2,389908;0,9899139;0,6370544;3,166199;0,6370544;3,166199;0,6370544;0,9899139;0,9899139;1,089096;1,194;1,194;0,9899139;0,7896423;0,7896423;1,159668;2,096176;6,465912;2,164841;6,465912;4,463196;6,137848;6,137848;2,086639;3,166199;6,465912;2,210617;6,137848;6,465912;6,137848;4,463196;4,463196;4,463196;2,096176;4,041672;2,086639;4,041672;2,164841;4,041672;1,63269;2,086639;6,137848;4,463196;6,465912;1,95694;4,463196;3,166199;1,95694;6,465912;2,164841;0,7896423;4,041672;6,137848;6,465912;6,137848;2,096176;4,041672;4,463196;4,463196;2,164841;2,086639;2,096176;1,63269;2,096176;6,465912;2,086639;6,137848;6,465912;6,465912;1,95694;1,63269;0,6656647;2,164841;4,463196;4,463196;3,166199;4,463196
"592";"1999-04-01";0,579834;0,7648468;2,973557;1,333237;1,333237;0,579834;0,7648468;1,579285;1,890182;2,973557;1,188278;0,9498596;2,973557;0,579834;2,973557;1,333237;3,582001;1,44577;1,333237;1,468658;1,333237;0,7171631;0,6923676;1,44577;1,468658;1,44577;2,973557;1,695633;2,973557;1,333237;0,579834;3,582001;0,579834;3,582001;0,579834;1,333237;1,333237;0,7171631;1,695633;1,695633;1,333237;1,188278;1,188278;1,468658;1,890182;4,150391;0,5683899;4,150391;2,696991;4,91333;4,91333;1,914978;3,582001;4,150391;2,861023;4,91333;4,150391;4,91333;2,696991;2,696991;2,696991;1,890182;3,990173;1,914978;3,990173;0,5683899;3,990173;0,9403229;1,914978;4,91333;2,696991;4,150391;1,579285;2,696991;3,582001;1,579285;4,150391;0,5683899;1,188278;3,990173;4,91333;4,150391;4,91333;1,890182;3,990173;2,696991;2,696991;0,5683899;1,914978;1,890182;0,9403229;1,890182;4,150391;1,914978;4,91333;4,150391;4,150391;1,579285;0,9403229;0,9498596;0,5683899;2,696991;2,696991;3,582001;2,696991
"593";"1999-05-01";3,335953;3,341675;3,454208;4,217148;4,217148;3,335953;3,341675;2,435684;3,393173;3,454208;2,307892;2,193451;3,454208;3,335953;3,454208;4,217148;6,580353;2,754211;4,217148;3,641129;4,217148;3,33786;2,889633;2,754211;3,641129;2,754211;3,454208;3,223419;3,454208;4,217148;3,335953;6,580353;3,335953;6,580353;3,335953;4,217148;4,217148;3,33786;3,223419;3,223419;4,217148;2,307892;2,307892;3,641129;3,393173;2,426147;2,183914;2,426147;3,456116;3,526688;3,526688;0,7362366;6,580353;2,426147;0,7667542;3,526688;2,426147;3,526688;3,456116;3,456116;3,456116;3,393173;2,565384;0,7362366;2,565384;2,183914;2,565384;0,9651184;0,7362366;3,526688;3,456116;2,426147;2,435684;3,456116;6,580353;2,435684;2,426147;2,183914;2,307892;2,565384;3,526688;2,426147;3,526688;3,393173;2,565384;3,456116;3,456116;2,183914;0,7362366;3,393173;0,9651184;3,393173;2,426147;0,7362366;3,526688;2,426147;2,426147;2,435684;0,9651184;2,193451;2,183914;3,456116;3,456116;6,580353;3,456116
"594";"1999-06-01";3,593445;3,292084;4,760742;4,951477;4,951477;3,593445;3,292084;4,554749;5,477905;4,760742;3,112793;3,669739;4,760742;3,593445;4,760742;4,951477;7,339478;2,738953;4,951477;2,437592;4,951477;3,643036;3,738403;2,738953;2,437592;2,738953;4,760742;2,399445;4,760742;4,951477;3,593445;7,339478;3,593445;7,339478;3,593445;4,951477;4,951477;3,643036;2,399445;2,399445;4,951477;3,112793;3,112793;2,437592;5,477905;4,627228;7,110596;4,627228;5,111694;7,545471;7,545471;6,309509;7,339478;4,627228;5,191803;7,545471;4,627228;7,545471;5,111694;5,111694;5,111694;5,477905;5,500793;6,309509;5,500793;7,110596;5,500793;8,88443;6,309509;7,545471;5,111694;4,627228;4,554749;5,111694;7,339478;4,554749;4,627228;7,110596;3,112793;5,500793;7,545471;4,627228;7,545471;5,477905;5,500793;5,111694;5,111694;7,110596;6,309509;5,477905;8,88443;5,477905;4,627228;6,309509;7,545471;4,627228;4,627228;4,554749;8,88443;3,669739;7,110596;5,111694;5,111694;7,339478;5,111694
"595";"1999-07-01";5,79071;3,868103;6,748199;6,206512;6,206512;5,79071;3,868103;5,897522;7,312775;6,748199;4,451752;6,225586;6,748199;5,79071;6,748199;6,206512;7,43103;4,46701;6,206512;4,058838;6,206512;5,245209;5,386353;4,46701;4,058838;4,46701;6,748199;4,333496;6,748199;6,206512;5,79071;7,43103;5,79071;7,43103;5,79071;6,206512;6,206512;5,245209;4,333496;4,333496;6,206512;4,451752;4,451752;4,058838;7,312775;7,9422;11,08551;7,9422;7,87735;8,354187;8,354187;11,52802;7,43103;7,9422;9,590149;8,354187;7,9422;8,354187;7,87735;7,87735;7,87735;7,312775;10,22339;11,52802;10,22339;11,08551;10,22339;11,20377;11,52802;8,354187;7,87735;7,9422;5,897522;7,87735;7,43103;5,897522;7,9422;11,08551;4,451752;10,22339;8,354187;7,9422;8,354187;7,312775;10,22339;7,87735;7,87735;11,08551;11,52802;7,312775;11,20377;7,312775;7,9422;11,52802;8,354187;7,9422;7,9422;5,897522;11,20377;6,225586;11,08551;7,87735;7,87735;7,43103;7,87735
"596";"1999-08-01";3,458023;2,069473;4,384995;4,674911;4,674911;3,458023;2,069473;3,7117;4,020691;4,384995;2,828598;3,387451;4,384995;3,458023;4,384995;4,674911;4,951477;2,910614;4,674911;3,793716;4,674911;5,023956;4,743576;2,910614;3,793716;2,910614;4,384995;3,20816;4,384995;4,674911;3,458023;4,951477;3,458023;4,951477;3,458023;4,674911;4,674911;5,023956;3,20816;3,20816;4,674911;2,828598;2,828598;3,793716;4,020691;4,806519;6,006241;4,806519;3,831863;4,039764;4,039764;5,172729;4,951477;4,806519;3,503799;4,039764;4,806519;4,039764;3,831863;3,831863;3,831863;4,020691;3,868103;5,172729;3,868103;6,006241;3,868103;7,419586;5,172729;4,039764;3,831863;4,806519;3,7117;3,831863;4,951477;3,7117;4,806519;6,006241;2,828598;3,868103;4,039764;4,806519;4,039764;4,020691;3,868103;3,831863;3,831863;6,006241;5,172729;4,020691;7,419586;4,020691;4,806519;5,172729;4,039764;4,806519;4,806519;3,7117;7,419586;3,387451;6,006241;3,831863;3,831863;4,951477;3,831863
"597";"1999-09-01";4,732132;4,713058;6,868362;4,964828;4,964828;4,732132;4,713058;8,403778;5,138397;6,868362;6,206512;6,76918;6,868362;4,732132;6,868362;4,964828;6,099701;3,973007;4,964828;2,973557;4,964828;4,182816;4,907608;3,973007;2,973557;3,973007;6,868362;4,722595;6,868362;4,964828;4,732132;6,099701;4,732132;6,099701;4,732132;4,964828;4,964828;4,182816;4,722595;4,722595;4,964828;6,206512;6,206512;2,973557;5,138397;7,852554;8,134842;7,852554;7,425308;5,45311;5,45311;13,93318;6,099701;7,852554;14,23073;5,45311;7,852554;5,45311;7,425308;7,425308;7,425308;5,138397;7,768631;13,93318;7,768631;8,134842;7,768631;12,37869;13,93318;5,45311;7,425308;7,852554;8,403778;7,425308;6,099701;8,403778;7,852554;8,134842;6,206512;7,768631;5,45311;7,852554;5,45311;5,138397;7,768631;7,425308;7,425308;8,134842;13,93318;5,138397;12,37869;5,138397;7,852554;13,93318;5,45311;7,852554;7,852554;8,403778;12,37869;6,76918;8,134842;7,425308;7,425308;6,099701;7,425308
"598";"1999-10-01";5,020142;4,310608;8,209229;6,397247;6,397247;5,020142;4,310608;10,89287;5,506516;8,209229;8,026123;4,970551;8,209229;5,020142;8,209229;6,397247;7,808685;6,189346;6,397247;4,600525;6,397247;4,674911;4,18663;6,189346;4,600525;6,189346;8,209229;5,838394;8,209229;6,397247;5,020142;7,808685;5,020142;7,808685;5,020142;6,397247;6,397247;4,674911;5,838394;5,838394;6,397247;8,026123;8,026123;4,600525;5,506516;9,027481;10,59151;9,027481;10,98251;6,42395;6,42395;6,624222;7,808685;9,027481;6,410599;6,42395;9,027481;6,42395;10,98251;10,98251;10,98251;5,506516;5,743027;6,624222;5,743027;10,59151;5,743027;8,766174;6,624222;6,42395;10,98251;9,027481;10,89287;10,98251;7,808685;10,89287;9,027481;10,59151;8,026123;5,743027;6,42395;9,027481;6,42395;5,506516;5,743027;10,98251;10,98251;10,59151;6,624222;5,506516;8,766174;5,506516;9,027481;6,624222;6,42395;9,027481;9,027481;10,89287;8,766174;4,970551;10,59151;10,98251;10,98251;7,808685;10,98251
"599";"1999-11-01";0,2593994;0,2918243;1,51062;0,4177094;0,4177094;0,2593994;0,2918243;1,028061;1,104355;1,51062;0,5989075;0,9365082;1,51062;0,2593994;1,51062;0,4177094;1,424789;0,3528595;0,4177094;0,4940033;0,4177094;0,2670288;0,1068115;0,3528595;0,4940033;0,3528595;1,51062;0,453949;1,51062;0,4177094;0,2593994;1,424789;0,2593994;1,424789;0,2593994;0,4177094;0,4177094;0,2670288;0,453949;0,453949;0,4177094;0,5989075;0,5989075;0,4940033;1,104355;3,978729;1,771927;3,978729;1,596451;2,897263;2,897263;3,591537;1,424789;3,978729;3,43895;2,897263;3,978729;2,897263;1,596451;1,596451;1,596451;1,104355;3,730774;3,591537;3,730774;1,771927;3,730774;3,242493;3,591537;2,897263;1,596451;3,978729;1,028061;1,596451;1,424789;1,028061;3,978729;1,771927;0,5989075;3,730774;2,897263;3,978729;2,897263;1,104355;3,730774;1,596451;1,596451;1,771927;3,591537;1,104355;3,242493;1,104355;3,978729;3,591537;2,897263;3,978729;3,978729;1,028061;3,242493;0,9365082;1,771927;1,596451;1,596451;1,424789;1,596451
"600";"1999-12-01";0,1773834;0,2536774;2,475739;0,3814697;0,3814697;0,1773834;0,2536774;0,9784698;1,161575;2,475739;0,3299713;0,793457;2,475739;0,1773834;2,475739;0,3814697;1,485825;0,5397797;0,3814697;0,3032684;0,3814697;0,1564026;0,0743866;0,5397797;0,3032684;0,5397797;2,475739;0,2098083;2,475739;0,3814697;0,1773834;1,485825;0,1773834;1,485825;0,1773834;0,3814697;0,3814697;0,1564026;0,2098083;0,2098083;0,3814697;0,3299713;0,3299713;0,3032684;1,161575;5,800247;1,331329;5,800247;2,590179;3,707886;3,707886;2,758026;1,485825;5,800247;5,296707;3,707886;5,800247;3,707886;2,590179;2,590179;2,590179;1,161575;3,578186;2,758026;3,578186;1,331329;3,578186;1,667023;2,758026;3,707886;2,590179;5,800247;0,9784698;2,590179;1,485825;0,9784698;5,800247;1,331329;0,3299713;3,578186;3,707886;5,800247;3,707886;1,161575;3,578186;2,590179;2,590179;1,331329;2,758026;1,161575;1,667023;1,161575;5,800247;2,758026;3,707886;5,800247;5,800247;0,9784698;1,667023;0,793457;1,331329;2,590179;2,590179;1,485825;2,590179
"601";"2000-01-01";0,04673004;0,04768372;0,7534027;0,1001358;0,1001358;0,04673004;0,04768372;0,5083084;0,4177094;0,7534027;0,1726151;0,2775192;0,7534027;0,04673004;0,7534027;0,1001358;0,5397797;0,1058578;0,1001358;0,05054474;0,1001358;0,01430511;0,003814697;0,1058578;0,05054474;0,1058578;0,7534027;0,1220703;0,7534027;0,1001358;0,04673004;0,5397797;0,04673004;0,5397797;0,04673004;0,1001358;0,1001358;0,01430511;0,1220703;0,1220703;0,1001358;0,1726151;0,1726151;0,05054474;0,4177094;2,318382;1,947403;2,318382;1,441956;1,513481;1,513481;1,563072;0,5397797;2,318382;1,316071;1,513481;2,318382;1,513481;1,441956;1,441956;1,441956;0,4177094;1,400948;1,563072;1,400948;1,947403;1,400948;1,55735;1,563072;1,513481;1,441956;2,318382;0,5083084;1,441956;0,5397797;0,5083084;2,318382;1,947403;0,1726151;1,400948;1,513481;2,318382;1,513481;0,4177094;1,400948;1,441956;1,441956;1,947403;1,563072;0,4177094;1,55735;0,4177094;2,318382;1,563072;1,513481;2,318382;2,318382;0,5083084;1,55735;0,2775192;1,947403;1,441956;1,441956;0,5397797;1,441956
"602";"2000-02-01";0,166893;0,09155273;1,542091;0,2975464;0,2975464;0,166893;0,09155273;0,790596;1,020432;1,542091;0,2965927;0,4339218;1,542091;0,166893;1,542091;0,2975464;1,396179;0,2717972;0,2975464;0,2212524;0,2975464;0,1745224;0,1449585;0,2717972;0,2212524;0,2717972;1,542091;0,2307892;1,542091;0,2975464;0,166893;1,396179;0,166893;1,396179;0,166893;0,2975464;0,2975464;0,1745224;0,2307892;0,2307892;0,2975464;0,2965927;0,2965927;0,2212524;1,020432;4,828453;1,37043;4,828453;1,841545;3,586769;3,586769;3,011703;1,396179;4,828453;3,154755;3,586769;4,828453;3,586769;1,841545;1,841545;1,841545;1,020432;3,182411;3,011703;3,182411;1,37043;3,182411;2,01416;3,011703;3,586769;1,841545;4,828453;0,790596;1,841545;1,396179;0,790596;4,828453;1,37043;0,2965927;3,182411;3,586769;4,828453;3,586769;1,020432;3,182411;1,841545;1,841545;1,37043;3,011703;1,020432;2,01416;1,020432;4,828453;3,011703;3,586769;4,828453;4,828453;0,790596;2,01416;0,4339218;1,37043;1,841545;1,841545;1,396179;1,841545
"603";"2000-03-01";0,5273819;0,6427765;2,392769;0,8764267;0,8764267;0,5273819;0,6427765;1,631737;1,986504;2,392769;1,159668;0,8611679;2,392769;0,5273819;2,392769;0,8764267;2,801895;1,176834;0,8764267;1,217842;0,8764267;0,4825592;0,3185272;1,176834;1,217842;1,176834;2,392769;1,476288;2,392769;0,8764267;0,5273819;2,801895;0,5273819;2,801895;0,5273819;0,8764267;0,8764267;0,4825592;1,476288;1,476288;0,8764267;1,159668;1,159668;1,217842;1,986504;4,289627;0,8134842;4,289627;2,632141;5,125999;5,125999;1,535416;2,801895;4,289627;2,36702;5,125999;4,289627;5,125999;2,632141;2,632141;2,632141;1,986504;3,733635;1,535416;3,733635;0,8134842;3,733635;1,031876;1,535416;5,125999;2,632141;4,289627;1,631737;2,632141;2,801895;1,631737;4,289627;0,8134842;1,159668;3,733635;5,125999;4,289627;5,125999;1,986504;3,733635;2,632141;2,632141;0,8134842;1,535416;1,986504;1,031876;1,986504;4,289627;1,535416;5,125999;4,289627;4,289627;1,631737;1,031876;0,8611679;0,8134842;2,632141;2,632141;2,801895;2,632141
"604";"2000-04-01";1,989365;2,655029;3,238678;2,746582;2,746582;1,989365;2,655029;2,019882;4,011154;3,238678;1,438141;1,977921;3,238678;1,989365;3,238678;2,746582;5,710602;1,676559;2,746582;2,029419;2,746582;1,657486;0,9899139;1,676559;2,029419;1,676559;3,238678;1,939774;3,238678;2,746582;1,989365;5,710602;1,989365;5,710602;1,989365;2,746582;2,746582;1,657486;1,939774;1,939774;2,746582;1,438141;1,438141;2,029419;4,011154;4,619598;2,372742;4,619598;3,267288;5,628586;5,628586;2,258301;5,710602;4,619598;3,128052;5,628586;4,619598;5,628586;3,267288;3,267288;3,267288;4,011154;4,789352;2,258301;4,789352;2,372742;4,789352;1,399994;2,258301;5,628586;3,267288;4,619598;2,019882;3,267288;5,710602;2,019882;4,619598;2,372742;1,438141;4,789352;5,628586;4,619598;5,628586;4,011154;4,789352;3,267288;3,267288;2,372742;2,258301;4,011154;1,399994;4,011154;4,619598;2,258301;5,628586;4,619598;4,619598;2,019882;1,399994;1,977921;2,372742;3,267288;3,267288;5,710602;3,267288
"605";"2000-05-01";4,243851;4,5681;5,149841;4,707336;4,707336;4,243851;4,5681;5,943298;6,504059;5,149841;3,734589;4,850388;5,149841;4,243851;5,149841;4,707336;8,289337;2,960205;4,707336;4,692078;4,707336;4,623413;3,948212;2,960205;4,692078;2,960205;5,149841;4,247665;5,149841;4,707336;4,243851;8,289337;4,243851;8,289337;4,243851;4,707336;4,707336;4,623413;4,247665;4,247665;4,707336;3,734589;3,734589;4,692078;6,504059;6,080627;4,627228;6,080627;7,307053;8,235931;8,235931;5,182266;8,289337;6,080627;4,796982;8,235931;6,080627;8,235931;7,307053;7,307053;7,307053;6,504059;7,896423;5,182266;7,896423;4,627228;7,896423;5,10025;5,182266;8,235931;7,307053;6,080627;5,943298;7,307053;8,289337;5,943298;6,080627;4,627228;3,734589;7,896423;8,235931;6,080627;8,235931;6,504059;7,896423;7,307053;7,307053;4,627228;5,182266;6,504059;5,10025;6,504059;6,080627;5,182266;8,235931;6,080627;6,080627;5,943298;5,10025;4,850388;4,627228;7,307053;7,307053;8,289337;7,307053
"606";"2000-06-01";6,309509;4,917145;5,657196;7,778168;7,778168;6,309509;4,917145;4,943848;6,969452;5,657196;4,608154;6,04248;5,657196;6,309509;5,657196;7,778168;9,094238;5,28717;7,778168;7,62558;7,778168;7,801056;6,202698;5,28717;7,62558;5,28717;5,657196;6,492615;5,657196;7,778168;6,309509;9,094238;6,309509;9,094238;6,309509;7,778168;7,778168;7,801056;6,492615;6,492615;7,778168;4,608154;4,608154;7,62558;6,969452;6,088257;7,892609;6,088257;5,817413;6,713867;6,713867;6,977081;9,094238;6,088257;8,716583;6,713867;6,088257;6,713867;5,817413;5,817413;5,817413;6,969452;7,759094;6,977081;7,759094;7,892609;7,759094;7,949829;6,977081;6,713867;5,817413;6,088257;4,943848;5,817413;9,094238;4,943848;6,088257;7,892609;4,608154;7,759094;6,713867;6,088257;6,713867;6,969452;7,759094;5,817413;5,817413;7,892609;6,977081;6,969452;7,949829;6,969452;6,088257;6,977081;6,713867;6,088257;6,088257;4,943848;7,949829;6,04248;7,892609;5,817413;5,817413;9,094238;5,817413
"607";"2000-07-01";1,045227;1,12915;2,140045;1,274109;1,274109;1,045227;1,12915;1,148224;1,731873;2,140045;0,8544922;1,941681;2,140045;1,045227;2,140045;1,274109;2,052307;1,121521;1,274109;1,064301;1,274109;0,8506775;0,541687;1,121521;1,064301;1,121521;2,140045;1,00708;2,140045;1,274109;1,045227;2,052307;1,045227;2,052307;1,045227;1,274109;1,274109;0,8506775;1,00708;1,00708;1,274109;0,8544922;0,8544922;1,064301;1,731873;1,644135;2,319336;1,644135;1,441956;1,529694;1,529694;2,490997;2,052307;1,644135;2,696991;1,529694;1,644135;1,529694;1,441956;1,441956;1,441956;1,731873;2,14386;2,490997;2,14386;2,319336;2,14386;3,421783;2,490997;1,529694;1,441956;1,644135;1,148224;1,441956;2,052307;1,148224;1,644135;2,319336;0,8544922;2,14386;1,529694;1,644135;1,529694;1,731873;2,14386;1,441956;1,441956;2,319336;2,490997;1,731873;3,421783;1,731873;1,644135;2,490997;1,529694;1,644135;1,644135;1,148224;3,421783;1,941681;2,319336;1,441956;1,441956;2,052307;1,441956
"608";"2000-08-01";2,677917;1,941681;5,687714;3,692627;3,692627;2,677917;1,941681;5,607605;4,039764;5,687714;4,528046;3,52478;5,687714;2,677917;5,687714;3,692627;5,310059;4,59671;3,692627;4,611969;3,692627;3,158569;1,94931;4,59671;4,611969;4,59671;5,687714;4,516602;5,687714;3,692627;2,677917;5,310059;2,677917;5,310059;2,677917;3,692627;3,692627;3,158569;4,516602;4,516602;3,692627;4,528046;4,528046;4,611969;4,039764;6,000519;8,827209;6,000519;6,244659;5,569458;5,569458;8,94165;5,310059;6,000519;7,297516;5,569458;6,000519;5,569458;6,244659;6,244659;6,244659;4,039764;6,263733;8,94165;6,263733;8,827209;6,263733;10,55145;8,94165;5,569458;6,244659;6,000519;5,607605;6,244659;5,310059;5,607605;6,000519;8,827209;4,528046;6,263733;5,569458;6,000519;5,569458;4,039764;6,263733;6,244659;6,244659;8,827209;8,94165;4,039764;10,55145;4,039764;6,000519;8,94165;5,569458;6,000519;6,000519;5,607605;10,55145;3,52478;8,827209;6,244659;6,244659;5,310059;6,244659
"609";"2000-09-01";3,629684;2,214432;7,993698;5,178452;5,178452;3,629684;2,214432;5,617142;4,619598;7,993698;4,434586;4,077911;7,993698;3,629684;7,993698;5,178452;6,250381;4,543304;5,178452;2,912521;5,178452;3,723145;3,959656;4,543304;2,912521;4,543304;7,993698;3,339767;7,993698;5,178452;3,629684;6,250381;3,629684;6,250381;3,629684;5,178452;5,178452;3,723145;3,339767;3,339767;5,178452;4,434586;4,434586;2,912521;4,619598;6,860733;5,041122;6,860733;4,886627;5,264282;5,264282;6,103516;6,250381;6,860733;5,655289;5,264282;6,860733;5,264282;4,886627;4,886627;4,886627;4,619598;5,626678;6,103516;5,626678;5,041122;5,626678;7,448196;6,103516;5,264282;4,886627;6,860733;5,617142;4,886627;6,250381;5,617142;6,860733;5,041122;4,434586;5,626678;5,264282;6,860733;5,264282;4,619598;5,626678;4,886627;4,886627;5,041122;6,103516;4,619598;7,448196;4,619598;6,860733;6,103516;5,264282;6,860733;6,860733;5,617142;7,448196;4,077911;5,041122;4,886627;4,886627;6,250381;4,886627
"610";"2000-10-01";0,9994507;0,743866;3,292084;1,621246;1,621246;0,9994507;0,743866;1,743317;2,117157;3,292084;0,9651184;1,796722;3,292084;0,9994507;3,292084;1,621246;3,044128;1,327515;1,621246;0,7133484;1,621246;0,9918213;0,9117126;1,327515;0,7133484;1,327515;3,292084;0,6904602;3,292084;1,621246;0,9994507;3,044128;0,9994507;3,044128;0,9994507;1,621246;1,621246;0,9918213;0,6904602;0,6904602;1,621246;0,9651184;0,9651184;0,7133484;2,117157;4,142761;2,544403;4,142761;2,464294;3,730774;3,730774;4,53186;3,044128;4,142761;4,501343;3,730774;4,142761;3,730774;2,464294;2,464294;2,464294;2,117157;4,28009;4,53186;4,28009;2,544403;4,28009;4,337311;4,53186;3,730774;2,464294;4,142761;1,743317;2,464294;3,044128;1,743317;4,142761;2,544403;0,9651184;4,28009;3,730774;4,142761;3,730774;2,117157;4,28009;2,464294;2,464294;2,544403;4,53186;2,117157;4,337311;2,117157;4,142761;4,53186;3,730774;4,142761;4,142761;1,743317;4,337311;1,796722;2,544403;2,464294;2,464294;3,044128;2,464294
"611";"2000-11-01";0,4520416;0,4558563;2,822876;0,7686615;0,7686615;0,4520416;0,4558563;1,180649;1,85585;2,822876;0,6904602;1,361847;2,822876;0,4520416;2,822876;0,7686615;2,437592;1,148224;0,7686615;1,111984;0,7686615;0,3433228;0,1850128;1,148224;1,111984;1,148224;2,822876;1,045227;2,822876;0,7686615;0,4520416;2,437592;0,4520416;2,437592;0,4520416;0,7686615;0,7686615;0,3433228;1,045227;1,045227;0,7686615;0,6904602;0,6904602;1,111984;1,85585;5,231857;2,231598;5,231857;2,218246;4,739761;4,739761;4,039764;2,437592;5,231857;6,055832;4,739761;5,231857;4,739761;2,218246;2,218246;2,218246;1,85585;4,833221;4,039764;4,833221;2,231598;4,833221;3,181458;4,039764;4,739761;2,218246;5,231857;1,180649;2,218246;2,437592;1,180649;5,231857;2,231598;0,6904602;4,833221;4,739761;5,231857;4,739761;1,85585;4,833221;2,218246;2,218246;2,231598;4,039764;1,85585;3,181458;1,85585;5,231857;4,039764;4,739761;5,231857;5,231857;1,180649;3,181458;1,361847;2,231598;2,218246;2,218246;2,437592;2,218246
"612";"2000-12-01";0,3566742;0,4310608;1,647949;0,3910065;0,3910065;0,3566742;0,4310608;1,047134;1,478195;1,647949;0,5054474;0,919342;1,647949;0,3566742;1,647949;0,3910065;1,529694;0,4730225;0,3910065;0,4520416;0,3910065;0,1487732;0,1163483;0,4730225;0,4520416;0,4730225;1,647949;0,3528595;1,647949;0,3910065;0,3566742;1,529694;0,3566742;1,529694;0,3566742;0,3910065;0,3910065;0,1487732;0,3528595;0,3528595;0,3910065;0,5054474;0,5054474;0,4520416;1,478195;3,808975;1,619339;3,808975;1,729965;3,530502;3,530502;2,931595;1,529694;3,808975;3,696442;3,530502;3,808975;3,530502;1,729965;1,729965;1,729965;1,478195;3,887177;2,931595;3,887177;1,619339;3,887177;1,834869;2,931595;3,530502;1,729965;3,808975;1,047134;1,729965;1,529694;1,047134;3,808975;1,619339;0,5054474;3,887177;3,530502;3,808975;3,530502;1,478195;3,887177;1,729965;1,729965;1,619339;2,931595;1,478195;1,834869;1,478195;3,808975;2,931595;3,530502;3,808975;3,808975;1,047134;1,834869;0,919342;1,619339;1,729965;1,729965;1,529694;1,729965
"613";"2001-01-01";0,1926422;0,1773834;1,281738;0,3166199;0,3166199;0,1926422;0,1773834;0,4444122;0,9651184;1,281738;0,2193451;0,5054474;1,281738;0,1926422;1,281738;0,3166199;1,247406;0,2746582;0,3166199;0,6046295;0,3166199;0,2727509;0,1525879;0,2746582;0,6046295;0,2746582;1,281738;0,3108978;1,281738;0,3166199;0,1926422;1,247406;0,1926422;1,247406;0,1926422;0,3166199;0,3166199;0,2727509;0,3108978;0,3108978;0,3166199;0,2193451;0,2193451;0,6046295;0,9651184;3,753662;1,20163;3,753662;1,285553;2,981186;2,981186;2,283096;1,247406;3,753662;2,96402;2,981186;3,753662;2,981186;1,285553;1,285553;1,285553;0,9651184;3,02887;2,283096;3,02887;1,20163;3,02887;1,405716;2,283096;2,981186;1,285553;3,753662;0,4444122;1,285553;1,247406;0,4444122;3,753662;1,20163;0,2193451;3,02887;2,981186;3,753662;2,981186;0,9651184;3,02887;1,285553;1,285553;1,20163;2,283096;0,9651184;1,405716;0,9651184;3,753662;2,283096;2,981186;3,753662;3,753662;0,4444122;1,405716;0,5054474;1,20163;1,285553;1,285553;1,247406;1,285553
"614";"2001-02-01";0,4062653;0,3261566;2,803802;0,9326935;0,9326935;0,4062653;0,3261566;1,676559;1,262665;2,803802;0,9460449;0,8220673;2,803802;0,4062653;2,803802;0,9326935;2,494812;0,9059906;0,9326935;0,8125305;0,9326935;0,4348755;0,3414154;0,9059906;0,8125305;0,9059906;2,803802;1,052856;2,803802;0,9326935;0,4062653;2,494812;0,4062653;2,494812;0,4062653;0,9326935;0,9326935;0,4348755;1,052856;1,052856;0,9326935;0,9460449;0,9460449;0,8125305;1,262665;4,177094;1,207352;4,177094;2,759933;2,864838;2,864838;2,256393;2,494812;4,177094;3,292084;2,864838;4,177094;2,864838;2,759933;2,759933;2,759933;1,262665;3,053665;2,256393;3,053665;1,207352;3,053665;1,283646;2,256393;2,864838;2,759933;4,177094;1,676559;2,759933;2,494812;1,676559;4,177094;1,207352;0,9460449;3,053665;2,864838;4,177094;2,864838;1,262665;3,053665;2,759933;2,759933;1,207352;2,256393;1,262665;1,283646;1,262665;4,177094;2,256393;2,864838;4,177094;4,177094;1,676559;1,283646;0,8220673;1,207352;2,759933;2,759933;2,494812;2,759933
"615";"2001-03-01";0,5073547;0,5607605;3,248215;0,8163452;0,8163452;0,5073547;0,5607605;1,529694;2,95639;3,248215;0,7762909;0,7343292;3,248215;0,5073547;3,248215;0,8163452;3,635406;0,7286072;0,8163452;1,041412;0,8163452;0,5760193;0,2384186;0,7286072;1,041412;0,7286072;3,248215;1,003265;3,248215;0,8163452;0,5073547;3,635406;0,5073547;3,635406;0,5073547;0,8163452;0,8163452;0,5760193;1,003265;1,003265;0,8163452;0,7762909;0,7762909;1,041412;2,95639;9,376526;2,141953;9,376526;4,266739;9,811401;9,811401;5,180359;3,635406;9,376526;7,301331;9,811401;9,376526;9,811401;4,266739;4,266739;4,266739;2,95639;6,505966;5,180359;6,505966;2,141953;6,505966;4,318237;5,180359;9,811401;4,266739;9,376526;1,529694;4,266739;3,635406;1,529694;9,376526;2,141953;0,7762909;6,505966;9,811401;9,376526;9,811401;2,95639;6,505966;4,266739;4,266739;2,141953;5,180359;2,95639;4,318237;2,95639;9,376526;5,180359;9,811401;9,376526;9,376526;1,529694;4,318237;0,7343292;2,141953;4,266739;4,266739;3,635406;4,266739
"616";"2001-04-01";1,726151;1,361847;3,728867;2,655029;2,655029;1,726151;1,361847;2,922058;2,92778;3,728867;1,688004;1,714706;3,728867;1,726151;3,728867;2,655029;4,407883;1,991272;2,655029;2,288818;2,655029;2,494812;1,413345;1,991272;2,288818;1,991272;3,728867;1,882553;3,728867;2,655029;1,726151;4,407883;1,726151;4,407883;1,726151;2,655029;2,655029;2,494812;1,882553;1,882553;2,655029;1,688004;1,688004;2,288818;2,92778;5,954742;5,601883;5,954742;5,186081;4,892349;4,892349;2,931595;4,407883;5,954742;3,992081;4,892349;5,954742;4,892349;5,186081;5,186081;5,186081;2,92778;4,360199;2,931595;4,360199;5,601883;4,360199;2,481461;2,931595;4,892349;5,186081;5,954742;2,922058;5,186081;4,407883;2,922058;5,954742;5,601883;1,688004;4,360199;4,892349;5,954742;4,892349;2,92778;4,360199;5,186081;5,186081;5,601883;2,931595;2,92778;2,481461;2,92778;5,954742;2,931595;4,892349;5,954742;5,954742;2,922058;2,481461;1,714706;5,601883;5,186081;5,186081;4,407883;5,186081
"617";"2001-05-01";3,170013;2,950668;6,101608;4,404068;4,404068;3,170013;2,950668;5,773544;5,744934;6,101608;3,725052;3,503799;6,101608;3,170013;6,101608;4,404068;7,677078;2,923965;4,404068;4,056931;4,404068;4,652023;3,20816;2,923965;4,056931;2,923965;6,101608;3,646851;6,101608;4,404068;3,170013;7,677078;3,170013;7,677078;3,170013;4,404068;4,404068;4,652023;3,646851;3,646851;4,404068;3,725052;3,725052;4,056931;5,744934;10,46753;6,498337;10,46753;7,881165;10,43701;10,43701;6,832123;7,677078;10,46753;6,011963;10,43701;10,46753;10,43701;7,881165;7,881165;7,881165;5,744934;8,665085;6,832123;8,665085;6,498337;8,665085;6,29425;6,832123;10,43701;7,881165;10,46753;5,773544;7,881165;7,677078;5,773544;10,46753;6,498337;3,725052;8,665085;10,43701;10,46753;10,43701;5,744934;8,665085;7,881165;7,881165;6,498337;6,832123;5,744934;6,29425;5,744934;10,46753;6,832123;10,43701;10,46753;10,46753;5,773544;6,29425;3,503799;6,498337;7,881165;7,881165;7,677078;7,881165
"618";"2001-06-01";6,10733;4,692078;5,821228;7,627487;7,627487;6,10733;4,692078;4,369736;5,374908;5,821228;3,158569;4,898071;5,821228;6,10733;5,821228;7,627487;9,338379;3,808975;7,627487;4,648209;7,627487;6,814957;6,868362;3,808975;4,648209;3,808975;5,821228;4,442215;5,821228;7,627487;6,10733;9,338379;6,10733;9,338379;6,10733;7,627487;7,627487;6,814957;4,442215;4,442215;7,627487;3,158569;3,158569;4,648209;5,374908;5,477905;4,602432;5,477905;4,598618;6,322861;6,322861;5,065918;9,338379;5,477905;5,929947;6,322861;5,477905;6,322861;4,598618;4,598618;4,598618;5,374908;6,027222;5,065918;6,027222;4,602432;6,027222;4,678726;5,065918;6,322861;4,598618;5,477905;4,369736;4,598618;9,338379;4,369736;5,477905;4,602432;3,158569;6,027222;6,322861;5,477905;6,322861;5,374908;6,027222;4,598618;4,598618;4,602432;5,065918;5,374908;4,678726;5,374908;5,477905;5,065918;6,322861;5,477905;5,477905;4,369736;4,678726;4,898071;4,602432;4,598618;4,598618;9,338379;4,598618
"619";"2001-07-01";3,948212;2,819061;4,810333;5,561829;5,561829;3,948212;2,819061;2,824783;4,396439;4,810333;2,475739;3,759384;4,810333;3,948212;4,810333;5,561829;6,196976;3,36647;5,561829;4,007339;5,561829;4,278183;3,095627;3,36647;4,007339;3,36647;4,810333;3,601074;4,810333;5,561829;3,948212;6,196976;3,948212;6,196976;3,948212;5,561829;5,561829;4,278183;3,601074;3,601074;5,561829;2,475739;2,475739;4,007339;4,396439;2,790451;3,944397;2,790451;3,074646;3,847122;3,847122;3,166199;6,196976;2,790451;2,897263;3,847122;2,790451;3,847122;3,074646;3,074646;3,074646;4,396439;3,87001;3,166199;3,87001;3,944397;3,87001;4,714966;3,166199;3,847122;3,074646;2,790451;2,824783;3,074646;6,196976;2,824783;2,790451;3,944397;2,475739;3,87001;3,847122;2,790451;3,847122;4,396439;3,87001;3,074646;3,074646;3,944397;3,166199;4,396439;4,714966;4,396439;2,790451;3,166199;3,847122;2,790451;2,790451;2,824783;4,714966;3,759384;3,944397;3,074646;3,074646;6,196976;3,074646
"620";"2001-08-01";3,688812;2,351761;5,283356;5,489349;5,489349;3,688812;2,351761;3,833771;4,920959;5,283356;2,908707;3,965378;5,283356;3,688812;5,283356;5,489349;5,582809;4,013062;5,489349;4,123688;5,489349;4,846573;3,929138;4,013062;4,123688;4,013062;5,283356;3,265381;5,283356;5,489349;3,688812;5,582809;3,688812;5,582809;3,688812;5,489349;5,489349;4,846573;3,265381;3,265381;5,489349;2,908707;2,908707;4,123688;4,920959;5,19371;6,092072;5,19371;4,37355;5,022049;5,022049;6,944656;5,582809;5,19371;5,802155;5,022049;5,19371;5,022049;4,37355;4,37355;4,37355;4,920959;5,79834;6,944656;5,79834;6,092072;5,79834;8,302689;6,944656;5,022049;4,37355;5,19371;3,833771;4,37355;5,582809;3,833771;5,19371;6,092072;2,908707;5,79834;5,022049;5,19371;5,022049;4,920959;5,79834;4,37355;4,37355;6,092072;6,944656;4,920959;8,302689;4,920959;5,19371;6,944656;5,022049;5,19371;5,19371;3,833771;8,302689;3,965378;6,092072;4,37355;4,37355;5,582809;4,37355
"621";"2001-09-01";5,004883;5,592346;6,999969;5,073547;5,073547;5,004883;5,592346;6,526947;6,317139;6,999969;4,959106;5,947113;6,999969;5,004883;6,999969;5,073547;6,3591;5,325317;5,073547;4,329681;5,073547;3,772736;4,776001;5,325317;4,329681;5,325317;6,999969;4,066467;6,999969;5,073547;5,004883;6,3591;5,004883;6,3591;5,004883;5,073547;5,073547;3,772736;4,066467;4,066467;5,073547;4,959106;4,959106;4,329681;6,317139;8,663177;9,075165;8,663177;7,011414;6,153107;6,153107;8,708954;6,3591;8,663177;7,8125;6,153107;8,663177;6,153107;7,011414;7,011414;7,011414;6,317139;6,984711;8,708954;6,984711;9,075165;6,984711;9,674072;8,708954;6,153107;7,011414;8,663177;6,526947;7,011414;6,3591;6,526947;8,663177;9,075165;4,959106;6,984711;6,153107;8,663177;6,153107;6,317139;6,984711;7,011414;7,011414;9,075165;8,708954;6,317139;9,674072;6,317139;8,663177;8,708954;6,153107;8,663177;8,663177;6,526947;9,674072;5,947113;9,075165;7,011414;7,011414;6,3591;7,011414
"622";"2001-10-01";1,04332;0,9288788;3,814697;1,848221;1,848221;1,04332;0,9288788;3,450394;2,370834;3,814697;2,893448;2,023697;3,814697;1,04332;3,814697;1,848221;3,665924;1,674652;1,848221;1,373291;1,848221;0,8449554;0,837326;1,674652;1,373291;1,674652;3,814697;2,784729;3,814697;1,848221;1,04332;3,665924;1,04332;3,665924;1,04332;1,848221;1,848221;0,8449554;2,784729;2,784729;1,848221;2,893448;2,893448;1,373291;2,370834;4,053116;2,89917;4,053116;3,717422;4,243851;4,243851;4,449844;3,665924;4,053116;6,034851;4,243851;4,053116;4,243851;3,717422;3,717422;3,717422;2,370834;5,10025;4,449844;5,10025;2,89917;5,10025;3,353119;4,449844;4,243851;3,717422;4,053116;3,450394;3,717422;3,665924;3,450394;4,053116;2,89917;2,893448;5,10025;4,243851;4,053116;4,243851;2,370834;5,10025;3,717422;3,717422;2,89917;4,449844;2,370834;3,353119;2,370834;4,053116;4,449844;4,243851;4,053116;4,053116;3,450394;3,353119;2,023697;2,89917;3,717422;3,717422;3,665924;3,717422
"623";"2001-11-01";0,3185272;0,3223419;1,703262;0,4901886;0,4901886;0,3185272;0,3223419;1,159668;1,274109;1,703262;0,5760193;0,5722046;1,703262;0,3185272;1,703262;0,4901886;1,701355;0,421524;0,4901886;0,6332397;0,4901886;0,3910065;0,1506805;0,421524;0,6332397;0,421524;1,703262;0,5970001;1,703262;0,4901886;0,3185272;1,701355;0,3185272;1,701355;0,3185272;0,4901886;0,4901886;0,3910065;0,5970001;0,5970001;0,4901886;0,5760193;0,5760193;0,6332397;1,274109;4,220963;1,739502;4,220963;2,063751;3,393173;3,393173;1,485825;1,701355;4,220963;1,718521;3,393173;4,220963;3,393173;2,063751;2,063751;2,063751;1,274109;2,767563;1,485825;2,767563;1,739502;2,767563;1,420975;1,485825;3,393173;2,063751;4,220963;1,159668;2,063751;1,701355;1,159668;4,220963;1,739502;0,5760193;2,767563;3,393173;4,220963;3,393173;1,274109;2,767563;2,063751;2,063751;1,739502;1,485825;1,274109;1,420975;1,274109;4,220963;1,485825;3,393173;4,220963;4,220963;1,159668;1,420975;0,5722046;1,739502;2,063751;2,063751;1,701355;2,063751
"624";"2001-12-01";0,5626678;0,6961823;2,397537;0,7266998;0,7266998;0,5626678;0,6961823;1,306534;1,644135;2,397537;0,9212494;1,068115;2,397537;0,5626678;2,397537;0,7266998;1,85585;0,7305145;0,7266998;1,235962;0,7266998;0,7038116;0,4386902;0,7305145;1,235962;0,7305145;2,397537;0,9994507;2,397537;0,7266998;0,5626678;1,85585;0,5626678;1,85585;0,5626678;0,7266998;0,7266998;0,7038116;0,9994507;0,9994507;0,7266998;0,9212494;0,9212494;1,235962;1,644135;5,334854;0,8049011;5,334854;2,096176;4,196167;4,196167;1,718521;1,85585;5,334854;2,487183;4,196167;5,334854;4,196167;2,096176;2,096176;2,096176;1,644135;3,673553;1,718521;3,673553;0,8049011;3,673553;0,9555817;1,718521;4,196167;2,096176;5,334854;1,306534;2,096176;1,85585;1,306534;5,334854;0,8049011;0,9212494;3,673553;4,196167;5,334854;4,196167;1,644135;3,673553;2,096176;2,096176;0,8049011;1,718521;1,644135;0,9555817;1,644135;5,334854;1,718521;4,196167;5,334854;5,334854;1,306534;0,9555817;1,068115;0,8049011;2,096176;2,096176;1,85585;2,096176
"625";"2002-01-01";0,4119873;0,3376007;1,346588;0,4863739;0,4863739;0,4119873;0,3376007;0,6160736;1,052856;1,346588;0,2708435;0,5702972;1,346588;0,4119873;1,346588;0,4863739;1,161575;0,3166199;0,4863739;0,4501343;0,4863739;0,6084442;0,4024506;0,3166199;0,4501343;0,3166199;1,346588;0,3204346;1,346588;0,4863739;0,4119873;1,161575;0,4119873;1,161575;0,4119873;0,4863739;0,4863739;0,6084442;0,3204346;0,3204346;0,4863739;0,2708435;0,2708435;0,4501343;1,052856;4,369736;1,264572;4,369736;1,66893;2,996445;2,996445;1,619339;1,161575;4,369736;2,384186;2,996445;4,369736;2,996445;1,66893;1,66893;1,66893;1,052856;2,477646;1,619339;2,477646;1,264572;2,477646;0,7343292;1,619339;2,996445;1,66893;4,369736;0,6160736;1,66893;1,161575;0,6160736;4,369736;1,264572;0,2708435;2,477646;2,996445;4,369736;2,996445;1,052856;2,477646;1,66893;1,66893;1,264572;1,619339;1,052856;0,7343292;1,052856;4,369736;1,619339;2,996445;4,369736;4,369736;0,6160736;0,7343292;0,5702972;1,264572;1,66893;1,66893;1,161575;1,66893
"626";"2002-02-01";0,4825592;0,7553101;3,211975;0,5474091;0,5474091;0,4825592;0,7553101;1,371384;2,046585;3,211975;0,6484985;1,098633;3,211975;0,4825592;3,211975;0,5474091;2,099991;0,8888245;0,5474091;0,617981;0,5474091;0,213623;0,1583099;0,8888245;0,617981;0,8888245;3,211975;0,5092621;3,211975;0,5474091;0,4825592;2,099991;0,4825592;2,099991;0,4825592;0,5474091;0,5474091;0,213623;0,5092621;0,5092621;0,5474091;0,6484985;0,6484985;0,617981;2,046585;7,547379;1,037598;7,547379;2,437592;5,079269;5,079269;2,464294;2,099991;7,547379;3,736496;5,079269;7,547379;5,079269;2,437592;2,437592;2,437592;2,046585;5,306244;2,464294;5,306244;1,037598;5,306244;1,249313;2,464294;5,079269;2,437592;7,547379;1,371384;2,437592;2,099991;1,371384;7,547379;1,037598;0,6484985;5,306244;5,079269;7,547379;5,079269;2,046585;5,306244;2,437592;2,437592;1,037598;2,464294;2,046585;1,249313;2,046585;7,547379;2,464294;5,079269;7,547379;7,547379;1,371384;1,249313;1,098633;1,037598;2,437592;2,437592;2,099991;2,437592
"627";"2002-03-01";0,3471375;0,2689362;1,520157;0,6885529;0,6885529;0,3471375;0,2689362;1,066208;0,6771088;1,520157;0,579834;0,415802;1,520157;0,3471375;1,520157;0,6885529;1,69754;0,5722046;0,6885529;0,7305145;0,6885529;0,3318787;0,2098083;0,5722046;0,7305145;0,5722046;1,520157;0,6046295;1,520157;0,6885529;0,3471375;1,69754;0,3471375;1,69754;0,3471375;0,6885529;0,6885529;0,3318787;0,6046295;0,6046295;0,6885529;0,579834;0,579834;0,7305145;0,6771088;2,527237;0,4920959;2,527237;1,581192;1,508713;1,508713;0,8983612;1,69754;2,527237;1,253128;1,508713;2,527237;1,508713;1,581192;1,581192;1,581192;0,6771088;1,745224;0,8983612;1,745224;0,4920959;1,745224;0,3833771;0,8983612;1,508713;1,581192;2,527237;1,066208;1,581192;1,69754;1,066208;2,527237;0,4920959;0,579834;1,745224;1,508713;2,527237;1,508713;0,6771088;1,745224;1,581192;1,581192;0,4920959;0,8983612;0,6771088;0,3833771;0,6771088;2,527237;0,8983612;1,508713;2,527237;2,527237;1,066208;0,3833771;0,415802;0,4920959;1,581192;1,581192;1,69754;1,581192
"628";"2002-04-01";0,8239746;0,7896423;1,802444;1,461029;1,461029;0,8239746;0,7896423;1,4534;1,092911;1,802444;1,420975;0,6542206;1,802444;0,8239746;1,802444;1,461029;2,597809;1,550674;1,461029;1,852036;1,461029;0,9593964;0,5931854;1,550674;1,852036;1,550674;1,802444;1,760483;1,802444;1,461029;0,8239746;2,597809;0,8239746;2,597809;0,8239746;1,461029;1,461029;0,9593964;1,760483;1,760483;1,461029;1,420975;1,420975;1,852036;1,092911;1,943588;0,5931854;1,943588;1,794815;1,018524;1,018524;0,9231567;2,597809;1,943588;0,9765625;1,018524;1,943588;1,018524;1,794815;1,794815;1,794815;1,092911;1,207352;0,9231567;1,207352;0,5931854;1,207352;0,9098053;0,9231567;1,018524;1,794815;1,943588;1,4534;1,794815;2,597809;1,4534;1,943588;0,5931854;1,420975;1,207352;1,018524;1,943588;1,018524;1,092911;1,207352;1,794815;1,794815;0,5931854;0,9231567;1,092911;0,9098053;1,092911;1,943588;0,9231567;1,018524;1,943588;1,943588;1,4534;0,9098053;0,6542206;0,5931854;1,794815;1,794815;2,597809;1,794815
"629";"2002-05-01";1,428604;2,07901;2,782822;1,464844;1,464844;1,428604;2,07901;3,04985;3,477097;2,782822;2,004623;2,33078;2,782822;1,428604;2,782822;1,464844;3,379822;1,314163;1,464844;1,468658;1,464844;1,28746;0,7724762;1,314163;1,468658;1,314163;2,782822;1,619339;2,782822;1,464844;1,428604;3,379822;1,428604;3,379822;1,428604;1,464844;1,464844;1,28746;1,619339;1,619339;1,464844;2,004623;2,004623;1,468658;3,477097;4,953384;2,11525;4,953384;3,772736;4,648209;4,648209;3,414154;3,379822;4,953384;3,128052;4,648209;4,953384;4,648209;3,772736;3,772736;3,772736;3,477097;5,281448;3,414154;5,281448;2,11525;5,281448;2,155304;3,414154;4,648209;3,772736;4,953384;3,04985;3,772736;3,379822;3,04985;4,953384;2,11525;2,004623;5,281448;4,648209;4,953384;4,648209;3,477097;5,281448;3,772736;3,772736;2,11525;3,414154;3,477097;2,155304;3,477097;4,953384;3,414154;4,648209;4,953384;4,953384;3,04985;2,155304;2,33078;2,11525;3,772736;3,772736;3,379822;3,772736
"630";"2002-06-01";7,429123;7,15065;9,458542;9,538651;9,538651;7,429123;7,15065;9,2659;8,998871;9,458542;7,144928;7,894516;9,458542;7,429123;9,458542;9,538651;14,13155;6,059647;9,538651;6,139755;9,538651;7,568359;7,083893;6,059647;6,139755;6,059647;9,458542;6,61087;9,458542;9,538651;7,429123;14,13155;7,429123;14,13155;7,429123;9,538651;9,538651;7,568359;6,61087;6,61087;9,538651;7,144928;7,144928;6,139755;8,998871;11,6787;11,83319;11,6787;10,87761;11,28578;11,28578;14,08958;14,13155;11,6787;18,04543;11,28578;11,6787;11,28578;10,87761;10,87761;10,87761;8,998871;12,68196;14,08958;12,68196;11,83319;12,68196;11,89423;14,08958;11,28578;10,87761;11,6787;9,2659;10,87761;14,13155;9,2659;11,6787;11,83319;7,144928;12,68196;11,28578;11,6787;11,28578;8,998871;12,68196;10,87761;10,87761;11,83319;14,08958;8,998871;11,89423;8,998871;11,6787;14,08958;11,28578;11,6787;11,6787;9,2659;11,89423;7,894516;11,83319;10,87761;10,87761;14,13155;10,87761
"631";"2002-07-01";2,584457;2,202988;3,210068;3,02887;3,02887;2,584457;2,202988;2,334595;3,055573;3,210068;2,071381;3,318787;3,210068;2,584457;3,210068;3,02887;3,526688;2,218246;3,02887;2,708435;3,02887;2,639771;2,599716;2,218246;2,708435;2,218246;3,210068;2,822876;3,210068;3,02887;2,584457;3,526688;2,584457;3,526688;2,584457;3,02887;3,02887;2,639771;2,822876;2,822876;3,02887;2,071381;2,071381;2,708435;3,055573;2,698898;4,098892;2,698898;2,748489;2,849579;2,849579;4,407883;3,526688;2,698898;4,327774;2,849579;2,698898;2,849579;2,748489;2,748489;2,748489;3,055573;3,772736;4,407883;3,772736;4,098892;3,772736;5,588531;4,407883;2,849579;2,748489;2,698898;2,334595;2,748489;3,526688;2,334595;2,698898;4,098892;2,071381;3,772736;2,849579;2,698898;2,849579;3,055573;3,772736;2,748489;2,748489;4,098892;4,407883;3,055573;5,588531;3,055573;2,698898;4,407883;2,849579;2,698898;2,698898;2,334595;5,588531;3,318787;4,098892;2,748489;2,748489;3,526688;2,748489
"632";"2002-08-01";1,176834;0,8888245;2,58255;2,082825;2,082825;1,176834;0,8888245;2,048492;1,722336;2,58255;2,084732;1,617432;2,58255;1,176834;2,58255;2,082825;2,767563;1,899719;2,082825;2,288818;2,082825;1,728058;1,173019;1,899719;2,288818;1,899719;2,58255;2,386093;2,58255;2,082825;1,176834;2,767563;1,176834;2,767563;1,176834;2,082825;2,082825;1,728058;2,386093;2,386093;2,082825;2,084732;2,084732;2,288818;1,722336;1,972198;2,828598;1,972198;2,317429;1,840591;1,840591;2,519608;2,767563;1,972198;2,037048;1,840591;1,972198;1,840591;2,317429;2,317429;2,317429;1,722336;2,117157;2,519608;2,117157;2,828598;2,117157;3,932953;2,519608;1,840591;2,317429;1,972198;2,048492;2,317429;2,767563;2,048492;1,972198;2,828598;2,084732;2,117157;1,840591;1,972198;1,840591;1,722336;2,117157;2,317429;2,317429;2,828598;2,519608;1,722336;3,932953;1,722336;1,972198;2,519608;1,840591;1,972198;1,972198;2,048492;3,932953;1,617432;2,828598;2,317429;2,317429;2,767563;2,317429
"633";"2002-09-01";7,377625;5,970001;7,675171;7,190704;7,190704;7,377625;5,970001;6,931305;9,235382;7,675171;6,038666;7,118225;7,675171;7,377625;7,675171;7,190704;8,552551;5,496979;7,190704;6,736755;7,190704;7,335663;6,889343;5,496979;6,736755;5,496979;7,675171;6,568909;7,675171;7,190704;7,377625;8,552551;7,377625;8,552551;7,377625;7,190704;7,190704;7,335663;6,568909;6,568909;7,190704;6,038666;6,038666;6,736755;9,235382;10,63156;8,907318;10,63156;8,346558;11,38687;11,38687;10,91003;8,552551;10,63156;10,71167;11,38687;10,63156;11,38687;8,346558;8,346558;8,346558;9,235382;10,34927;10,91003;10,34927;8,907318;10,34927;10,50186;10,91003;11,38687;8,346558;10,63156;6,931305;8,346558;8,552551;6,931305;10,63156;8,907318;6,038666;10,34927;11,38687;10,63156;11,38687;9,235382;10,34927;8,346558;8,346558;8,907318;10,91003;9,235382;10,50186;9,235382;10,63156;10,91003;11,38687;10,63156;10,63156;6,931305;10,50186;7,118225;8,907318;8,346558;8,346558;8,552551;8,346558
"634";"2002-10-01";1,560211;1,012802;2,820969;2,027512;2,027512;1,560211;1,012802;2,401352;2,250671;2,820969;2,30217;1,775742;2,820969;1,560211;2,820969;2,027512;2,817154;1,684189;2,027512;2,031326;2,027512;1,787186;1,495361;1,684189;2,031326;1,684189;2,820969;2,405167;2,820969;2,027512;1,560211;2,817154;1,560211;2,817154;1,560211;2,027512;2,027512;1,787186;2,405167;2,405167;2,027512;2,30217;2,30217;2,031326;2,250671;3,358841;3,545761;3,358841;2,758026;2,920151;2,920151;3,536224;2,817154;3,358841;2,349854;2,920151;3,358841;2,920151;2,758026;2,758026;2,758026;2,250671;3,135681;3,536224;3,135681;3,545761;3,135681;5,10788;3,536224;2,920151;2,758026;3,358841;2,401352;2,758026;2,817154;2,401352;3,358841;3,545761;2,30217;3,135681;2,920151;3,358841;2,920151;2,250671;3,135681;2,758026;2,758026;3,545761;3,536224;2,250671;5,10788;2,250671;3,358841;3,536224;2,920151;3,358841;3,358841;2,401352;5,10788;1,775742;3,545761;2,758026;2,758026;2,817154;2,758026
"635";"2002-11-01";2,471924;1,876831;6,023407;3,379822;3,379822;2,471924;1,876831;5,500793;4,688263;6,023407;4,634857;2,971649;6,023407;2,471924;6,023407;3,379822;5,569458;3,566742;3,379822;2,597809;3,379822;2,338409;1,63269;3,566742;2,597809;3,566742;6,023407;3,8414;6,023407;3,379822;2,471924;5,569458;2,471924;5,569458;2,471924;3,379822;3,379822;2,338409;3,8414;3,8414;3,379822;4,634857;4,634857;2,597809;4,688263;7,709503;5,332947;7,709503;6,080627;8,350372;8,350372;4,997253;5,569458;7,709503;6,008148;8,350372;7,709503;8,350372;6,080627;6,080627;6,080627;4,688263;7,843018;4,997253;7,843018;5,332947;7,843018;4,398346;4,997253;8,350372;6,080627;7,709503;5,500793;6,080627;5,569458;5,500793;7,709503;5,332947;4,634857;7,843018;8,350372;7,709503;8,350372;4,688263;7,843018;6,080627;6,080627;5,332947;4,997253;4,688263;4,398346;4,688263;7,709503;4,997253;8,350372;7,709503;7,709503;5,500793;4,398346;2,971649;5,332947;6,080627;6,080627;5,569458;6,080627
"636";"2002-12-01";0,09918213;0,1220703;1,836777;0,1316071;0,1316071;0,09918213;0,1220703;0,7915497;1,35994;1,836777;0,2479553;0,5245209;1,836777;0,09918213;1,836777;0,1316071;1,415253;0,2307892;0,1316071;0,1068115;0,1316071;0,01907349;0,02288818;0,2307892;0,1068115;0,2307892;1,836777;0,2288818;1,836777;0,1316071;0,09918213;1,415253;0,09918213;1,415253;0,09918213;0,1316071;0,1316071;0,01907349;0,2288818;0,2288818;0,1316071;0,2479553;0,2479553;0,1068115;1,35994;5,929947;1,306534;5,929947;2,403259;4,835129;4,835129;2,656937;1,415253;5,929947;3,423691;4,835129;5,929947;4,835129;2,403259;2,403259;2,403259;1,35994;4,165649;2,656937;4,165649;1,306534;4,165649;1,718521;2,656937;4,835129;2,403259;5,929947;0,7915497;2,403259;1,415253;0,7915497;5,929947;1,306534;0,2479553;4,165649;4,835129;5,929947;4,835129;1,35994;4,165649;2,403259;2,403259;1,306534;2,656937;1,35994;1,718521;1,35994;5,929947;2,656937;4,835129;5,929947;5,929947;0,7915497;1,718521;0,5245209;1,306534;2,403259;2,403259;1,415253;2,403259
"637";"2003-01-01";0,2326965;0,1831055;1,991272;0,5722046;0,5722046;0,2326965;0,1831055;1,029968;1,335144;1,991272;0,5493164;0,7743835;1,991272;0,2326965;1,991272;0,5722046;1,926422;0,5836487;0,5722046;0,5950928;0,5722046;0,328064;0,08392334;0,5836487;0,5950928;0,5836487;1,991272;0,4959106;1,991272;0,5722046;0,2326965;1,926422;0,2326965;1,926422;0,2326965;0,5722046;0,5722046;0,328064;0,4959106;0,4959106;0,5722046;0,5493164;0,5493164;0,5950928;1,335144;5,008698;2,025604;5,008698;2,269745;4,135132;4,135132;3,08609;1,926422;5,008698;4,59671;4,135132;5,008698;4,135132;2,269745;2,269745;2,269745;1,335144;4,951477;3,08609;4,951477;2,025604;4,951477;2,250671;3,08609;4,135132;2,269745;5,008698;1,029968;2,269745;1,926422;1,029968;5,008698;2,025604;0,5493164;4,951477;4,135132;5,008698;4,135132;1,335144;4,951477;2,269745;2,269745;2,025604;3,08609;1,335144;2,250671;1,335144;5,008698;3,08609;4,135132;5,008698;5,008698;1,029968;2,250671;0,7743835;2,025604;2,269745;2,269745;1,926422;2,269745
"638";"2003-02-01";0,08583069;0,0629425;1,079559;0,1239777;0,1239777;0,08583069;0,0629425;0,5340576;0,7209778;1,079559;0,1468658;0,3242493;1,079559;0,08583069;1,079559;0,1239777;0,8220673;0,1373291;0,1239777;0,07629395;0,1239777;0,03433228;0,02670288;0,1373291;0,07629395;0,1373291;1,079559;0,1449585;1,079559;0,1239777;0,08583069;0,8220673;0,08583069;0,8220673;0,08583069;0,1239777;0,1239777;0,03433228;0,1449585;0,1449585;0,1239777;0,1468658;0,1468658;0,07629395;0,7209778;3,557205;1,123428;3,557205;1,403809;2,601624;2,601624;2,555847;0,8220673;3,557205;2,855301;2,601624;3,557205;2,601624;1,403809;1,403809;1,403809;0,7209778;2,584457;2,555847;2,584457;1,123428;2,584457;1,623154;2,555847;2,601624;1,403809;3,557205;0,5340576;1,403809;0,8220673;0,5340576;3,557205;1,123428;0,1468658;2,584457;2,601624;3,557205;2,601624;0,7209778;2,584457;1,403809;1,403809;1,123428;2,555847;0,7209778;1,623154;0,7209778;3,557205;2,555847;2,601624;3,557205;3,557205;0,5340576;1,623154;0,3242493;1,123428;1,403809;1,403809;0,8220673;1,403809
"639";"2003-03-01";0,207901;0,1735687;2,214432;0,3814697;0,3814697;0,207901;0,1735687;1,085281;1,48201;2,214432;0,6141663;0,3871918;2,214432;0,207901;2,214432;0,3814697;1,806259;0,3490448;0,3814697;0,3814697;0,3814697;0,1659393;0,08964539;0,3490448;0,3814697;0,3490448;2,214432;0,6198883;2,214432;0,3814697;0,207901;1,806259;0,207901;1,806259;0,207901;0,3814697;0,3814697;0,1659393;0,6198883;0,6198883;0,3814697;0,6141663;0,6141663;0,3814697;1,48201;6,587982;0,8869171;6,587982;2,660751;4,859924;4,859924;2,325058;1,806259;6,587982;3,419876;4,859924;6,587982;4,859924;2,660751;2,660751;2,660751;1,48201;3,507614;2,325058;3,507614;0,8869171;3,507614;1,176834;2,325058;4,859924;2,660751;6,587982;1,085281;2,660751;1,806259;1,085281;6,587982;0,8869171;0,6141663;3,507614;4,859924;6,587982;4,859924;1,48201;3,507614;2,660751;2,660751;0,8869171;2,325058;1,48201;1,176834;1,48201;6,587982;2,325058;4,859924;6,587982;6,587982;1,085281;1,176834;0,3871918;0,8869171;2,660751;2,660751;1,806259;2,660751
"640";"2003-04-01";1,047134;0,919342;4,15802;2,012253;2,012253;1,047134;0,919342;3,61824;3,541946;4,15802;2,11525;1,28746;4,15802;1,047134;4,15802;2,012253;6,090164;2,002716;2,012253;2,605438;2,012253;1,57547;0,7534027;2,002716;2,605438;2,002716;4,15802;2,370834;4,15802;2,012253;1,047134;6,090164;1,047134;6,090164;1,047134;2,012253;2,012253;1,57547;2,370834;2,370834;2,012253;2,11525;2,11525;2,605438;3,541946;7,026672;2,130508;7,026672;6,387711;9,851456;9,851456;1,834869;6,090164;7,026672;2,149582;9,851456;7,026672;9,851456;6,387711;6,387711;6,387711;3,541946;7,444382;1,834869;7,444382;2,130508;7,444382;1,169205;1,834869;9,851456;6,387711;7,026672;3,61824;6,387711;6,090164;3,61824;7,026672;2,130508;2,11525;7,444382;9,851456;7,026672;9,851456;3,541946;7,444382;6,387711;6,387711;2,130508;1,834869;3,541946;1,169205;3,541946;7,026672;1,834869;9,851456;7,026672;7,026672;3,61824;1,169205;1,28746;2,130508;6,387711;6,387711;6,090164;6,387711
"641";"2003-05-01";1,522064;1,373291;2,479553;2,475739;2,475739;1,522064;1,373291;2,063751;2,002716;2,479553;1,449585;1,255035;2,479553;1,522064;2,479553;2,475739;3,601074;1,987457;2,475739;2,414703;2,475739;2,056122;1,365662;1,987457;2,414703;1,987457;2,479553;1,708984;2,479553;2,475739;1,522064;3,601074;1,522064;3,601074;1,522064;2,475739;2,475739;2,056122;1,708984;1,708984;2,475739;1,449585;1,449585;2,414703;2,002716;2,910614;3,128052;2,910614;3,063202;2,925873;2,925873;3,295898;3,601074;2,910614;2,830505;2,925873;2,910614;2,925873;3,063202;3,063202;3,063202;2,002716;2,552032;3,295898;2,552032;3,128052;2,552032;3,986359;3,295898;2,925873;3,063202;2,910614;2,063751;3,063202;3,601074;2,063751;2,910614;3,128052;1,449585;2,552032;2,925873;2,910614;2,925873;2,002716;2,552032;3,063202;3,063202;3,128052;3,295898;2,002716;3,986359;2,002716;2,910614;3,295898;2,925873;2,910614;2,910614;2,063751;3,986359;1,255035;3,128052;3,063202;3,063202;3,601074;3,063202
"642";"2003-06-01";6,902695;4,796982;5,414963;8,056641;8,056641;6,902695;4,796982;4,587173;6,191254;5,414963;4,476547;5,638123;5,414963;6,902695;5,414963;8,056641;6,860733;5,146027;8,056641;7,181168;8,056641;9,231567;8,083344;5,146027;7,181168;5,146027;5,414963;5,971909;5,414963;8,056641;6,902695;6,860733;6,902695;6,860733;6,902695;8,056641;8,056641;9,231567;5,971909;5,971909;8,056641;4,476547;4,476547;7,181168;6,191254;5,918503;5,300522;5,918503;5,884171;5,342484;5,342484;7,297516;6,860733;5,918503;8,110046;5,342484;5,918503;5,342484;5,884171;5,884171;5,884171;6,191254;5,975723;7,297516;5,975723;5,300522;5,975723;8,216858;7,297516;5,342484;5,884171;5,918503;4,587173;5,884171;6,860733;4,587173;5,918503;5,300522;4,476547;5,975723;5,342484;5,918503;5,342484;6,191254;5,975723;5,884171;5,884171;5,300522;7,297516;6,191254;8,216858;6,191254;5,918503;7,297516;5,342484;5,918503;5,918503;4,587173;8,216858;5,638123;5,300522;5,884171;5,884171;6,860733;5,884171
"643";"2003-07-01";0,8354187;0,4863739;1,657486;1,754761;1,754761;0,8354187;0,4863739;0,9098053;0,9365082;1,657486;0,8773804;1,060486;1,657486;0,8354187;1,657486;1,754761;1,86348;1,302719;1,754761;1,548767;1,754761;1,86348;1,4534;1,302719;1,548767;1,302719;1,657486;1,296997;1,657486;1,754761;0,8354187;1,86348;0,8354187;1,86348;0,8354187;1,754761;1,754761;1,86348;1,296997;1,296997;1,754761;0,8773804;0,8773804;1,548767;0,9365082;1,953125;2,840042;1,953125;1,558304;1,499176;1,499176;2,719879;1,86348;1,953125;1,630783;1,499176;1,953125;1,499176;1,558304;1,558304;1,558304;0,9365082;1,688004;2,719879;1,688004;2,840042;1,688004;4,384995;2,719879;1,499176;1,558304;1,953125;0,9098053;1,558304;1,86348;0,9098053;1,953125;2,840042;0,8773804;1,688004;1,499176;1,953125;1,499176;0,9365082;1,688004;1,558304;1,558304;2,840042;2,719879;0,9365082;4,384995;0,9365082;1,953125;2,719879;1,499176;1,953125;1,953125;0,9098053;4,384995;1,060486;2,840042;1,558304;1,558304;1,86348;1,558304
"644";"2003-08-01";1,419067;0,8049011;2,832413;2,716064;2,716064;1,419067;0,8049011;2,054214;1,430511;2,832413;2,939224;1,384735;2,832413;1,419067;2,832413;2,716064;2,923965;2,477646;2,716064;2,759933;2,716064;2,498627;1,262665;2,477646;2,759933;2,477646;2,832413;3,276825;2,832413;2,716064;1,419067;2,923965;1,419067;2,923965;1,419067;2,716064;2,716064;2,498627;3,276825;3,276825;2,716064;2,939224;2,939224;2,759933;1,430511;1,947403;3,406525;1,947403;2,000809;1,451492;1,451492;2,92778;2,923965;1,947403;1,943588;1,451492;1,947403;1,451492;2,000809;2,000809;2,000809;1,430511;1,716614;2,92778;1,716614;3,406525;1,716614;4,465103;2,92778;1,451492;2,000809;1,947403;2,054214;2,000809;2,923965;2,054214;1,947403;3,406525;2,939224;1,716614;1,451492;1,947403;1,451492;1,430511;1,716614;2,000809;2,000809;3,406525;2,92778;1,430511;4,465103;1,430511;1,947403;2,92778;1,451492;1,947403;1,947403;2,054214;4,465103;1,384735;3,406525;2,000809;2,000809;2,923965;2,000809
"645";"2003-09-01";8,037567;6,156921;11,20758;10,07843;10,07843;8,037567;6,156921;12,29858;8,934021;11,20758;10,19669;7,362366;11,20758;8,037567;11,20758;10,07843;10,50186;9,403229;10,07843;8,560181;10,07843;8,228302;7,530212;9,403229;8,560181;9,403229;11,20758;8,403778;11,20758;10,07843;8,037567;10,50186;8,037567;10,50186;8,037567;10,07843;10,07843;8,228302;8,403778;8,403778;10,07843;10,19669;10,19669;8,560181;8,934021;10,10895;7,972717;10,10895;11,63101;8,434296;8,434296;10,43701;10,50186;10,10895;9,185791;8,434296;10,10895;8,434296;11,63101;11,63101;11,63101;8,934021;9,353638;10,43701;9,353638;7,972717;9,353638;10,46371;10,43701;8,434296;11,63101;10,10895;12,29858;11,63101;10,50186;12,29858;10,10895;7,972717;10,19669;9,353638;8,434296;10,10895;8,434296;8,934021;9,353638;11,63101;11,63101;7,972717;10,43701;8,934021;10,46371;8,934021;10,10895;10,43701;8,434296;10,10895;10,10895;12,29858;10,46371;7,362366;7,972717;11,63101;11,63101;10,50186;11,63101
"646";"2003-10-01";1,970291;1,588821;3,612518;2,807617;2,807617;1,970291;1,588821;3,190994;3,171921;3,612518;2,120972;3,198624;3,612518;1,970291;3,612518;2,807617;4,190445;1,869202;2,807617;2,07901;2,807617;2,17247;1,537323;1,869202;2,07901;1,869202;3,612518;1,926422;3,612518;2,807617;1,970291;4,190445;1,970291;4,190445;1,970291;2,807617;2,807617;2,17247;1,926422;1,926422;2,807617;2,120972;2,120972;2,07901;3,171921;4,701614;4,640579;4,701614;3,606796;3,454208;3,454208;4,266739;4,190445;4,701614;3,868103;3,454208;4,701614;3,454208;3,606796;3,606796;3,606796;3,171921;4,060745;4,266739;4,060745;4,640579;4,060745;5,241394;4,266739;3,454208;3,606796;4,701614;3,190994;3,606796;4,190445;3,190994;4,701614;4,640579;2,120972;4,060745;3,454208;4,701614;3,454208;3,171921;4,060745;3,606796;3,606796;4,640579;4,266739;3,171921;5,241394;3,171921;4,701614;4,266739;3,454208;4,701614;4,701614;3,190994;5,241394;3,198624;4,640579;3,606796;3,606796;4,190445;3,606796
"647";"2003-11-01";0,3032684;0,2803802;1,403809;0,5092621;0,5092621;0,3032684;0,2803802;1,232147;0,9250641;1,403809;0,6752014;0,8068085;1,403809;0,3032684;1,403809;0,5092621;1,424789;0,4482269;0,5092621;0,207901;0,5092621;0,08964539;0,05340576;0,4482269;0,207901;0,4482269;1,403809;0,4062653;1,403809;0,5092621;0,3032684;1,424789;0,3032684;1,424789;0,3032684;0,5092621;0,5092621;0,08964539;0,4062653;0,4062653;0,5092621;0,6752014;0,6752014;0,207901;0,9250641;1,958847;1,590729;1,958847;1,556396;1,535416;1,535416;3,18718;1,424789;1,958847;2,540588;1,535416;1,958847;1,535416;1,556396;1,556396;1,556396;0,9250641;2,481461;3,18718;2,481461;1,590729;2,481461;2,969742;3,18718;1,535416;1,556396;1,958847;1,232147;1,556396;1,424789;1,232147;1,958847;1,590729;0,6752014;2,481461;1,535416;1,958847;1,535416;0,9250641;2,481461;1,556396;1,556396;1,590729;3,18718;0,9250641;2,969742;0,9250641;1,958847;3,18718;1,535416;1,958847;1,958847;1,232147;2,969742;0,8068085;1,590729;1,556396;1,556396;1,424789;1,556396
"648";"2003-12-01";0,1811981;0,1869202;1,451492;0,2536774;0,2536774;0,1811981;0,1869202;0,5474091;1,092911;1,451492;0,3089905;0,5950928;1,451492;0,1811981;1,451492;0,2536774;1,209259;0,3204346;0,2536774;0,1850128;0,2536774;0,05912781;0,01525879;0,3204346;0,1850128;0,3204346;1,451492;0,2708435;1,451492;0,2536774;0,1811981;1,209259;0,1811981;1,209259;0,1811981;0,2536774;0,2536774;0,05912781;0,2708435;0,2708435;0,2536774;0,3089905;0,3089905;0,1850128;1,092911;3,572464;0,3032684;3,572464;0,9346008;2,885818;2,885818;2,128601;1,209259;3,572464;3,269196;2,885818;3,572464;2,885818;0,9346008;0,9346008;0,9346008;1,092911;3,356934;2,128601;3,356934;0,3032684;3,356934;0,9784698;2,128601;2,885818;0,9346008;3,572464;0,5474091;0,9346008;1,209259;0,5474091;3,572464;0,3032684;0,3089905;3,356934;2,885818;3,572464;2,885818;1,092911;3,356934;0,9346008;0,9346008;0,3032684;2,128601;1,092911;0,9784698;1,092911;3,572464;2,128601;2,885818;3,572464;3,572464;0,5474091;0,9784698;0,5950928;0,3032684;0,9346008;0,9346008;1,209259;0,9346008
"649";"2004-01-01";0,7686615;0,5960464;2,292633;1,046181;1,046181;0,7686615;0,5960464;0,834465;1,400948;2,292633;0,4768372;0,8411407;2,292633;0,7686615;2,292633;1,046181;1,791;0,7648468;1,046181;0,8363724;1,046181;1,167297;0,8249283;0,7648468;0,8363724;0,7648468;2,292633;0,4444122;2,292633;1,046181;0,7686615;1,791;0,7686615;1,791;0,7686615;1,046181;1,046181;1,167297;0,4444122;0,4444122;1,046181;0,4768372;0,4768372;0,8363724;1,400948;4,696846;1,819611;4,696846;1,626968;2,971649;2,971649;3,582001;1,791;4,696846;4,240036;2,971649;4,696846;2,971649;1,626968;1,626968;1,626968;1,400948;2,925873;3,582001;2,925873;1,819611;2,925873;1,918793;3,582001;2,971649;1,626968;4,696846;0,834465;1,626968;1,791;0,834465;4,696846;1,819611;0,4768372;2,925873;2,971649;4,696846;2,971649;1,400948;2,925873;1,626968;1,626968;1,819611;3,582001;1,400948;1,918793;1,400948;4,696846;3,582001;2,971649;4,696846;4,696846;0,834465;1,918793;0,8411407;1,819611;1,626968;1,626968;1,791;1,626968
"650";"2004-02-01";0,1239777;0,1125336;1,497269;0,1850128;0,1850128;0,1239777;0,1125336;0,7724762;1,029968;1,497269;0,169754;0,4425049;1,497269;0,1239777;1,497269;0,1850128;1,146317;0,3299713;0,1850128;0,2536774;0,1850128;0,1010895;0,06103516;0,3299713;0,2536774;0,3299713;1,497269;0,1430511;1,497269;0,1850128;0,1239777;1,146317;0,1239777;1,146317;0,1239777;0,1850128;0,1850128;0,1010895;0,1430511;0,1430511;0,1850128;0,169754;0,169754;0,2536774;1,029968;4,217148;1,594543;4,217148;2,52533;3,803253;3,803253;3,175735;1,146317;4,217148;4,285812;3,803253;4,217148;3,803253;2,52533;2,52533;2,52533;1,029968;3,614426;3,175735;3,614426;1,594543;3,614426;1,926422;3,175735;3,803253;2,52533;4,217148;0,7724762;2,52533;1,146317;0,7724762;4,217148;1,594543;0,169754;3,614426;3,803253;4,217148;3,803253;1,029968;3,614426;2,52533;2,52533;1,594543;3,175735;1,029968;1,926422;1,029968;4,217148;3,175735;3,803253;4,217148;4,217148;0,7724762;1,926422;0,4425049;1,594543;2,52533;2,52533;1,146317;2,52533
"651";"2004-03-01";1,098633;1,234055;3,219604;1,737595;1,737595;1,098633;1,234055;2,397537;2,231598;3,219604;1,363754;1,255035;3,219604;1,098633;3,219604;1,737595;3,709793;1,665115;1,737595;2,260208;1,737595;1,626968;1,022339;1,665115;2,260208;1,665115;3,219604;1,754761;3,219604;1,737595;1,098633;3,709793;1,098633;3,709793;1,098633;1,737595;1,737595;1,626968;1,754761;1,754761;1,737595;1,363754;1,363754;2,260208;2,231598;5,180359;2,178192;5,180359;3,767014;5,222321;5,222321;2,42424;3,709793;5,180359;2,386093;5,222321;5,180359;5,222321;3,767014;3,767014;3,767014;2,231598;5,218506;2,42424;5,218506;2,178192;5,218506;2,290726;2,42424;5,222321;3,767014;5,180359;2,397537;3,767014;3,709793;2,397537;5,180359;2,178192;1,363754;5,218506;5,222321;5,180359;5,222321;2,231598;5,218506;3,767014;3,767014;2,178192;2,42424;2,231598;2,290726;2,231598;5,180359;2,42424;5,222321;5,180359;5,180359;2,397537;2,290726;1,255035;2,178192;3,767014;3,767014;3,709793;3,767014
"652";"2004-04-01";1,255035;1,358032;5,910873;1,497269;1,497269;1,255035;1,358032;5,60379;4,745483;5,910873;2,677917;1,386642;5,910873;1,255035;5,910873;1,497269;5,807877;1,771927;1,497269;2,468109;1,497269;1,451492;0,9117126;1,771927;2,468109;1,771927;5,910873;2,702713;5,910873;1,497269;1,255035;5,807877;1,255035;5,807877;1,255035;1,497269;1,497269;1,451492;2,702713;2,702713;1,497269;2,677917;2,677917;2,468109;4,745483;16,48521;5,508423;16,48521;11,74545;14,73618;14,73618;5,270004;5,807877;16,48521;8,066177;14,73618;16,48521;14,73618;11,74545;11,74545;11,74545;4,745483;7,808685;5,270004;7,808685;5,508423;7,808685;4,442215;5,270004;14,73618;11,74545;16,48521;5,60379;11,74545;5,807877;5,60379;16,48521;5,508423;2,677917;7,808685;14,73618;16,48521;14,73618;4,745483;7,808685;11,74545;11,74545;5,508423;5,270004;4,745483;4,442215;4,745483;16,48521;5,270004;14,73618;16,48521;16,48521;5,60379;4,442215;1,386642;5,508423;11,74545;11,74545;5,807877;11,74545
"653";"2004-05-01";2,567291;2,719879;4,613876;3,469467;3,469467;2,567291;2,719879;4,549026;4,337311;4,613876;3,662109;2,687454;4,613876;2,567291;4,613876;3,469467;6,885529;3,118515;3,469467;4,657745;3,469467;3,351212;2,119064;3,118515;4,657745;3,118515;4,613876;4,974365;4,613876;3,469467;2,567291;6,885529;2,567291;6,885529;2,567291;3,469467;3,469467;3,351212;4,974365;4,974365;3,469467;3,662109;3,662109;4,657745;4,337311;4,60434;3,290176;4,60434;4,709244;5,022049;5,022049;2,307892;6,885529;4,60434;2,975464;5,022049;4,60434;5,022049;4,709244;4,709244;4,709244;4,337311;4,468918;2,307892;4,468918;3,290176;4,468918;2,693176;2,307892;5,022049;4,709244;4,60434;4,549026;4,709244;6,885529;4,549026;4,60434;3,290176;3,662109;4,468918;5,022049;4,60434;5,022049;4,337311;4,468918;4,709244;4,709244;3,290176;2,307892;4,337311;2,693176;4,337311;4,60434;2,307892;5,022049;4,60434;4,60434;4,549026;2,693176;2,687454;3,290176;4,709244;4,709244;6,885529;4,709244
"654";"2004-06-01";3,911972;3,702164;5,25856;4,907608;4,907608;3,911972;3,702164;3,385544;5,226135;5,25856;3,190994;4,669189;5,25856;3,911972;5,25856;4,907608;7,339478;3,171921;4,907608;3,782272;4,907608;4,642487;3,854752;3,171921;3,782272;3,171921;5,25856;3,913879;5,25856;4,907608;3,911972;7,339478;3,911972;7,339478;3,911972;4,907608;4,907608;4,642487;3,913879;3,913879;4,907608;3,190994;3,190994;3,782272;5,226135;4,97818;4,842758;4,97818;4,318237;6,101608;6,101608;5,655289;7,339478;4,97818;4,858017;6,101608;4,97818;6,101608;4,318237;4,318237;4,318237;5,226135;5,914688;5,655289;5,914688;4,842758;5,914688;7,753372;5,655289;6,101608;4,318237;4,97818;3,385544;4,318237;7,339478;3,385544;4,97818;4,842758;3,190994;5,914688;6,101608;4,97818;6,101608;5,226135;5,914688;4,318237;4,318237;4,842758;5,655289;5,226135;7,753372;5,226135;4,97818;5,655289;6,101608;4,97818;4,97818;3,385544;7,753372;4,669189;4,842758;4,318237;4,318237;7,339478;4,318237
"655";"2004-07-01";2,48909;1,823425;3,330231;3,604889;3,604889;2,48909;1,823425;2,689362;2,962112;3,330231;2,590179;2,681732;3,330231;2,48909;3,330231;3,604889;3,982544;2,260208;3,604889;2,6474;3,604889;3,185272;2,674103;2,260208;2,6474;2,260208;3,330231;3,082275;3,330231;3,604889;2,48909;3,982544;2,48909;3,982544;2,48909;3,604889;3,604889;3,185272;3,082275;3,082275;3,604889;2,590179;2,590179;2,6474;2,962112;2,840042;4,571915;2,840042;3,662109;2,933502;2,933502;5,98526;3,982544;2,840042;3,484726;2,933502;2,840042;2,933502;3,662109;3,662109;3,662109;2,962112;4,323959;5,98526;4,323959;4,571915;4,323959;6,574631;5,98526;2,933502;3,662109;2,840042;2,689362;3,662109;3,982544;2,689362;2,840042;4,571915;2,590179;4,323959;2,933502;2,840042;2,933502;2,962112;4,323959;3,662109;3,662109;4,571915;5,98526;2,962112;6,574631;2,962112;2,840042;5,98526;2,933502;2,840042;2,840042;2,689362;6,574631;2,681732;4,571915;3,662109;3,662109;3,982544;3,662109
"656";"2004-08-01";1,722336;1,140594;3,089905;2,737045;2,737045;1,722336;1,140594;2,96402;1,754761;3,089905;2,48909;1,535416;3,089905;1,722336;3,089905;2,737045;2,500534;2,536774;2,737045;2,277374;2,737045;2,372742;1,579285;2,536774;2,277374;2,536774;3,089905;2,283096;3,089905;2,737045;1,722336;2,500534;1,722336;2,500534;1,722336;2,737045;2,737045;2,372742;2,283096;2,283096;2,737045;2,48909;2,48909;2,277374;1,754761;2,016068;3,189087;2,016068;2,569199;1,306534;1,306534;2,80571;2,500534;2,016068;1,737595;1,306534;2,016068;1,306534;2,569199;2,569199;2,569199;1,754761;1,672745;2,80571;1,672745;3,189087;1,672745;4,03595;2,80571;1,306534;2,569199;2,016068;2,96402;2,569199;2,500534;2,96402;2,016068;3,189087;2,48909;1,672745;1,306534;2,016068;1,306534;1,754761;1,672745;2,569199;2,569199;3,189087;2,80571;1,754761;4,03595;1,754761;2,016068;2,80571;1,306534;2,016068;2,016068;2,96402;4,03595;1,535416;3,189087;2,569199;2,569199;2,500534;2,569199
"657";"2004-09-01";2,532959;2,109528;4,91333;3,479004;3,479004;2,532959;2,109528;3,646851;2,948761;4,91333;4,108429;2,765656;4,91333;2,532959;4,91333;3,479004;4,673004;3,463745;3,479004;3,852844;3,479004;3,974915;2,849579;3,463745;3,852844;3,463745;4,91333;4,53186;4,91333;3,479004;2,532959;4,673004;2,532959;4,673004;2,532959;3,479004;3,479004;3,974915;4,53186;4,53186;3,479004;4,108429;4,108429;3,852844;2,948761;4,901886;4,631042;4,901886;3,383636;2,979279;2,979279;4,394531;4,673004;4,901886;2,738953;2,979279;4,901886;2,979279;3,383636;3,383636;3,383636;2,948761;3,59726;4,394531;3,59726;4,631042;3,59726;6,729126;4,394531;2,979279;3,383636;4,901886;3,646851;3,383636;4,673004;3,646851;4,901886;4,631042;4,108429;3,59726;2,979279;4,901886;2,979279;2,948761;3,59726;3,383636;3,383636;4,631042;4,394531;2,948761;6,729126;2,948761;4,901886;4,394531;2,979279;4,901886;4,901886;3,646851;6,729126;2,765656;4,631042;3,383636;3,383636;4,673004;3,383636
"658";"2004-10-01";2,017975;1,703262;5,973816;2,815247;2,815247;2,017975;1,703262;4,371643;4,026413;5,973816;3,17955;2,243042;5,973816;2,017975;5,973816;2,815247;5,224228;3,917694;2,815247;3,566742;2,815247;2,342224;2,628326;3,917694;3,566742;3,917694;5,973816;2,782822;5,973816;2,815247;2,017975;5,224228;2,017975;5,224228;2,017975;2,815247;2,815247;2,342224;2,782822;2,782822;2,815247;3,17955;3,17955;3,566742;4,026413;9,149551;4,957199;9,149551;5,739212;6,788254;6,788254;3,955841;5,224228;9,149551;3,814697;6,788254;9,149551;6,788254;5,739212;5,739212;5,739212;4,026413;5,838394;3,955841;5,838394;4,957199;5,838394;4,674911;3,955841;6,788254;5,739212;9,149551;4,371643;5,739212;5,224228;4,371643;9,149551;4,957199;3,17955;5,838394;6,788254;9,149551;6,788254;4,026413;5,838394;5,739212;5,739212;4,957199;3,955841;4,026413;4,674911;4,026413;9,149551;3,955841;6,788254;9,149551;9,149551;4,371643;4,674911;2,243042;4,957199;5,739212;5,739212;5,224228;5,739212
"659";"2004-11-01";0,07247925;0,0629425;0,9689331;0,2288818;0,2288818;0,07247925;0,0629425;0,4005432;0,3356934;0,9689331;0,2326965;0,3089905;0,9689331;0,07247925;0,9689331;0,2288818;0,579834;0,2975464;0,2288818;0,06484985;0,2288818;0,0667572;0,1506805;0,2975464;0,06484985;0,2975464;0,9689331;0,1125336;0,9689331;0,2288818;0,07247925;0,579834;0,07247925;0,579834;0,07247925;0,2288818;0,2288818;0,0667572;0,1125336;0,1125336;0,2288818;0,2326965;0,2326965;0,06484985;0,3356934;1,501083;0,4024506;1,501083;0,4081726;0,9384155;0,9384155;0,8087158;0,579834;1,501083;1,157761;0,9384155;1,501083;0,9384155;0,4081726;0,4081726;0,4081726;0,3356934;1,235962;0,8087158;1,235962;0,4024506;1,235962;0,6523132;0,8087158;0,9384155;0,4081726;1,501083;0,4005432;0,4081726;0,579834;0,4005432;1,501083;0,4024506;0,2326965;1,235962;0,9384155;1,501083;0,9384155;0,3356934;1,235962;0,4081726;0,4081726;0,4024506;0,8087158;0,3356934;0,6523132;0,3356934;1,501083;0,8087158;0,9384155;1,501083;1,501083;0,4005432;0,6523132;0,3089905;0,4024506;0,4081726;0,4081726;0,579834;0,4081726
"660";"2004-12-01";0,1564026;0,1602173;1,686096;0,2584457;0,2584457;0,1564026;0,1602173;0,6723404;1,068115;1,686096;0,3728867;0,6580353;1,686096;0,1564026;1,686096;0,2584457;1,28746;0,336647;0,2584457;0,1010895;0,2584457;0,02002716;0,008583069;0,336647;0,1010895;0,336647;1,686096;0,2040863;1,686096;0,2584457;0,1564026;1,28746;0,1564026;1,28746;0,1564026;0,2584457;0,2584457;0,02002716;0,2040863;0,2040863;0,2584457;0,3728867;0,3728867;0,1010895;1,068115;4,220963;0,4224777;4,220963;1,070023;3,005981;3,005981;1,572609;1,28746;4,220963;2,544403;3,005981;4,220963;3,005981;1,070023;1,070023;1,070023;1,068115;3,202438;1,572609;3,202438;0,4224777;3,202438;0,8773804;1,572609;3,005981;1,070023;4,220963;0,6723404;1,070023;1,28746;0,6723404;4,220963;0,4224777;0,3728867;3,202438;3,005981;4,220963;3,005981;1,068115;3,202438;1,070023;1,070023;0,4224777;1,572609;1,068115;0,8773804;1,068115;4,220963;1,572609;3,005981;4,220963;4,220963;0,6723404;0,8773804;0,6580353;0,4224777;1,070023;1,070023;1,28746;1,070023
"661";"2005-01-01";0,1125336;0,09727478;1,199722;0,213623;0,213623;0,1125336;0,09727478;0,3795624;0,6256104;1,199722;0,2212524;0,4501343;1,199722;0,1125336;1,199722;0,213623;0,8144379;0,3318787;0,213623;0,1106262;0,213623;0,04959106;0,02098083;0,3318787;0,1106262;0,3318787;1,199722;0,1888275;1,199722;0,213623;0,1125336;0,8144379;0,1125336;0,8144379;0,1125336;0,213623;0,213623;0,04959106;0,1888275;0,1888275;0,213623;0,2212524;0,2212524;0,1106262;0,6256104;2,254486;0,5626678;2,254486;0,7038116;1,724243;1,724243;1,426697;0,8144379;2,254486;2,214432;1,724243;2,254486;1,724243;0,7038116;0,7038116;0,7038116;0,6256104;2,410889;1,426697;2,410889;0,5626678;2,410889;0,8049011;1,426697;1,724243;0,7038116;2,254486;0,3795624;0,7038116;0,8144379;0,3795624;2,254486;0,5626678;0,2212524;2,410889;1,724243;2,254486;1,724243;0,6256104;2,410889;0,7038116;0,7038116;0,5626678;1,426697;0,6256104;0,8049011;0,6256104;2,254486;1,426697;1,724243;2,254486;2,254486;0,3795624;0,8049011;0,4501343;0,5626678;0,7038116;0,7038116;0,8144379;0,7038116
"662";"2005-02-01";0,1392365;0,1506805;2,128601;0,2536774;0,2536774;0,1392365;0,1506805;1,758575;1,766205;2,128601;0,617981;0,6771088;2,128601;0,1392365;2,128601;0,2536774;2,069473;0,3185272;0,2536774;0,3643036;0,2536774;0,1316071;0,04768372;0,3185272;0,3643036;0,3185272;2,128601;0,585556;2,128601;0,2536774;0,1392365;2,069473;0,1392365;2,069473;0,1392365;0,2536774;0,2536774;0,1316071;0,585556;0,585556;0,2536774;0,617981;0,617981;0,3643036;1,766205;6,622314;2,313614;6,622314;3,997803;6,504059;6,504059;4,40979;2,069473;6,622314;5,558014;6,504059;6,622314;6,504059;3,997803;3,997803;3,997803;1,766205;5,636215;4,40979;5,636215;2,313614;5,636215;2,895355;4,40979;6,504059;3,997803;6,622314;1,758575;3,997803;2,069473;1,758575;6,622314;2,313614;0,617981;5,636215;6,504059;6,622314;6,504059;1,766205;5,636215;3,997803;3,997803;2,313614;4,40979;1,766205;2,895355;1,766205;6,622314;4,40979;6,504059;6,622314;6,622314;1,758575;2,895355;0,6771088;2,313614;3,997803;3,997803;2,069473;3,997803
"663";"2005-03-01";0,8125305;0,7305145;2,901077;0,9841919;0,9841919;0,8125305;0,7305145;1,844406;2,298355;2,901077;0,4405975;0,9269714;2,901077;0,8125305;2,901077;0,9841919;2,767563;0,5817413;0,9841919;0,623703;0,9841919;0,9689331;0,957489;0,5817413;0,623703;0,5817413;2,901077;0,629425;2,901077;0,9841919;0,8125305;2,767563;0,8125305;2,767563;0,8125305;0,9841919;0,9841919;0,9689331;0,629425;0,629425;0,9841919;0,4405975;0,4405975;0,623703;2,298355;8,678436;1,823425;8,678436;5,754471;6,341934;6,341934;3,412247;2,767563;8,678436;4,508972;6,341934;8,678436;6,341934;5,754471;5,754471;5,754471;2,298355;4,714966;3,412247;4,714966;1,823425;4,714966;1,413345;3,412247;6,341934;5,754471;8,678436;1,844406;5,754471;2,767563;1,844406;8,678436;1,823425;0,4405975;4,714966;6,341934;8,678436;6,341934;2,298355;4,714966;5,754471;5,754471;1,823425;3,412247;2,298355;1,413345;2,298355;8,678436;3,412247;6,341934;8,678436;8,678436;1,844406;1,413345;0,9269714;1,823425;5,754471;5,754471;2,767563;5,754471
"664";"2005-04-01";1,987457;1,960754;4,377365;3,261566;3,261566;1,987457;1,960754;2,883911;3,356934;4,377365;1,689911;1,564026;4,377365;1,987457;4,377365;3,261566;5,735397;2,130508;3,261566;3,353119;3,261566;2,994537;1,567841;2,130508;3,353119;2,130508;4,377365;2,548218;4,377365;3,261566;1,987457;5,735397;1,987457;5,735397;1,987457;3,261566;3,261566;2,994537;2,548218;2,548218;3,261566;1,689911;1,689911;3,353119;3,356934;9,181976;1,895905;9,181976;5,508423;7,270813;7,270813;3,231049;5,735397;9,181976;4,165649;7,270813;9,181976;7,270813;5,508423;5,508423;5,508423;3,356934;5,815506;3,231049;5,815506;1,895905;5,815506;1,901627;3,231049;7,270813;5,508423;9,181976;2,883911;5,508423;5,735397;2,883911;9,181976;1,895905;1,689911;5,815506;7,270813;9,181976;7,270813;3,356934;5,815506;5,508423;5,508423;1,895905;3,231049;3,356934;1,901627;3,356934;9,181976;3,231049;7,270813;9,181976;9,181976;2,883911;1,901627;1,564026;1,895905;5,508423;5,508423;5,735397;5,508423
"665";"2005-05-01";1,996994;3,059387;6,153107;2,529144;2,529144;1,996994;3,059387;3,940582;6,408691;6,153107;2,103806;2,859116;6,153107;1,996994;6,153107;2,529144;8,634567;1,903534;2,529144;3,810883;2,529144;2,773285;1,735687;1,903534;3,810883;1,903534;6,153107;3,061295;6,153107;2,529144;1,996994;8,634567;1,996994;8,634567;1,996994;2,529144;2,529144;2,773285;3,061295;3,061295;2,529144;2,103806;2,103806;3,810883;6,408691;14,66751;5,1651;14,66751;8,893967;15,79285;15,79285;5,893707;8,634567;14,66751;5,605698;15,79285;14,66751;15,79285;8,893967;8,893967;8,893967;6,408691;11,57951;5,893707;11,57951;5,1651;11,57951;6,225586;5,893707;15,79285;8,893967;14,66751;3,940582;8,893967;8,634567;3,940582;14,66751;5,1651;2,103806;11,57951;15,79285;14,66751;15,79285;6,408691;11,57951;8,893967;8,893967;5,1651;5,893707;6,408691;6,225586;6,408691;14,66751;5,893707;15,79285;14,66751;14,66751;3,940582;6,225586;2,859116;5,1651;8,893967;8,893967;8,634567;8,893967
"666";"2005-06-01";3,232956;2,868652;5,573273;4,127502;4,127502;3,232956;2,868652;6,27327;4,53949;5,573273;4,795074;4,91333;5,573273;3,232956;5,573273;4,127502;5,815506;3,753662;4,127502;3,437042;4,127502;3,194809;2,086639;3,753662;3,437042;3,753662;5,573273;4,182816;5,573273;4,127502;3,232956;5,815506;3,232956;5,815506;3,232956;4,127502;4,127502;3,194809;4,182816;4,182816;4,127502;4,795074;4,795074;3,437042;4,53949;6,496429;7,484436;6,496429;7,898331;5,094528;5,094528;9,1362;5,815506;6,496429;10,15091;5,094528;6,496429;5,094528;7,898331;7,898331;7,898331;4,53949;6,267548;9,1362;6,267548;7,484436;6,267548;9,22966;9,1362;5,094528;7,898331;6,496429;6,27327;7,898331;5,815506;6,27327;6,496429;7,484436;4,795074;6,267548;5,094528;6,496429;5,094528;4,53949;6,267548;7,898331;7,898331;7,484436;9,1362;4,53949;9,22966;4,53949;6,496429;9,1362;5,094528;6,496429;6,496429;6,27327;9,22966;4,91333;7,484436;7,898331;7,898331;5,815506;7,898331
"667";"2005-07-01";2,262115;1,779556;3,061295;2,916336;2,916336;2,262115;1,779556;2,485275;3,099442;3,061295;2,565384;2,744675;3,061295;2,262115;3,061295;2,916336;3,856659;3,019333;2,916336;3,314972;2,916336;2,824783;2,780914;3,019333;3,314972;3,019333;3,061295;3,074646;3,061295;2,916336;2,262115;3,856659;2,262115;3,856659;2,262115;2,916336;2,916336;2,824783;3,074646;3,074646;2,916336;2,565384;2,565384;3,314972;3,099442;2,655029;4,810333;2,655029;3,162384;2,494812;2,494812;5,016327;3,856659;2,655029;3,528595;2,494812;2,655029;2,494812;3,162384;3,162384;3,162384;3,099442;3,12233;5,016327;3,12233;4,810333;3,12233;7,268906;5,016327;2,494812;3,162384;2,655029;2,485275;3,162384;3,856659;2,485275;2,655029;4,810333;2,565384;3,12233;2,494812;2,655029;2,494812;3,099442;3,12233;3,162384;3,162384;4,810333;5,016327;3,099442;7,268906;3,099442;2,655029;5,016327;2,494812;2,655029;2,655029;2,485275;7,268906;2,744675;4,810333;3,162384;3,162384;3,856659;3,162384
"668";"2005-08-01";5,367279;5,329132;7,225037;6,328583;6,328583;5,367279;5,329132;5,878448;5,817413;7,225037;4,428864;5,451202;7,225037;5,367279;7,225037;6,328583;8,415222;5,275726;6,328583;5,104065;6,328583;5,35202;5,561829;5,275726;5,104065;5,275726;7,225037;4,249573;7,225037;6,328583;5,367279;8,415222;5,367279;8,415222;5,367279;6,328583;6,328583;5,35202;4,249573;4,249573;6,328583;4,428864;4,428864;5,104065;5,817413;6,858826;6,752014;6,858826;6,473541;6,244659;6,244659;7,026672;8,415222;6,858826;5,527496;6,244659;6,858826;6,244659;6,473541;6,473541;6,473541;5,817413;5,916595;7,026672;5,916595;6,752014;5,916595;10,09369;7,026672;6,244659;6,473541;6,858826;5,878448;6,473541;8,415222;5,878448;6,858826;6,752014;4,428864;5,916595;6,244659;6,858826;6,244659;5,817413;5,916595;6,473541;6,473541;6,752014;7,026672;5,817413;10,09369;5,817413;6,858826;7,026672;6,244659;6,858826;6,858826;5,878448;10,09369;5,451202;6,752014;6,473541;6,473541;8,415222;6,473541
"669";"2005-09-01";1,729965;1,234055;3,248215;2,248764;2,248764;1,729965;1,234055;2,901077;2,002716;3,248215;2,271652;1,979828;3,248215;1,729965;3,248215;2,248764;3,27301;2,279282;2,248764;2,178192;2,248764;1,991272;1,947403;2,279282;2,178192;2,279282;3,248215;1,781464;3,248215;2,248764;1,729965;3,27301;1,729965;3,27301;1,729965;2,248764;2,248764;1,991272;1,781464;1,781464;2,248764;2,271652;2,271652;2,178192;2,002716;3,772736;3,221512;3,772736;3,053665;2,61116;2,61116;4,680634;3,27301;3,772736;2,782822;2,61116;3,772736;2,61116;3,053665;3,053665;3,053665;2,002716;3,398895;4,680634;3,398895;3,221512;3,398895;6,883621;4,680634;2,61116;3,053665;3,772736;2,901077;3,053665;3,27301;2,901077;3,772736;3,221512;2,271652;3,398895;2,61116;3,772736;2,61116;2,002716;3,398895;3,053665;3,053665;3,221512;4,680634;2,002716;6,883621;2,002716;3,772736;4,680634;2,61116;3,772736;3,772736;2,901077;6,883621;1,979828;3,221512;3,053665;3,053665;3,27301;3,053665
"670";"2005-10-01";4,966736;3,957748;9,555817;6,181717;6,181717;4,966736;3,957748;9,876251;6,595612;9,555817;8,396149;5,35965;9,555817;4,966736;9,555817;6,181717;7,907867;7,604599;6,181717;6,954193;6,181717;5,390167;4,386902;7,604599;6,954193;7,604599;9,555817;7,181168;9,555817;6,181717;4,966736;7,907867;4,966736;7,907867;4,966736;6,181717;6,181717;5,390167;7,181168;7,181168;6,181717;8,396149;8,396149;6,954193;6,595612;12,29668;9,256363;12,29668;10,04791;10,71548;10,71548;12,24518;7,907867;12,29668;12,41112;10,71548;12,29668;10,71548;10,04791;10,04791;10,04791;6,595612;10,58006;12,24518;10,58006;9,256363;10,58006;12,54845;12,24518;10,71548;10,04791;12,29668;9,876251;10,04791;7,907867;9,876251;12,29668;9,256363;8,396149;10,58006;10,71548;12,29668;10,71548;6,595612;10,58006;10,04791;10,04791;9,256363;12,24518;6,595612;12,54845;6,595612;12,29668;12,24518;10,71548;12,29668;12,29668;9,876251;12,54845;5,35965;9,256363;10,04791;10,04791;7,907867;10,04791
"671";"2005-11-01";0,2174377;0,1888275;2,256393;0,5340576;0,5340576;0,2174377;0,1888275;1,22261;1,173019;2,256393;0,6046295;0,9212494;2,256393;0,2174377;2,256393;0,5340576;1,955032;0,6103516;0,5340576;0,6408691;0,5340576;0,1583099;0,07629395;0,6103516;0,6408691;0,6103516;2,256393;0,4673004;2,256393;0,5340576;0,2174377;1,955032;0,2174377;1,955032;0,2174377;0,5340576;0,5340576;0,1583099;0,4673004;0,4673004;0,5340576;0,6046295;0,6046295;0,6408691;1,173019;4,974365;1,710892;4,974365;2,561569;3,341675;3,341675;3,087997;1,955032;4,974365;3,707886;3,341675;4,974365;3,341675;2,561569;2,561569;2,561569;1,173019;3,644943;3,087997;3,644943;1,710892;3,644943;2,706528;3,087997;3,341675;2,561569;4,974365;1,22261;2,561569;1,955032;1,22261;4,974365;1,710892;0,6046295;3,644943;3,341675;4,974365;3,341675;1,173019;3,644943;2,561569;2,561569;1,710892;3,087997;1,173019;2,706528;1,173019;4,974365;3,087997;3,341675;4,974365;4,974365;1,22261;2,706528;0,9212494;1,710892;2,561569;2,561569;1,955032;2,561569
"672";"2005-12-01";0,3471375;0,3595352;2,471924;0,6217957;0,6217957;0,3471375;0,3595352;0,8440018;1,451492;2,471924;0,4644394;1,074791;2,471924;0,3471375;2,471924;0,6217957;2,054214;0,7171631;0,6217957;0,7638931;0,6217957;0,2565384;0,161171;0,7171631;0,7638931;0,7171631;2,471924;0,4425049;2,471924;0,6217957;0,3471375;2,054214;0,3471375;2,054214;0,3471375;0,6217957;0,6217957;0,2565384;0,4425049;0,4425049;0,6217957;0,4644394;0,4644394;0,7638931;1,451492;4,821777;0,8172989;4,821777;1,688957;3,470421;3,470421;3,201485;2,054214;4,821777;4,042625;3,470421;4,821777;3,470421;1,688957;1,688957;1,688957;1,451492;4,067421;3,201485;4,067421;0,8172989;4,067421;1,344681;3,201485;3,470421;1,688957;4,821777;0,8440018;1,688957;2,054214;0,8440018;4,821777;0,8172989;0,4644394;4,067421;3,470421;4,821777;3,470421;1,451492;4,067421;1,688957;1,688957;0,8172989;3,201485;1,451492;1,344681;1,451492;4,821777;3,201485;3,470421;4,821777;4,821777;0,8440018;1,344681;1,074791;0,8172989;1,688957;1,688957;2,054214;1,688957
"673";"2006-01-01";0,25177;0,2670288;1,781464;0,4253387;0,4253387;0,25177;0,2670288;1,173019;1,148224;1,781464;0,4692078;0,8716583;1,781464;0,25177;1,781464;0,4253387;1,560211;0,5092621;0,4253387;0,3833771;0,4253387;0,120163;0,0629425;0,5092621;0,3833771;0,5092621;1,781464;0,3681183;1,781464;0,4253387;0,25177;1,560211;0,25177;1,560211;0,25177;0,4253387;0,4253387;0,120163;0,3681183;0,3681183;0,4253387;0,4692078;0,4692078;0,3833771;1,148224;3,490448;0,6866455;3,490448;1,861572;2,649307;2,649307;2,584457;1,560211;3,490448;4,003525;2,649307;3,490448;2,649307;1,861572;1,861572;1,861572;1,148224;3,499985;2,584457;3,499985;0,6866455;3,499985;1,647949;2,584457;2,649307;1,861572;3,490448;1,173019;1,861572;1,560211;1,173019;3,490448;0,6866455;0,4692078;3,499985;2,649307;3,490448;2,649307;1,148224;3,499985;1,861572;1,861572;0,6866455;2,584457;1,148224;1,647949;1,148224;3,490448;2,584457;2,649307;3,490448;3,490448;1,173019;1,647949;0,8716583;0,6866455;1,861572;1,861572;1,560211;1,861572
"674";"2006-02-01";0,2651215;0,2593994;1,045227;0,3356934;0,3356934;0,2651215;0,2593994;0,6961823;0,9918213;1,045227;0,3356934;0,5664825;1,045227;0,2651215;1,045227;0,3356934;1,251221;0,2384186;0,3356934;0,2326965;0,3356934;0,1468658;0,0629425;0,2384186;0,2326965;0,2384186;1,045227;0,2765656;1,045227;0,3356934;0,2651215;1,251221;0,2651215;1,251221;0,2651215;0,3356934;0,3356934;0,1468658;0,2765656;0,2765656;0,3356934;0,3356934;0,3356934;0,2326965;0,9918213;2,679825;0,5207062;2,679825;1,35231;2,149582;2,149582;2,511978;1,251221;2,679825;2,809525;2,149582;2,679825;2,149582;1,35231;1,35231;1,35231;0,9918213;2,449036;2,511978;2,449036;0,5207062;2,449036;1,51825;2,511978;2,149582;1,35231;2,679825;0,6961823;1,35231;1,251221;0,6961823;2,679825;0,5207062;0,3356934;2,449036;2,149582;2,679825;2,149582;0,9918213;2,449036;1,35231;1,35231;0,5207062;2,511978;0,9918213;1,51825;0,9918213;2,679825;2,511978;2,149582;2,679825;2,679825;0,6961823;1,51825;0,5664825;0,5207062;1,35231;1,35231;1,251221;1,35231
"675";"2006-03-01";1,159668;1,264572;2,943039;1,588821;1,588821;1,159668;1,264572;2,080917;1,955032;2,943039;1,846313;0,8964539;2,943039;1,159668;2,943039;1,588821;3,49617;1,754761;1,588821;2,340317;1,588821;1,10817;1,070023;1,754761;2,340317;1,754761;2,943039;2,260208;2,943039;1,588821;1,159668;3,49617;1,159668;3,49617;1,159668;1,588821;1,588821;1,10817;2,260208;2,260208;1,588821;1,846313;1,846313;2,340317;1,955032;3,862381;1,060486;3,862381;1,966476;3,553391;3,553391;1,396179;3,49617;3,862381;1,51825;3,553391;3,862381;3,553391;1,966476;1,966476;1,966476;1,955032;2,883911;1,396179;2,883911;1,060486;2,883911;0,9841919;1,396179;3,553391;1,966476;3,862381;2,080917;1,966476;3,49617;2,080917;3,862381;1,060486;1,846313;2,883911;3,553391;3,862381;3,553391;1,955032;2,883911;1,966476;1,966476;1,060486;1,396179;1,955032;0,9841919;1,955032;3,862381;1,396179;3,553391;3,862381;3,862381;2,080917;0,9841919;0,8964539;1,060486;1,966476;1,966476;3,49617;1,966476
"676";"2006-04-01";1,281738;1,060486;2,490997;2,189636;2,189636;1,281738;1,060486;1,792908;1,327515;2,490997;1,319885;0,91362;2,490997;1,281738;2,490997;2,189636;3,526688;1,562119;2,189636;1,768112;2,189636;2,153397;1,197815;1,562119;1,768112;1,562119;2,490997;1,283646;2,490997;2,189636;1,281738;3,526688;1,281738;3,526688;1,281738;2,189636;2,189636;2,153397;1,283646;1,283646;2,189636;1,319885;1,319885;1,768112;1,327515;1,69754;0,8125305;1,69754;2,067566;1,647949;1,647949;1,810074;3,526688;1,69754;1,316071;1,647949;1,69754;1,647949;2,067566;2,067566;2,067566;1,327515;2,025604;1,810074;2,025604;0,8125305;2,025604;1,270294;1,810074;1,647949;2,067566;1,69754;1,792908;2,067566;3,526688;1,792908;1,69754;0,8125305;1,319885;2,025604;1,647949;1,69754;1,647949;1,327515;2,025604;2,067566;2,067566;0,8125305;1,810074;1,327515;1,270294;1,327515;1,69754;1,810074;1,647949;1,69754;1,69754;1,792908;1,270294;0,91362;0,8125305;2,067566;2,067566;3,526688;2,067566
"677";"2006-05-01";4,898071;6,05011;7,780075;5,512238;5,512238;4,898071;6,05011;6,166458;7,030487;7,780075;4,055023;4,798889;7,780075;4,898071;7,780075;5,512238;9,653091;4,220963;5,512238;5,725861;5,512238;5,104065;4,024506;4,220963;5,725861;4,220963;7,780075;5,10025;7,780075;5,512238;4,898071;9,653091;4,898071;9,653091;4,898071;5,512238;5,512238;5,104065;5,10025;5,10025;5,512238;4,055023;4,055023;5,725861;7,030487;9,538651;5,634308;9,538651;7,490158;10,11276;10,11276;6,521225;9,653091;9,538651;6,534576;10,11276;9,538651;10,11276;7,490158;7,490158;7,490158;7,030487;10,69832;6,521225;10,69832;5,634308;10,69832;6,420135;6,521225;10,11276;7,490158;9,538651;6,166458;7,490158;9,653091;6,166458;9,538651;5,634308;4,055023;10,69832;10,11276;9,538651;10,11276;7,030487;10,69832;7,490158;7,490158;5,634308;6,521225;7,030487;6,420135;7,030487;9,538651;6,521225;10,11276;9,538651;9,538651;6,166458;6,420135;4,798889;5,634308;7,490158;7,490158;9,653091;7,490158
"678";"2006-06-01";4,5681;3,52478;5,569458;4,634857;4,634857;4,5681;3,52478;3,902435;5,430222;5,569458;2,756119;3,522873;5,569458;4,5681;5,569458;4,634857;6,315231;2,939224;4,634857;3,562927;4,634857;4,507065;4,106522;2,939224;3,562927;2,939224;5,569458;3,206253;5,569458;4,634857;4,5681;6,315231;4,5681;6,315231;4,5681;4,634857;4,634857;4,507065;3,206253;3,206253;4,634857;2,756119;2,756119;3,562927;5,430222;8,331299;7,928848;8,331299;6,139755;7,667542;7,667542;6,738663;6,315231;8,331299;5,670547;7,667542;8,331299;7,667542;6,139755;6,139755;6,139755;5,430222;7,049561;6,738663;7,049561;7,928848;7,049561;6,729126;6,738663;7,667542;6,139755;8,331299;3,902435;6,139755;6,315231;3,902435;8,331299;7,928848;2,756119;7,049561;7,667542;8,331299;7,667542;5,430222;7,049561;6,139755;6,139755;7,928848;6,738663;5,430222;6,729126;5,430222;8,331299;6,738663;7,667542;8,331299;8,331299;3,902435;6,729126;3,522873;7,928848;6,139755;6,139755;6,315231;6,139755
"679";"2006-07-01";3,746033;3,080368;5,653381;4,463196;4,463196;3,746033;3,080368;5,867004;5,224228;5,653381;4,507065;5,037308;5,653381;3,746033;5,653381;4,463196;6,933212;3,604889;4,463196;3,753662;4,463196;3,929138;3,547668;3,604889;3,753662;3,604889;5,653381;4,369736;5,653381;4,463196;3,746033;6,933212;3,746033;6,933212;3,746033;4,463196;4,463196;3,929138;4,369736;4,369736;4,463196;4,507065;4,507065;3,753662;5,224228;6,708145;9,262085;6,708145;7,255554;7,829666;7,829666;13,43536;6,933212;6,708145;11,16753;7,829666;6,708145;7,829666;7,255554;7,255554;7,255554;5,224228;9,529114;13,43536;9,529114;9,262085;9,529114;14,64462;13,43536;7,829666;7,255554;6,708145;5,867004;7,255554;6,933212;5,867004;6,708145;9,262085;4,507065;9,529114;7,829666;6,708145;7,829666;5,224228;9,529114;7,255554;7,255554;9,262085;13,43536;5,224228;14,64462;5,224228;6,708145;13,43536;7,829666;6,708145;6,708145;5,867004;14,64462;5,037308;9,262085;7,255554;7,255554;6,933212;7,255554
"680";"2006-08-01";4,869461;3,152847;5,655289;6,666183;6,666183;4,869461;3,152847;4,196167;4,968643;5,655289;4,257202;4,320145;5,655289;4,869461;5,655289;6,666183;6,605148;4,491806;6,666183;5,924225;6,666183;6,980896;4,743576;4,491806;5,924225;4,491806;5,655289;5,527496;5,655289;6,666183;4,869461;6,605148;4,869461;6,605148;4,869461;6,666183;6,666183;6,980896;5,527496;5,527496;6,666183;4,257202;4,257202;5,924225;4,968643;5,577087;5,659103;5,577087;4,703522;5,306244;5,306244;5,834579;6,605148;5,577087;4,734039;5,306244;5,577087;5,306244;4,703522;4,703522;4,703522;4,968643;4,768372;5,834579;4,768372;5,659103;4,768372;7,381439;5,834579;5,306244;4,703522;5,577087;4,196167;4,703522;6,605148;4,196167;5,577087;5,659103;4,257202;4,768372;5,306244;5,577087;5,306244;4,968643;4,768372;4,703522;4,703522;5,659103;5,834579;4,968643;7,381439;4,968643;5,577087;5,834579;5,306244;5,577087;5,577087;4,196167;7,381439;4,320145;5,659103;4,703522;4,703522;6,605148;4,703522
"681";"2006-09-01";2,574921;1,449585;4,146576;3,940582;3,940582;2,574921;1,449585;4,653931;2,967834;4,146576;3,58963;2,857208;4,146576;2,574921;4,146576;3,940582;4,211426;2,643585;3,940582;2,58255;3,940582;4,062653;3,498077;2,643585;2,58255;2,643585;4,146576;3,368378;4,146576;3,940582;2,574921;4,211426;2,574921;4,211426;2,574921;3,940582;3,940582;4,062653;3,368378;3,368378;3,940582;3,58963;3,58963;2,58255;2,967834;3,269196;5,821228;3,269196;4,463196;2,685547;2,685547;6,061554;4,211426;3,269196;3,902435;2,685547;3,269196;2,685547;4,463196;4,463196;4,463196;2,967834;3,322601;6,061554;3,322601;5,821228;3,322601;8,174896;6,061554;2,685547;4,463196;3,269196;4,653931;4,463196;4,211426;4,653931;3,269196;5,821228;3,58963;3,322601;2,685547;3,269196;2,685547;2,967834;3,322601;4,463196;4,463196;5,821228;6,061554;2,967834;8,174896;2,967834;3,269196;6,061554;2,685547;3,269196;3,269196;4,653931;8,174896;2,857208;5,821228;4,463196;4,463196;4,211426;4,463196
"682";"2006-10-01";1,888275;1,569748;4,291534;2,807617;2,807617;1,888275;1,569748;3,564835;2,872467;4,291534;2,542496;2,193451;4,291534;1,888275;4,291534;2,807617;3,725052;2,008438;2,807617;1,825333;2,807617;2,252579;2,372742;2,008438;1,825333;2,008438;4,291534;1,934052;4,291534;2,807617;1,888275;3,725052;1,888275;3,725052;1,888275;2,807617;2,807617;2,252579;1,934052;1,934052;2,807617;2,542496;2,542496;1,825333;2,872467;3,936768;3,040314;3,936768;3,778458;3,08609;3,08609;4,312515;3,725052;3,936768;4,09317;3,08609;3,936768;3,08609;3,778458;3,778458;3,778458;2,872467;3,387451;4,312515;3,387451;3,040314;3,387451;5,167007;4,312515;3,08609;3,778458;3,936768;3,564835;3,778458;3,725052;3,564835;3,936768;3,040314;2,542496;3,387451;3,08609;3,936768;3,08609;2,872467;3,387451;3,778458;3,778458;3,040314;4,312515;2,872467;5,167007;2,872467;3,936768;4,312515;3,08609;3,936768;3,936768;3,564835;5,167007;2,193451;3,040314;3,778458;3,778458;3,725052;3,778458
"683";"2006-11-01";2,380371;2,580643;4,322052;2,429962;2,429962;2,380371;2,580643;3,583908;3,801346;4,322052;2,347946;3,034592;4,322052;2,380371;4,322052;2,429962;4,945755;2,117157;2,429962;2,048492;2,429962;1,821518;2,084732;2,117157;2,048492;2,117157;4,322052;2,170563;4,322052;2,429962;2,380371;4,945755;2,380371;4,945755;2,380371;2,429962;2,429962;1,821518;2,170563;2,170563;2,429962;2,347946;2,347946;2,048492;3,801346;4,957199;2,281189;4,957199;3,442764;4,642487;4,642487;4,75502;4,945755;4,957199;6,473541;4,642487;4,957199;4,642487;3,442764;3,442764;3,442764;3,801346;6,057739;4,75502;6,057739;2,281189;6,057739;2,95639;4,75502;4,642487;3,442764;4,957199;3,583908;3,442764;4,945755;3,583908;4,957199;2,281189;2,347946;6,057739;4,642487;4,957199;4,642487;3,801346;6,057739;3,442764;3,442764;2,281189;4,75502;3,801346;2,95639;3,801346;4,957199;4,75502;4,642487;4,957199;4,957199;3,583908;2,95639;3,034592;2,281189;3,442764;3,442764;4,945755;3,442764
"684";"2006-12-01";0,207901;0,207901;3,74794;0,5073547;0,5073547;0,207901;0,207901;2,07901;2,099991;3,74794;0,8220673;0,9479523;3,74794;0,207901;3,74794;0,5073547;2,708435;0,7953644;0,5073547;0,2708435;0,5073547;0,05912781;0,03433228;0,7953644;0,2708435;0,7953644;3,74794;0,4825592;3,74794;0,5073547;0,207901;2,708435;0,207901;2,708435;0,207901;0,5073547;0,5073547;0,05912781;0,4825592;0,4825592;0,5073547;0,8220673;0,8220673;0,2708435;2,099991;10,20432;3,063202;10,20432;4,91333;7,221222;7,221222;4,196167;2,708435;10,20432;6,053925;7,221222;10,20432;7,221222;4,91333;4,91333;4,91333;2,099991;5,441666;4,196167;5,441666;3,063202;5,441666;3,608704;4,196167;7,221222;4,91333;10,20432;2,07901;4,91333;2,708435;2,07901;10,20432;3,063202;0,8220673;5,441666;7,221222;10,20432;7,221222;2,099991;5,441666;4,91333;4,91333;3,063202;4,196167;2,099991;3,608704;2,099991;10,20432;4,196167;7,221222;10,20432;10,20432;2,07901;3,608704;0,9479523;3,063202;4,91333;4,91333;2,708435;4,91333
"685";"2007-01-01";0,1850128;0,207901;2,109528;0,3223419;0,3223419;0,1850128;0,207901;0,8792877;1,306534;2,109528;0,333786;0,6084442;2,109528;0,1850128;2,109528;0,3223419;1,544952;0,4653931;0,3223419;0,541687;0,3223419;0,2059937;0,1659393;0,4653931;0,541687;0,4653931;2,109528;0,3852844;2,109528;0,3223419;0,1850128;1,544952;0,1850128;1,544952;0,1850128;0,3223419;0,3223419;0,2059937;0,3852844;0,3852844;0,3223419;0,333786;0,333786;0,541687;1,306534;5,331039;1,132965;5,331039;2,004623;4,318237;4,318237;2,552032;1,544952;5,331039;4,047394;4,318237;5,331039;4,318237;2,004623;2,004623;2,004623;1,306534;3,43132;2,552032;3,43132;1,132965;3,43132;1,720428;2,552032;4,318237;2,004623;5,331039;0,8792877;2,004623;1,544952;0,8792877;5,331039;1,132965;0,333786;3,43132;4,318237;5,331039;4,318237;1,306534;3,43132;2,004623;2,004623;1,132965;2,552032;1,306534;1,720428;1,306534;5,331039;2,552032;4,318237;5,331039;5,331039;0,8792877;1,720428;0,6084442;1,132965;2,004623;2,004623;1,544952;2,004623
"686";"2007-02-01";0,7400513;0,7009506;3,857613;1,266479;1,266479;0,7400513;0,7009506;2,026558;2,091408;3,857613;1,409531;0,9489059;3,857613;0,7400513;3,857613;1,266479;3,018379;1,436234;1,266479;1,629829;1,266479;1,022339;0,8964539;1,436234;1,629829;1,436234;3,857613;1,719475;3,857613;1,266479;0,7400513;3,018379;0,7400513;3,018379;0,7400513;1,266479;1,266479;1,022339;1,719475;1,719475;1,266479;1,409531;1,409531;1,629829;2,091408;8,646011;1,735687;8,646011;3,961563;6,551743;6,551743;3,650665;3,018379;8,646011;4,94957;6,551743;8,646011;6,551743;3,961563;3,961563;3,961563;2,091408;4,971504;3,650665;4,971504;1,735687;4,971504;2,978325;3,650665;6,551743;3,961563;8,646011;2,026558;3,961563;3,018379;2,026558;8,646011;1,735687;1,409531;4,971504;6,551743;8,646011;6,551743;2,091408;4,971504;3,961563;3,961563;1,735687;3,650665;2,091408;2,978325;2,091408;8,646011;3,650665;6,551743;8,646011;8,646011;2,026558;2,978325;0,9489059;1,735687;3,961563;3,961563;3,018379;3,961563
"687";"2007-03-01";0,8716583;0,919342;3,025055;1,586914;1,586914;0,8716583;0,919342;1,602173;1,470566;3,025055;1,541138;0,7457733;3,025055;0,8716583;3,025055;1,586914;3,21579;1,945496;1,586914;2,609253;1,586914;1,091003;0,5683899;1,945496;2,609253;1,945496;3,025055;2,332687;3,025055;1,586914;0,8716583;3,21579;0,8716583;3,21579;0,8716583;1,586914;1,586914;1,091003;2,332687;2,332687;1,586914;1,541138;1,541138;2,609253;1,470566;3,257751;0,5874634;3,257751;2,065659;2,744675;2,744675;1,848221;3,21579;3,257751;2,14386;2,744675;3,257751;2,744675;2,065659;2,065659;2,065659;1,470566;3,204346;1,848221;3,204346;0,5874634;3,204346;1,146317;1,848221;2,744675;2,065659;3,257751;1,602173;2,065659;3,21579;1,602173;3,257751;0,5874634;1,541138;3,204346;2,744675;3,257751;2,744675;1,470566;3,204346;2,065659;2,065659;0,5874634;1,848221;1,470566;1,146317;1,470566;3,257751;1,848221;2,744675;3,257751;3,257751;1,602173;1,146317;0,7457733;0,5874634;2,065659;2,065659;3,21579;2,065659
"688";"2007-04-01";1,806259;1,972198;4,480362;2,479553;2,479553;1,806259;1,972198;2,706528;3,646851;4,480362;2,189636;1,989365;4,480362;1,806259;4,480362;2,479553;5,590439;2,422333;2,479553;3,461838;2,479553;2,080917;2,033234;2,422333;3,461838;2,422333;4,480362;3,269196;4,480362;2,479553;1,806259;5,590439;1,806259;5,590439;1,806259;2,479553;2,479553;2,080917;3,269196;3,269196;2,479553;2,189636;2,189636;3,461838;3,646851;7,684708;2,260208;7,684708;4,367828;7,863998;7,863998;2,365112;5,590439;7,684708;2,771378;7,863998;7,684708;7,863998;4,367828;4,367828;4,367828;3,646851;6,065369;2,365112;6,065369;2,260208;6,065369;2,174377;2,365112;7,863998;4,367828;7,684708;2,706528;4,367828;5,590439;2,706528;7,684708;2,260208;2,189636;6,065369;7,863998;7,684708;7,863998;3,646851;6,065369;4,367828;4,367828;2,260208;2,365112;3,646851;2,174377;3,646851;7,684708;2,365112;7,863998;7,684708;7,684708;2,706528;2,174377;1,989365;2,260208;4,367828;4,367828;5,590439;4,367828
"689";"2007-05-01";4,957199;5,491257;6,450653;4,606247;4,606247;4,957199;5,491257;5,016327;7,385254;6,450653;3,204346;4,404068;6,450653;4,957199;6,450653;4,606247;9,963989;3,501892;4,606247;5,550385;4,606247;5,298615;4,505157;3,501892;5,550385;3,501892;6,450653;4,779816;6,450653;4,606247;4,957199;9,963989;4,957199;9,963989;4,957199;4,606247;4,606247;5,298615;4,779816;4,779816;4,606247;3,204346;3,204346;5,550385;7,385254;8,749008;5,950928;8,749008;6,513596;9,119034;9,119034;5,327225;9,963989;8,749008;5,51033;9,119034;8,749008;9,119034;6,513596;6,513596;6,513596;7,385254;8,544922;5,327225;8,544922;5,950928;8,544922;3,196716;5,327225;9,119034;6,513596;8,749008;5,016327;6,513596;9,963989;5,016327;8,749008;5,950928;3,204346;8,544922;9,119034;8,749008;9,119034;7,385254;8,544922;6,513596;6,513596;5,950928;5,327225;7,385254;3,196716;7,385254;8,749008;5,327225;9,119034;8,749008;8,749008;5,016327;3,196716;4,404068;5,950928;6,513596;6,513596;9,963989;6,513596
"690";"2007-06-01";4,88472;3,894806;4,461288;6,942749;6,942749;4,88472;3,894806;2,67601;5,382538;4,461288;2,174377;4,106522;4,461288;4,88472;4,461288;6,942749;7,246017;3,616333;6,942749;4,375458;6,942749;5,599976;4,371643;3,616333;4,375458;3,616333;4,461288;3,295898;4,461288;6,942749;4,88472;7,246017;4,88472;7,246017;4,88472;6,942749;6,942749;5,599976;3,295898;3,295898;6,942749;2,174377;2,174377;4,375458;5,382538;3,211975;3,871918;3,211975;3,030777;4,112244;4,112244;3,807068;7,246017;3,211975;2,29454;4,112244;3,211975;4,112244;3,030777;3,030777;3,030777;5,382538;4,266739;3,807068;4,266739;3,871918;4,266739;5,325317;3,807068;4,112244;3,030777;3,211975;2,67601;3,030777;7,246017;2,67601;3,211975;3,871918;2,174377;4,266739;4,112244;3,211975;4,112244;5,382538;4,266739;3,030777;3,030777;3,871918;3,807068;5,382538;5,325317;5,382538;3,211975;3,807068;4,112244;3,211975;3,211975;2,67601;5,325317;4,106522;3,871918;3,030777;3,030777;7,246017;3,030777
"691";"2007-07-01";3,507614;2,426147;3,622055;4,749298;4,749298;3,507614;2,426147;2,756119;4,529953;3,622055;2,735138;3,355026;3,622055;3,507614;3,622055;4,749298;4,356384;2,969742;4,749298;4,512787;4,749298;5,041122;4,545212;2,969742;4,512787;2,969742;3,622055;3,780365;3,622055;4,749298;3,507614;4,356384;3,507614;4,356384;3,507614;4,749298;4,749298;5,041122;3,780365;3,780365;4,749298;2,735138;2,735138;4,512787;4,529953;2,950668;4,312515;2,950668;2,967834;3,116608;3,116608;4,081726;4,356384;2,950668;3,046036;3,116608;2,950668;3,116608;2,967834;2,967834;2,967834;4,529953;2,939224;4,081726;2,939224;4,312515;2,939224;6,258011;4,081726;3,116608;2,967834;2,950668;2,756119;2,967834;4,356384;2,756119;2,950668;4,312515;2,735138;2,939224;3,116608;2,950668;3,116608;4,529953;2,939224;2,967834;2,967834;4,312515;4,081726;4,529953;6,258011;4,529953;2,950668;4,081726;3,116608;2,950668;2,950668;2,756119;6,258011;3,355026;4,312515;2,967834;2,967834;4,356384;2,967834
"692";"2007-08-01";5,214691;4,407883;7,900238;6,084442;6,084442;5,214691;4,407883;7,371902;6,767273;7,900238;6,189346;6,839752;7,900238;5,214691;7,900238;6,084442;7,797241;5,38063;6,084442;4,804611;6,084442;5,561829;4,631042;5,38063;4,804611;5,38063;7,900238;5,426407;7,900238;6,084442;5,214691;7,797241;5,214691;7,797241;5,214691;6,084442;6,084442;5,561829;5,426407;5,426407;6,084442;6,189346;6,189346;4,804611;6,767273;7,984161;11,14082;7,984161;8,651733;7,177353;7,177353;15,0547;7,797241;7,984161;13,20457;7,177353;7,984161;7,177353;8,651733;8,651733;8,651733;6,767273;9,069443;15,0547;9,069443;11,14082;9,069443;13,62228;15,0547;7,177353;8,651733;7,984161;7,371902;8,651733;7,797241;7,371902;7,984161;11,14082;6,189346;9,069443;7,177353;7,984161;7,177353;6,767273;9,069443;8,651733;8,651733;11,14082;15,0547;6,767273;13,62228;6,767273;7,984161;15,0547;7,177353;7,984161;7,984161;7,371902;13,62228;6,839752;11,14082;8,651733;8,651733;7,797241;8,651733
"693";"2007-09-01";3,303528;2,832413;5,077362;4,053116;4,053116;3,303528;2,832413;4,993439;4,268646;5,077362;4,201889;3,681183;5,077362;3,303528;5,077362;4,053116;5,493164;3,564835;4,053116;3,814697;4,053116;4,930496;3,77655;3,564835;3,814697;3,564835;5,077362;4,266739;5,077362;4,053116;3,303528;5,493164;3,303528;5,493164;3,303528;4,053116;4,053116;4,930496;4,266739;4,266739;4,053116;4,201889;4,201889;3,814697;4,268646;6,057739;9,658813;6,057739;5,987167;5,529404;5,529404;7,780075;5,493164;6,057739;5,578995;5,529404;6,057739;5,529404;5,987167;5,987167;5,987167;4,268646;5,567551;7,780075;5,567551;9,658813;5,567551;10,99777;7,780075;5,529404;5,987167;6,057739;4,993439;5,987167;5,493164;4,993439;6,057739;9,658813;4,201889;5,567551;5,529404;6,057739;5,529404;4,268646;5,567551;5,987167;5,987167;9,658813;7,780075;4,268646;10,99777;4,268646;6,057739;7,780075;5,529404;6,057739;6,057739;4,993439;10,99777;3,681183;9,658813;5,987167;5,987167;5,493164;5,987167
"694";"2007-10-01";4,255295;3,852844;5,76973;4,806519;4,806519;4,255295;3,852844;6,26564;5,407333;5,76973;5,077362;4,369736;5,76973;4,255295;5,76973;4,806519;5,813599;3,911972;4,806519;2,80571;4,806519;3,822327;3,997803;3,911972;2,80571;3,911972;5,76973;3,549576;5,76973;4,806519;4,255295;5,813599;4,255295;5,813599;4,255295;4,806519;4,806519;3,822327;3,549576;3,549576;4,806519;5,077362;5,077362;2,80571;5,407333;5,447388;5,399704;5,447388;5,491257;5,592346;5,592346;7,0858;5,813599;5,447388;7,024765;5,592346;5,447388;5,592346;5,491257;5,491257;5,491257;5,407333;6,166458;7,0858;6,166458;5,399704;6,166458;6,01387;7,0858;5,592346;5,491257;5,447388;6,26564;5,491257;5,813599;6,26564;5,447388;5,399704;5,077362;6,166458;5,592346;5,447388;5,592346;5,407333;6,166458;5,491257;5,491257;5,399704;7,0858;5,407333;6,01387;5,407333;5,447388;7,0858;5,592346;5,447388;5,447388;6,26564;6,01387;4,369736;5,399704;5,491257;5,491257;5,813599;5,491257
"695";"2007-11-01";0,5645752;0,4138947;3,917694;1,23024;1,23024;0,5645752;0,4138947;2,901077;2,277374;3,917694;1,516342;1,274109;3,917694;0,5645752;3,917694;1,23024;3,360748;1,583099;1,23024;1,073837;1,23024;0,6046295;0,3452301;1,583099;1,073837;1,583099;3,917694;1,098633;3,917694;1,23024;0,5645752;3,360748;0,5645752;3,360748;0,5645752;1,23024;1,23024;0,6046295;1,098633;1,098633;1,23024;1,516342;1,516342;1,073837;2,277374;6,849289;4,138947;6,849289;4,348755;6,772995;6,772995;5,82695;3,360748;6,849289;5,4245;6,772995;6,849289;6,772995;4,348755;4,348755;4,348755;2,277374;5,233765;5,82695;5,233765;4,138947;5,233765;6,71196;5,82695;6,772995;4,348755;6,849289;2,901077;4,348755;3,360748;2,901077;6,849289;4,138947;1,516342;5,233765;6,772995;6,849289;6,772995;2,277374;5,233765;4,348755;4,348755;4,138947;5,82695;2,277374;6,71196;2,277374;6,849289;5,82695;6,772995;6,849289;6,849289;2,901077;6,71196;1,274109;4,138947;4,348755;4,348755;3,360748;4,348755
"696";"2007-12-01";0,2536774;0,2317429;1,149178;0,3957748;0,3957748;0,2536774;0,2317429;0,6923676;0,9317398;1,149178;0,4091263;0,538826;1,149178;0,2536774;1,149178;0,3957748;1,279831;0,3948212;0,3957748;0,3633499;0,3957748;0,1707077;0,166893;0,3948212;0,3633499;0,3948212;1,149178;0,3843307;1,149178;0,3957748;0,2536774;1,279831;0,2536774;1,279831;0,2536774;0,3957748;0,3957748;0,1707077;0,3843307;0,3843307;0,3957748;0,4091263;0,4091263;0,3633499;0,9317398;2,370834;0,5588531;2,370834;0,9002686;2,088547;2,088547;2,020836;1,279831;2,370834;2,248764;2,088547;2,370834;2,088547;0,9002686;0,9002686;0,9002686;0,9317398;1,957893;2,020836;1,957893;0,5588531;1,957893;1,646042;2,020836;2,088547;0,9002686;2,370834;0,6923676;0,9002686;1,279831;0,6923676;2,370834;0,5588531;0,4091263;1,957893;2,088547;2,370834;2,088547;0,9317398;1,957893;0,9002686;0,9002686;0,5588531;2,020836;0,9317398;1,646042;0,9317398;2,370834;2,020836;2,088547;2,370834;2,370834;0,6923676;1,646042;0,538826;0,5588531;0,9002686;0,9002686;1,279831;0,9002686
"697";"2008-01-01";0,2326965;0,2384186;1,941681;0,3528595;0,3528595;0,2326965;0,2384186;1,192093;1,091003;1,941681;0,8201599;0,6561279;1,941681;0,2326965;1,941681;0,3528595;1,319885;0,5760193;0,3528595;0,2174377;0,3528595;0,1125336;0,09346008;0,5760193;0,2174377;0,5760193;1,941681;0,6351471;1,941681;0,3528595;0,2326965;1,319885;0,2326965;1,319885;0,2326965;0,3528595;0,3528595;0,1125336;0,6351471;0,6351471;0,3528595;0,8201599;0,8201599;0,2174377;1,091003;4,06456;1,184464;4,06456;1,85585;3,105164;3,105164;2,70462;1,319885;4,06456;3,694534;3,105164;4,06456;3,105164;1,85585;1,85585;1,85585;1,091003;3,013611;2,70462;3,013611;1,184464;3,013611;1,693726;2,70462;3,105164;1,85585;4,06456;1,192093;1,85585;1,319885;1,192093;4,06456;1,184464;0,8201599;3,013611;3,105164;4,06456;3,105164;1,091003;3,013611;1,85585;1,85585;1,184464;2,70462;1,091003;1,693726;1,091003;4,06456;2,70462;3,105164;4,06456;4,06456;1,192093;1,693726;0,6561279;1,184464;1,85585;1,85585;1,319885;1,85585
"698";"2008-02-01";0,3700256;0,2975464;2,176285;0,711441;0,711441;0,3700256;0,2975464;1,033783;1,220703;2,176285;0,5741119;0,5340576;2,176285;0,3700256;2,176285;0,711441;2,044678;0,7915497;0,711441;0,6504059;0,711441;0,2689362;0,1869202;0,7915497;0,6504059;0,7915497;2,176285;0,7553101;2,176285;0,711441;0,3700256;2,044678;0,3700256;2,044678;0,3700256;0,711441;0,711441;0,2689362;0,7553101;0,7553101;0,711441;0,5741119;0,5741119;0,6504059;1,220703;3,416061;0,5302429;3,416061;1,535416;2,876282;2,876282;1,256943;2,044678;3,416061;2,557755;2,876282;3,416061;2,876282;1,535416;1,535416;1,535416;1,220703;2,447128;1,256943;2,447128;0,5302429;2,447128;0,7839203;1,256943;2,876282;1,535416;3,416061;1,033783;1,535416;2,044678;1,033783;3,416061;0,5302429;0,5741119;2,447128;2,876282;3,416061;2,876282;1,220703;2,447128;1,535416;1,535416;0,5302429;1,256943;1,220703;0,7839203;1,220703;3,416061;1,256943;2,876282;3,416061;3,416061;1,033783;0,7839203;0,5340576;0,5302429;1,535416;1,535416;2,044678;1,535416
"699";"2008-03-01";0,4310608;0,2784729;2,353668;1,018524;1,018524;0,4310608;0,2784729;1,586914;1,487732;2,353668;0,5626678;0,535965;2,353668;0,4310608;2,353668;1,018524;3,097534;0,7152557;1,018524;0,837326;1,018524;0,4825592;0,246048;0,7152557;0,837326;0,7152557;2,353668;0,6694794;2,353668;1,018524;0,4310608;3,097534;0,4310608;3,097534;0,4310608;1,018524;1,018524;0,4825592;0,6694794;0,6694794;1,018524;0,5626678;0,5626678;0,837326;1,487732;4,993439;1,117706;4,993439;3,578186;4,314423;4,314423;1,396179;3,097534;4,993439;2,126694;4,314423;4,993439;4,314423;3,578186;3,578186;3,578186;1,487732;3,404617;1,396179;3,404617;1,117706;3,404617;0,951767;1,396179;4,314423;3,578186;4,993439;1,586914;3,578186;3,097534;1,586914;4,993439;1,117706;0,5626678;3,404617;4,314423;4,993439;4,314423;1,487732;3,404617;3,578186;3,578186;1,117706;1,396179;1,487732;0,951767;1,487732;4,993439;1,396179;4,314423;4,993439;4,993439;1,586914;0,951767;0,535965;1,117706;3,578186;3,578186;3,097534;3,578186
"700";"2008-04-01";2,117157;1,59359;5,206108;3,423691;3,423691;2,117157;1,59359;3,819466;4,02832;5,206108;2,832413;2,067566;5,206108;2,117157;5,206108;3,423691;6,625175;3,329277;3,423691;3,647804;3,423691;2,625465;1,887321;3,329277;3,647804;3,329277;5,206108;3,21579;5,206108;3,423691;2,117157;6,625175;2,117157;6,625175;2,117157;3,423691;3,423691;2,625465;3,21579;3,21579;3,423691;2,832413;2,832413;3,647804;4,02832;6,710052;2,854347;6,710052;4,710197;7,33757;7,33757;2,719879;6,625175;6,710052;3,688812;7,33757;6,710052;7,33757;4,710197;4,710197;4,710197;4,02832;5,123138;2,719879;5,123138;2,854347;5,123138;2,394676;2,719879;7,33757;4,710197;6,710052;3,819466;4,710197;6,625175;3,819466;6,710052;2,854347;2,832413;5,123138;7,33757;6,710052;7,33757;4,02832;5,123138;4,710197;4,710197;2,854347;2,719879;4,02832;2,394676;4,02832;6,710052;2,719879;7,33757;6,710052;6,710052;3,819466;2,394676;2,067566;2,854347;4,710197;4,710197;6,625175;4,710197
"701";"2008-05-01";2,300262;2,166748;5,041122;4,468918;4,468918;2,300262;2,166748;3,236771;4,148483;5,041122;2,325058;2,407074;5,041122;2,300262;5,041122;4,468918;9,901047;2,504349;4,468918;1,817703;4,468918;1,853943;1,596451;2,504349;1,817703;2,504349;5,041122;2,780914;5,041122;4,468918;2,300262;9,901047;2,300262;9,901047;2,300262;4,468918;4,468918;1,853943;2,780914;2,780914;4,468918;2,325058;2,325058;1,817703;4,148483;3,610611;2,328873;3,610611;3,282547;6,317139;6,317139;3,421783;9,901047;3,610611;5,411148;6,317139;3,610611;6,317139;3,282547;3,282547;3,282547;4,148483;4,470825;3,421783;4,470825;2,328873;4,470825;2,248764;3,421783;6,317139;3,282547;3,610611;3,236771;3,282547;9,901047;3,236771;3,610611;2,328873;2,325058;4,470825;6,317139;3,610611;6,317139;4,148483;4,470825;3,282547;3,282547;2,328873;3,421783;4,148483;2,248764;4,148483;3,610611;3,421783;6,317139;3,610611;3,610611;3,236771;2,248764;2,407074;2,328873;3,282547;3,282547;9,901047;3,282547
"702";"2008-06-01";6,446838;5,937576;8,613586;8,132935;8,132935;6,446838;5,937576;6,967545;8,781433;8,613586;6,70433;6,828308;8,613586;6,446838;8,613586;8,132935;10,60677;7,059097;8,132935;8,396149;8,132935;7,219315;5,533218;7,059097;8,396149;7,059097;8,613586;8,281708;8,613586;8,132935;6,446838;10,60677;6,446838;10,60677;6,446838;8,132935;8,132935;7,219315;8,281708;8,281708;8,132935;6,70433;6,70433;8,396149;8,781433;9,059906;10,97107;9,059906;8,743286;11,29913;11,29913;11,98959;10,60677;9,059906;12,22038;11,29913;9,059906;11,29913;8,743286;8,743286;8,743286;8,781433;10,65445;11,98959;10,65445;10,97107;10,65445;13,31902;11,98959;11,29913;8,743286;9,059906;6,967545;8,743286;10,60677;6,967545;9,059906;10,97107;6,70433;10,65445;11,29913;9,059906;11,29913;8,781433;10,65445;8,743286;8,743286;10,97107;11,98959;8,781433;13,31902;8,781433;9,059906;11,98959;11,29913;9,059906;9,059906;6,967545;13,31902;6,828308;10,97107;8,743286;8,743286;10,60677;8,743286
"703";"2008-07-01";6,908417;6,669998;7,635117;9,080887;9,080887;6,908417;6,669998;5,378723;9,143829;7,635117;4,772186;8,398056;7,635117;6,908417;7,635117;9,080887;11,7569;5,533218;9,080887;6,248474;9,080887;7,143021;5,451202;5,533218;6,248474;5,533218;7,635117;5,743027;7,635117;9,080887;6,908417;11,7569;6,908417;11,7569;6,908417;9,080887;9,080887;7,143021;5,743027;5,743027;9,080887;4,772186;4,772186;6,248474;9,143829;6,803513;6,526947;6,803513;6,679535;8,907318;8,907318;7,862091;11,7569;6,803513;9,033203;8,907318;6,803513;8,907318;6,679535;6,679535;6,679535;9,143829;9,572983;7,862091;9,572983;6,526947;9,572983;8,930206;7,862091;8,907318;6,679535;6,803513;5,378723;6,679535;11,7569;5,378723;6,803513;6,526947;4,772186;9,572983;8,907318;6,803513;8,907318;9,143829;9,572983;6,679535;6,679535;6,526947;7,862091;9,143829;8,930206;9,143829;6,803513;7,862091;8,907318;6,803513;6,803513;5,378723;8,930206;8,398056;6,526947;6,679535;6,679535;11,7569;6,679535
"704";"2008-08-01";3,28064;2,477646;3,864288;4,501343;4,501343;3,28064;2,477646;2,540588;4,463196;3,864288;2,557755;3,732681;3,864288;3,28064;3,864288;4,501343;4,852295;3,269196;4,501343;3,824234;4,501343;3,879547;4,419327;3,269196;3,824234;3,269196;3,864288;3,219604;3,864288;4,501343;3,28064;4,852295;3,28064;4,852295;3,28064;4,501343;4,501343;3,879547;3,219604;3,219604;4,501343;2,557755;2,557755;3,824234;4,463196;3,02887;4,833221;3,02887;3,143311;3,225327;3,225327;4,276276;4,852295;3,02887;3,486633;3,225327;3,02887;3,225327;3,143311;3,143311;3,143311;4,463196;3,507614;4,276276;3,507614;4,833221;3,507614;6,008148;4,276276;3,225327;3,143311;3,02887;2,540588;3,143311;4,852295;2,540588;3,02887;4,833221;2,557755;3,507614;3,225327;3,02887;3,225327;4,463196;3,507614;3,143311;3,143311;4,833221;4,276276;4,463196;6,008148;4,463196;3,02887;4,276276;3,225327;3,02887;3,02887;2,540588;6,008148;3,732681;4,833221;3,143311;3,143311;4,852295;3,143311
"705";"2008-09-01";6,612778;5,167007;9,901047;7,131577;7,131577;6,612778;5,167007;8,649826;8,312225;9,901047;6,864548;7,711411;9,901047;6,612778;9,901047;7,131577;8,544922;6,376266;7,131577;4,46701;7,131577;5,226135;5,088806;6,376266;4,46701;6,376266;9,901047;5,237579;9,901047;7,131577;6,612778;8,544922;6,612778;8,544922;6,612778;7,131577;7,131577;5,226135;5,237579;5,237579;7,131577;6,864548;6,864548;4,46701;8,312225;9,601593;6,851196;9,601593;8,798599;7,686615;7,686615;10,8242;8,544922;9,601593;12,44545;7,686615;9,601593;7,686615;8,798599;8,798599;8,798599;8,312225;8,817673;10,8242;8,817673;6,851196;8,817673;9,857178;10,8242;7,686615;8,798599;9,601593;8,649826;8,798599;8,544922;8,649826;9,601593;6,851196;6,864548;8,817673;7,686615;9,601593;7,686615;8,312225;8,817673;8,798599;8,798599;6,851196;10,8242;8,312225;9,857178;8,312225;9,601593;10,8242;7,686615;9,601593;9,601593;8,649826;9,857178;7,711411;6,851196;8,798599;8,798599;8,544922;8,798599
"706";"2008-10-01";0,869751;0,6999969;3,231049;1,51825;1,51825;0,869751;0,6999969;3,562927;1,968384;3,231049;3,053665;1,625061;3,231049;0,869751;3,231049;1,51825;3,105164;1,901627;1,51825;1,220703;1,51825;0,7419586;0,4959106;1,901627;1,220703;1,901627;3,231049;2,36702;3,231049;1,51825;0,869751;3,105164;0,869751;3,105164;0,869751;1,51825;1,51825;0,7419586;2,36702;2,36702;1,51825;3,053665;3,053665;1,220703;1,968384;4,444122;3,814697;4,444122;3,362656;3,702164;3,702164;4,995346;3,105164;4,444122;4,201889;3,702164;4,444122;3,702164;3,362656;3,362656;3,362656;1,968384;4,753113;4,995346;4,753113;3,814697;4,753113;5,090714;4,995346;3,702164;3,362656;4,444122;3,562927;3,362656;3,105164;3,562927;4,444122;3,814697;3,053665;4,753113;3,702164;4,444122;3,702164;1,968384;4,753113;3,362656;3,362656;3,814697;4,995346;1,968384;5,090714;1,968384;4,444122;4,995346;3,702164;4,444122;4,444122;3,562927;5,090714;1,625061;3,814697;3,362656;3,362656;3,105164;3,362656
"707";"2008-11-01";0,2098083;0,2059937;1,676559;0,2269745;0,2269745;0,2098083;0,2059937;0,9174347;1,525879;1,676559;0,3662109;0,8621216;1,676559;0,2098083;1,676559;0,2269745;1,592636;0,2155304;0,2269745;0,04386902;0,2269745;0,02098083;0,01335144;0,2155304;0,04386902;0,2155304;1,676559;0,164032;1,676559;0,2269745;0,2098083;1,592636;0,2098083;1,592636;0,2098083;0,2269745;0,2269745;0,02098083;0,164032;0,164032;0,2269745;0,3662109;0,3662109;0,04386902;1,525879;5,275726;1,667023;5,275726;1,937866;4,528046;4,528046;2,933502;1,592636;5,275726;3,389359;4,528046;5,275726;4,528046;1,937866;1,937866;1,937866;1,525879;4,764557;2,933502;4,764557;1,667023;4,764557;2,126694;2,933502;4,528046;1,937866;5,275726;0,9174347;1,937866;1,592636;0,9174347;5,275726;1,667023;0,3662109;4,764557;4,528046;5,275726;4,528046;1,525879;4,764557;1,937866;1,937866;1,667023;2,933502;1,525879;2,126694;1,525879;5,275726;2,933502;4,528046;5,275726;5,275726;0,9174347;2,126694;0,8621216;1,667023;1,937866;1,937866;1,592636;1,937866
"708";"2008-12-01";0,06866455;0,08392334;0,91362;0,09918213;0,09918213;0,06866455;0,08392334;0,3986359;0,5702972;0,91362;0,125885;0,3452301;0,91362;0,06866455;0,91362;0,09918213;0,6656647;0,1239777;0,09918213;0,03623962;0,09918213;0,05722046;0,02098083;0,1239777;0,03623962;0,1239777;0,91362;0,05722046;0,91362;0,09918213;0,06866455;0,6656647;0,06866455;0,6656647;0,06866455;0,09918213;0,09918213;0,05722046;0,05722046;0,05722046;0,09918213;0,125885;0,125885;0,03623962;0,5702972;2,967834;1,420975;2,967834;1,199722;2,029419;2,029419;2,267838;0,6656647;2,967834;2,332687;2,029419;2,967834;2,029419;1,199722;1,199722;1,199722;0,5702972;2,134323;2,267838;2,134323;1,420975;2,134323;1,918793;2,267838;2,029419;1,199722;2,967834;0,3986359;1,199722;0,6656647;0,3986359;2,967834;1,420975;0,125885;2,134323;2,029419;2,967834;2,029419;0,5702972;2,134323;1,199722;1,199722;1,420975;2,267838;0,5702972;1,918793;0,5702972;2,967834;2,267838;2,029419;2,967834;2,967834;0,3986359;1,918793;0,3452301;1,420975;1,199722;1,199722;0,6656647;1,199722
"709";"2009-01-01";0,1764297;0,161171;1,758575;0,2908707;0,2908707;0,1764297;0,161171;1,031876;1,260757;1,758575;0,6275177;0,5865097;1,758575;0,1764297;1,758575;0,2908707;1,471519;0,3890991;0,2908707;0,2775192;0,2908707;0,09727478;0,03147125;0,3890991;0,2775192;0,3890991;1,758575;0,4453659;1,758575;0,2908707;0,1764297;1,471519;0,1764297;1,471519;0,1764297;0,2908707;0,2908707;0,09727478;0,4453659;0,4453659;0,2908707;0,6275177;0,6275177;0,2775192;1,260757;4,806519;1,771927;4,806519;2,008438;3,868103;3,868103;2,116203;1,471519;4,806519;2,990723;3,868103;4,806519;3,868103;2,008438;2,008438;2,008438;1,260757;3,698349;2,116203;3,698349;1,771927;3,698349;1,775742;2,116203;3,868103;2,008438;4,806519;1,031876;2,008438;1,471519;1,031876;4,806519;1,771927;0,6275177;3,698349;3,868103;4,806519;3,868103;1,260757;3,698349;2,008438;2,008438;1,771927;2,116203;1,260757;1,775742;1,260757;4,806519;2,116203;3,868103;4,806519;4,806519;1,031876;1,775742;0,5865097;1,771927;2,008438;2,008438;1,471519;2,008438
"710";"2009-02-01";0,5407333;0,6246567;2,06089;0,4825592;0,4825592;0,5407333;0,6246567;1,202583;2,135277;2,06089;0,6494522;1,361847;2,06089;0,5407333;2,06089;0,4825592;2,027512;0,5550385;0,4825592;0,3709793;0,4825592;0,2994537;0,1335144;0,5550385;0,3709793;0,5550385;2,06089;0,4825592;2,06089;0,4825592;0,5407333;2,027512;0,5407333;2,027512;0,5407333;0,4825592;0,4825592;0,2994537;0,4825592;0,4825592;0,4825592;0,6494522;0,6494522;0,3709793;2,135277;5,086899;1,468658;5,086899;2,12574;4,879951;4,879951;3,521919;2,027512;5,086899;4,96769;4,879951;5,086899;4,879951;2,12574;2,12574;2,12574;2,135277;5,290985;3,521919;5,290985;1,468658;5,290985;2,085686;3,521919;4,879951;2,12574;5,086899;1,202583;2,12574;2,027512;1,202583;5,086899;1,468658;0,6494522;5,290985;4,879951;5,086899;4,879951;2,135277;5,290985;2,12574;2,12574;1,468658;3,521919;2,135277;2,085686;2,135277;5,086899;3,521919;4,879951;5,086899;5,086899;1,202583;2,085686;1,361847;1,468658;2,12574;2,12574;2,027512;2,12574
"711";"2009-03-01";0,2441406;0,2117157;1,094818;0,4425049;0,4425049;0,2441406;0,2117157;0,9155273;0,9632111;1,094818;0,3223419;0,5817413;1,094818;0,2441406;1,094818;0,4425049;1,438141;0,3852844;0,4425049;0,6256104;0,4425049;0,3528595;0,164032;0,3852844;0,6256104;0,3852844;1,094818;0,3566742;1,094818;0,4425049;0,2441406;1,438141;0,2441406;1,438141;0,2441406;0,4425049;0,4425049;0,3528595;0,3566742;0,3566742;0,4425049;0,3223419;0,3223419;0,6256104;0,9632111;2,87056;1,260757;2,87056;2,176285;2,601624;2,601624;1,413345;1,438141;2,87056;1,657486;2,601624;2,87056;2,601624;2,176285;2,176285;2,176285;0,9632111;2,752304;1,413345;2,752304;1,260757;2,752304;1,115799;1,413345;2,601624;2,176285;2,87056;0,9155273;2,176285;1,438141;0,9155273;2,87056;1,260757;0,3223419;2,752304;2,601624;2,87056;2,601624;0,9632111;2,752304;2,176285;2,176285;1,260757;1,413345;0,9632111;1,115799;0,9632111;2,87056;1,413345;2,601624;2,87056;2,87056;0,9155273;1,115799;0,5817413;1,260757;2,176285;2,176285;1,438141;2,176285
"712";"2009-04-01";1,333237;1,464844;3,414154;1,579285;1,579285;1,333237;1,464844;4,106522;3,223419;3,414154;2,035141;1,430511;3,414154;1,333237;3,414154;1,579285;4,156113;1,420975;1,579285;0,9326935;1,579285;1,049042;0,8163452;1,420975;0,9326935;1,420975;3,414154;1,424789;3,414154;1,579285;1,333237;4,156113;1,333237;4,156113;1,333237;1,579285;1,579285;1,049042;1,424789;1,424789;1,579285;2,035141;2,035141;0,9326935;3,223419;5,186081;4,425049;5,186081;5,582809;6,673813;6,673813;4,024506;4,156113;5,186081;4,51088;6,673813;5,186081;6,673813;5,582809;5,582809;5,582809;3,223419;5,624771;4,024506;5,624771;4,425049;5,624771;3,765106;4,024506;6,673813;5,582809;5,186081;4,106522;5,582809;4,156113;4,106522;5,186081;4,425049;2,035141;5,624771;6,673813;5,186081;6,673813;3,223419;5,624771;5,582809;5,582809;4,425049;4,024506;3,223419;3,765106;3,223419;5,186081;4,024506;6,673813;5,186081;5,186081;4,106522;3,765106;1,430511;4,425049;5,582809;5,582809;4,156113;5,582809
"713";"2009-05-01";4,039764;3,980637;5,525589;6,313324;6,313324;4,039764;3,980637;3,96347;6,654739;5,525589;3,65448;3,824234;5,525589;4,039764;5,525589;6,313324;12,93373;3,1147;6,313324;4,146576;6,313324;4,421234;3,980637;3,1147;4,146576;3,1147;5,525589;4,205704;5,525589;6,313324;4,039764;12,93373;4,039764;12,93373;4,039764;6,313324;6,313324;4,421234;4,205704;4,205704;6,313324;3,65448;3,65448;4,146576;6,654739;5,914688;4,404068;5,914688;4,327774;10,09178;10,09178;4,991531;12,93373;5,914688;6,855011;10,09178;5,914688;10,09178;4,327774;4,327774;4,327774;6,654739;8,131027;4,991531;8,131027;4,404068;8,131027;4,056931;4,991531;10,09178;4,327774;5,914688;3,96347;4,327774;12,93373;3,96347;5,914688;4,404068;3,65448;8,131027;10,09178;5,914688;10,09178;6,654739;8,131027;4,327774;4,327774;4,404068;4,991531;6,654739;4,056931;6,654739;5,914688;4,991531;10,09178;5,914688;5,914688;3,96347;4,056931;3,824234;4,404068;4,327774;4,327774;12,93373;4,327774
"714";"2009-06-01";4,03595;4,259109;4,434586;4,482269;4,482269;4,03595;4,259109;3,627777;4,322052;4,434586;2,866745;3,707886;4,434586;4,03595;4,434586;4,482269;5,477905;2,637863;4,482269;2,635956;4,482269;4,35257;4,198074;2,637863;2,635956;2,637863;4,434586;3,034592;4,434586;4,482269;4,03595;5,477905;4,03595;5,477905;4,03595;4,482269;4,482269;4,35257;3,034592;3,034592;4,482269;2,866745;2,866745;2,635956;4,322052;4,167557;6,235123;4,167557;4,564285;3,883362;3,883362;5,437851;5,477905;4,167557;4,238129;3,883362;4,167557;3,883362;4,564285;4,564285;4,564285;4,322052;4,281998;5,437851;4,281998;6,235123;4,281998;7,549286;5,437851;3,883362;4,564285;4,167557;3,627777;4,564285;5,477905;3,627777;4,167557;6,235123;2,866745;4,281998;3,883362;4,167557;3,883362;4,322052;4,281998;4,564285;4,564285;6,235123;5,437851;4,322052;7,549286;4,322052;4,167557;5,437851;3,883362;4,167557;4,167557;3,627777;7,549286;3,707886;6,235123;4,564285;4,564285;5,477905;4,564285
"715";"2009-07-01";1,358032;1,659393;2,597809;1,773834;1,773834;1,358032;1,659393;1,905441;1,783371;2,597809;1,642227;2,504349;2,597809;1,358032;2,597809;1,773834;2,996445;1,543045;1,773834;1,577377;1,773834;1,70517;1,699448;1,543045;1,577377;1,543045;2,597809;2,126694;2,597809;1,773834;1,358032;2,996445;1,358032;2,996445;1,358032;1,773834;1,773834;1,70517;2,126694;2,126694;1,773834;1,642227;1,642227;1,577377;1,783371;2,166748;3,568649;2,166748;2,30217;2,109528;2,109528;5,849838;2,996445;2,166748;3,984451;2,109528;2,166748;2,109528;2,30217;2,30217;2,30217;1,783371;3,435135;5,849838;3,435135;3,568649;3,435135;6,710052;5,849838;2,109528;2,30217;2,166748;1,905441;2,30217;2,996445;1,905441;2,166748;3,568649;1,642227;3,435135;2,109528;2,166748;2,109528;1,783371;3,435135;2,30217;2,30217;3,568649;5,849838;1,783371;6,710052;1,783371;2,166748;5,849838;2,109528;2,166748;2,166748;1,905441;6,710052;2,504349;3,568649;2,30217;2,30217;2,996445;2,30217
"716";"2009-08-01";1,44577;0,9651184;3,147125;2,616882;2,616882;1,44577;0,9651184;2,872467;2,101898;3,147125;2,761841;1,88446;3,147125;1,44577;3,147125;2,616882;3,845215;2,601624;2,616882;3,429413;2,616882;2,693176;1,728058;2,601624;3,429413;2,601624;3,147125;3,074646;3,147125;2,616882;1,44577;3,845215;1,44577;3,845215;1,44577;2,616882;2,616882;2,693176;3,074646;3,074646;2,616882;2,761841;2,761841;3,429413;2,101898;2,731323;4,486084;2,731323;3,105164;2,334595;2,334595;4,173279;3,845215;2,731323;2,7771;2,334595;2,731323;2,334595;3,105164;3,105164;3,105164;2,101898;2,548218;4,173279;2,548218;4,486084;2,548218;6,496429;4,173279;2,334595;3,105164;2,731323;2,872467;3,105164;3,845215;2,872467;2,731323;4,486084;2,761841;2,548218;2,334595;2,731323;2,334595;2,101898;2,548218;3,105164;3,105164;4,486084;4,173279;2,101898;6,496429;2,101898;2,731323;4,173279;2,334595;2,731323;2,731323;2,872467;6,496429;1,88446;4,486084;3,105164;3,105164;3,845215;3,105164
"717";"2009-09-01";7,86972;6,258011;8,97789;8,842468;8,842468;7,86972;6,258011;10,0193;9,101868;8,97789;7,963181;8,083344;8,97789;7,86972;8,97789;8,842468;9,590149;7,236481;8,842468;8,094788;8,842468;7,522583;6,622314;7,236481;8,094788;7,236481;8,97789;7,946014;8,97789;8,842468;7,86972;9,590149;7,86972;9,590149;7,86972;8,842468;8,842468;7,522583;7,946014;7,946014;8,842468;7,963181;7,963181;8,094788;9,101868;11,29913;10,66399;11,29913;13,03864;8,935928;8,935928;11,94572;9,590149;11,29913;11,50131;8,935928;11,29913;8,935928;13,03864;13,03864;13,03864;9,101868;9,033203;11,94572;9,033203;10,66399;9,033203;10,57625;11,94572;8,935928;13,03864;11,29913;10,0193;13,03864;9,590149;10,0193;11,29913;10,66399;7,963181;9,033203;8,935928;11,29913;8,935928;9,101868;9,033203;13,03864;13,03864;10,66399;11,94572;9,101868;10,57625;9,101868;11,29913;11,94572;8,935928;11,29913;11,29913;10,0193;10,57625;8,083344;10,66399;13,03864;13,03864;9,590149;13,03864
"718";"2009-10-01";2,811432;2,307892;7,816315;3,837585;3,837585;2,811432;2,307892;5,285263;5,115509;7,816315;3,795624;3,440857;7,816315;2,811432;7,816315;3,837585;6,444931;4,007339;3,837585;3,69072;3,837585;3,002167;2,752304;4,007339;3,69072;4,007339;7,816315;3,519058;7,816315;3,837585;2,811432;6,444931;2,811432;6,444931;2,811432;3,837585;3,837585;3,002167;3,519058;3,519058;3,837585;3,795624;3,795624;3,69072;5,115509;10,99014;6,732941;10,99014;8,165359;8,810043;8,810043;8,205414;6,444931;10,99014;8,640289;8,810043;10,99014;8,810043;8,165359;8,165359;8,165359;5,115509;7,364273;8,205414;7,364273;6,732941;7,364273;8,457184;8,205414;8,810043;8,165359;10,99014;5,285263;8,165359;6,444931;5,285263;10,99014;6,732941;3,795624;7,364273;8,810043;10,99014;8,810043;5,115509;7,364273;8,165359;8,165359;6,732941;8,205414;5,115509;8,457184;5,115509;10,99014;8,205414;8,810043;10,99014;10,99014;5,285263;8,457184;3,440857;6,732941;8,165359;8,165359;6,444931;8,165359
"719";"2009-11-01";0,9231567;0,7743835;4,123688;1,163483;1,163483;0,9231567;0,7743835;1,905441;3,499985;4,123688;1,285553;1,922607;4,123688;0,9231567;4,123688;1,163483;4,041672;1,327515;1,163483;0,6942749;1,163483;0,5321503;0,5817413;1,327515;0,6942749;1,327515;4,123688;0,8144379;4,123688;1,163483;0,9231567;4,041672;0,9231567;4,041672;0,9231567;1,163483;1,163483;0,5321503;0,8144379;0,8144379;1,163483;1,285553;1,285553;0,6942749;3,499985;8,956909;1,106262;8,956909;2,470016;9,496689;9,496689;4,28772;4,041672;8,956909;6,156921;9,496689;8,956909;9,496689;2,470016;2,470016;2,470016;3,499985;8,678436;4,28772;8,678436;1,106262;8,678436;2,645493;4,28772;9,496689;2,470016;8,956909;1,905441;2,470016;4,041672;1,905441;8,956909;1,106262;1,285553;8,678436;9,496689;8,956909;9,496689;3,499985;8,678436;2,470016;2,470016;1,106262;4,28772;3,499985;2,645493;3,499985;8,956909;4,28772;9,496689;8,956909;8,956909;1,905441;2,645493;1,922607;1,106262;2,470016;2,470016;4,041672;2,470016
"720";"2009-12-01";0,3376007;0,3376007;2,96402;0,4844666;0,4844666;0,3376007;0,3376007;1,670837;2,206802;2,96402;0,5168915;0,9346008;2,96402;0,3376007;2,96402;0,4844666;2,6474;0,5588531;0,4844666;0,6351471;0,4844666;0,2918243;0,2288818;0,5588531;0,6351471;0,5588531;2,96402;0,825882;2,96402;0,4844666;0,3376007;2,6474;0,3376007;2,6474;0,3376007;0,4844666;0,4844666;0,2918243;0,825882;0,825882;0,4844666;0,5168915;0,5168915;0,6351471;2,206802;9,124756;4,867554;9,124756;4,817963;7,556915;7,556915;4,741669;2,6474;9,124756;6,744385;7,556915;9,124756;7,556915;4,817963;4,817963;4,817963;2,206802;5,344391;4,741669;5,344391;4,867554;5,344391;3,753662;4,741669;7,556915;4,817963;9,124756;1,670837;4,817963;2,6474;1,670837;9,124756;4,867554;0,5168915;5,344391;7,556915;9,124756;7,556915;2,206802;5,344391;4,817963;4,817963;4,867554;4,741669;2,206802;3,753662;2,206802;9,124756;4,741669;7,556915;9,124756;9,124756;1,670837;3,753662;0,9346008;4,867554;4,817963;4,817963;2,6474;4,817963
"721";"2010-01-01";2,183914;2,418518;4,184723;2,134323;2,134323;2,183914;2,418518;2,388;3,410339;4,184723;1,848221;2,206802;4,184723;2,183914;4,184723;2,134323;4,024506;1,913071;2,134323;2,267838;2,134323;2,094269;1,823425;1,913071;2,267838;1,913071;4,184723;2,088547;4,184723;2,134323;2,183914;4,024506;2,183914;4,024506;2,183914;2,134323;2,134323;2,094269;2,088547;2,088547;2,134323;1,848221;1,848221;2,267838;3,410339;8,859634;3,475189;8,859634;3,623962;6,860733;6,860733;4,098892;4,024506;8,859634;5,82695;6,860733;8,859634;6,860733;3,623962;3,623962;3,623962;3,410339;6,128311;4,098892;6,128311;3,475189;6,128311;2,555847;4,098892;6,860733;3,623962;8,859634;2,388;3,623962;4,024506;2,388;8,859634;3,475189;1,848221;6,128311;6,860733;8,859634;6,860733;3,410339;6,128311;3,623962;3,623962;3,475189;4,098892;3,410339;2,555847;3,410339;8,859634;4,098892;6,860733;8,859634;8,859634;2,388;2,555847;2,206802;3,475189;3,623962;3,623962;4,024506;3,623962
"722";"2010-02-01";2,162933;1,850128;4,318237;2,687454;2,687454;2,162933;1,850128;2,399445;3,091812;4,318237;1,682281;1,979828;4,318237;2,162933;4,318237;2,687454;4,12178;2,077103;2,687454;2,845764;2,687454;2,782822;2,290726;2,077103;2,845764;2,077103;4,318237;2,326965;4,318237;2,687454;2,162933;4,12178;2,162933;4,12178;2,162933;2,687454;2,687454;2,782822;2,326965;2,326965;2,687454;1,682281;1,682281;2,845764;3,091812;10,25772;3,250122;10,25772;4,516602;6,994247;6,994247;3,610611;4,12178;10,25772;5,384445;6,994247;10,25772;6,994247;4,516602;4,516602;4,516602;3,091812;5,029678;3,610611;5,029678;3,250122;5,029678;2,031326;3,610611;6,994247;4,516602;10,25772;2,399445;4,516602;4,12178;2,399445;10,25772;3,250122;1,682281;5,029678;6,994247;10,25772;6,994247;3,091812;5,029678;4,516602;4,516602;3,250122;3,610611;3,091812;2,031326;3,091812;10,25772;3,610611;6,994247;10,25772;10,25772;2,399445;2,031326;1,979828;3,250122;4,516602;4,516602;4,12178;4,516602
"723";"2010-03-01";0,1163483;0,1316071;3,036499;0,2098083;0,2098083;0,1163483;0,1316071;1,081467;1,262665;3,036499;0,2632141;0,333786;3,036499;0,1163483;3,036499;0,2098083;1,440048;0,3223419;0,2098083;0,2918243;0,2098083;0,1277924;0,05531311;0,3223419;0,2918243;0,3223419;3,036499;0,2708435;3,036499;0,2098083;0,1163483;1,440048;0,1163483;1,440048;0,1163483;0,2098083;0,2098083;0,1277924;0,2708435;0,2708435;0,2098083;0,2632141;0,2632141;0,2918243;1,262665;10,29587;0,8239746;10,29587;3,355026;4,615784;4,615784;2,649307;1,440048;10,29587;3,793716;4,615784;10,29587;4,615784;3,355026;3,355026;3,355026;1,262665;3,358841;2,649307;3,358841;0,8239746;3,358841;1,022339;2,649307;4,615784;3,355026;10,29587;1,081467;3,355026;1,440048;1,081467;10,29587;0,8239746;0,2632141;3,358841;4,615784;10,29587;4,615784;1,262665;3,358841;3,355026;3,355026;0,8239746;2,649307;1,262665;1,022339;1,262665;10,29587;2,649307;4,615784;10,29587;10,29587;1,081467;1,022339;0,333786;0,8239746;3,355026;3,355026;1,440048;3,355026
"724";"2010-04-01";2,046585;2,893448;7,289886;2,182007;2,182007;2,046585;2,893448;5,224228;7,390976;7,289886;2,531052;2,748489;7,289886;2,046585;7,289886;2,182007;9,03511;1,907349;2,182007;2,706528;2,182007;1,647949;1,081467;1,907349;2,706528;1,907349;7,289886;3,204346;7,289886;2,182007;2,046585;9,03511;2,046585;9,03511;2,046585;2,182007;2,182007;1,647949;3,204346;3,204346;2,182007;2,531052;2,531052;2,706528;7,390976;20,87021;5,407333;20,87021;10,75935;23,45276;23,45276;9,988785;9,03511;20,87021;10,78987;23,45276;20,87021;23,45276;10,75935;10,75935;10,75935;7,390976;14,77814;9,988785;14,77814;5,407333;14,77814;7,675171;9,988785;23,45276;10,75935;20,87021;5,224228;10,75935;9,03511;5,224228;20,87021;5,407333;2,531052;14,77814;23,45276;20,87021;23,45276;7,390976;14,77814;10,75935;10,75935;5,407333;9,988785;7,390976;7,675171;7,390976;20,87021;9,988785;23,45276;20,87021;20,87021;5,224228;7,675171;2,748489;5,407333;10,75935;10,75935;9,03511;10,75935
"725";"2010-05-01";1,335144;1,585007;2,80571;1,682281;1,682281;1,335144;1,585007;2,174377;3,347397;2,80571;1,449585;1,789093;2,80571;1,335144;2,80571;1,682281;4,606247;1,131058;1,682281;1,508713;1,682281;1,405716;0,9632111;1,131058;1,508713;1,131058;2,80571;1,791;2,80571;1,682281;1,335144;4,606247;1,335144;4,606247;1,335144;1,682281;1,682281;1,405716;1,791;1,791;1,682281;1,449585;1,449585;1,508713;3,347397;5,641937;3,05748;5,641937;3,957748;4,961014;4,961014;2,418518;4,606247;5,641937;1,987457;4,961014;5,641937;4,961014;3,957748;3,957748;3,957748;3,347397;4,709244;2,418518;4,709244;3,05748;4,709244;2,538681;2,418518;4,961014;3,957748;5,641937;2,174377;3,957748;4,606247;2,174377;5,641937;3,05748;1,449585;4,709244;4,961014;5,641937;4,961014;3,347397;4,709244;3,957748;3,957748;3,05748;2,418518;3,347397;2,538681;3,347397;5,641937;2,418518;4,961014;5,641937;5,641937;2,174377;2,538681;1,789093;3,05748;3,957748;3,957748;4,606247;3,957748
"726";"2010-06-01";2,799988;3,427505;3,520966;2,244949;2,244949;2,799988;3,427505;2,399445;4,146576;3,520966;1,617432;3,843307;3,520966;2,799988;3,520966;2,244949;5,115509;1,537323;2,244949;1,869202;2,244949;3,295898;3,604889;1,537323;1,869202;1,537323;3,520966;2,262115;3,520966;2,244949;2,799988;5,115509;2,799988;5,115509;2,799988;2,244949;2,244949;3,295898;2,262115;2,262115;2,244949;1,617432;1,617432;1,869202;4,146576;4,417419;5,395889;4,417419;4,419327;5,283356;5,283356;7,553101;5,115509;4,417419;5,649567;5,283356;4,417419;5,283356;4,419327;4,419327;4,419327;4,146576;6,708145;7,553101;6,708145;5,395889;6,708145;9,178162;7,553101;5,283356;4,419327;4,417419;2,399445;4,419327;5,115509;2,399445;4,417419;5,395889;1,617432;6,708145;5,283356;4,417419;5,283356;4,146576;6,708145;4,419327;4,419327;5,395889;7,553101;4,146576;9,178162;4,146576;4,417419;7,553101;5,283356;4,417419;4,417419;2,399445;9,178162;3,843307;5,395889;4,419327;4,419327;5,115509;4,419327
"727";"2010-07-01";10,24437;7,759094;9,155273;12,50076;12,50076;10,24437;7,759094;9,1362;11,83701;9,155273;7,289886;10,15854;9,155273;10,24437;9,155273;12,50076;15,6498;6,902695;12,50076;7,448196;12,50076;10,32257;9,645462;6,902695;7,448196;6,902695;9,155273;7,600784;9,155273;12,50076;10,24437;15,6498;10,24437;15,6498;10,24437;12,50076;12,50076;10,32257;7,600784;7,600784;12,50076;7,289886;7,289886;7,448196;11,83701;9,483337;12,14409;9,483337;10,03647;11,41739;11,41739;16,53099;15,6498;9,483337;14,66751;11,41739;9,483337;11,41739;10,03647;10,03647;10,03647;11,83701;13,17978;16,53099;13,17978;12,14409;13,17978;15,67459;16,53099;11,41739;10,03647;9,483337;9,1362;10,03647;15,6498;9,1362;9,483337;12,14409;7,289886;13,17978;11,41739;9,483337;11,41739;11,83701;13,17978;10,03647;10,03647;12,14409;16,53099;11,83701;15,67459;11,83701;9,483337;16,53099;11,41739;9,483337;9,483337;9,1362;15,67459;10,15854;12,14409;10,03647;10,03647;15,6498;10,03647
"728";"2010-08-01";4,94194;3,614426;5,247116;5,529404;5,529404;4,94194;3,614426;4,718781;5,35202;5,247116;4,220963;5,382538;5,247116;4,94194;5,247116;5,529404;5,645752;4,247665;5,529404;4,484177;5,529404;4,980087;4,795074;4,247665;4,484177;4,247665;5,247116;4,793167;5,247116;5,529404;4,94194;5,645752;4,94194;5,645752;4,94194;5,529404;5,529404;4,980087;4,793167;4,793167;5,529404;4,220963;4,220963;4,484177;5,35202;5,464554;7,007599;5,464554;5,07164;4,940033;4,940033;9,672165;5,645752;5,464554;7,629395;4,940033;5,464554;4,940033;5,07164;5,07164;5,07164;5,35202;6,546021;9,672165;6,546021;7,007599;6,546021;11,25526;9,672165;4,940033;5,07164;5,464554;4,718781;5,07164;5,645752;4,718781;5,464554;7,007599;4,220963;6,546021;4,940033;5,464554;4,940033;5,35202;6,546021;5,07164;5,07164;7,007599;9,672165;5,35202;11,25526;5,35202;5,464554;9,672165;4,940033;5,464554;5,464554;4,718781;11,25526;5,382538;7,007599;5,07164;5,07164;5,645752;5,07164
"729";"2010-09-01";7,204056;4,972458;10,25391;9,248734;9,248734;7,204056;4,972458;11,39069;7,604599;10,25391;8,844376;6,418228;10,25391;7,204056;10,25391;9,248734;9,269714;8,533478;9,248734;7,566452;9,248734;8,922577;7,160187;8,533478;7,566452;8,533478;10,25391;7,196426;10,25391;9,248734;7,204056;9,269714;7,204056;9,269714;7,204056;9,248734;9,248734;8,922577;7,196426;7,196426;9,248734;8,844376;8,844376;7,566452;7,604599;11,89423;16,9735;11,89423;12,33864;9,901047;9,901047;10,54382;9,269714;11,89423;7,740021;9,901047;11,89423;9,901047;12,33864;12,33864;12,33864;7,604599;7,865906;10,54382;7,865906;16,9735;7,865906;15,14435;10,54382;9,901047;12,33864;11,89423;11,39069;12,33864;9,269714;11,39069;11,89423;16,9735;8,844376;7,865906;9,901047;11,89423;9,901047;7,604599;7,865906;12,33864;12,33864;16,9735;10,54382;7,604599;15,14435;7,604599;11,89423;10,54382;9,901047;11,89423;11,89423;11,39069;15,14435;6,418228;16,9735;12,33864;12,33864;9,269714;12,33864
"730";"2010-10-01";0,2746582;0,2727509;1,57547;0,4730225;0,4730225;0,2746582;0,2727509;1,110077;1,075745;1,57547;0,7247925;0,875473;1,57547;0,2746582;1,57547;0,4730225;1,449585;0,4901886;0,4730225;0,1354218;0,4730225;0,120163;0,05149841;0,4901886;0,1354218;0,4901886;1,57547;0,3700256;1,57547;0,4730225;0,2746582;1,449585;0,2746582;1,449585;0,2746582;0,4730225;0,4730225;0,120163;0,3700256;0,3700256;0,4730225;0,7247925;0,7247925;0,1354218;1,075745;3,002167;1,699448;3,002167;1,25885;2,454758;2,454758;3,648758;1,449585;3,002167;3,082275;2,454758;3,002167;2,454758;1,25885;1,25885;1,25885;1,075745;3,444672;3,648758;3,444672;1,699448;3,444672;3,063202;3,648758;2,454758;1,25885;3,002167;1,110077;1,25885;1,449585;1,110077;3,002167;1,699448;0,7247925;3,444672;2,454758;3,002167;2,454758;1,075745;3,444672;1,25885;1,25885;1,699448;3,648758;1,075745;3,063202;1,075745;3,002167;3,648758;2,454758;3,002167;3,002167;1,110077;3,063202;0,875473;1,699448;1,25885;1,25885;1,449585;1,25885
"731";"2010-11-01";0,5588531;0,6370544;1,941681;0,6160736;0,6160736;0,5588531;0,6370544;1,333237;1,520157;1,941681;1,028061;1,029968;1,941681;0,5588531;1,941681;0,6160736;1,741409;0,7476807;0,6160736;0,5550385;0,6160736;0,4959106;0,5226135;0,7476807;0,5550385;0,7476807;1,941681;0,6198883;1,941681;0,6160736;0,5588531;1,741409;0,5588531;1,741409;0,5588531;0,6160736;0,6160736;0,4959106;0,6198883;0,6198883;0,6160736;1,028061;1,028061;0,5550385;1,520157;3,385544;0,4901886;3,385544;1,106262;2,815247;2,815247;2,519608;1,741409;3,385544;2,386093;2,815247;3,385544;2,815247;1,106262;1,106262;1,106262;1,520157;3,753662;2,519608;3,753662;0,4901886;3,753662;1,146317;2,519608;2,815247;1,106262;3,385544;1,333237;1,106262;1,741409;1,333237;3,385544;0,4901886;1,028061;3,753662;2,815247;3,385544;2,815247;1,520157;3,753662;1,106262;1,106262;0,4901886;2,519608;1,520157;1,146317;1,520157;3,385544;2,519608;2,815247;3,385544;3,385544;1,333237;1,146317;1,029968;0,4901886;1,106262;1,106262;1,741409;1,106262
"732";"2010-12-01";0,06103516;0,06103516;0,9441376;0,0629425;0,0629425;0,06103516;0,06103516;0,1716614;0,579834;0,9441376;0,09155273;0,2937317;0,9441376;0,06103516;0,9441376;0,0629425;0,5569458;0,1068115;0,0629425;0,01525879;0,0629425;0,001907349;0;0,1068115;0,01525879;0,1068115;0,9441376;0,05340576;0,9441376;0,0629425;0,06103516;0,5569458;0,06103516;0,5569458;0,06103516;0,0629425;0,0629425;0,001907349;0,05340576;0,05340576;0,0629425;0,09155273;0,09155273;0,01525879;0,579834;3,101349;1,329422;3,101349;0,4806519;1,943588;1,943588;1,773834;0,5569458;3,101349;2,174377;1,943588;3,101349;1,943588;0,4806519;0,4806519;0,4806519;0,579834;2,397537;1,773834;2,397537;1,329422;2,397537;1,121521;1,773834;1,943588;0,4806519;3,101349;0,1716614;0,4806519;0,5569458;0,1716614;3,101349;1,329422;0,09155273;2,397537;1,943588;3,101349;1,943588;0,579834;2,397537;0,4806519;0,4806519;1,329422;1,773834;0,579834;1,121521;0,579834;3,101349;1,773834;1,943588;3,101349;3,101349;0,1716614;1,121521;0,2937317;1,329422;0,4806519;0,4806519;0,5569458;0,4806519
"733";"2011-01-01";0,05912781;0,0705719;1,676559;0,1716614;0,1716614;0,05912781;0,0705719;0,6923676;0,9860992;1,676559;0,2059937;0,3967285;1,676559;0,05912781;1,676559;0,1716614;1,224518;0,2365112;0,1716614;0,1087189;0,1716614;0,05722046;0,007629395;0,2365112;0,1087189;0,2365112;1,676559;0,207901;1,676559;0,1716614;0,05912781;1,224518;0,05912781;1,224518;0,05912781;0,1716614;0,1716614;0,05722046;0,207901;0,207901;0,1716614;0,2059937;0,2059937;0,1087189;0,9860992;5,395889;1,69754;5,395889;2,14386;3,763199;3,763199;2,914429;1,224518;5,395889;3,894806;3,763199;5,395889;3,763199;2,14386;2,14386;2,14386;0,9860992;3,370285;2,914429;3,370285;1,69754;3,370285;1,838684;2,914429;3,763199;2,14386;5,395889;0,6923676;2,14386;1,224518;0,6923676;5,395889;1,69754;0,2059937;3,370285;3,763199;5,395889;3,763199;0,9860992;3,370285;2,14386;2,14386;1,69754;2,914429;0,9860992;1,838684;0,9860992;5,395889;2,914429;3,763199;5,395889;5,395889;0,6923676;1,838684;0,3967285;1,69754;2,14386;2,14386;1,224518;2,14386
"734";"2011-02-01";0,1325607;0,07724762;0,9880066;0,2985001;0,2985001;0,1325607;0,07724762;0,5750656;0,5693436;0,9880066;0,2346039;0,3004074;0,9880066;0,1325607;0,9880066;0,2985001;0,8163452;0,2889633;0,2985001;0,3671646;0,2985001;0,1764297;0,0705719;0,2889633;0,3671646;0,2889633;0,9880066;0,2756119;0,9880066;0,2985001;0,1325607;0,8163452;0,1325607;0,8163452;0,1325607;0,2985001;0,2985001;0,1764297;0,2756119;0,2756119;0,2985001;0,2346039;0,2346039;0,3671646;0,5693436;2,68364;1,020432;2,68364;1,583099;1,924515;1,924515;2,183914;0,8163452;2,68364;2,347946;1,924515;2,68364;1,924515;1,583099;1,583099;1,583099;0,5693436;1,950264;2,183914;1,950264;1,020432;1,950264;1,188278;2,183914;1,924515;1,583099;2,68364;0,5750656;1,583099;0,8163452;0,5750656;2,68364;1,020432;0,2346039;1,950264;1,924515;2,68364;1,924515;0,5693436;1,950264;1,583099;1,583099;1,020432;2,183914;0,5693436;1,188278;0,5693436;2,68364;2,183914;1,924515;2,68364;2,68364;0,5750656;1,188278;0,3004074;1,020432;1,583099;1,583099;0,8163452;1,583099
"735";"2011-03-01";0,7925034;0,6036758;1,935959;1,257896;1,257896;0,7925034;0,6036758;1,719475;2,093315;1,935959;1,011848;1,067162;1,935959;0,7925034;1,935959;1,257896;3,145218;1,018524;1,257896;1,259804;1,257896;0,7352829;0,3070831;1,018524;1,259804;1,018524;1,935959;1,041412;1,935959;1,257896;0,7925034;3,145218;0,7925034;3,145218;0,7925034;1,257896;1,257896;0,7352829;1,041412;1,041412;1,257896;1,011848;1,011848;1,259804;2,093315;3,056526;1,594543;3,056526;2,615929;4,127502;4,127502;1,181602;3,145218;3,056526;1,511574;4,127502;3,056526;4,127502;2,615929;2,615929;2,615929;2,093315;4,267693;1,181602;4,267693;1,594543;4,267693;1,210213;1,181602;4,127502;2,615929;3,056526;1,719475;2,615929;3,145218;1,719475;3,056526;1,594543;1,011848;4,267693;4,127502;3,056526;4,127502;2,093315;4,267693;2,615929;2,615929;1,594543;1,181602;2,093315;1,210213;2,093315;3,056526;1,181602;4,127502;3,056526;3,056526;1,719475;1,210213;1,067162;1,594543;2,615929;2,615929;3,145218;2,615929
"736";"2011-04-01";2,14386;2,532959;2,666473;2,117157;2,117157;2,14386;2,532959;1,838684;2,943039;2,666473;1,38855;1,895905;2,666473;2,14386;2,666473;2,117157;3,889084;1,317978;2,117157;1,304626;2,117157;1,800537;1,64032;1,317978;1,304626;1,317978;2,666473;1,550674;2,666473;2,117157;2,14386;3,889084;2,14386;3,889084;2,14386;2,117157;2,117157;1,800537;1,550674;1,550674;2,117157;1,38855;1,38855;1,304626;2,943039;2,002716;0,9288788;2,002716;1,764297;2,418518;2,418518;1,48201;3,889084;2,002716;1,350403;2,418518;2,002716;2,418518;1,764297;1,764297;1,764297;2,943039;2,555847;1,48201;2,555847;0,9288788;2,555847;1,205444;1,48201;2,418518;1,764297;2,002716;1,838684;1,764297;3,889084;1,838684;2,002716;0,9288788;1,38855;2,555847;2,418518;2,002716;2,418518;2,943039;2,555847;1,764297;1,764297;0,9288788;1,48201;2,943039;1,205444;2,943039;2,002716;1,48201;2,418518;2,002716;2,002716;1,838684;1,205444;1,895905;0,9288788;1,764297;1,764297;3,889084;1,764297
"737";"2011-05-01";2,065659;2,599716;2,17247;3,341675;3,341675;2,065659;2,599716;2,338409;3,339767;2,17247;1,792908;2,046585;2,17247;2,065659;2,17247;3,341675;6,361008;1,087189;3,341675;2,468109;3,341675;2,817154;1,531601;1,087189;2,468109;1,087189;2,17247;2,557755;2,17247;3,341675;2,065659;6,361008;2,065659;6,361008;2,065659;3,341675;3,341675;2,817154;2,557755;2,557755;3,341675;1,792908;1,792908;2,468109;3,339767;2,296448;2,319336;2,296448;3,061295;4,573822;4,573822;2,288818;6,361008;2,296448;1,70517;4,573822;2,296448;4,573822;3,061295;3,061295;3,061295;3,339767;4,18663;2,288818;4,18663;2,319336;4,18663;2,313614;2,288818;4,573822;3,061295;2,296448;2,338409;3,061295;6,361008;2,338409;2,296448;2,319336;1,792908;4,18663;4,573822;2,296448;4,573822;3,339767;4,18663;3,061295;3,061295;2,319336;2,288818;3,339767;2,313614;3,339767;2,296448;2,288818;4,573822;2,296448;2,296448;2,338409;2,313614;2,046585;2,319336;3,061295;3,061295;6,361008;3,061295
"738";"2011-06-01";9,593964;6,877899;5,98526;9,401321;9,401321;9,593964;6,877899;5,861282;10,51903;5,98526;4,873276;7,633209;5,98526;9,593964;5,98526;9,401321;11,06453;4,558563;9,401321;3,976822;9,401321;7,175446;8,296967;4,558563;3,976822;4,558563;5,98526;4,680634;5,98526;9,401321;9,593964;11,06453;9,593964;11,06453;9,593964;9,401321;9,401321;7,175446;4,680634;4,680634;9,401321;4,873276;4,873276;3,976822;10,51903;7,926941;8,522034;7,926941;8,069992;9,439468;9,439468;9,565353;11,06453;7,926941;10,02693;9,439468;7,926941;9,439468;8,069992;8,069992;8,069992;10,51903;10,16235;9,565353;10,16235;8,522034;10,16235;7,051468;9,565353;9,439468;8,069992;7,926941;5,861282;8,069992;11,06453;5,861282;7,926941;8,522034;4,873276;10,16235;9,439468;7,926941;9,439468;10,51903;10,16235;8,069992;8,069992;8,522034;9,565353;10,51903;7,051468;10,51903;7,926941;9,565353;9,439468;7,926941;7,926941;5,861282;7,051468;7,633209;8,522034;8,069992;8,069992;11,06453;8,069992
"739";"2011-07-01";6,177902;5,270004;6,729126;7,577896;7,577896;6,177902;5,270004;5,666733;7,209778;6,729126;4,116058;7,343292;6,729126;6,177902;6,729126;7,577896;8,085251;4,837036;7,577896;4,59671;7,577896;6,521225;5,815506;4,837036;4,59671;4,837036;6,729126;4,676819;6,729126;7,577896;6,177902;8,085251;6,177902;8,085251;6,177902;7,577896;7,577896;6,521225;4,676819;4,676819;7,577896;4,116058;4,116058;4,59671;7,209778;7,181168;8,583069;7,181168;8,480072;7,158279;7,158279;13,03291;8,085251;7,181168;11,41357;7,158279;7,181168;7,158279;8,480072;8,480072;8,480072;7,209778;9,716034;13,03291;9,716034;8,583069;9,716034;13,69095;13,03291;7,158279;8,480072;7,181168;5,666733;8,480072;8,085251;5,666733;7,181168;8,583069;4,116058;9,716034;7,158279;7,181168;7,158279;7,209778;9,716034;8,480072;8,480072;8,583069;13,03291;7,209778;13,69095;7,209778;7,181168;13,03291;7,158279;7,181168;7,181168;5,666733;13,69095;7,343292;8,583069;8,480072;8,480072;8,085251;8,480072
"740";"2011-08-01";2,737045;2,244949;4,106522;4,611969;4,611969;2,737045;2,244949;3,53241;3,196716;4,106522;3,143311;3,973007;4,106522;2,737045;4,106522;4,611969;4,541397;2,248764;4,611969;2,033234;4,611969;4,013062;3,465652;2,248764;2,033234;2,248764;4,106522;2,893448;4,106522;4,611969;2,737045;4,541397;2,737045;4,541397;2,737045;4,611969;4,611969;4,013062;2,893448;2,893448;4,611969;3,143311;3,143311;2,033234;3,196716;2,876282;4,878998;2,876282;3,602982;2,412796;2,412796;5,250931;4,541397;2,876282;5,147934;2,412796;2,876282;2,412796;3,602982;3,602982;3,602982;3,196716;3,898621;5,250931;3,898621;4,878998;3,898621;6,223679;5,250931;2,412796;3,602982;2,876282;3,53241;3,602982;4,541397;3,53241;2,876282;4,878998;3,143311;3,898621;2,412796;2,876282;2,412796;3,196716;3,898621;3,602982;3,602982;4,878998;5,250931;3,196716;6,223679;3,196716;2,876282;5,250931;2,412796;2,876282;2,876282;3,53241;6,223679;3,973007;4,878998;3,602982;3,602982;4,541397;3,602982
"741";"2011-09-01";6,256104;4,032135;6,408691;8,182526;8,182526;6,256104;4,032135;6,164551;6,902695;6,408691;5,245209;4,859924;6,408691;6,256104;6,408691;8,182526;9,752274;4,404068;8,182526;3,631592;8,182526;6,433487;5,441666;4,404068;3,631592;4,404068;6,408691;4,184723;6,408691;8,182526;6,256104;9,752274;6,256104;9,752274;6,256104;8,182526;8,182526;6,433487;4,184723;4,184723;8,182526;5,245209;5,245209;3,631592;6,902695;5,664825;6,347656;5,664825;5,641937;6,20079;6,20079;5,485535;9,752274;5,664825;6,3591;6,20079;5,664825;6,20079;5,641937;5,641937;5,641937;6,902695;5,979538;5,485535;5,979538;6,347656;5,979538;5,210876;5,485535;6,20079;5,641937;5,664825;6,164551;5,641937;9,752274;6,164551;5,664825;6,347656;5,245209;5,979538;6,20079;5,664825;6,20079;6,902695;5,979538;5,641937;5,641937;6,347656;5,485535;6,902695;5,210876;6,902695;5,664825;5,485535;6,20079;5,664825;5,664825;6,164551;5,210876;4,859924;6,347656;5,641937;5,641937;9,752274;5,641937
"742";"2011-10-01";2,235413;2,195358;4,020691;2,344131;2,344131;2,235413;2,195358;2,510071;3,807068;4,020691;1,962662;2,775192;4,020691;2,235413;4,020691;2,344131;4,329681;1,930237;2,344131;2,550125;2,344131;2,202988;1,857758;1,930237;2,550125;1,930237;4,020691;2,309799;4,020691;2,344131;2,235413;4,329681;2,235413;4,329681;2,235413;2,344131;2,344131;2,202988;2,309799;2,309799;2,344131;1,962662;1,962662;2,550125;3,807068;5,346298;2,153397;5,346298;2,985001;6,315231;6,315231;5,970001;4,329681;5,346298;5,744934;6,315231;5,346298;6,315231;2,985001;2,985001;2,985001;3,807068;7,472992;5,970001;7,472992;2,153397;7,472992;4,392624;5,970001;6,315231;2,985001;5,346298;2,510071;2,985001;4,329681;2,510071;5,346298;2,153397;1,962662;7,472992;6,315231;5,346298;6,315231;3,807068;7,472992;2,985001;2,985001;2,153397;5,970001;3,807068;4,392624;3,807068;5,346298;5,970001;6,315231;5,346298;5,346298;2,510071;4,392624;2,775192;2,153397;2,985001;2,985001;4,329681;2,985001
"743";"2011-11-01";0,7553101;0,585556;3,58963;1,283646;1,283646;0,7553101;0,585556;2,33078;1,686096;3,58963;1,541138;1,235962;3,58963;0,7553101;3,58963;1,283646;2,428055;1,457214;1,283646;0,8811951;1,283646;0,825882;0,4501343;1,457214;0,8811951;1,457214;3,58963;1,062393;3,58963;1,283646;0,7553101;2,428055;0,7553101;2,428055;0,7553101;1,283646;1,283646;0,825882;1,062393;1,062393;1,283646;1,541138;1,541138;0,8811951;1,686096;4,745483;2,380371;4,745483;2,42424;2,89917;2,89917;4,066467;2,428055;4,745483;4,371643;2,89917;4,745483;2,89917;2,42424;2,42424;2,42424;1,686096;3,866196;4,066467;3,866196;2,380371;3,866196;3,332138;4,066467;2,89917;2,42424;4,745483;2,33078;2,42424;2,428055;2,33078;4,745483;2,380371;1,541138;3,866196;2,89917;4,745483;2,89917;1,686096;3,866196;2,42424;2,42424;2,380371;4,066467;1,686096;3,332138;1,686096;4,745483;4,066467;2,89917;4,745483;4,745483;2,33078;3,332138;1,235962;2,380371;2,42424;2,42424;2,428055;2,42424
"744";"2011-12-01";0,2346039;0,1487732;0,9059906;0,3414154;0,3414154;0,2346039;0,1487732;0,5092621;0,6504059;0,9059906;0,2689362;0,5569458;0,9059906;0,2346039;0,9059906;0,3414154;0,9269714;0,2613068;0,3414154;0,2365112;0,3414154;0,2117157;0,1544952;0,2613068;0,2365112;0,2613068;0,9059906;0,2536774;0,9059906;0,3414154;0,2346039;0,9269714;0,2346039;0,9269714;0,2346039;0,3414154;0,3414154;0,2117157;0,2536774;0,2536774;0,3414154;0,2689362;0,2689362;0,2365112;0,6504059;2,058029;1,377106;2,058029;0,8487701;1,579285;1,579285;2,96402;0,9269714;2,058029;2,658844;1,579285;2,058029;1,579285;0,8487701;0,8487701;0,8487701;0,6504059;2,151489;2,96402;2,151489;1,377106;2,151489;2,372742;2,96402;1,579285;0,8487701;2,058029;0,5092621;0,8487701;0,9269714;0,5092621;2,058029;1,377106;0,2689362;2,151489;1,579285;2,058029;1,579285;0,6504059;2,151489;0,8487701;0,8487701;1,377106;2,96402;0,6504059;2,372742;0,6504059;2,058029;2,96402;1,579285;2,058029;2,058029;0,5092621;2,372742;0,5569458;1,377106;0,8487701;0,8487701;0,9269714;0,8487701
"745";"2012-01-01";0,2918243;0,2689362;2,914429;0,6561279;0,6561279;0,2918243;0,2689362;1,981735;1,449585;2,914429;1,087189;1,026154;2,914429;0,2918243;2,914429;0,6561279;2,185822;1,062393;0,6561279;0,7762909;0,6561279;0,3013611;0,1220703;1,062393;0,7762909;1,062393;2,914429;0,8277893;2,914429;0,6561279;0,2918243;2,185822;0,2918243;2,185822;0,2918243;0,6561279;0,6561279;0,3013611;0,8277893;0,8277893;0,6561279;1,087189;1,087189;0,7762909;1,449585;4,686356;1,602173;4,686356;2,946854;4,110336;4,110336;3,797531;2,185822;4,686356;5,342484;4,110336;4,686356;4,110336;2,946854;2,946854;2,946854;1,449585;4,585266;3,797531;4,585266;1,602173;4,585266;2,378464;3,797531;4,110336;2,946854;4,686356;1,981735;2,946854;2,185822;1,981735;4,686356;1,602173;1,087189;4,585266;4,110336;4,686356;4,110336;1,449585;4,585266;2,946854;2,946854;1,602173;3,797531;1,449585;2,378464;1,449585;4,686356;3,797531;4,110336;4,686356;4,686356;1,981735;2,378464;1,026154;1,602173;2,946854;2,946854;2,185822;2,946854
"746";"2012-02-01";0,951767;0,875473;4,404068;1,306534;1,306534;0,951767;0,875473;2,347946;1,808167;4,404068;1,194;1,066208;4,404068;0,951767;4,404068;1,306534;3,091812;1,560211;1,306534;1,850128;1,306534;0,9021759;0,7514954;1,560211;1,850128;1,560211;4,404068;1,941681;4,404068;1,306534;0,951767;3,091812;0,951767;3,091812;0,951767;1,306534;1,306534;0,9021759;1,941681;1,941681;1,306534;1,194;1,194;1,850128;1,808167;8,340836;1,464844;8,340836;5,117416;4,631042;4,631042;2,943039;3,091812;8,340836;4,501343;4,631042;8,340836;4,631042;5,117416;5,117416;5,117416;1,808167;3,801346;2,943039;3,801346;1,464844;3,801346;1,695633;2,943039;4,631042;5,117416;8,340836;2,347946;5,117416;3,091812;2,347946;8,340836;1,464844;1,194;3,801346;4,631042;8,340836;4,631042;1,808167;3,801346;5,117416;5,117416;1,464844;2,943039;1,808167;1,695633;1,808167;8,340836;2,943039;4,631042;8,340836;8,340836;2,347946;1,695633;1,066208;1,464844;5,117416;5,117416;3,091812;5,117416
"747";"2012-03-01";1,096725;1,123428;3,05748;1,689911;1,689911;1,096725;1,123428;2,016068;2,388;3,05748;1,523972;1,039505;3,05748;1,096725;3,05748;1,689911;4,032135;1,817703;1,689911;2,714157;1,689911;1,384735;0,9021759;1,817703;2,714157;1,817703;3,05748;2,241135;3,05748;1,689911;1,096725;4,032135;1,096725;4,032135;1,096725;1,689911;1,689911;1,384735;2,241135;2,241135;1,689911;1,523972;1,523972;2,714157;2,388;4,522324;0,4653931;4,522324;2,845764;5,813599;5,813599;0,667572;4,032135;4,522324;1,131058;5,813599;4,522324;5,813599;2,845764;2,845764;2,845764;2,388;4,556656;0,667572;4,556656;0,4653931;4,556656;0,4329681;0,667572;5,813599;2,845764;4,522324;2,016068;2,845764;4,032135;2,016068;4,522324;0,4653931;1,523972;4,556656;5,813599;4,522324;5,813599;2,388;4,556656;2,845764;2,845764;0,4653931;0,667572;2,388;0,4329681;2,388;4,522324;0,667572;5,813599;4,522324;4,522324;2,016068;0,4329681;1,039505;0,4653931;2,845764;2,845764;4,032135;2,845764
"748";"2012-04-01";1,821518;2,103806;3,707886;1,973152;1,973152;1,821518;2,103806;3,417969;3,791809;3,707886;1,43528;1,897812;3,707886;1,821518;3,707886;1,973152;4,787445;1,487732;1,973152;1,970291;1,973152;1,876831;1,374245;1,487732;1,970291;1,487732;3,707886;1,777649;3,707886;1,973152;1,821518;4,787445;1,821518;4,787445;1,821518;1,973152;1,973152;1,876831;1,777649;1,777649;1,973152;1,43528;1,43528;1,970291;3,791809;7,833481;2,757072;7,833481;6,616592;8,359909;8,359909;3,70121;4,787445;7,833481;4,270554;8,359909;7,833481;8,359909;6,616592;6,616592;6,616592;3,791809;6,896019;3,70121;6,896019;2,757072;6,896019;3,089905;3,70121;8,359909;6,616592;7,833481;3,417969;6,616592;4,787445;3,417969;7,833481;2,757072;1,43528;6,896019;8,359909;7,833481;8,359909;3,791809;6,896019;6,616592;6,616592;2,757072;3,70121;3,791809;3,089905;3,791809;7,833481;3,70121;8,359909;7,833481;7,833481;3,417969;3,089905;1,897812;2,757072;6,616592;6,616592;4,787445;6,616592
"749";"2012-05-01";2,176285;2,880096;4,245758;2,643585;2,643585;2,176285;2,880096;3,376007;3,479004;4,245758;1,825333;2,441406;4,245758;2,176285;4,245758;2,643585;5,615234;2,086639;2,643585;2,836227;2,643585;2,220154;1,943588;2,086639;2,836227;2,086639;4,245758;2,416611;4,245758;2,643585;2,176285;5,615234;2,176285;5,615234;2,176285;2,643585;2,643585;2,220154;2,416611;2,416611;2,643585;1,825333;1,825333;2,836227;3,479004;6,521225;3,585815;6,521225;6,355286;5,483627;5,483627;2,716064;5,615234;6,521225;2,971649;5,483627;6,521225;5,483627;6,355286;6,355286;6,355286;3,479004;6,732941;2,716064;6,732941;3,585815;6,732941;1,890182;2,716064;5,483627;6,355286;6,521225;3,376007;6,355286;5,615234;3,376007;6,521225;3,585815;1,825333;6,732941;5,483627;6,521225;5,483627;3,479004;6,732941;6,355286;6,355286;3,585815;2,716064;3,479004;1,890182;3,479004;6,521225;2,716064;5,483627;6,521225;6,521225;3,376007;1,890182;2,441406;3,585815;6,355286;6,355286;5,615234;6,355286
"750";"2012-06-01";8,602142;7,427216;9,078979;8,792877;8,792877;8,602142;7,427216;5,82695;10,25391;9,078979;5,138397;8,005142;9,078979;8,602142;9,078979;8,792877;12,41112;7,274628;8,792877;7,738113;8,792877;7,352829;8,182526;7,274628;7,738113;7,274628;9,078979;5,887985;9,078979;8,792877;8,602142;12,41112;8,602142;12,41112;8,602142;8,792877;8,792877;7,352829;5,887985;5,887985;8,792877;5,138397;5,138397;7,738113;10,25391;10,55527;10,22339;10,55527;7,602692;15,04707;15,04707;14,6389;12,41112;10,55527;18,82172;15,04707;10,55527;15,04707;7,602692;7,602692;7,602692;10,25391;12,80403;14,6389;12,80403;10,22339;12,80403;13,13782;14,6389;15,04707;7,602692;10,55527;5,82695;7,602692;12,41112;5,82695;10,55527;10,22339;5,138397;12,80403;15,04707;10,55527;15,04707;10,25391;12,80403;7,602692;7,602692;10,22339;14,6389;10,25391;13,13782;10,25391;10,55527;14,6389;15,04707;10,55527;10,55527;5,82695;13,13782;8,005142;10,22339;7,602692;7,602692;12,41112;7,602692
"751";"2012-07-01";3,473282;2,311707;4,173279;5,632401;5,632401;3,473282;2,311707;3,051758;3,3741;4,173279;3,738403;2,960205;4,173279;3,473282;4,173279;5,632401;5,298615;4,571915;5,632401;5,977631;5,632401;5,084991;3,593445;4,571915;5,977631;4,571915;4,173279;5,32341;4,173279;5,632401;3,473282;5,298615;3,473282;5,298615;3,473282;5,632401;5,632401;5,084991;5,32341;5,32341;5,632401;3,738403;3,738403;5,977631;3,3741;3,427505;5,592346;3,427505;3,684998;3,305435;3,305435;5,519867;5,298615;3,427505;3,166199;3,305435;3,427505;3,305435;3,684998;3,684998;3,684998;3,3741;3,528595;5,519867;3,528595;5,592346;3,528595;7,001877;5,519867;3,305435;3,684998;3,427505;3,051758;3,684998;5,298615;3,051758;3,427505;5,592346;3,738403;3,528595;3,305435;3,427505;3,305435;3,3741;3,528595;3,684998;3,684998;5,592346;5,519867;3,3741;7,001877;3,3741;3,427505;5,519867;3,305435;3,427505;3,427505;3,051758;7,001877;2,960205;5,592346;3,684998;3,684998;5,298615;3,684998
"752";"2012-08-01";8,394241;6,633759;8,836746;8,546829;8,546829;8,394241;6,633759;8,466721;9,466171;8,836746;7,535934;8,554459;8,836746;8,394241;8,836746;8,546829;9,943008;6,635666;8,546829;6,393433;8,546829;7,177353;7,040024;6,635666;6,393433;6,635666;8,836746;7,102966;8,836746;8,546829;8,394241;9,943008;8,394241;9,943008;8,394241;8,546829;8,546829;7,177353;7,102966;7,102966;8,546829;7,535934;7,535934;6,393433;9,466171;9,708405;9,395599;9,708405;9,067535;9,468079;9,468079;10,81467;9,943008;9,708405;11,446;9,468079;9,708405;9,468079;9,067535;9,067535;9,067535;9,466171;10,36453;10,81467;10,36453;9,395599;10,36453;11,87134;10,81467;9,468079;9,067535;9,708405;8,466721;9,067535;9,943008;8,466721;9,708405;9,395599;7,535934;10,36453;9,468079;9,708405;9,468079;9,466171;10,36453;9,067535;9,067535;9,395599;10,81467;9,466171;11,87134;9,466171;9,708405;10,81467;9,468079;9,708405;9,708405;8,466721;11,87134;8,554459;9,395599;9,067535;9,067535;9,943008;9,067535
"753";"2012-09-01";4,51088;3,400803;4,795074;5,220413;5,220413;4,51088;3,400803;4,482269;5,573273;4,795074;3,913879;4,589081;4,795074;4,51088;4,795074;5,220413;6,357193;2,986908;5,220413;2,906799;5,220413;4,760742;3,885269;2,986908;2,906799;2,986908;4,795074;3,59726;4,795074;5,220413;4,51088;6,357193;4,51088;6,357193;4,51088;5,220413;5,220413;4,760742;3,59726;3,59726;5,220413;3,913879;3,913879;2,906799;5,573273;4,686356;3,746033;4,686356;4,869461;5,489349;5,489349;5,966187;6,357193;4,686356;5,401611;5,489349;4,686356;5,489349;4,869461;4,869461;4,869461;5,573273;6,032944;5,966187;6,032944;3,746033;6,032944;6,542206;5,966187;5,489349;4,869461;4,686356;4,482269;4,869461;6,357193;4,482269;4,686356;3,746033;3,913879;6,032944;5,489349;4,686356;5,489349;5,573273;6,032944;4,869461;4,869461;3,746033;5,966187;5,573273;6,542206;5,573273;4,686356;5,966187;5,489349;4,686356;4,686356;4,482269;6,542206;4,589081;3,746033;4,869461;4,869461;6,357193;4,869461
"754";"2012-10-01";1,3237;1,134872;2,897263;1,243591;1,243591;1,3237;1,134872;1,878738;3,389359;2,897263;1,182556;2,563477;2,897263;1,3237;2,897263;1,243591;3,341675;0,8869171;1,243591;0,4749298;1,243591;1,20163;0,7953644;0,8869171;0,4749298;0,8869171;2,897263;0,7591248;2,897263;1,243591;1,3237;3,341675;1,3237;3,341675;1,3237;1,243591;1,243591;1,20163;0,7591248;0,7591248;1,243591;1,182556;1,182556;0,4749298;3,389359;5,558014;2,977371;5,558014;2,317429;6,528854;6,528854;5,723953;3,341675;5,558014;5,45311;6,528854;5,558014;6,528854;2,317429;2,317429;2,317429;3,389359;7,377625;5,723953;7,377625;2,977371;7,377625;5,308151;5,723953;6,528854;2,317429;5,558014;1,878738;2,317429;3,341675;1,878738;5,558014;2,977371;1,182556;7,377625;6,528854;5,558014;6,528854;3,389359;7,377625;2,317429;2,317429;2,977371;5,723953;3,389359;5,308151;3,389359;5,558014;5,723953;6,528854;5,558014;5,558014;1,878738;5,308151;2,563477;2,977371;2,317429;2,317429;3,341675;2,317429
"755";"2012-11-01";0,3585815;0,3547668;2,477646;0,6713867;0,6713867;0,3585815;0,3547668;1,377106;1,865387;2,477646;0,7686615;1,16539;2,477646;0,3585815;2,477646;0,6713867;2,653122;0,6160736;0,6713867;0,4577637;0,6713867;0,1735687;0,0743866;0,6160736;0,4577637;0,6160736;2,477646;0,6408691;2,477646;0,6713867;0,3585815;2,653122;0,3585815;2,653122;0,3585815;0,6713867;0,6713867;0,1735687;0,6408691;0,6408691;0,6713867;0,7686615;0,7686615;0,4577637;1,865387;5,397797;2,944946;5,397797;2,264023;4,777908;4,777908;3,770828;2,653122;5,397797;3,959656;4,777908;5,397797;4,777908;2,264023;2,264023;2,264023;1,865387;5,186081;3,770828;5,186081;2,944946;5,186081;3,353119;3,770828;4,777908;2,264023;5,397797;1,377106;2,264023;2,653122;1,377106;5,397797;2,944946;0,7686615;5,186081;4,777908;5,397797;4,777908;1,865387;5,186081;2,264023;2,264023;2,944946;3,770828;1,865387;3,353119;1,865387;5,397797;3,770828;4,777908;5,397797;5,397797;1,377106;3,353119;1,16539;2,944946;2,264023;2,264023;2,653122;2,264023
"756";"2012-12-01";0,06961823;0,07534027;1,44577;0,1878738;0,1878738;0,06961823;0,07534027;0,5407333;0,790596;1,44577;0,1811981;0,3499985;1,44577;0,06961823;1,44577;0,1878738;1,031876;0,2584457;0,1878738;0,0629425;0,1878738;0,02002716;0,004768372;0,2584457;0,0629425;0,2584457;1,44577;0,08678436;1,44577;0,1878738;0,06961823;1,031876;0,06961823;1,031876;0,06961823;0,1878738;0,1878738;0,02002716;0,08678436;0,08678436;0,1878738;0,1811981;0,1811981;0,0629425;0,790596;3,734589;0,6189346;3,734589;1,325607;2,681732;2,681732;1,662254;1,031876;3,734589;2,491951;2,681732;3,734589;2,681732;1,325607;1,325607;1,325607;0,790596;2,408981;1,662254;2,408981;0,6189346;2,408981;0,6971359;1,662254;2,681732;1,325607;3,734589;0,5407333;1,325607;1,031876;0,5407333;3,734589;0,6189346;0,1811981;2,408981;2,681732;3,734589;2,681732;0,790596;2,408981;1,325607;1,325607;0,6189346;1,662254;0,790596;0,6971359;0,790596;3,734589;1,662254;2,681732;3,734589;3,734589;0,5407333;0,6971359;0,3499985;0,6189346;1,325607;1,325607;1,031876;1,325607
"757";"2013-01-01";0,213623;0,2288818;2,046585;0,3814697;0,3814697;0,213623;0,2288818;0,7953644;1,571655;2,046585;0,4177094;0,5931854;2,046585;0,213623;2,046585;0,3814697;1,987457;0,4997253;0,3814697;0,4634857;0,3814697;0,2498627;0,1335144;0,4997253;0,4634857;0,4997253;2,046585;0,5970001;2,046585;0,3814697;0,213623;1,987457;0,213623;1,987457;0,213623;0,3814697;0,3814697;0,2498627;0,5970001;0,5970001;0,3814697;0,4177094;0,4177094;0,4634857;1,571655;5,64003;0,8926392;5,64003;1,73378;5,357742;5,357742;2,677917;1,987457;5,64003;3,412247;5,357742;5,64003;5,357742;1,73378;1,73378;1,73378;1,571655;4,753113;2,677917;4,753113;0,8926392;4,753113;1,457214;2,677917;5,357742;1,73378;5,64003;0,7953644;1,73378;1,987457;0,7953644;5,64003;0,8926392;0,4177094;4,753113;5,357742;5,64003;5,357742;1,571655;4,753113;1,73378;1,73378;0,8926392;2,677917;1,571655;1,457214;1,571655;5,64003;2,677917;5,357742;5,64003;5,64003;0,7953644;1,457214;0,5931854;0,8926392;1,73378;1,73378;1,987457;1,73378
"758";"2013-02-01";0,1182556;0,1316071;1,70517;0,164032;0,164032;0,1182556;0,1316071;0,6389618;1,432419;1,70517;0,1506805;0,453949;1,70517;0,1182556;1,70517;0,164032;1,626968;0,1220703;0,164032;0,07247925;0,164032;0,04196167;0,04005432;0,1220703;0,07247925;0,1220703;1,70517;0,1239777;1,70517;0,164032;0,1182556;1,626968;0,1182556;1,626968;0,1182556;0,164032;0,164032;0,04196167;0,1239777;0,1239777;0,164032;0,1506805;0,1506805;0,07247925;1,432419;6,361008;2,485275;6,361008;2,031326;5,414963;5,414963;4,804611;1,626968;6,361008;5,233765;5,414963;6,361008;5,414963;2,031326;2,031326;2,031326;1,432419;4,327774;4,804611;4,327774;2,485275;4,327774;2,965927;4,804611;5,414963;2,031326;6,361008;0,6389618;2,031326;1,626968;0,6389618;6,361008;2,485275;0,1506805;4,327774;5,414963;6,361008;5,414963;1,432419;4,327774;2,031326;2,031326;2,485275;4,804611;1,432419;2,965927;1,432419;6,361008;4,804611;5,414963;6,361008;6,361008;0,6389618;2,965927;0,453949;2,485275;2,031326;2,031326;1,626968;2,031326
"759";"2013-03-01";0,629425;0,6351471;2,113342;0,743866;0,743866;0,629425;0,6351471;0,9708405;1,514435;2,113342;0,6561279;1,012802;2,113342;0,629425;2,113342;0,743866;1,783371;0,8010864;0,743866;1,468658;0,743866;0,6084442;0,3433228;0,8010864;1,468658;0,8010864;2,113342;1,010895;2,113342;0,743866;0,629425;1,783371;0,629425;1,783371;0,629425;0,743866;0,743866;0,6084442;1,010895;1,010895;0,743866;0,6561279;0,6561279;1,468658;1,514435;5,094528;1,041412;5,094528;2,004623;3,135681;3,135681;3,307343;1,783371;5,094528;4,02832;3,135681;5,094528;3,135681;2,004623;2,004623;2,004623;1,514435;3,639221;3,307343;3,639221;1,041412;3,639221;1,943588;3,307343;3,135681;2,004623;5,094528;0,9708405;2,004623;1,783371;0,9708405;5,094528;1,041412;0,6561279;3,639221;3,135681;5,094528;3,135681;1,514435;3,639221;2,004623;2,004623;1,041412;3,307343;1,514435;1,943588;1,514435;5,094528;3,307343;3,135681;5,094528;5,094528;0,9708405;1,943588;1,012802;1,041412;2,004623;2,004623;1,783371;2,004623
"760";"2013-04-01";1,327515;1,613617;4,079819;2,212524;2,212524;1,327515;1,613617;3,330231;3,797531;4,079819;1,485825;1,567841;4,079819;1,327515;4,079819;2,212524;6,896973;1,3237;2,212524;2,307892;2,212524;1,319885;1,140594;1,3237;2,307892;1,3237;4,079819;2,20108;4,079819;2,212524;1,327515;6,896973;1,327515;6,896973;1,327515;2,212524;2,212524;1,319885;2,20108;2,20108;2,212524;1,485825;1,485825;2,307892;3,797531;7,646561;1,731873;7,646561;5,537033;10,60104;10,60104;3,490448;6,896973;7,646561;4,88472;10,60104;7,646561;10,60104;5,537033;5,537033;5,537033;3,797531;8,533478;3,490448;8,533478;1,731873;8,533478;2,714157;3,490448;10,60104;5,537033;7,646561;3,330231;5,537033;6,896973;3,330231;7,646561;1,731873;1,485825;8,533478;10,60104;7,646561;10,60104;3,797531;8,533478;5,537033;5,537033;1,731873;3,490448;3,797531;2,714157;3,797531;7,646561;3,490448;10,60104;7,646561;7,646561;3,330231;2,714157;1,567841;1,731873;5,537033;5,537033;6,896973;5,537033
"761";"2013-05-01";2,256393;1,636505;4,756927;2,655029;2,655029;2,256393;1,636505;3,545761;3,616333;4,756927;2,43187;2,288818;4,756927;2,256393;4,756927;2,655029;6,046295;2,39563;2,655029;3,074646;2,655029;2,473831;2,07901;2,39563;3,074646;2,39563;4,756927;2,307892;4,756927;2,655029;2,256393;6,046295;2,256393;6,046295;2,256393;2,655029;2,655029;2,473831;2,307892;2,307892;2,655029;2,43187;2,43187;3,074646;3,616333;5,38826;3,686905;5,38826;4,459381;5,908966;5,908966;2,950668;6,046295;5,38826;3,15094;5,908966;5,38826;5,908966;4,459381;4,459381;4,459381;3,616333;5,657196;2,950668;5,657196;3,686905;5,657196;3,404617;2,950668;5,908966;4,459381;5,38826;3,545761;4,459381;6,046295;3,545761;5,38826;3,686905;2,43187;5,657196;5,908966;5,38826;5,908966;3,616333;5,657196;4,459381;4,459381;3,686905;2,950668;3,616333;3,404617;3,616333;5,38826;2,950668;5,908966;5,38826;5,38826;3,545761;3,404617;2,288818;3,686905;4,459381;4,459381;6,046295;4,459381
"762";"2013-06-01";5,887985;5,048752;9,79805;7,411957;7,411957;5,887985;5,048752;7,717133;7,413864;9,79805;5,853653;5,718231;9,79805;5,887985;9,79805;7,411957;12,56371;6,326675;7,411957;5,395889;7,411957;5,151749;4,838943;6,326675;5,395889;6,326675;9,79805;5,53894;9,79805;7,411957;5,887985;12,56371;5,887985;12,56371;5,887985;7,411957;7,411957;5,151749;5,53894;5,53894;7,411957;5,853653;5,853653;5,395889;7,413864;9,847641;12,17842;9,847641;9,290695;9,084702;9,084702;8,25119;12,56371;9,847641;6,912231;9,084702;9,847641;9,084702;9,290695;9,290695;9,290695;7,413864;7,780075;8,25119;7,780075;12,17842;7,780075;9,363174;8,25119;9,084702;9,290695;9,847641;7,717133;9,290695;12,56371;7,717133;9,847641;12,17842;5,853653;7,780075;9,084702;9,847641;9,084702;7,413864;7,780075;9,290695;9,290695;12,17842;8,25119;7,413864;9,363174;7,413864;9,847641;8,25119;9,084702;9,847641;9,847641;7,717133;9,363174;5,718231;12,17842;9,290695;9,290695;12,56371;9,290695
"763";"2013-07-01";3,662109;2,761841;4,524231;4,108429;4,108429;3,662109;2,761841;4,325867;3,829956;4,524231;3,46756;3,604889;4,524231;3,662109;4,524231;4,108429;4,79126;3,913879;4,108429;4,398346;4,108429;5,210876;4,261017;3,913879;4,398346;3,913879;4,524231;3,887177;4,524231;4,108429;3,662109;4,79126;3,662109;4,79126;3,662109;4,108429;4,108429;5,210876;3,887177;3,887177;4,108429;3,46756;3,46756;4,398346;3,829956;4,486084;5,821228;4,486084;4,772186;3,990173;3,990173;6,187439;4,79126;4,486084;4,940033;3,990173;4,486084;3,990173;4,772186;4,772186;4,772186;3,829956;4,59671;6,187439;4,59671;5,821228;4,59671;7,915497;6,187439;3,990173;4,772186;4,486084;4,325867;4,772186;4,79126;4,325867;4,486084;5,821228;3,46756;4,59671;3,990173;4,486084;3,990173;3,829956;4,59671;4,772186;4,772186;5,821228;6,187439;3,829956;7,915497;3,829956;4,486084;6,187439;3,990173;4,486084;4,486084;4,325867;7,915497;3,604889;5,821228;4,772186;4,772186;4,79126;4,772186
"764";"2013-08-01";4,411697;3,284454;6,536484;5,338669;5,338669;4,411697;3,284454;7,268906;4,75502;6,536484;5,95665;4,634857;6,536484;4,411697;6,536484;5,338669;6,04248;4,213333;5,338669;3,986359;5,338669;4,901886;4,142761;4,213333;3,986359;4,213333;6,536484;5,197525;6,536484;5,338669;4,411697;6,04248;4,411697;6,04248;4,411697;5,338669;5,338669;4,901886;5,197525;5,197525;5,338669;5,95665;5,95665;3,986359;4,75502;6,147385;6,835938;6,147385;7,751465;3,952026;3,952026;5,60379;6,04248;6,147385;4,369736;3,952026;6,147385;3,952026;7,751465;7,751465;7,751465;4,75502;4,40979;5,60379;4,40979;6,835938;4,40979;7,076263;5,60379;3,952026;7,751465;6,147385;7,268906;7,751465;6,04248;7,268906;6,147385;6,835938;5,95665;4,40979;3,952026;6,147385;3,952026;4,75502;4,40979;7,751465;7,751465;6,835938;5,60379;4,75502;7,076263;4,75502;6,147385;5,60379;3,952026;6,147385;6,147385;7,268906;7,076263;4,634857;6,835938;7,751465;7,751465;6,04248;7,751465
"765";"2013-09-01";11,03783;8,268356;11,85608;11,85036;11,85036;11,03783;8,268356;12,0182;11,59096;11,85608;9,634018;10,23102;11,85608;11,03783;11,85608;11,85036;12,27379;9,645462;11,85036;9,0065;11,85036;11,10268;11,64627;9,645462;9,0065;9,645462;11,85608;8,565903;11,85608;11,85036;11,03783;12,27379;11,03783;12,27379;11,03783;11,85036;11,85036;11,10268;8,565903;8,565903;11,85036;9,634018;9,634018;9,0065;11,59096;13,68904;16,89529;13,68904;12,81548;12,03728;12,03728;22,89581;12,27379;13,68904;20,70236;12,03728;13,68904;12,03728;12,81548;12,81548;12,81548;11,59096;13,11684;22,89581;13,11684;16,89529;13,11684;18,33916;22,89581;12,03728;12,81548;13,68904;12,0182;12,81548;12,27379;12,0182;13,68904;16,89529;9,634018;13,11684;12,03728;13,68904;12,03728;11,59096;13,11684;12,81548;12,81548;16,89529;22,89581;11,59096;18,33916;11,59096;13,68904;22,89581;12,03728;13,68904;13,68904;12,0182;18,33916;10,23102;16,89529;12,81548;12,81548;12,27379;12,81548
"766";"2013-10-01";2,502441;1,819611;5,498886;3,549576;3,549576;2,502441;1,819611;5,720139;4,09317;5,498886;4,484177;3,177643;5,498886;2,502441;5,498886;3,549576;4,69017;3,59726;3,549576;2,561569;3,549576;2,557755;1,693726;3,59726;2,561569;3,59726;5,498886;3,480911;5,498886;3,549576;2,502441;4,69017;2,502441;4,69017;2,502441;3,549576;3,549576;2,557755;3,480911;3,480911;3,549576;4,484177;4,484177;2,561569;4,09317;6,122589;6,362915;6,122589;6,509781;5,292892;5,292892;5,590439;4,69017;6,122589;5,786896;5,292892;6,122589;5,292892;6,509781;6,509781;6,509781;4,09317;5,899429;5,590439;5,899429;6,362915;5,899429;6,584167;5,590439;5,292892;6,509781;6,122589;5,720139;6,509781;4,69017;5,720139;6,122589;6,362915;4,484177;5,899429;5,292892;6,122589;5,292892;4,09317;5,899429;6,509781;6,509781;6,362915;5,590439;4,09317;6,584167;4,09317;6,122589;5,590439;5,292892;6,122589;6,122589;5,720139;6,584167;3,177643;6,362915;6,509781;6,509781;4,69017;6,509781
"767";"2013-11-01";1,501083;1,371384;4,87709;2,153397;2,153397;1,501083;1,371384;4,434586;3,475189;4,87709;3,200531;2,58255;4,87709;1,501083;4,87709;2,153397;4,487991;2,464294;2,153397;2,132416;2,153397;1,461029;0,995636;2,464294;2,132416;2,464294;4,87709;2,391815;4,87709;2,153397;1,501083;4,487991;1,501083;4,487991;1,501083;2,153397;2,153397;1,461029;2,391815;2,391815;2,153397;3,200531;3,200531;2,132416;3,475189;6,465912;5,104065;6,465912;5,119324;5,752563;5,752563;6,969452;4,487991;6,465912;8,581161;5,752563;6,465912;5,752563;5,119324;5,119324;5,119324;3,475189;6,723404;6,969452;6,723404;5,104065;6,723404;5,451202;6,969452;5,752563;5,119324;6,465912;4,434586;5,119324;4,487991;4,434586;6,465912;5,104065;3,200531;6,723404;5,752563;6,465912;5,752563;3,475189;6,723404;5,119324;5,119324;5,104065;6,969452;3,475189;5,451202;3,475189;6,465912;6,969452;5,752563;6,465912;6,465912;4,434586;5,451202;2,58255;5,104065;5,119324;5,119324;4,487991;5,119324
"768";"2013-12-01";0,2689362;0,2727509;2,624512;0,6732941;0,6732941;0,2689362;0,2727509;1,249313;0,8792877;2,624512;0,7743835;0,8602142;2,624512;0,2689362;2,624512;0,6732941;1,691818;0,8430481;0,6732941;0,5626678;0,6732941;0,213623;0,1564026;0,8430481;0,5626678;0,8430481;2,624512;0,6752014;2,624512;0,6732941;0,2689362;1,691818;0,2689362;1,691818;0,2689362;0,6732941;0,6732941;0,213623;0,6752014;0,6752014;0,6732941;0,7743835;0,7743835;0,5626678;0,8792877;4,156113;1,13678;4,156113;1,464844;2,420425;2,420425;3,437042;1,691818;4,156113;3,940582;2,420425;4,156113;2,420425;1,464844;1,464844;1,464844;0,8792877;3,311157;3,437042;3,311157;1,13678;3,311157;2,229691;3,437042;2,420425;1,464844;4,156113;1,249313;1,464844;1,691818;1,249313;4,156113;1,13678;0,7743835;3,311157;2,420425;4,156113;2,420425;0,8792877;3,311157;1,464844;1,464844;1,13678;3,437042;0,8792877;2,229691;0,8792877;4,156113;3,437042;2,420425;4,156113;4,156113;1,249313;2,229691;0,8602142;1,13678;1,464844;1,464844;1,691818;1,464844
"769";"2014-01-01";0,2479553;0,2155304;1,970291;0,5550385;0,5550385;0,2479553;0,2155304;0,8506775;1,249313;1,970291;0,5493164;0,6103516;1,970291;0,2479553;1,970291;0,5550385;1,939774;0,6465912;0,5550385;0,7343292;0,5550385;0,2365112;0,169754;0,6465912;0,7343292;0,6465912;1,970291;0,5531311;1,970291;0,5550385;0,2479553;1,939774;0,2479553;1,939774;0,2479553;0,5550385;0,5550385;0,2365112;0,5531311;0,5531311;0,5550385;0,5493164;0,5493164;0,7343292;1,249313;3,721237;0,6828308;3,721237;1,382828;3,557205;3,557205;1,811981;1,939774;3,721237;2,550125;3,557205;3,721237;3,557205;1,382828;1,382828;1,382828;1,249313;3,677368;1,811981;3,677368;0,6828308;3,677368;1,094818;1,811981;3,557205;1,382828;3,721237;0,8506775;1,382828;1,939774;0,8506775;3,721237;0,6828308;0,5493164;3,677368;3,557205;3,721237;3,557205;1,249313;3,677368;1,382828;1,382828;0,6828308;1,811981;1,249313;1,094818;1,249313;3,721237;1,811981;3,557205;3,721237;3,721237;0,8506775;1,094818;0,6103516;0,6828308;1,382828;1,382828;1,939774;1,382828
"770";"2014-02-01";0,207901;0,1831055;1,966476;0,3471375;0,3471375;0,207901;0,1831055;0,5187988;1,4534;1,966476;0,2307892;0,377655;1,966476;0,207901;1,966476;0,3471375;1,844406;0,2994537;0,3471375;0,2479553;0,3471375;0,1792908;0,0629425;0,2994537;0,2479553;0,2994537;1,966476;0,2765656;1,966476;0,3471375;0,207901;1,844406;0,207901;1,844406;0,207901;0,3471375;0,3471375;0,1792908;0,2765656;0,2765656;0,3471375;0,2307892;0,2307892;0,2479553;1,4534;5,868912;0,8182526;5,868912;1,356125;4,951477;4,951477;2,111435;1,844406;5,868912;1,976013;4,951477;5,868912;4,951477;1,356125;1,356125;1,356125;1,4534;3,217697;2,111435;3,217697;0,8182526;3,217697;1,9207;2,111435;4,951477;1,356125;5,868912;0,5187988;1,356125;1,844406;0,5187988;5,868912;0,8182526;0,2307892;3,217697;4,951477;5,868912;4,951477;1,4534;3,217697;1,356125;1,356125;0,8182526;2,111435;1,4534;1,9207;1,4534;5,868912;2,111435;4,951477;5,868912;5,868912;0,5187988;1,9207;0,377655;0,8182526;1,356125;1,356125;1,844406;1,356125
"771";"2014-03-01";0,629425;0,4863739;3,896713;1,045227;1,045227;0,629425;0,4863739;2,332687;2,336502;3,896713;1,10817;1,066208;3,896713;0,629425;3,896713;1,045227;3,580093;1,211166;1,045227;1,464844;1,045227;0,5531311;0,3356934;1,211166;1,464844;1,211166;3,896713;1,350403;3,896713;1,045227;0,629425;3,580093;0,629425;3,580093;0,629425;1,045227;1,045227;0,5531311;1,350403;1,350403;1,045227;1,10817;1,10817;1,464844;2,336502;8,031845;1,457214;8,031845;5,022049;7,02095;7,02095;4,055023;3,580093;8,031845;5,582809;7,02095;8,031845;7,02095;5,022049;5,022049;5,022049;2,336502;5,73349;4,055023;5,73349;1,457214;5,73349;2,725601;4,055023;7,02095;5,022049;8,031845;2,332687;5,022049;3,580093;2,332687;8,031845;1,457214;1,10817;5,73349;7,02095;8,031845;7,02095;2,336502;5,73349;5,022049;5,022049;1,457214;4,055023;2,336502;2,725601;2,336502;8,031845;4,055023;7,02095;8,031845;8,031845;2,332687;2,725601;1,066208;1,457214;5,022049;5,022049;3,580093;5,022049
"772";"2014-04-01";1,508713;1,38855;3,519058;2,038956;2,038956;1,508713;1,38855;2,830505;3,639221;3,519058;1,300812;1,569748;3,519058;1,508713;3,519058;2,038956;5,405426;1,420975;2,038956;1,422882;2,038956;1,573563;1,211166;1,420975;1,422882;1,420975;3,519058;1,47438;3,519058;2,038956;1,508713;5,405426;1,508713;5,405426;1,508713;2,038956;2,038956;1,573563;1,47438;1,47438;2,038956;1,300812;1,300812;1,422882;3,639221;6,89888;2,281189;6,89888;5,119324;8,010864;8,010864;3,725052;5,405426;6,89888;4,432678;8,010864;6,89888;8,010864;5,119324;5,119324;5,119324;3,639221;6,17218;3,725052;6,17218;2,281189;6,17218;3,810883;3,725052;8,010864;5,119324;6,89888;2,830505;5,119324;5,405426;2,830505;6,89888;2,281189;1,300812;6,17218;8,010864;6,89888;8,010864;3,639221;6,17218;5,119324;5,119324;2,281189;3,725052;3,639221;3,810883;3,639221;6,89888;3,725052;8,010864;6,89888;6,89888;2,830505;3,810883;1,569748;2,281189;5,119324;5,119324;5,405426;5,119324
"773";"2014-05-01";9,094238;8,674622;8,010864;7,839203;7,839203;9,094238;8,674622;6,372452;11,52611;8,010864;5,008698;8,464813;8,010864;9,094238;8,010864;7,839203;10,93864;5,460739;7,839203;8,443832;7,839203;7,902145;7,068634;5,460739;8,443832;5,460739;8,010864;6,620407;8,010864;7,839203;9,094238;10,93864;9,094238;10,93864;9,094238;7,839203;7,839203;7,902145;6,620407;6,620407;7,839203;5,008698;5,008698;8,443832;11,52611;11,51276;6,357193;11,51276;8,472443;12,07352;12,07352;7,154465;10,93864;11,51276;8,029938;12,07352;11,51276;12,07352;8,472443;8,472443;8,472443;11,52611;12,02011;7,154465;12,02011;6,357193;12,02011;6,580353;7,154465;12,07352;8,472443;11,51276;6,372452;8,472443;10,93864;6,372452;11,51276;6,357193;5,008698;12,02011;12,07352;11,51276;12,07352;11,52611;12,02011;8,472443;8,472443;6,357193;7,154465;11,52611;6,580353;11,52611;11,51276;7,154465;12,07352;11,51276;11,51276;6,372452;6,580353;8,464813;6,357193;8,472443;8,472443;10,93864;8,472443
"774";"2014-06-01";10,54192;8,987427;8,239746;11,31821;11,31821;10,54192;8,987427;6,68335;11,20377;8,239746;6,958008;9,841919;8,239746;10,54192;8,239746;11,31821;11,9381;7,59697;11,31821;8,22258;11,31821;9,145737;8,777618;7,59697;8,22258;7,59697;8,239746;7,846832;8,239746;11,31821;10,54192;11,9381;10,54192;11,9381;10,54192;11,31821;11,31821;9,145737;7,846832;7,846832;11,31821;6,958008;6,958008;8,22258;11,20377;7,379532;9,140015;7,379532;7,787704;7,75528;7,75528;7,61795;11,9381;7,379532;6,814957;7,75528;7,379532;7,75528;7,787704;7,787704;7,787704;11,20377;7,640839;7,61795;7,640839;9,140015;7,640839;8,325577;7,61795;7,75528;7,787704;7,379532;6,68335;7,787704;11,9381;6,68335;7,379532;9,140015;6,958008;7,640839;7,75528;7,379532;7,75528;11,20377;7,640839;7,787704;7,787704;9,140015;7,61795;11,20377;8,325577;11,20377;7,379532;7,61795;7,75528;7,379532;7,379532;6,68335;8,325577;9,841919;9,140015;7,787704;7,787704;11,9381;7,787704
"775";"2014-07-01";3,139496;2,99263;4,87709;3,93486;3,93486;3,139496;2,99263;4,032135;4,997253;4,87709;3,480911;4,976273;4,87709;3,139496;4,87709;3,93486;6,420135;3,286362;3,93486;4,459381;3,93486;4,074097;3,036499;3,286362;4,459381;3,286362;4,87709;4,587173;4,87709;3,93486;3,139496;6,420135;3,139496;6,420135;3,139496;3,93486;3,93486;4,074097;4,587173;4,587173;3,93486;3,480911;3,480911;4,459381;4,997253;5,809784;3,688812;5,809784;4,79126;7,616043;7,616043;6,177902;6,420135;5,809784;8,756638;7,616043;5,809784;7,616043;4,79126;4,79126;4,79126;4,997253;7,84874;6,177902;7,84874;3,688812;7,84874;5,544662;6,177902;7,616043;4,79126;5,809784;4,032135;4,79126;6,420135;4,032135;5,809784;3,688812;3,480911;7,84874;7,616043;5,809784;7,616043;4,997253;7,84874;4,79126;4,79126;3,688812;6,177902;4,997253;5,544662;4,997253;5,809784;6,177902;7,616043;5,809784;5,809784;4,032135;5,544662;4,976273;3,688812;4,79126;4,79126;6,420135;4,79126
"776";"2014-08-01";1,838684;1,495361;4,192352;3,025055;3,025055;1,838684;1,495361;2,227783;2,468109;4,192352;2,593994;2,231598;4,192352;1,838684;4,192352;3,025055;4,28772;2,220154;3,025055;2,502441;3,025055;2,342224;1,842499;2,220154;2,502441;2,220154;4,192352;3,471375;4,192352;3,025055;1,838684;4,28772;1,838684;4,28772;1,838684;3,025055;3,025055;2,342224;3,471375;3,471375;3,025055;2,593994;2,593994;2,502441;2,468109;2,46048;2,719879;2,46048;2,464294;2,239227;2,239227;3,097534;4,28772;2,46048;2,067566;2,239227;2,46048;2,239227;2,464294;2,464294;2,464294;2,468109;2,742767;3,097534;2,742767;2,719879;2,742767;4,070282;3,097534;2,239227;2,464294;2,46048;2,227783;2,464294;4,28772;2,227783;2,46048;2,719879;2,593994;2,742767;2,239227;2,46048;2,239227;2,468109;2,742767;2,464294;2,464294;2,719879;3,097534;2,468109;4,070282;2,468109;2,46048;3,097534;2,239227;2,46048;2,46048;2,227783;4,070282;2,231598;2,719879;2,464294;2,464294;4,28772;2,464294
"777";"2014-09-01";4,262924;3,339767;7,343292;5,512238;5,512238;4,262924;3,339767;8,420944;5,918503;7,343292;6,288528;5,38826;7,343292;4,262924;7,343292;5,512238;6,816864;4,137039;5,512238;4,398346;5,512238;5,26619;3,797531;4,137039;4,398346;4,137039;7,343292;5,947113;7,343292;5,512238;4,262924;6,816864;4,262924;6,816864;4,262924;5,512238;5,512238;5,26619;5,947113;5,947113;5,512238;6,288528;6,288528;4,398346;5,918503;9,586334;12,57515;9,586334;10,6945;7,223129;7,223129;9,820938;6,816864;9,586334;8,00705;7,223129;9,586334;7,223129;10,6945;10,6945;10,6945;5,918503;7,226944;9,820938;7,226944;12,57515;7,226944;12,88223;9,820938;7,223129;10,6945;9,586334;8,420944;10,6945;6,816864;8,420944;9,586334;12,57515;6,288528;7,226944;7,223129;9,586334;7,223129;5,918503;7,226944;10,6945;10,6945;12,57515;9,820938;5,918503;12,88223;5,918503;9,586334;9,820938;7,223129;9,586334;9,586334;8,420944;12,88223;5,38826;12,57515;10,6945;10,6945;6,816864;10,6945
"778";"2014-10-01";5,084991;4,823685;5,306244;4,487991;4,487991;5,084991;4,823685;5,04303;8,127213;5,306244;4,020691;6,64711;5,306244;5,084991;5,306244;4,487991;6,874084;3,255844;4,487991;4,268646;4,487991;3,593445;3,242493;3,255844;4,268646;3,255844;5,306244;4,135132;5,306244;4,487991;5,084991;6,874084;5,084991;6,874084;5,084991;4,487991;4,487991;3,593445;4,135132;4,135132;4,487991;4,020691;4,020691;4,268646;8,127213;6,763458;4,014969;6,763458;4,997253;7,137299;7,137299;7,804871;6,874084;6,763458;7,764816;7,137299;6,763458;7,137299;4,997253;4,997253;4,997253;8,127213;8,041382;7,804871;8,041382;4,014969;8,041382;7,019043;7,804871;7,137299;4,997253;6,763458;5,04303;4,997253;6,874084;5,04303;6,763458;4,014969;4,020691;8,041382;7,137299;6,763458;7,137299;8,127213;8,041382;4,997253;4,997253;4,014969;7,804871;8,127213;7,019043;8,127213;6,763458;7,804871;7,137299;6,763458;6,763458;5,04303;7,019043;6,64711;4,014969;4,997253;4,997253;6,874084;4,997253
"779";"2014-11-01";0,5960464;0,6399155;4,270554;0,8745193;0,8745193;0,5960464;0,6399155;1,897812;3,007889;4,270554;0,7858276;1,478195;4,270554;0,5960464;4,270554;0,8745193;3,538132;0,7762909;0,8745193;0,8535385;0,8745193;0,7009506;0,4634857;0,7762909;0,8535385;0,7762909;4,270554;1,11866;4,270554;0,8745193;0,5960464;3,538132;0,5960464;3,538132;0,5960464;0,8745193;0,8745193;0,7009506;1,11866;1,11866;0,8745193;0,7858276;0,7858276;0,8535385;3,007889;12,2776;4,150391;12,2776;4,6978;9,739876;9,739876;6,084442;3,538132;12,2776;6,633759;9,739876;12,2776;9,739876;4,6978;4,6978;4,6978;3,007889;9,429932;6,084442;9,429932;4,150391;9,429932;4,337311;6,084442;9,739876;4,6978;12,2776;1,897812;4,6978;3,538132;1,897812;12,2776;4,150391;0,7858276;9,429932;9,739876;12,2776;9,739876;3,007889;9,429932;4,6978;4,6978;4,150391;6,084442;3,007889;4,337311;3,007889;12,2776;6,084442;9,739876;12,2776;12,2776;1,897812;4,337311;1,478195;4,150391;4,6978;4,6978;3,538132;4,6978
"780";"2014-12-01";0,5512238;0,5588531;1,815796;0,6771088;0,6771088;0,5512238;0,5588531;1,430511;1,22261;1,815796;0,8888245;0,8811951;1,815796;0,5512238;1,815796;0,6771088;1,487732;0,7667542;0,6771088;0,8850098;0,6771088;0,5512238;0,497818;0,7667542;0,8850098;0,7667542;1,815796;0,9479523;1,815796;0,6771088;0,5512238;1,487732;0,5512238;1,487732;0,5512238;0,6771088;0,6771088;0,5512238;0,9479523;0,9479523;0,6771088;0,8888245;0,8888245;0,8850098;1,22261;4,402161;1,983643;4,402161;2,494812;3,059387;3,059387;3,372192;1,487732;4,402161;3,126144;3,059387;4,402161;3,059387;2,494812;2,494812;2,494812;1,22261;3,658295;3,372192;3,658295;1,983643;3,658295;2,325058;3,372192;3,059387;2,494812;4,402161;1,430511;2,494812;1,487732;1,430511;4,402161;1,983643;0,8888245;3,658295;3,059387;4,402161;3,059387;1,22261;3,658295;2,494812;2,494812;1,983643;3,372192;1,22261;2,325058;1,22261;4,402161;3,372192;3,059387;4,402161;4,402161;1,430511;2,325058;0,8811951;1,983643;2,494812;2,494812;1,487732;2,494812
"781";"2015-01-01";0,2231598;0,2727509;2,096176;0,4806519;0,4806519;0,2231598;0,2727509;1,386642;1,234055;2,096176;0,5779266;1,054764;2,096176;0,2231598;2,096176;0,4806519;1,789093;0,5817413;0,4806519;0,2918243;0,4806519;0,1087189;0,1049042;0,5817413;0,2918243;0,5817413;2,096176;0,4463196;2,096176;0,4806519;0,2231598;1,789093;0,2231598;1,789093;0,2231598;0,4806519;0,4806519;0,1087189;0,4463196;0,4463196;0,4806519;0,5779266;0,5779266;0,2918243;1,234055;4,629135;1,88446;4,629135;2,758026;3,652573;3,652573;3,475189;1,789093;4,629135;5,28717;3,652573;4,629135;3,652573;2,758026;2,758026;2,758026;1,234055;4,199982;3,475189;4,199982;1,88446;4,199982;2,33078;3,475189;3,652573;2,758026;4,629135;1,386642;2,758026;1,789093;1,386642;4,629135;1,88446;0,5779266;4,199982;3,652573;4,629135;3,652573;1,234055;4,199982;2,758026;2,758026;1,88446;3,475189;1,234055;2,33078;1,234055;4,629135;3,475189;3,652573;4,629135;4,629135;1,386642;2,33078;1,054764;1,88446;2,758026;2,758026;1,789093;2,758026
"782";"2015-02-01";0,2117157;0,2250671;2,441406;0,4425049;0,4425049;0,2117157;0,2250671;0,9412766;1,534462;2,441406;0,4730225;0,582695;2,441406;0,2117157;2,441406;0,4425049;2,144814;0,6437302;0,4425049;0,6542206;0,4425049;0,2794266;0,1554489;0,6437302;0,6542206;0,6437302;2,441406;0,5607605;2,441406;0,4425049;0,2117157;2,144814;0,2117157;2,144814;0,2117157;0,4425049;0,4425049;0,2794266;0,5607605;0,5607605;0,4425049;0,4730225;0,4730225;0,6542206;1,534462;6,760597;2,057076;6,760597;2,742767;5,163193;5,163193;3,000259;2,144814;6,760597;3,152847;5,163193;6,760597;5,163193;2,742767;2,742767;2,742767;1,534462;4,376411;3,000259;4,376411;2,057076;4,376411;2,498627;3,000259;5,163193;2,742767;6,760597;0,9412766;2,742767;2,144814;0,9412766;6,760597;2,057076;0,4730225;4,376411;5,163193;6,760597;5,163193;1,534462;4,376411;2,742767;2,742767;2,057076;3,000259;1,534462;2,498627;1,534462;6,760597;3,000259;5,163193;6,760597;6,760597;0,9412766;2,498627;0,582695;2,057076;2,742767;2,742767;2,144814;2,742767
"783";"2015-03-01";2,475739;2,609253;6,99234;3,320694;3,320694;2,475739;2,609253;4,842758;6,244659;6,99234;3,69072;3,265381;6,99234;2,475739;6,99234;3,320694;8,2798;3,019333;3,320694;4,137039;3,320694;2,54631;1,821518;3,019333;4,137039;3,019333;6,99234;4,192352;6,99234;3,320694;2,475739;8,2798;2,475739;8,2798;2,475739;3,320694;3,320694;2,54631;4,192352;4,192352;3,320694;3,69072;3,69072;4,137039;6,244659;14,31656;7,36618;14,31656;9,124756;15,81192;15,81192;7,392883;8,2798;14,31656;8,098602;15,81192;14,31656;15,81192;9,124756;9,124756;9,124756;6,244659;11,79504;7,392883;11,79504;7,36618;11,79504;6,530762;7,392883;15,81192;9,124756;14,31656;4,842758;9,124756;8,2798;4,842758;14,31656;7,36618;3,69072;11,79504;15,81192;14,31656;15,81192;6,244659;11,79504;9,124756;9,124756;7,36618;7,392883;6,244659;6,530762;6,244659;14,31656;7,392883;15,81192;14,31656;14,31656;4,842758;6,530762;3,265381;7,36618;9,124756;9,124756;8,2798;9,124756
"784";"2015-04-01";2,231598;2,61879;5,460739;3,101349;3,101349;2,231598;2,61879;3,677368;3,067017;5,460739;2,454758;1,512527;5,460739;2,231598;5,460739;3,101349;5,756378;2,836227;3,101349;4,047394;3,101349;2,571106;1,899719;2,836227;4,047394;2,836227;5,460739;3,650665;5,460739;3,101349;2,231598;5,756378;2,231598;5,756378;2,231598;3,101349;3,101349;2,571106;3,650665;3,650665;3,101349;2,454758;2,454758;4,047394;3,067017;10,03838;3,631592;10,03838;6,986618;7,459641;7,459641;2,067566;5,756378;10,03838;2,492905;7,459641;10,03838;7,459641;6,986618;6,986618;6,986618;3,067017;4,85611;2,067566;4,85611;3,631592;4,85611;2,296448;2,067566;7,459641;6,986618;10,03838;3,677368;6,986618;5,756378;3,677368;10,03838;3,631592;2,454758;4,85611;7,459641;10,03838;7,459641;3,067017;4,85611;6,986618;6,986618;3,631592;2,067566;3,067017;2,296448;3,067017;10,03838;2,067566;7,459641;10,03838;10,03838;3,677368;2,296448;1,512527;3,631592;6,986618;6,986618;5,756378;6,986618
"785";"2015-05-01";4,964828;4,024506;5,197525;5,970001;5,970001;4,964828;4,024506;4,735947;5,968094;5,197525;4,360199;3,578186;5,197525;4,964828;5,197525;5,970001;8,495331;2,847672;5,970001;5,138397;5,970001;5,720139;4,089355;2,847672;5,138397;2,847672;5,197525;6,120682;5,197525;5,970001;4,964828;8,495331;4,964828;8,495331;4,964828;5,970001;5,970001;5,720139;6,120682;6,120682;5,970001;4,360199;4,360199;5,138397;5,968094;5,270004;4,970551;5,270004;5,779266;6,168365;6,168365;3,032684;8,495331;5,270004;2,077103;6,168365;5,270004;6,168365;5,779266;5,779266;5,779266;5,968094;5,334854;3,032684;5,334854;4,970551;5,334854;4,104614;3,032684;6,168365;5,779266;5,270004;4,735947;5,779266;8,495331;4,735947;5,270004;4,970551;4,360199;5,334854;6,168365;5,270004;6,168365;5,968094;5,334854;5,779266;5,779266;4,970551;3,032684;5,968094;4,104614;5,968094;5,270004;3,032684;6,168365;5,270004;5,270004;4,735947;4,104614;3,578186;4,970551;5,779266;5,779266;8,495331;5,779266
"786";"2015-06-01";5,752563;4,404068;7,392883;7,141113;7,141113;5,752563;4,404068;5,20134;8,049011;7,392883;5,292892;5,22995;7,392883;5,752563;7,392883;7,141113;9,353638;4,844666;7,141113;6,484985;7,141113;7,911682;5,432129;4,844666;6,484985;4,844666;7,392883;6,586075;7,392883;7,141113;5,752563;9,353638;5,752563;9,353638;5,752563;7,141113;7,141113;7,911682;6,586075;6,586075;7,141113;5,292892;5,292892;6,484985;8,049011;10,00404;7,493973;10,00404;7,286072;11,65009;11,65009;10,0956;9,353638;10,00404;9,292603;11,65009;10,00404;11,65009;7,286072;7,286072;7,286072;8,049011;11,07216;10,0956;11,07216;7,493973;11,07216;9,408951;10,0956;11,65009;7,286072;10,00404;5,20134;7,286072;9,353638;5,20134;10,00404;7,493973;5,292892;11,07216;11,65009;10,00404;11,65009;8,049011;11,07216;7,286072;7,286072;7,493973;10,0956;8,049011;9,408951;8,049011;10,00404;10,0956;11,65009;10,00404;10,00404;5,20134;9,408951;5,22995;7,493973;7,286072;7,286072;9,353638;7,286072
"787";"2015-07-01";3,149033;2,269745;4,117966;4,268646;4,268646;3,149033;2,269745;2,468109;4,220963;4,117966;2,592087;3,356934;4,117966;3,149033;4,117966;4,268646;4,257202;2,7771;4,268646;3,019333;4,268646;4,198074;3,881454;2,7771;3,019333;2,7771;4,117966;3,2444;4,117966;4,268646;3,149033;4,257202;3,149033;4,257202;3,149033;4,268646;4,268646;4,198074;3,2444;3,2444;4,268646;2,592087;2,592087;3,019333;4,220963;2,979279;3,77655;2,979279;2,799988;2,544403;2,544403;3,669739;4,257202;2,979279;2,523422;2,544403;2,979279;2,544403;2,799988;2,799988;2,799988;4,220963;3,158569;3,669739;3,158569;3,77655;3,158569;5,344391;3,669739;2,544403;2,799988;2,979279;2,468109;2,799988;4,257202;2,468109;2,979279;3,77655;2,592087;3,158569;2,544403;2,979279;2,544403;4,220963;3,158569;2,799988;2,799988;3,77655;3,669739;4,220963;5,344391;4,220963;2,979279;3,669739;2,544403;2,979279;2,979279;2,468109;5,344391;3,356934;3,77655;2,799988;2,799988;4,257202;2,799988
"788";"2015-08-01";3,364563;2,401352;4,671097;4,861832;4,861832;3,364563;2,401352;4,02832;4,091263;4,671097;3,643036;3,091812;4,671097;3,364563;4,671097;4,861832;4,85611;3,860474;4,861832;3,952026;4,861832;4,743576;3,564835;3,860474;3,952026;3,860474;4,671097;4,28009;4,671097;4,861832;3,364563;4,85611;3,364563;4,85611;3,364563;4,861832;4,861832;4,743576;4,28009;4,28009;4,861832;3,643036;3,643036;3,952026;4,091263;3,950119;5,212784;3,950119;4,220963;3,641129;3,641129;4,802704;4,85611;3,950119;3,410339;3,641129;3,950119;3,641129;4,220963;4,220963;4,220963;4,091263;4,209518;4,802704;4,209518;5,212784;4,209518;6,389618;4,802704;3,641129;4,220963;3,950119;4,02832;4,220963;4,85611;4,02832;3,950119;5,212784;3,643036;4,209518;3,641129;3,950119;3,641129;4,091263;4,209518;4,220963;4,220963;5,212784;4,802704;4,091263;6,389618;4,091263;3,950119;4,802704;3,641129;3,950119;3,950119;4,02832;6,389618;3,091812;5,212784;4,220963;4,220963;4,85611;4,220963
"789";"2015-09-01";5,571365;4,577637;7,310867;6,973267;6,973267;5,571365;4,577637;6,20842;7,089615;7,310867;6,063461;5,207062;7,310867;5,571365;7,310867;6,973267;7,223129;5,51033;6,973267;6,017685;6,973267;7,497787;6,813049;5,51033;6,017685;5,51033;7,310867;6,175995;7,310867;6,973267;5,571365;7,223129;5,571365;7,223129;5,571365;6,973267;6,973267;7,497787;6,175995;6,175995;6,973267;6,063461;6,063461;6,017685;7,089615;10,67543;7,301331;10,67543;7,299423;8,304596;8,304596;7,558823;7,223129;10,67543;6,183624;8,304596;10,67543;8,304596;7,299423;7,299423;7,299423;7,089615;7,12204;7,558823;7,12204;7,301331;7,12204;8,634567;7,558823;8,304596;7,299423;10,67543;6,20842;7,299423;7,223129;6,20842;10,67543;7,301331;6,063461;7,12204;8,304596;10,67543;8,304596;7,089615;7,12204;7,299423;7,299423;7,301331;7,558823;7,089615;8,634567;7,089615;10,67543;7,558823;8,304596;10,67543;10,67543;6,20842;8,634567;5,207062;7,301331;7,299423;7,299423;7,223129;7,299423
"790";"2015-10-01";3,541946;3,030777;7,673264;4,756927;4,756927;3,541946;3,030777;8,138657;5,434036;7,673264;5,315781;4,392624;7,673264;3,541946;7,673264;4,756927;7,255554;4,547119;4,756927;3,110886;4,756927;3,356934;3,376007;4,547119;3,110886;4,547119;7,673264;3,631592;7,673264;4,756927;3,541946;7,255554;3,541946;7,255554;3,541946;4,756927;4,756927;3,356934;3,631592;3,631592;4,756927;5,315781;5,315781;3,110886;5,434036;9,050369;6,048203;9,050369;8,411407;7,349014;7,349014;8,850098;7,255554;9,050369;8,880615;7,349014;9,050369;7,349014;8,411407;8,411407;8,411407;5,434036;7,158279;8,850098;7,158279;6,048203;7,158279;8,077621;8,850098;7,349014;8,411407;9,050369;8,138657;8,411407;7,255554;8,138657;9,050369;6,048203;5,315781;7,158279;7,349014;9,050369;7,349014;5,434036;7,158279;8,411407;8,411407;6,048203;8,850098;5,434036;8,077621;5,434036;9,050369;8,850098;7,349014;9,050369;9,050369;8,138657;8,077621;4,392624;6,048203;8,411407;8,411407;7,255554;8,411407
"791";"2015-11-01";2,080917;1,850128;5,434036;2,656937;2,656937;2,080917;1,850128;4,545212;3,709793;5,434036;3,133774;3,612518;5,434036;2,080917;5,434036;2,656937;4,615784;2,824783;2,656937;1,979828;2,656937;1,684189;1,829147;2,824783;1,979828;2,824783;5,434036;2,361298;5,434036;2,656937;2,080917;4,615784;2,080917;4,615784;2,080917;2,656937;2,656937;1,684189;2,361298;2,361298;2,656937;3,133774;3,133774;1,979828;3,709793;8,25119;6,887436;8,25119;6,038666;6,071091;6,071091;8,974075;4,615784;8,25119;9,944916;6,071091;8,25119;6,071091;6,038666;6,038666;6,038666;3,709793;6,601334;8,974075;6,601334;6,887436;6,601334;8,853912;8,974075;6,071091;6,038666;8,25119;4,545212;6,038666;4,615784;4,545212;8,25119;6,887436;3,133774;6,601334;6,071091;8,25119;6,071091;3,709793;6,601334;6,038666;6,038666;6,887436;8,974075;3,709793;8,853912;3,709793;8,25119;8,974075;6,071091;8,25119;8,25119;4,545212;8,853912;3,612518;6,887436;6,038666;6,038666;4,615784;6,038666
"792";"2015-12-01";0,1983643;0,2193451;2,334595;0,3700256;0,3700256;0,1983643;0,2193451;0,9174347;1,394272;2,334595;0,3414154;0,5493164;2,334595;0,1983643;2,334595;0,3700256;1,741409;0,4825592;0,3700256;0,2593994;0,3700256;0,09536743;0,05149841;0,4825592;0,2593994;0,4825592;2,334595;0,2155304;2,334595;0,3700256;0,1983643;1,741409;0,1983643;1,741409;0,1983643;0,3700256;0,3700256;0,09536743;0,2155304;0,2155304;0,3700256;0,3414154;0,3414154;0,2593994;1,394272;5,741119;0,7362366;5,741119;2,059937;4,177094;4,177094;2,538681;1,741409;5,741119;3,612518;4,177094;5,741119;4,177094;2,059937;2,059937;2,059937;1,394272;3,393173;2,538681;3,393173;0,7362366;3,393173;1,369476;2,538681;4,177094;2,059937;5,741119;0,9174347;2,059937;1,741409;0,9174347;5,741119;0,7362366;0,3414154;3,393173;4,177094;5,741119;4,177094;1,394272;3,393173;2,059937;2,059937;0,7362366;2,538681;1,394272;1,369476;1,394272;5,741119;2,538681;4,177094;5,741119;5,741119;0,9174347;1,369476;0,5493164;0,7362366;2,059937;2,059937;1,741409;2,059937
"793";"2016-01-01";0,7858276;0,8602142;2,449036;0,9250641;0,9250641;0,7858276;0,8602142;1,25885;1,955032;2,449036;0,6484985;1,033783;2,449036;0,7858276;2,449036;0,9250641;2,313614;0,6370544;0,9250641;1,268387;0,9250641;0,9269714;0,8716583;0,6370544;1,268387;0,6370544;2,449036;0,8811951;2,449036;0,9250641;0,7858276;2,313614;0,7858276;2,313614;0,7858276;0,9250641;0,9250641;0,9269714;0,8811951;0,8811951;0,9250641;0,6484985;0,6484985;1,268387;1,955032;7,095337;2,054214;7,095337;2,946854;5,451202;5,451202;2,408981;2,313614;7,095337;4,15802;5,451202;7,095337;5,451202;2,946854;2,946854;2,946854;1,955032;4,364014;2,408981;4,364014;2,054214;4,364014;0,9727478;2,408981;5,451202;2,946854;7,095337;1,25885;2,946854;2,313614;1,25885;7,095337;2,054214;0,6484985;4,364014;5,451202;7,095337;5,451202;1,955032;4,364014;2,946854;2,946854;2,054214;2,408981;1,955032;0,9727478;1,955032;7,095337;2,408981;5,451202;7,095337;7,095337;1,25885;0,9727478;1,033783;2,054214;2,946854;2,946854;2,313614;2,946854
"794";"2016-02-01";0,09918213;0,08773804;1,306534;0,207901;0,207901;0,09918213;0,08773804;0,5378723;0,6809235;1,306534;0,2632141;0,3299713;1,306534;0,09918213;1,306534;0,207901;0,8792877;0,3051758;0,207901;0,2059937;0,207901;0,09346008;0,04196167;0,3051758;0,2059937;0,3051758;1,306534;0,2346039;1,306534;0,207901;0,09918213;0,8792877;0,09918213;0,8792877;0,09918213;0,207901;0,207901;0,09346008;0,2346039;0,2346039;0,207901;0,2632141;0,2632141;0,2059937;0,6809235;3,297806;1,243591;3,297806;1,115799;2,317429;2,317429;2,082825;0,8792877;3,297806;2,248764;2,317429;3,297806;2,317429;1,115799;1,115799;1,115799;0,6809235;2,786636;2,082825;2,786636;1,243591;2,786636;1,375198;2,082825;2,317429;1,115799;3,297806;0,5378723;1,115799;0,8792877;0,5378723;3,297806;1,243591;0,2632141;2,786636;2,317429;3,297806;2,317429;0,6809235;2,786636;1,115799;1,115799;1,243591;2,082825;0,6809235;1,375198;0,6809235;3,297806;2,082825;2,317429;3,297806;3,297806;0,5378723;1,375198;0,3299713;1,243591;1,115799;1,115799;0,8792877;1,115799
"795";"2016-03-01";2,222061;2,67601;5,311966;2,767563;2,767563;2,222061;2,67601;3,040314;4,417419;5,311966;1,531601;1,876831;5,311966;2,222061;5,311966;2,767563;6,032944;1,94931;2,767563;2,672195;2,767563;2,87056;2,725601;1,94931;2,672195;1,94931;5,311966;1,918793;5,311966;2,767563;2,222061;6,032944;2,222061;6,032944;2,222061;2,767563;2,767563;2,87056;1,918793;1,918793;2,767563;1,531601;1,531601;2,672195;4,417419;11,28197;2,418518;11,28197;6,185532;11,39259;11,39259;4,169464;6,032944;11,28197;6,282806;11,39259;11,28197;11,39259;6,185532;6,185532;6,185532;4,417419;7,390976;4,169464;7,390976;2,418518;7,390976;4,255295;4,169464;11,39259;6,185532;11,28197;3,040314;6,185532;6,032944;3,040314;11,28197;2,418518;1,531601;7,390976;11,39259;11,28197;11,39259;4,417419;7,390976;6,185532;6,185532;2,418518;4,169464;4,417419;4,255295;4,417419;11,28197;4,169464;11,39259;11,28197;11,28197;3,040314;4,255295;1,876831;2,418518;6,185532;6,185532;6,032944;6,185532
"796";"2016-04-01";1,667023;2,874374;5,735397;1,63269;1,63269;1,667023;2,874374;3,503799;5,283356;5,735397;1,508713;2,033234;5,735397;1,667023;5,735397;1,63269;6,490707;1,615524;1,63269;1,560211;1,63269;1,102448;0,9841919;1,615524;1,560211;1,615524;5,735397;1,857758;5,735397;1,63269;1,667023;6,490707;1,667023;6,490707;1,667023;1,63269;1,63269;1,102448;1,857758;1,857758;1,63269;1,508713;1,508713;1,560211;5,283356;13,82828;2,477646;13,82828;7,555008;16,119;16,119;5,805969;6,490707;13,82828;8,090973;16,119;13,82828;16,119;7,555008;7,555008;7,555008;5,283356;10,89859;5,805969;10,89859;2,477646;10,89859;3,62587;5,805969;16,119;7,555008;13,82828;3,503799;7,555008;6,490707;3,503799;13,82828;2,477646;1,508713;10,89859;16,119;13,82828;16,119;5,283356;10,89859;7,555008;7,555008;2,477646;5,805969;5,283356;3,62587;5,283356;13,82828;5,805969;16,119;13,82828;13,82828;3,503799;3,62587;2,033234;2,477646;7,555008;7,555008;6,490707;7,555008
"797";"2016-05-01";3,828049;3,707886;5,7621;7,474899;7,474899;3,828049;3,707886;3,751755;5,842209;5,7621;2,643585;2,828598;5,7621;3,828049;5,7621;7,474899;16,29257;2,414703;7,474899;4,4384;7,474899;5,07164;3,105164;2,414703;4,4384;2,414703;5,7621;4,358292;5,7621;7,474899;3,828049;16,29257;3,828049;16,29257;3,828049;7,474899;7,474899;5,07164;4,358292;4,358292;7,474899;2,643585;2,643585;4,4384;5,842209;6,534576;3,18718;6,534576;4,295349;7,28035;7,28035;2,098083;16,29257;6,534576;2,54631;7,28035;6,534576;7,28035;4,295349;4,295349;4,295349;5,842209;5,727768;2,098083;5,727768;3,18718;5,727768;2,038956;2,098083;7,28035;4,295349;6,534576;3,751755;4,295349;16,29257;3,751755;6,534576;3,18718;2,643585;5,727768;7,28035;6,534576;7,28035;5,842209;5,727768;4,295349;4,295349;3,18718;2,098083;5,842209;2,038956;5,842209;6,534576;2,098083;7,28035;6,534576;6,534576;3,751755;2,038956;2,828598;3,18718;4,295349;4,295349;16,29257;4,295349
"798";"2016-06-01";5,964279;5,290985;10,58578;12,77733;12,77733;5,964279;5,290985;6,723404;8,909225;10,58578;5,084991;5,571365;10,58578;5,964279;10,58578;12,77733;21,73424;5,933762;12,77733;5,70488;12,77733;6,96373;5,630493;5,933762;5,70488;5,933762;10,58578;5,933762;10,58578;12,77733;5,964279;21,73424;5,964279;21,73424;5,964279;12,77733;12,77733;6,96373;5,933762;5,933762;12,77733;5,084991;5,084991;5,70488;8,909225;11,70731;12,77924;11,70731;8,522034;12,79259;12,79259;9,6035;21,73424;11,70731;6,984711;12,79259;11,70731;12,79259;8,522034;8,522034;8,522034;8,909225;9,092331;9,6035;9,092331;12,77924;9,092331;12,72774;9,6035;12,79259;8,522034;11,70731;6,723404;8,522034;21,73424;6,723404;11,70731;12,77924;5,084991;9,092331;12,79259;11,70731;12,79259;8,909225;9,092331;8,522034;8,522034;12,77924;9,6035;8,909225;12,72774;8,909225;11,70731;9,6035;12,79259;11,70731;11,70731;6,723404;12,72774;5,571365;12,77924;8,522034;8,522034;21,73424;8,522034
"799";"2016-07-01";2,559662;1,695633;3,993988;3,854752;3,854752;2,559662;1,695633;3,026962;2,719879;3,993988;2,99263;2,437592;3,993988;2,559662;3,993988;3,854752;3,479004;2,674103;3,854752;3,217697;3,854752;4,007339;2,250671;2,674103;3,217697;2,674103;3,993988;3,704071;3,993988;3,854752;2,559662;3,479004;2,559662;3,479004;2,559662;3,854752;3,854752;4,007339;3,704071;3,704071;3,854752;2,99263;2,99263;3,217697;2,719879;2,779007;4,751205;2,779007;2,887726;2,674103;2,674103;5,378723;3,479004;2,779007;3,02887;2,674103;2,779007;2,674103;2,887726;2,887726;2,887726;2,719879;3,059387;5,378723;3,059387;4,751205;3,059387;7,196426;5,378723;2,674103;2,887726;2,779007;3,026962;2,887726;3,479004;3,026962;2,779007;4,751205;2,99263;3,059387;2,674103;2,779007;2,674103;2,719879;3,059387;2,887726;2,887726;4,751205;5,378723;2,719879;7,196426;2,719879;2,779007;5,378723;2,674103;2,779007;2,779007;3,026962;7,196426;2,437592;4,751205;2,887726;2,887726;3,479004;2,887726
"800";"2016-08-01";5,529404;3,793716;7,795334;7,658005;7,658005;5,529404;3,793716;5,884171;6,929398;7,795334;4,314423;5,573273;7,795334;5,529404;7,795334;7,658005;9,790421;4,478455;7,658005;3,423691;7,658005;5,624771;4,556656;4,478455;3,423691;4,478455;7,795334;4,426956;7,795334;7,658005;5,529404;9,790421;5,529404;9,790421;5,529404;7,658005;7,658005;5,624771;4,426956;4,426956;7,658005;4,314423;4,314423;3,423691;6,929398;7,120132;9,132385;7,120132;6,669998;7,534027;7,534027;7,129669;9,790421;7,120132;5,975723;7,534027;7,120132;7,534027;6,669998;6,669998;6,669998;6,929398;6,183624;7,129669;6,183624;9,132385;6,183624;8,943558;7,129669;7,534027;6,669998;7,120132;5,884171;6,669998;9,790421;5,884171;7,120132;9,132385;4,314423;6,183624;7,534027;7,120132;7,534027;6,929398;6,183624;6,669998;6,669998;9,132385;7,129669;6,929398;8,943558;6,929398;7,120132;7,129669;7,534027;7,120132;7,120132;5,884171;8,943558;5,573273;9,132385;6,669998;6,669998;9,790421;6,669998
"801";"2016-09-01";4,770279;3,446579;6,523132;5,819321;5,819321;4,770279;3,446579;6,317139;4,795074;6,523132;5,496979;3,99971;6,523132;4,770279;6,523132;5,819321;5,599976;4,732132;5,819321;3,988266;5,819321;5,163193;5,018234;4,732132;3,988266;4,732132;6,523132;5,113602;6,523132;5,819321;4,770279;5,599976;4,770279;5,599976;4,770279;5,819321;5,819321;5,163193;5,113602;5,113602;5,819321;5,496979;5,496979;3,988266;4,795074;6,671906;7,392883;6,671906;5,506516;4,171371;4,171371;6,965637;5,599976;6,671906;4,199982;4,171371;6,671906;4,171371;5,506516;5,506516;5,506516;4,795074;4,980087;6,965637;4,980087;7,392883;4,980087;10,35118;6,965637;4,171371;5,506516;6,671906;6,317139;5,506516;5,599976;6,317139;6,671906;7,392883;5,496979;4,980087;4,171371;6,671906;4,171371;4,795074;4,980087;5,506516;5,506516;7,392883;6,965637;4,795074;10,35118;4,795074;6,671906;6,965637;4,171371;6,671906;6,671906;6,317139;10,35118;3,99971;7,392883;5,506516;5,506516;5,599976;5,506516
"802";"2016-10-01";1,819611;1,272202;4,652023;2,346039;2,346039;1,819611;1,272202;3,471375;3,061295;4,652023;2,655029;2,29454;4,652023;1,819611;4,652023;2,346039;3,641129;2,161026;2,346039;1,283646;2,346039;1,844406;1,558304;2,161026;1,283646;2,161026;4,652023;2,016068;4,652023;2,346039;1,819611;3,641129;1,819611;3,641129;1,819611;2,346039;2,346039;1,844406;2,016068;2,016068;2,346039;2,655029;2,655029;1,283646;3,061295;5,073547;3,78418;5,073547;3,564835;3,547668;3,547668;5,161285;3,641129;5,073547;4,707336;3,547668;5,073547;3,547668;3,564835;3,564835;3,564835;3,061295;4,487991;5,161285;4,487991;3,78418;4,487991;4,463196;5,161285;3,547668;3,564835;5,073547;3,471375;3,564835;3,641129;3,471375;5,073547;3,78418;2,655029;4,487991;3,547668;5,073547;3,547668;3,061295;4,487991;3,564835;3,564835;3,78418;5,161285;3,061295;4,463196;3,061295;5,073547;5,161285;3,547668;5,073547;5,073547;3,471375;4,463196;2,29454;3,78418;3,564835;3,564835;3,641129;3,564835
"803";"2016-11-01";0,7610321;0,497818;4,62532;1,390457;1,390457;0,7610321;0,497818;2,323151;1,89209;4,62532;1,871109;1,22261;4,62532;0,7610321;4,62532;1,390457;3,259659;2,033234;1,390457;2,056122;1,390457;1,340866;0,6389618;2,033234;2,056122;2,033234;4,62532;1,691818;4,62532;1,390457;0,7610321;3,259659;0,7610321;3,259659;0,7610321;1,390457;1,390457;1,340866;1,691818;1,691818;1,390457;1,871109;1,871109;2,056122;1,89209;6,809235;2,815247;6,809235;2,878189;4,236221;4,236221;3,406525;3,259659;6,809235;3,398895;4,236221;6,809235;4,236221;2,878189;2,878189;2,878189;1,89209;4,59671;3,406525;4,59671;2,815247;4,59671;3,046036;3,406525;4,236221;2,878189;6,809235;2,323151;2,878189;3,259659;2,323151;6,809235;2,815247;1,871109;4,59671;4,236221;6,809235;4,236221;1,89209;4,59671;2,878189;2,878189;2,815247;3,406525;1,89209;3,046036;1,89209;6,809235;3,406525;4,236221;6,809235;6,809235;2,323151;3,046036;1,22261;2,815247;2,878189;2,878189;3,259659;2,878189
"804";"2016-12-01";0,3471375;0,3662109;3,156662;0,7972717;0,7972717;0,3471375;0,3662109;1,756668;1,607895;3,156662;0,7343292;1,150131;3,156662;0,3471375;3,156662;0,7972717;2,679825;0,9670258;0,7972717;0,3166199;0,7972717;0,1316071;0,2536774;0,9670258;0,3166199;0,9670258;3,156662;0,2765656;3,156662;0,7972717;0,3471375;2,679825;0,3471375;2,679825;0,3471375;0,7972717;0,7972717;0,1316071;0,2765656;0,2765656;0,7972717;0,7343292;0,7343292;0,3166199;1,607895;5,174637;2,788544;5,174637;2,597809;4,325867;4,325867;4,714966;2,679825;5,174637;6,010056;4,325867;5,174637;4,325867;2,597809;2,597809;2,597809;1,607895;4,390717;4,714966;4,390717;2,788544;4,390717;3,440857;4,714966;4,325867;2,597809;5,174637;1,756668;2,597809;2,679825;1,756668;5,174637;2,788544;0,7343292;4,390717;4,325867;5,174637;4,325867;1,607895;4,390717;2,597809;2,597809;2,788544;4,714966;1,607895;3,440857;1,607895;5,174637;4,714966;4,325867;5,174637;5,174637;1,756668;3,440857;1,150131;2,788544;2,597809;2,597809;2,679825;2,597809
"805";"2017-01-01";0,06103516;0,0667572;0,9708405;0,120163;0,120163;0,06103516;0,0667572;0,2174377;0,3871918;0,9708405;0,125885;0,246048;0,9708405;0,06103516;0,9708405;0,120163;0,4730225;0,2212524;0,120163;0,04005432;0,120163;0,01144409;0,005722046;0,2212524;0,04005432;0,2212524;0,9708405;0,04386902;0,9708405;0,120163;0,06103516;0,4730225;0,06103516;0,4730225;0,06103516;0,120163;0,120163;0,01144409;0,04386902;0,04386902;0,120163;0,125885;0,125885;0,04005432;0,3871918;2,07901;0,4577637;2,07901;0,3604889;1,092911;1,092911;1,720428;0,4730225;2,07901;1,966476;1,092911;2,07901;1,092911;0,3604889;0,3604889;0,3604889;0,3871918;1,588821;1,720428;1,588821;0,4577637;1,588821;0,9155273;1,720428;1,092911;0,3604889;2,07901;0,2174377;0,3604889;0,4730225;0,2174377;2,07901;0,4577637;0,125885;1,588821;1,092911;2,07901;1,092911;0,3871918;1,588821;0,3604889;0,3604889;0,4577637;1,720428;0,3871918;0,9155273;0,3871918;2,07901;1,720428;1,092911;2,07901;2,07901;0,2174377;0,9155273;0,246048;0,4577637;0,3604889;0,3604889;0,4730225;0,3604889
"806";"2017-02-01";0,1783371;0,2336502;1,261711;0,2155304;0,2155304;0,1783371;0,2336502;0,5331039;0,8459091;1,261711;0,1678467;0,3547668;1,261711;0,1783371;1,261711;0,2155304;1,068115;0,1993179;0,2155304;0,1153946;0,2155304;0,06866455;0,1039505;0,1993179;0,1153946;0,1993179;1,261711;0,1831055;1,261711;0,2155304;0,1783371;1,068115;0,1783371;1,068115;0,1783371;0,2155304;0,2155304;0,06866455;0,1831055;0,1831055;0,2155304;0,1678467;0,1678467;0,1153946;0,8459091;3,648758;0,50354;3,648758;1,43528;2,791405;2,791405;1,056671;1,068115;3,648758;1,993179;2,791405;3,648758;2,791405;1,43528;1,43528;1,43528;0,8459091;2,099991;1,056671;2,099991;0,50354;2,099991;0,2574921;1,056671;2,791405;1,43528;3,648758;0,5331039;1,43528;1,068115;0,5331039;3,648758;0,50354;0,1678467;2,099991;2,791405;3,648758;2,791405;0,8459091;2,099991;1,43528;1,43528;0,50354;1,056671;0,8459091;0,2574921;0,8459091;3,648758;1,056671;2,791405;3,648758;3,648758;0,5331039;0,2574921;0,3547668;0,50354;1,43528;1,43528;1,068115;1,43528
"807";"2017-03-01";1,168251;1,104355;5,260468;1,742363;1,742363;1,168251;1,104355;2,793312;4,294395;5,260468;1,592636;1,385689;5,260468;1,168251;5,260468;1,742363;6,24752;1,59359;1,742363;1,982689;1,742363;1,218796;0,8611679;1,59359;1,982689;1,59359;5,260468;1,912117;5,260468;1,742363;1,168251;6,24752;1,168251;6,24752;1,168251;1,742363;1,742363;1,218796;1,912117;1,912117;1,742363;1,592636;1,592636;1,982689;4,294395;12,38537;3,350258;12,38537;5,116463;13,28087;13,28087;3,927231;6,24752;12,38537;3,806114;13,28087;12,38537;13,28087;5,116463;5,116463;5,116463;4,294395;10,09655;3,927231;10,09655;3,350258;10,09655;4,095078;3,927231;13,28087;5,116463;12,38537;2,793312;5,116463;6,24752;2,793312;12,38537;3,350258;1,592636;10,09655;13,28087;12,38537;13,28087;4,294395;10,09655;5,116463;5,116463;3,350258;3,927231;4,294395;4,095078;4,294395;12,38537;3,927231;13,28087;12,38537;12,38537;2,793312;4,095078;1,385689;3,350258;5,116463;5,116463;6,24752;5,116463
"808";"2017-04-01";2,277374;2,357483;2,975464;2,220154;2,220154;2,277374;2,357483;2,227783;3,96347;2,975464;1,373291;2,164841;2,975464;2,277374;2,975464;2,220154;5,079269;1,234055;2,220154;1,783371;2,220154;1,857758;1,358032;1,234055;1,783371;1,234055;2,975464;1,550674;2,975464;2,220154;2,277374;5,079269;2,277374;5,079269;2,277374;2,220154;2,220154;1,857758;1,550674;1,550674;2,220154;1,373291;1,373291;1,783371;3,96347;5,1651;2,260208;5,1651;4,055023;6,486893;6,486893;2,389908;5,079269;5,1651;3,313065;6,486893;5,1651;6,486893;4,055023;4,055023;4,055023;3,96347;6,692886;2,389908;6,692886;2,260208;6,692886;1,787186;2,389908;6,486893;4,055023;5,1651;2,227783;4,055023;5,079269;2,227783;5,1651;2,260208;1,373291;6,692886;6,486893;5,1651;6,486893;3,96347;6,692886;4,055023;4,055023;2,260208;2,389908;3,96347;1,787186;3,96347;5,1651;2,389908;6,486893;5,1651;5,1651;2,227783;1,787186;2,164841;2,260208;4,055023;4,055023;5,079269;4,055023
"809";"2017-05-01";5,727768;5,632401;5,281448;6,45256;6,45256;5,727768;5,632401;3,383636;6,309509;5,281448;2,851486;4,837036;5,281448;5,727768;5,281448;6,45256;8,144379;3,587723;6,45256;5,311966;6,45256;5,973816;4,449844;3,587723;5,311966;3,587723;5,281448;4,188538;5,281448;6,45256;5,727768;8,144379;5,727768;8,144379;5,727768;6,45256;6,45256;5,973816;4,188538;4,188538;6,45256;2,851486;2,851486;5,311966;6,309509;5,384445;7,732391;5,384445;5,346298;5,178452;5,178452;3,110886;8,144379;5,384445;3,944397;5,178452;5,384445;5,178452;5,346298;5,346298;5,346298;6,309509;5,422592;3,110886;5,422592;7,732391;5,422592;3,780365;3,110886;5,178452;5,346298;5,384445;3,383636;5,346298;8,144379;3,383636;5,384445;7,732391;2,851486;5,422592;5,178452;5,384445;5,178452;6,309509;5,422592;5,346298;5,346298;7,732391;3,110886;6,309509;3,780365;6,309509;5,384445;3,110886;5,178452;5,384445;5,384445;3,383636;3,780365;4,837036;7,732391;5,346298;5,346298;8,144379;5,346298
"810";"2017-06-01";8,464813;6,324768;8,811951;9,57489;9,57489;8,464813;6,324768;6,916046;10,36072;8,811951;5,050659;7,019043;8,811951;8,464813;8,811951;9,57489;12,18414;5,413055;9,57489;5,371094;9,57489;8,136749;7,541656;5,413055;5,371094;5,413055;8,811951;4,795074;8,811951;9,57489;8,464813;12,18414;8,464813;12,18414;8,464813;9,57489;9,57489;8,136749;4,795074;4,795074;9,57489;5,050659;5,050659;5,371094;10,36072;10,60104;8,079529;10,60104;7,282257;11,52039;11,52039;7,289886;12,18414;10,60104;7,541656;11,52039;10,60104;11,52039;7,282257;7,282257;7,282257;10,36072;10,38742;7,289886;10,38742;8,079529;10,38742;7,740021;7,289886;11,52039;7,282257;10,60104;6,916046;7,282257;12,18414;6,916046;10,60104;8,079529;5,050659;10,38742;11,52039;10,60104;11,52039;10,36072;10,38742;7,282257;7,282257;8,079529;7,289886;10,36072;7,740021;10,36072;10,60104;7,289886;11,52039;10,60104;10,60104;6,916046;7,740021;7,019043;8,079529;7,282257;7,282257;12,18414;7,282257
"811";"2017-07-01";4,354477;3,461838;5,678177;5,699158;5,699158;4,354477;3,461838;4,735947;5,186081;5,678177;4,493713;5,819321;5,678177;4,354477;5,678177;5,699158;6,641388;4,31633;5,699158;5,872726;5,699158;6,759644;4,333496;4,31633;5,872726;4,31633;5,678177;5,664825;5,678177;5,699158;4,354477;6,641388;4,354477;6,641388;4,354477;5,699158;5,699158;6,759644;5,664825;5,664825;5,699158;4,493713;4,493713;5,872726;5,186081;5,98526;8,554459;5,98526;6,04248;6,040573;6,040573;6,614685;6,641388;5,98526;7,534027;6,040573;5,98526;6,040573;6,04248;6,04248;6,04248;5,186081;6,999969;6,614685;6,999969;8,554459;6,999969;7,36618;6,614685;6,040573;6,04248;5,98526;4,735947;6,04248;6,641388;4,735947;5,98526;8,554459;4,493713;6,999969;6,040573;5,98526;6,040573;5,186081;6,999969;6,04248;6,04248;8,554459;6,614685;5,186081;7,36618;5,186081;5,98526;6,614685;6,040573;5,98526;5,98526;4,735947;7,36618;5,819321;8,554459;6,04248;6,04248;6,641388;6,04248
"812";"2017-08-01";7,640839;4,732132;7,621765;8,935928;8,935928;7,640839;4,732132;7,183075;7,421494;7,621765;6,93512;5,628586;7,621765;7,640839;7,621765;8,935928;6,845474;7,007599;8,935928;7,278442;8,935928;8,686066;8,300781;7,007599;7,278442;7,007599;7,621765;6,639481;7,621765;8,935928;7,640839;6,845474;7,640839;6,845474;7,640839;8,935928;8,935928;8,686066;6,639481;6,639481;8,935928;6,93512;6,93512;7,278442;7,421494;7,86972;11,44791;7,86972;8,245468;6,528854;6,528854;5,619049;6,845474;7,86972;4,014969;6,528854;7,86972;6,528854;8,245468;8,245468;8,245468;7,421494;5,781174;5,619049;5,781174;11,44791;5,781174;9,838104;5,619049;6,528854;8,245468;7,86972;7,183075;8,245468;6,845474;7,183075;7,86972;11,44791;6,93512;5,781174;6,528854;7,86972;6,528854;7,421494;5,781174;8,245468;8,245468;11,44791;5,619049;7,421494;9,838104;7,421494;7,86972;5,619049;6,528854;7,86972;7,86972;7,183075;9,838104;5,628586;11,44791;8,245468;8,245468;6,845474;8,245468
"813";"2017-09-01";10,54382;10,07843;11,08932;9,754181;9,754181;10,54382;10,07843;11,54709;13,51547;11,08932;9,719849;14,10675;11,08932;10,54382;11,08932;9,754181;12,27951;8,163452;9,754181;8,56781;9,754181;8,930206;9,941101;8,163452;8,56781;8,163452;11,08932;8,693695;11,08932;9,754181;10,54382;12,27951;10,54382;12,27951;10,54382;9,754181;9,754181;8,930206;8,693695;8,693695;9,754181;9,719849;9,719849;8,56781;13,51547;14,69803;15,1329;14,69803;12,18796;14,14108;14,14108;15,87677;12,27951;14,69803;18,39828;14,14108;14,69803;14,14108;12,18796;12,18796;12,18796;13,51547;16,35361;15,87677;16,35361;15,1329;16,35361;17,92908;15,87677;14,14108;12,18796;14,69803;11,54709;12,18796;12,27951;11,54709;14,69803;15,1329;9,719849;16,35361;14,14108;14,69803;14,14108;13,51547;16,35361;12,18796;12,18796;15,1329;15,87677;13,51547;17,92908;13,51547;14,69803;15,87677;14,14108;14,69803;14,69803;11,54709;17,92908;14,10675;15,1329;12,18796;12,18796;12,27951;12,18796
"814";"2017-10-01";2,02179;1,48201;5,235672;2,902985;2,902985;2,02179;1,48201;5,51796;3,84903;5,235672;3,658295;3,223419;5,235672;2,02179;5,235672;2,902985;5,57518;2,418518;2,902985;1,502991;2,902985;1,659393;1,41716;2,418518;1,502991;2,418518;5,235672;2,376556;5,235672;2,902985;2,02179;5,57518;2,02179;5,57518;2,02179;2,902985;2,902985;1,659393;2,376556;2,376556;2,902985;3,658295;3,658295;1,502991;3,84903;6,628036;4,528046;6,628036;5,102158;6,458282;6,458282;9,105682;5,57518;6,628036;8,789062;6,458282;6,628036;6,458282;5,102158;5,102158;5,102158;3,84903;7,58934;9,105682;7,58934;4,528046;7,58934;8,024216;9,105682;6,458282;5,102158;6,628036;5,51796;5,102158;5,57518;5,51796;6,628036;4,528046;3,658295;7,58934;6,458282;6,628036;6,458282;3,84903;7,58934;5,102158;5,102158;4,528046;9,105682;3,84903;8,024216;3,84903;6,628036;9,105682;6,458282;6,628036;6,628036;5,51796;8,024216;3,223419;4,528046;5,102158;5,102158;5,57518;5,102158
"815";"2017-11-01";0,1945496;0,169754;0,8544922;0,1983643;0,1983643;0,1945496;0,169754;0,3833771;0,8945465;0,8544922;0,2479553;0,3890991;0,8544922;0,1945496;0,8544922;0,1983643;0,7362366;0,125885;0,1983643;0,06484985;0,1983643;0,1239777;0,05912781;0,125885;0,06484985;0,125885;0,8544922;0,1754761;0,8544922;0,1983643;0,1945496;0,7362366;0,1945496;0,7362366;0,1945496;0,1983643;0,1983643;0,1239777;0,1754761;0,1754761;0,1983643;0,2479553;0,2479553;0,06484985;0,8945465;2,622604;0,9899139;2,622604;0,7343292;2,456665;2,456665;2,126694;0,7362366;2,622604;1,680374;2,456665;2,622604;2,456665;0,7343292;0,7343292;0,7343292;0,8945465;2,138138;2,126694;2,138138;0,9899139;2,138138;1,914978;2,126694;2,456665;0,7343292;2,622604;0,3833771;0,7343292;0,7362366;0,3833771;2,622604;0,9899139;0,2479553;2,138138;2,456665;2,622604;2,456665;0,8945465;2,138138;0,7343292;0,7343292;0,9899139;2,126694;0,8945465;1,914978;0,8945465;2,622604;2,126694;2,456665;2,622604;2,622604;0,3833771;1,914978;0,3890991;0,9899139;0,7343292;0,7343292;0,7362366;0,7343292
"816";"2017-12-01";0,02288818;0,03433228;0,6828308;0,04768372;0,04768372;0,02288818;0,03433228;0,1983643;0,3108978;0,6828308;0,09536743;0,2002716;0,6828308;0,02288818;0,6828308;0,04768372;0,3471375;0,1087189;0,04768372;0,03623962;0,04768372;0,01144409;0,009536743;0,1087189;0,03623962;0,1087189;0,6828308;0,05531311;0,6828308;0,04768372;0,02288818;0,3471375;0,02288818;0,3471375;0,02288818;0,04768372;0,04768372;0,01144409;0,05531311;0,05531311;0,04768372;0,09536743;0,09536743;0,03623962;0,3108978;2,20108;0,6370544;2,20108;0,6332397;1,270294;1,270294;1,834869;0,3471375;2,20108;1,9207;1,270294;2,20108;1,270294;0,6332397;0,6332397;0,6332397;0,3108978;1,319885;1,834869;1,319885;0,6370544;1,319885;1,29509;1,834869;1,270294;0,6332397;2,20108;0,1983643;0,6332397;0,3471375;0,1983643;2,20108;0,6370544;0,09536743;1,319885;1,270294;2,20108;1,270294;0,3108978;1,319885;0,6332397;0,6332397;0,6370544;1,834869;0,3108978;1,29509;0,3108978;2,20108;1,834869;1,270294;2,20108;2,20108;0,1983643;1,29509;0,2002716;0,6370544;0,6332397;0,6332397;0,3471375;0,6332397
"817";"2018-01-01";0,2717972;0,2555847;3,184319;0,6284714;0,6284714;0,2717972;0,2555847;1,829147;1,805305;3,184319;0,9126663;1,116753;3,184319;0,2717972;3,184319;0,6284714;2,474785;0,8897781;0,6284714;0,5540848;0,6284714;0,3499985;0,08773804;0,8897781;0,5540848;0,8897781;3,184319;0,7047653;3,184319;0,6284714;0,2717972;2,474785;0,2717972;2,474785;0,2717972;0,6284714;0,6284714;0,3499985;0,7047653;0,7047653;0,6284714;0,9126663;0,9126663;0,5540848;1,805305;6,158829;2,363205;6,158829;2,921104;5,31292;5,31292;3,18718;2,474785;6,158829;5,004883;5,31292;6,158829;5,31292;2,921104;2,921104;2,921104;1,805305;5,929947;3,18718;5,929947;2,363205;5,929947;2,451897;3,18718;5,31292;2,921104;6,158829;1,829147;2,921104;2,474785;1,829147;6,158829;2,363205;0,9126663;5,929947;5,31292;6,158829;5,31292;1,805305;5,929947;2,921104;2,921104;2,363205;3,18718;1,805305;2,451897;1,805305;6,158829;3,18718;5,31292;6,158829;6,158829;1,829147;2,451897;1,116753;2,363205;2,921104;2,921104;2,474785;2,921104
"818";"2018-02-01";0,2527237;0,1821518;1,58596;0,4348755;0,4348755;0,2527237;0,1821518;1,077652;1,174927;1,58596;0,4339218;0,5569458;1,58596;0,2527237;1,58596;0,4348755;1,734734;0,4444122;0,4348755;0,7343292;0,4348755;0,4110336;0,1564026;0,4444122;0,7343292;0,4444122;1,58596;0,5760193;1,58596;0,4348755;0,2527237;1,734734;0,2527237;1,734734;0,2527237;0,4348755;0,4348755;0,4110336;0,5760193;0,5760193;0,4348755;0,4339218;0,4339218;0,7343292;1,174927;3,368378;1,734734;3,368378;2,323151;3,870964;3,870964;2,609253;1,734734;3,368378;2,922058;3,870964;3,368378;3,870964;2,323151;2,323151;2,323151;1,174927;3,149986;2,609253;3,149986;1,734734;3,149986;2,080917;2,609253;3,870964;2,323151;3,368378;1,077652;2,323151;1,734734;1,077652;3,368378;1,734734;0,4339218;3,149986;3,870964;3,368378;3,870964;1,174927;3,149986;2,323151;2,323151;1,734734;2,609253;1,174927;2,080917;1,174927;3,368378;2,609253;3,870964;3,368378;3,368378;1,077652;2,080917;0,5569458;1,734734;2,323151;2,323151;1,734734;2,323151
"819";"2018-03-01";0,7076263;0,6504059;4,320145;1,493454;1,493454;0,7076263;0,6504059;2,187729;2,43187;4,320145;1,029968;1,22261;4,320145;0,7076263;4,320145;1,493454;4,045486;1,4534;1,493454;1,51062;1,493454;1,12915;0,5149841;1,4534;1,51062;1,4534;4,320145;0,8335114;4,320145;1,493454;0,7076263;4,045486;0,7076263;4,045486;0,7076263;1,493454;1,493454;1,12915;0,8335114;0,8335114;1,493454;1,029968;1,029968;1,51062;2,43187;8,291245;2,965927;8,291245;4,362106;6,307602;6,307602;5,07164;4,045486;8,291245;5,508423;6,307602;8,291245;6,307602;4,362106;4,362106;4,362106;2,43187;5,537033;5,07164;5,537033;2,965927;5,537033;3,765106;5,07164;6,307602;4,362106;8,291245;2,187729;4,362106;4,045486;2,187729;8,291245;2,965927;1,029968;5,537033;6,307602;8,291245;6,307602;2,43187;5,537033;4,362106;4,362106;2,965927;5,07164;2,43187;3,765106;2,43187;8,291245;5,07164;6,307602;8,291245;8,291245;2,187729;3,765106;1,22261;2,965927;4,362106;4,362106;4,045486;4,362106
"820";"2018-04-01";3,15094;3,05748;6,668091;5,26619;5,26619;3,15094;3,05748;6,174088;5,220413;6,668091;4,739761;3,011703;6,668091;3,15094;6,668091;5,26619;8,939743;4,606247;5,26619;5,479813;5,26619;4,375458;3,276825;4,606247;5,479813;4,606247;6,668091;4,665375;6,668091;5,26619;3,15094;8,939743;3,15094;8,939743;3,15094;5,26619;5,26619;4,375458;4,665375;4,665375;5,26619;4,739761;4,739761;5,479813;5,220413;9,017944;5,847931;9,017944;7,892609;9,260178;9,260178;5,563736;8,939743;9,017944;6,067276;9,260178;9,017944;9,260178;7,892609;7,892609;7,892609;5,220413;8,319855;5,563736;8,319855;5,847931;8,319855;3,52478;5,563736;9,260178;7,892609;9,017944;6,174088;7,892609;8,939743;6,174088;9,017944;5,847931;4,739761;8,319855;9,260178;9,017944;9,260178;5,220413;8,319855;7,892609;7,892609;5,847931;5,563736;5,220413;3,52478;5,220413;9,017944;5,563736;9,260178;9,017944;9,017944;6,174088;3,52478;3,011703;5,847931;7,892609;7,892609;8,939743;7,892609
"821";"2018-05-01";3,684998;3,831863;3,257751;3,547668;3,547668;3,684998;3,831863;2,10762;5,241394;3,257751;1,180649;3,27301;3,257751;3,684998;3,257751;3,547668;5,355835;1,880646;3,547668;2,958298;3,547668;3,704071;3,152847;1,880646;2,958298;1,880646;3,257751;1,663208;3,257751;3,547668;3,684998;5,355835;3,684998;5,355835;3,684998;3,547668;3,547668;3,704071;1,663208;1,663208;3,547668;1,180649;1,180649;2,958298;5,241394;6,454468;4,730225;6,454468;3,892899;6,855011;6,855011;4,135132;5,355835;6,454468;2,931595;6,855011;6,454468;6,855011;3,892899;3,892899;3,892899;5,241394;6,986618;4,135132;6,986618;4,730225;6,986618;4,219055;4,135132;6,855011;3,892899;6,454468;2,10762;3,892899;5,355835;2,10762;6,454468;4,730225;1,180649;6,986618;6,855011;6,454468;6,855011;5,241394;6,986618;3,892899;3,892899;4,730225;4,135132;5,241394;4,219055;5,241394;6,454468;4,135132;6,855011;6,454468;6,454468;2,10762;4,219055;3,27301;4,730225;3,892899;3,892899;5,355835;3,892899
"822";"2018-06-01";6,195068;6,17981;9,239197;7,141113;7,141113;6,195068;6,17981;7,522583;8,073807;9,239197;6,20079;5,897522;9,239197;6,195068;9,239197;7,141113;9,17244;6,420135;7,141113;8,443832;7,141113;7,427216;6,700516;6,420135;8,443832;6,420135;9,239197;7,558823;9,239197;7,141113;6,195068;9,17244;6,195068;9,17244;6,195068;7,141113;7,141113;7,427216;7,558823;7,558823;7,141113;6,20079;6,20079;8,443832;8,073807;13,15498;9,538651;13,15498;10,52284;10,31303;10,31303;11,16753;9,17244;13,15498;10,746;10,31303;13,15498;10,31303;10,52284;10,52284;10,52284;8,073807;8,295059;11,16753;8,295059;9,538651;8,295059;10,89859;11,16753;10,31303;10,52284;13,15498;7,522583;10,52284;9,17244;7,522583;13,15498;9,538651;6,20079;8,295059;10,31303;13,15498;10,31303;8,073807;8,295059;10,52284;10,52284;9,538651;11,16753;8,073807;10,89859;8,073807;13,15498;11,16753;10,31303;13,15498;13,15498;7,522583;10,89859;5,897522;9,538651;10,52284;10,52284;9,17244;10,52284
"823";"2018-07-01";1,270294;0,8068085;2,141953;1,836777;1,836777;1,270294;0,8068085;2,206802;1,512527;2,141953;1,882553;1,361847;2,141953;1,270294;2,141953;1,836777;2,309799;1,224518;1,836777;1,710892;1,836777;2,046585;1,216888;1,224518;1,710892;1,224518;2,141953;2,229691;2,141953;1,836777;1,270294;2,309799;1,270294;2,309799;1,270294;1,836777;1,836777;2,046585;2,229691;2,229691;1,836777;1,882553;1,882553;1,710892;1,512527;1,419067;2,763748;1,419067;2,061844;1,169205;1,169205;2,540588;2,309799;1,419067;1,739502;1,169205;1,419067;1,169205;2,061844;2,061844;2,061844;1,512527;1,714706;2,540588;1,714706;2,763748;1,714706;3,299713;2,540588;1,169205;2,061844;1,419067;2,206802;2,061844;2,309799;2,206802;1,419067;2,763748;1,882553;1,714706;1,169205;1,419067;1,169205;1,512527;1,714706;2,061844;2,061844;2,763748;2,540588;1,512527;3,299713;1,512527;1,419067;2,540588;1,169205;1,419067;1,419067;2,206802;3,299713;1,361847;2,763748;2,061844;2,061844;2,309799;2,061844
"824";"2018-08-01";3,328323;3,072739;4,808426;4,465103;4,465103;3,328323;3,072739;3,574371;4,217148;4,808426;3,15094;3,81279;4,808426;3,328323;4,808426;4,465103;5,485535;3,559113;4,465103;4,362106;4,465103;5,119324;3,875732;3,559113;4,362106;3,559113;4,808426;4,207611;4,808426;4,465103;3,328323;5,485535;3,328323;5,485535;3,328323;4,465103;4,465103;5,119324;4,207611;4,207611;4,465103;3,15094;3,15094;4,362106;4,217148;4,096985;5,413055;4,096985;3,7117;3,362656;3,362656;6,55365;5,485535;4,096985;4,833221;3,362656;4,096985;3,362656;3,7117;3,7117;3,7117;4,217148;4,102707;6,55365;4,102707;5,413055;4,102707;8,281708;6,55365;3,362656;3,7117;4,096985;3,574371;3,7117;5,485535;3,574371;4,096985;5,413055;3,15094;4,102707;3,362656;4,096985;3,362656;4,217148;4,102707;3,7117;3,7117;5,413055;6,55365;4,217148;8,281708;4,217148;4,096985;6,55365;3,362656;4,096985;4,096985;3,574371;8,281708;3,81279;5,413055;3,7117;3,7117;5,485535;3,7117
"825";"2018-09-01";3,393173;2,132416;4,495621;4,463196;4,463196;3,393173;2,132416;3,12233;3,959656;4,495621;3,435135;4,12178;4,495621;3,393173;4,495621;4,463196;4,257202;3,652573;4,463196;4,266739;4,463196;5,514145;3,564835;3,652573;4,266739;3,652573;4,495621;4,415512;4,495621;4,463196;3,393173;4,257202;3,393173;4,257202;3,393173;4,463196;4,463196;5,514145;4,415512;4,415512;4,463196;3,435135;3,435135;4,266739;3,959656;3,004074;5,123138;3,004074;3,044128;2,567291;2,567291;5,022049;4,257202;3,004074;3,093719;2,567291;3,004074;2,567291;3,044128;3,044128;3,044128;3,959656;3,530502;5,022049;3,530502;5,123138;3,530502;6,813049;5,022049;2,567291;3,044128;3,004074;3,12233;3,044128;4,257202;3,12233;3,004074;5,123138;3,435135;3,530502;2,567291;3,004074;2,567291;3,959656;3,530502;3,044128;3,044128;5,123138;5,022049;3,959656;6,813049;3,959656;3,004074;5,022049;2,567291;3,004074;3,004074;3,12233;6,813049;4,12178;5,123138;3,044128;3,044128;4,257202;3,044128
"826";"2018-10-01";2,561569;2,372742;6,922722;3,919601;3,919601;2,561569;2,372742;5,233765;4,763603;6,922722;3,588676;4,255295;6,922722;2,561569;6,922722;3,919601;6,822586;3,427505;3,919601;3,147125;3,919601;3,513336;2,670288;3,427505;3,147125;3,427505;6,922722;3,190994;6,922722;3,919601;2,561569;6,822586;2,561569;6,822586;2,561569;3,919601;3,919601;3,513336;3,190994;3,190994;3,919601;3,588676;3,588676;3,147125;4,763603;6,773949;5,924225;6,773949;5,928993;7,593155;7,593155;9,352684;6,822586;6,773949;9,306908;7,593155;6,773949;7,593155;5,928993;5,928993;5,928993;4,763603;8,600235;9,352684;8,600235;5,924225;8,600235;9,479523;9,352684;7,593155;5,928993;6,773949;5,233765;5,928993;6,822586;5,233765;6,773949;5,924225;3,588676;8,600235;7,593155;6,773949;7,593155;4,763603;8,600235;5,928993;5,928993;5,924225;9,352684;4,763603;9,479523;4,763603;6,773949;9,352684;7,593155;6,773949;6,773949;5,233765;9,479523;4,255295;5,924225;5,928993;5,928993;6,822586;5,928993
"827";"2018-11-01";1,169205;1,096725;4,295349;1,981735;1,981735;1,169205;1,096725;2,55394;2,765656;4,295349;1,962662;1,590729;4,295349;1,169205;4,295349;1,981735;3,822327;1,972198;1,981735;2,483368;1,981735;2,283096;1,670837;1,972198;2,483368;1,972198;4,295349;2,243042;4,295349;1,981735;1,169205;3,822327;1,169205;3,822327;1,169205;1,981735;1,981735;2,283096;2,243042;2,243042;1,981735;1,962662;1,962662;2,483368;2,765656;7,003784;2,134323;7,003784;3,341675;6,87027;6,87027;4,062653;3,822327;7,003784;4,369736;6,87027;7,003784;6,87027;3,341675;3,341675;3,341675;2,765656;6,381989;4,062653;6,381989;2,134323;6,381989;2,937317;4,062653;6,87027;3,341675;7,003784;2,55394;3,341675;3,822327;2,55394;7,003784;2,134323;1,962662;6,381989;6,87027;7,003784;6,87027;2,765656;6,381989;3,341675;3,341675;2,134323;4,062653;2,765656;2,937317;2,765656;7,003784;4,062653;6,87027;7,003784;7,003784;2,55394;2,937317;1,590729;2,134323;3,341675;3,341675;3,822327;3,341675
"828";"2018-12-01";0,2384186;0,1430511;2,376556;0,5455017;0,5455017;0,2384186;0,1430511;0,7400513;1,60408;2,376556;0,333786;0,5435944;2,376556;0,2384186;2,376556;0,5455017;2,170563;0,585556;0,5455017;0,1525879;0,5455017;0,3509521;0,1411438;0,585556;0,1525879;0,585556;2,376556;0,1392365;2,376556;0,5455017;0,2384186;2,170563;0,2384186;2,170563;0,2384186;0,5455017;0,5455017;0,3509521;0,1392365;0,1392365;0,5455017;0,333786;0,333786;0,1525879;1,60408;5,048752;1,337051;5,048752;1,588821;5,449295;5,449295;2,55394;2,170563;5,048752;3,419876;5,449295;5,048752;5,449295;1,588821;1,588821;1,588821;1,60408;4,119873;2,55394;4,119873;1,337051;4,119873;1,909256;2,55394;5,449295;1,588821;5,048752;0,7400513;1,588821;2,170563;0,7400513;5,048752;1,337051;0,333786;4,119873;5,449295;5,048752;5,449295;1,60408;4,119873;1,588821;1,588821;1,337051;2,55394;1,60408;1,909256;1,60408;5,048752;2,55394;5,449295;5,048752;5,048752;0,7400513;1,909256;0,5435944;1,337051;1,588821;1,588821;2,170563;1,588821
"829";"2019-01-01";0,0743866;0,1153946;1,003265;0,1296997;0,1296997;0,0743866;0,1153946;0,3871918;0,5922318;1,003265;0,1316071;0,3871918;1,003265;0,0743866;1,003265;0,1296997;0,7667542;0,1440048;0,1296997;0,1268387;0,1296997;0,06389618;0,02861023;0,1440048;0,1268387;0,1440048;1,003265;0,1115799;1,003265;0,1296997;0,0743866;0,7667542;0,0743866;0,7667542;0,0743866;0,1296997;0,1296997;0,06389618;0,1115799;0,1115799;0,1296997;0,1316071;0,1316071;0,1268387;0,5922318;3,17955;1,556396;3,17955;1,18351;2,159119;2,159119;2,675056;0,7667542;3,17955;2,74086;2,159119;3,17955;2,159119;1,18351;1,18351;1,18351;0,5922318;2,370834;2,675056;2,370834;1,556396;2,370834;1,82724;2,675056;2,159119;1,18351;3,17955;0,3871918;1,18351;0,7667542;0,3871918;3,17955;1,556396;0,1316071;2,370834;2,159119;3,17955;2,159119;0,5922318;2,370834;1,18351;1,18351;1,556396;2,675056;0,5922318;1,82724;0,5922318;3,17955;2,675056;2,159119;3,17955;3,17955;0,3871918;1,82724;0,3871918;1,556396;1,18351;1,18351;0,7667542;1,18351
"830";"2019-02-01";0,1945496;0,1220703;1,182556;0,3414154;0,3414154;0,1945496;0,1220703;0,3929138;0,5760193;1,182556;0,2613068;0,3299713;1,182556;0,1945496;1,182556;0,3414154;1,003265;0,3223419;0,3414154;0,2059937;0,3414154;0,2384186;0,1239777;0,3223419;0,2059937;0,3223419;1,182556;0,2822876;1,182556;0,3414154;0,1945496;1,003265;0,1945496;1,003265;0,1945496;0,3414154;0,3414154;0,2384186;0,2822876;0,2822876;0,3414154;0,2613068;0,2613068;0,2059937;0,5760193;2,349854;0,5931854;2,349854;0,6370544;1,512527;1,512527;1,478195;1,003265;2,349854;1,459122;1,512527;2,349854;1,512527;0,6370544;0,6370544;0,6370544;0,5760193;1,638412;1,478195;1,638412;0,5931854;1,638412;1,224518;1,478195;1,512527;0,6370544;2,349854;0,3929138;0,6370544;1,003265;0,3929138;2,349854;0,5931854;0,2613068;1,638412;1,512527;2,349854;1,512527;0,5760193;1,638412;0,6370544;0,6370544;0,5931854;1,478195;0,5760193;1,224518;0,5760193;2,349854;1,478195;1,512527;2,349854;2,349854;0,3929138;1,224518;0,3299713;0,5931854;0,6370544;0,6370544;1,003265;0,6370544
"831";"2019-03-01";0,5626678;0,5531311;2,292633;0,7324219;0,7324219;0,5626678;0,5531311;1,056671;1,476288;2,292633;0,8926392;0,7362366;2,292633;0,5626678;2,292633;0,7324219;2,109528;0,7209778;0,7324219;0,9326935;0,7324219;0,5130768;0,4882812;0,7209778;0,9326935;0,7209778;2,292633;0,9384155;2,292633;0,7324219;0,5626678;2,109528;0,5626678;2,109528;0,5626678;0,7324219;0,7324219;0,5130768;0,9384155;0,9384155;0,7324219;0,8926392;0,8926392;0,9326935;1,476288;4,179001;1,245499;4,179001;1,781464;3,393173;3,393173;2,182007;2,109528;4,179001;2,498627;3,393173;4,179001;3,393173;1,781464;1,781464;1,781464;1,476288;3,170013;2,182007;3,170013;1,245499;3,170013;1,438141;2,182007;3,393173;1,781464;4,179001;1,056671;1,781464;2,109528;1,056671;4,179001;1,245499;0,8926392;3,170013;3,393173;4,179001;3,393173;1,476288;3,170013;1,781464;1,781464;1,245499;2,182007;1,476288;1,438141;1,476288;4,179001;2,182007;3,393173;4,179001;4,179001;1,056671;1,438141;0,7362366;1,245499;1,781464;1,781464;2,109528;1,781464
"832";"2019-04-01";0,9117126;1,049042;3,204346;1,720428;1,720428;0,9117126;1,049042;2,088547;2,386093;3,204346;1,680374;1,138687;3,204346;0,9117126;3,204346;1,720428;4,314423;1,340866;1,720428;1,934052;1,720428;0,9632111;0,5168915;1,340866;1,934052;1,340866;3,204346;1,995087;3,204346;1,720428;0,9117126;4,314423;0,9117126;4,314423;0,9117126;1,720428;1,720428;0,9632111;1,995087;1,995087;1,720428;1,680374;1,680374;1,934052;2,386093;5,065918;0,3623962;5,065918;2,61879;5,369186;5,369186;0,5645752;4,314423;5,065918;2,39563;5,369186;5,065918;5,369186;2,61879;2,61879;2,61879;2,386093;4,072189;0,5645752;4,072189;0,3623962;4,072189;0,2975464;0,5645752;5,369186;2,61879;5,065918;2,088547;2,61879;4,314423;2,088547;5,065918;0,3623962;1,680374;4,072189;5,369186;5,065918;5,369186;2,386093;4,072189;2,61879;2,61879;0,3623962;0,5645752;2,386093;0,2975464;2,386093;5,065918;0,5645752;5,369186;5,065918;5,065918;2,088547;0,2975464;1,138687;0,3623962;2,61879;2,61879;4,314423;2,61879
"833";"2019-05-01";3,595352;3,074646;3,517151;3,606796;3,606796;3,595352;3,074646;2,895355;3,980637;3,517151;1,48201;2,290726;3,517151;3,595352;3,517151;3,606796;5,027771;1,419067;3,606796;1,615524;3,606796;2,996445;3,448486;1,419067;1,615524;1,419067;3,517151;1,787186;3,517151;3,606796;3,595352;5,027771;3,595352;5,027771;3,595352;3,606796;3,606796;2,996445;1,787186;1,787186;3,606796;1,48201;1,48201;1,615524;3,980637;6,593704;2,309799;6,593704;5,302429;6,536484;6,536484;2,075195;5,027771;6,593704;2,420425;6,536484;6,593704;6,536484;5,302429;5,302429;5,302429;3,980637;5,239487;2,075195;5,239487;2,309799;5,239487;2,004623;2,075195;6,536484;5,302429;6,593704;2,895355;5,302429;5,027771;2,895355;6,593704;2,309799;1,48201;5,239487;6,536484;6,593704;6,536484;3,980637;5,239487;5,302429;5,302429;2,309799;2,075195;3,980637;2,004623;3,980637;6,593704;2,075195;6,536484;6,593704;6,593704;2,895355;2,004623;2,290726;2,309799;5,302429;5,302429;5,027771;5,302429
"834";"2019-06-01";7,810593;5,935669;6,856918;9,214401;9,214401;7,810593;5,935669;5,874634;7,77626;6,856918;5,180359;6,443024;6,856918;7,810593;6,856918;9,214401;9,408951;5,836487;9,214401;6,635666;9,214401;7,478714;7,823944;5,836487;6,635666;5,836487;6,856918;5,849838;6,856918;9,214401;7,810593;9,408951;7,810593;9,408951;7,810593;9,214401;9,214401;7,478714;5,849838;5,849838;9,214401;5,180359;5,180359;6,635666;7,77626;7,343292;7,24411;7,343292;7,05719;8,405685;8,405685;8,718491;9,408951;7,343292;8,190155;8,405685;7,343292;8,405685;7,05719;7,05719;7,05719;7,77626;7,408142;8,718491;7,408142;7,24411;7,408142;7,759094;8,718491;8,405685;7,05719;7,343292;5,874634;7,05719;9,408951;5,874634;7,343292;7,24411;5,180359;7,408142;8,405685;7,343292;8,405685;7,77626;7,408142;7,05719;7,05719;7,24411;8,718491;7,77626;7,759094;7,77626;7,343292;8,718491;8,405685;7,343292;7,343292;5,874634;7,759094;6,443024;7,24411;7,05719;7,05719;9,408951;7,05719
"835";"2019-07-01";4,793167;3,376007;4,562378;5,977631;5,977631;4,793167;3,376007;3,805161;4,526138;4,562378;3,271103;3,673553;4,562378;4,793167;4,562378;5,977631;4,508972;4,173279;5,977631;5,039215;5,977631;6,134033;5,338669;4,173279;5,039215;4,173279;4,562378;4,291534;4,562378;5,977631;4,793167;4,508972;4,793167;4,508972;4,793167;5,977631;5,977631;6,134033;4,291534;4,291534;5,977631;3,271103;3,271103;5,039215;4,526138;3,614426;4,6978;3,614426;3,664017;2,780914;2,780914;4,137039;4,508972;3,614426;3,074646;2,780914;3,614426;2,780914;3,664017;3,664017;3,664017;4,526138;3,879547;4,137039;3,879547;4,6978;3,879547;5,485535;4,137039;2,780914;3,664017;3,614426;3,805161;3,664017;4,508972;3,805161;3,614426;4,6978;3,271103;3,879547;2,780914;3,614426;2,780914;4,526138;3,879547;3,664017;3,664017;4,6978;4,137039;4,526138;5,485535;4,526138;3,614426;4,137039;2,780914;3,614426;3,614426;3,805161;5,485535;3,673553;4,6978;3,664017;3,664017;4,508972;3,664017
"836";"2019-08-01";2,792358;2,101898;3,911972;4,463196;4,463196;2,792358;2,101898;2,077103;3,362656;3,911972;2,178192;2,889633;3,911972;2,792358;3,911972;4,463196;4,163742;2,626419;4,463196;2,912521;4,463196;4,550934;3,751755;2,626419;2,912521;2,626419;3,911972;3,036499;3,911972;4,463196;2,792358;4,163742;2,792358;4,163742;2,792358;4,463196;4,463196;4,550934;3,036499;3,036499;4,463196;2,178192;2,178192;2,912521;3,362656;2,748489;3,356934;2,748489;2,26593;2,79808;2,79808;3,36647;4,163742;2,748489;2,758026;2,79808;2,748489;2,79808;2,26593;2,26593;2,26593;3,362656;3,627777;3,36647;3,627777;3,356934;3,627777;3,765106;3,36647;2,79808;2,26593;2,748489;2,077103;2,26593;4,163742;2,077103;2,748489;3,356934;2,178192;3,627777;2,79808;2,748489;2,79808;3,362656;3,627777;2,26593;2,26593;3,356934;3,36647;3,362656;3,765106;3,362656;2,748489;3,36647;2,79808;2,748489;2,748489;2,077103;3,765106;2,889633;3,356934;2,26593;2,26593;4,163742;2,26593
"837";"2019-09-01";5,922318;4,972458;6,786346;7,450104;7,450104;5,922318;4,972458;4,812241;6,866455;6,786346;3,765106;6,040573;6,786346;5,922318;6,786346;7,450104;8,159637;4,6978;7,450104;4,083633;7,450104;5,901337;5,435944;4,6978;4,083633;4,6978;6,786346;3,843307;6,786346;7,450104;5,922318;8,159637;5,922318;8,159637;5,922318;7,450104;7,450104;5,901337;3,843307;3,843307;7,450104;3,765106;3,765106;4,083633;6,866455;5,691528;6,931305;5,691528;4,793167;5,783081;5,783081;6,195068;8,159637;5,691528;5,678177;5,783081;5,691528;5,783081;4,793167;4,793167;4,793167;6,866455;6,568909;6,195068;6,568909;6,931305;6,568909;7,789612;6,195068;5,783081;4,793167;5,691528;4,812241;4,793167;8,159637;4,812241;5,691528;6,931305;3,765106;6,568909;5,783081;5,691528;5,783081;6,866455;6,568909;4,793167;4,793167;6,931305;6,195068;6,866455;7,789612;6,866455;5,691528;6,195068;5,783081;5,691528;5,691528;4,812241;7,789612;6,040573;6,931305;4,793167;4,793167;8,159637;4,793167
"838";"2019-10-01";7,511139;6,059647;8,428574;7,141113;7,141113;7,511139;6,059647;7,045746;9,695053;8,428574;6,023407;7,064819;8,428574;7,511139;8,428574;7,141113;9,191513;5,361557;7,141113;5,115509;7,141113;5,903244;6,814957;5,361557;5,115509;5,361557;8,428574;6,025314;8,428574;7,141113;7,511139;9,191513;7,511139;9,191513;7,511139;7,141113;7,141113;5,903244;6,025314;6,025314;7,141113;6,023407;6,023407;5,115509;9,695053;11,24001;6,465912;11,24001;7,69043;10,72121;10,72121;10,12802;9,191513;11,24001;8,874893;10,72121;11,24001;10,72121;7,69043;7,69043;7,69043;9,695053;10,47325;10,12802;10,47325;6,465912;10,47325;10,52475;10,12802;10,72121;7,69043;11,24001;7,045746;7,69043;9,191513;7,045746;11,24001;6,465912;6,023407;10,47325;10,72121;11,24001;10,72121;9,695053;10,47325;7,69043;7,69043;6,465912;10,12802;9,695053;10,52475;9,695053;11,24001;10,12802;10,72121;11,24001;11,24001;7,045746;10,52475;7,064819;6,465912;7,69043;7,69043;9,191513;7,69043
"839";"2019-11-01";0,9078979;0,7457733;3,210068;1,361847;1,361847;0,9078979;0,7457733;1,54686;2,304077;3,210068;1,012802;1,901627;3,210068;0,9078979;3,210068;1,361847;3,210068;1,106262;1,361847;0,7724762;1,361847;0,8602142;0,711441;1,106262;0,7724762;1,106262;3,210068;0,8182526;3,210068;1,361847;0,9078979;3,210068;0,9078979;3,210068;0,9078979;1,361847;1,361847;0,8602142;0,8182526;0,8182526;1,361847;1,012802;1,012802;0,7724762;2,304077;5,252838;2,017975;5,252838;1,893997;4,91333;4,91333;5,540848;3,210068;5,252838;7,120132;4,91333;5,252838;4,91333;1,893997;1,893997;1,893997;2,304077;6,118774;5,540848;6,118774;2,017975;6,118774;4,497528;5,540848;4,91333;1,893997;5,252838;1,54686;1,893997;3,210068;1,54686;5,252838;2,017975;1,012802;6,118774;4,91333;5,252838;4,91333;2,304077;6,118774;1,893997;1,893997;2,017975;5,540848;2,304077;4,497528;2,304077;5,252838;5,540848;4,91333;5,252838;5,252838;1,54686;4,497528;1,901627;2,017975;1,893997;1,893997;3,210068;1,893997
"840";"2019-12-01";0,08201599;0,05912781;1,390457;0,1621246;0,1621246;0,08201599;0,05912781;0,5111694;0,8029938;1,390457;0,2708435;0,2765656;1,390457;0,08201599;1,390457;0,1621246;0,9155273;0,3032684;0,1621246;0,1411438;0,1621246;0,06103516;0,02670288;0,3032684;0,1411438;0,3032684;1,390457;0,202179;1,390457;0,1621246;0,08201599;0,9155273;0,08201599;0,9155273;0,08201599;0,1621246;0,1621246;0,06103516;0,202179;0,202179;0,1621246;0,2708435;0,2708435;0,1411438;0,8029938;3,541946;0,7152557;3,541946;1,070023;2,889633;2,889633;1,657486;0,9155273;3,541946;2,210617;2,889633;3,541946;2,889633;1,070023;1,070023;1,070023;0,8029938;2,639771;1,657486;2,639771;0,7152557;2,639771;0,9460449;1,657486;2,889633;1,070023;3,541946;0,5111694;1,070023;0,9155273;0,5111694;3,541946;0,7152557;0,2708435;2,639771;2,889633;3,541946;2,889633;0,8029938;2,639771;1,070023;1,070023;0,7152557;1,657486;0,8029938;0,9460449;0,8029938;3,541946;1,657486;2,889633;3,541946;3,541946;0,5111694;0,9460449;0,2765656;0,7152557;1,070023;1,070023;0,9155273;1,070023
"841";"2020-01-01";0,2365112;0,2441406;4,238129;0,5817413;0,5817413;0,2365112;0,2441406;1,865387;2,601624;4,238129;0,9155273;0,825882;4,238129;0,2365112;4,238129;0,5817413;3,347397;0,8659363;0,5817413;0,7991791;0,5817413;0,2861023;0,169754;0,8659363;0,7991791;0,8659363;4,238129;0,8201599;4,238129;0,5817413;0,2365112;3,347397;0,2365112;3,347397;0,2365112;0,5817413;0,5817413;0,2861023;0,8201599;0,8201599;0,5817413;0,9155273;0,9155273;0,7991791;2,601624;10,92148;2,414703;10,92148;4,022598;9,29451;9,29451;2,334595;3,347397;10,92148;3,633499;9,29451;10,92148;9,29451;4,022598;4,022598;4,022598;2,601624;6,906509;2,334595;6,906509;2,414703;6,906509;1,815796;2,334595;9,29451;4,022598;10,92148;1,865387;4,022598;3,347397;1,865387;10,92148;2,414703;0,9155273;6,906509;9,29451;10,92148;9,29451;2,601624;6,906509;4,022598;4,022598;2,414703;2,334595;2,601624;1,815796;2,601624;10,92148;2,334595;9,29451;10,92148;10,92148;1,865387;1,815796;0,825882;2,414703;4,022598;4,022598;3,347397;4,022598
"842";"2020-02-01";0,25177;0,2117157;1,686096;0,3662109;0,3662109;0,25177;0,2117157;0,5092621;1,497269;1,686096;0,2613068;0,6542206;1,686096;0,25177;1,686096;0,3662109;1,695633;0,3585815;0,3662109;0,5187988;0,3662109;0,2689362;0,1926422;0,3585815;0,5187988;0,3585815;1,686096;0,2727509;1,686096;0,3662109;0,25177;1,695633;0,25177;1,695633;0,25177;0,3662109;0,3662109;0,2689362;0,2727509;0,2727509;0,3662109;0,2613068;0,2613068;0,5187988;1,497269;4,619598;1,159668;4,619598;1,306534;4,863739;4,863739;2,702713;1,695633;4,619598;4,558563;4,863739;4,619598;4,863739;1,306534;1,306534;1,306534;1,497269;3,833771;2,702713;3,833771;1,159668;3,833771;1,972198;2,702713;4,863739;1,306534;4,619598;0,5092621;1,306534;1,695633;0,5092621;4,619598;1,159668;0,2613068;3,833771;4,863739;4,619598;4,863739;1,497269;3,833771;1,306534;1,306534;1,159668;2,702713;1,497269;1,972198;1,497269;4,619598;2,702713;4,863739;4,619598;4,619598;0,5092621;1,972198;0,6542206;1,159668;1,306534;1,306534;1,695633;1,306534
"843";"2020-03-01";0,213623;0,1049042;0,500679;0,494957;0,494957;0,213623;0,1049042;0,2584457;0,3128052;0,500679;0,1020432;0,210762;0,500679;0,213623;0,500679;0,494957;0,70858;0,2002716;0,494957;0,3023148;0,494957;0,4014969;0,2298355;0,2002716;0,3023148;0,2002716;0,500679;0,2202988;0,500679;0,494957;0,213623;0,70858;0,213623;0,70858;0,213623;0,494957;0,494957;0,4014969;0,2202988;0,2202988;0,494957;0,1020432;0,1020432;0,3023148;0,3128052;1,011848;0,5140305;1,011848;0,5998611;0,6885529;0,6885529;0,6961823;0,70858;1,011848;0,4529953;0,6885529;1,011848;0,6885529;0,5998611;0,5998611;0,5998611;0,3128052;0,9937286;0,6961823;0,9937286;0,5140305;0,9937286;0,6790161;0,6961823;0,6885529;0,5998611;1,011848;0,2584457;0,5998611;0,70858;0,2584457;1,011848;0,5140305;0,1020432;0,9937286;0,6885529;1,011848;0,6885529;0,3128052;0,9937286;0,5998611;0,5998611;0,5140305;0,6961823;0,3128052;0,6790161;0,3128052;1,011848;0,6961823;0,6885529;1,011848;1,011848;0,2584457;0,6790161;0,210762;0,5140305;0,5998611;0,5998611;0,70858;0,5998611
"844";"2020-04-01";1,029968;0,8068085;3,034592;1,840591;1,840591;1,029968;0,8068085;1,893997;1,943588;3,034592;1,552582;1,399994;3,034592;1,029968;3,034592;1,840591;3,480911;1,47438;1,840591;2,027512;1,840591;1,312256;1,005173;1,47438;2,027512;1,47438;3,034592;2,004623;3,034592;1,840591;1,029968;3,480911;1,029968;3,480911;1,029968;1,840591;1,840591;1,312256;2,004623;2,004623;1,840591;1,552582;1,552582;2,027512;1,943588;3,620148;1,605988;3,620148;2,5177;3,992081;3,992081;4,606247;3,480911;3,620148;4,259109;3,992081;3,620148;3,992081;2,5177;2,5177;2,5177;1,943588;3,736496;4,606247;3,736496;1,605988;3,736496;3,669739;4,606247;3,992081;2,5177;3,620148;1,893997;2,5177;3,480911;1,893997;3,620148;1,605988;1,552582;3,736496;3,992081;3,620148;3,992081;1,943588;3,736496;2,5177;2,5177;1,605988;4,606247;1,943588;3,669739;1,943588;3,620148;4,606247;3,992081;3,620148;3,620148;1,893997;3,669739;1,399994;1,605988;2,5177;2,5177;3,480911;2,5177
"845";"2020-05-01";1,79863;1,478195;7,108688;2,882004;2,882004;1,79863;1,478195;4,711151;5,924225;7,108688;2,918243;2,557755;7,108688;1,79863;7,108688;2,882004;9,01413;2,246857;2,882004;2,729416;2,882004;1,867294;1,123428;2,246857;2,729416;2,246857;7,108688;2,841949;7,108688;2,882004;1,79863;9,01413;1,79863;9,01413;1,79863;2,882004;2,882004;1,867294;2,841949;2,841949;2,882004;2,918243;2,918243;2,729416;5,924225;13,97896;3,580093;13,97896;8,096695;15,66887;15,66887;4,020691;9,01413;13,97896;4,53949;15,66887;13,97896;15,66887;8,096695;8,096695;8,096695;5,924225;12,01439;4,020691;12,01439;3,580093;12,01439;4,047394;4,020691;15,66887;8,096695;13,97896;4,711151;8,096695;9,01413;4,711151;13,97896;3,580093;2,918243;12,01439;15,66887;13,97896;15,66887;5,924225;12,01439;8,096695;8,096695;3,580093;4,020691;5,924225;4,047394;5,924225;13,97896;4,020691;15,66887;13,97896;13,97896;4,711151;4,047394;2,557755;3,580093;8,096695;8,096695;9,01413;8,096695
"846";"2020-06-01";4,333496;4,528046;4,15802;4,039764;4,039764;4,333496;4,528046;3,349304;6,118774;4,15802;2,487183;4,802704;4,15802;4,333496;4,15802;4,039764;5,683899;2,315521;4,039764;2,464294;4,039764;4,177094;4,371643;2,315521;2,464294;2,315521;4,15802;2,388;4,15802;4,039764;4,333496;5,683899;4,333496;5,683899;4,333496;4,039764;4,039764;4,177094;2,388;2,388;4,039764;2,487183;2,487183;2,464294;6,118774;6,214142;5,073547;6,214142;4,211426;6,320953;6,320953;7,972717;5,683899;6,214142;7,091522;6,320953;6,214142;6,320953;4,211426;4,211426;4,211426;6,118774;7,144928;7,972717;7,144928;5,073547;7,144928;7,49588;7,972717;6,320953;4,211426;6,214142;3,349304;4,211426;5,683899;3,349304;6,214142;5,073547;2,487183;7,144928;6,320953;6,214142;6,320953;6,118774;7,144928;4,211426;4,211426;5,073547;7,972717;6,118774;7,49588;6,118774;6,214142;7,972717;6,320953;6,214142;6,214142;3,349304;7,49588;4,802704;5,073547;4,211426;4,211426;5,683899;4,211426
"847";"2020-07-01";3,543854;2,590179;4,013062;4,940033;4,940033;3,543854;2,590179;2,555847;4,001617;4,013062;3,013611;3,7117;4,013062;3,543854;4,013062;4,940033;4,238129;3,490448;4,940033;4,264832;4,940033;4,867554;4,192352;3,490448;4,264832;3,490448;4,013062;3,71933;4,013062;4,940033;3,543854;4,238129;3,543854;4,238129;3,543854;4,940033;4,940033;4,867554;3,71933;3,71933;4,940033;3,013611;3,013611;4,264832;4,001617;2,082825;3,017426;2,082825;2,357483;2,410889;2,410889;2,468109;4,238129;2,082825;2,147675;2,410889;2,082825;2,410889;2,357483;2,357483;2,357483;4,001617;3,456116;2,468109;3,456116;3,017426;3,456116;4,34494;2,468109;2,410889;2,357483;2,082825;2,555847;2,357483;4,238129;2,555847;2,082825;3,017426;3,013611;3,456116;2,410889;2,082825;2,410889;4,001617;3,456116;2,357483;2,357483;3,017426;2,468109;4,001617;4,34494;4,001617;2,082825;2,468109;2,410889;2,082825;2,082825;2,555847;4,34494;3,7117;3,017426;2,357483;2,357483;4,238129;2,357483
"848";"2020-08-01";4,673004;3,635406;6,93512;6,43158;6,43158;4,673004;3,635406;5,081177;6,256104;6,93512;4,257202;5,504608;6,93512;4,673004;6,93512;6,43158;9,075165;3,658295;6,43158;2,788544;6,43158;5,027771;4,234314;3,658295;2,788544;3,658295;6,93512;3,772736;6,93512;6,43158;4,673004;9,075165;4,673004;9,075165;4,673004;6,43158;6,43158;5,027771;3,772736;3,772736;6,43158;4,257202;4,257202;2,788544;6,256104;7,637024;7,457733;7,637024;6,160736;7,995605;7,995605;7,320404;9,075165;7,637024;6,881714;7,995605;7,637024;7,995605;6,160736;6,160736;6,160736;6,256104;7,110596;7,320404;7,110596;7,457733;7,110596;10,60104;7,320404;7,995605;6,160736;7,637024;5,081177;6,160736;9,075165;5,081177;7,637024;7,457733;4,257202;7,110596;7,995605;7,637024;7,995605;6,256104;7,110596;6,160736;6,160736;7,457733;7,320404;6,256104;10,60104;6,256104;7,637024;7,320404;7,995605;7,637024;7,637024;5,081177;10,60104;5,504608;7,457733;6,160736;6,160736;9,075165;6,160736
"849";"2020-09-01";10,61821;6,820679;8,678436;9,580612;9,580612;10,61821;6,820679;7,663727;10,92911;8,678436;6,401062;8,033752;8,678436;10,61821;8,678436;9,580612;9,33075;6,52504;9,580612;6,456375;9,580612;9,33075;11,56998;6,52504;6,456375;6,52504;8,678436;6,116867;8,678436;9,580612;10,61821;9,33075;10,61821;9,33075;10,61821;9,580612;9,580612;9,33075;6,116867;6,116867;9,580612;6,401062;6,401062;6,456375;10,92911;9,910583;9,689331;9,910583;7,881165;8,152008;8,152008;6,847382;9,33075;9,910583;6,906509;8,152008;9,910583;8,152008;7,881165;7,881165;7,881165;10,92911;7,478714;6,847382;7,478714;9,689331;7,478714;9,616852;6,847382;8,152008;7,881165;9,910583;7,663727;7,881165;9,33075;7,663727;9,910583;9,689331;6,401062;7,478714;8,152008;9,910583;8,152008;10,92911;7,478714;7,881165;7,881165;9,689331;6,847382;10,92911;9,616852;10,92911;9,910583;6,847382;8,152008;9,910583;9,910583;7,663727;9,616852;8,033752;9,689331;7,881165;7,881165;9,33075;7,881165
"850";"2020-10-01";0,4806519;0,2632141;1,634598;0,9460449;0,9460449;0,4806519;0,2632141;1,077652;0,793457;1,634598;0,8506775;0,6904602;1,634598;0,4806519;1,634598;0,9460449;1,270294;0,6217957;0,9460449;0,3986359;0,9460449;0,7247925;0,7514954;0,6217957;0,3986359;0,6217957;1,634598;0,6484985;1,634598;0,9460449;0,4806519;1,270294;0,4806519;1,270294;0,4806519;0,9460449;0,9460449;0,7247925;0,6484985;0,6484985;0,9460449;0,8506775;0,8506775;0,3986359;0,793457;2,182007;2,35939;2,182007;1,239777;1,327515;1,327515;2,031326;1,270294;2,182007;1,644135;1,327515;2,182007;1,327515;1,239777;1,239777;1,239777;0,793457;1,483917;2,031326;1,483917;2,35939;1,483917;2,830505;2,031326;1,327515;1,239777;2,182007;1,077652;1,239777;1,270294;1,077652;2,182007;2,35939;0,8506775;1,483917;1,327515;2,182007;1,327515;0,793457;1,483917;1,239777;1,239777;2,35939;2,031326;0,793457;2,830505;0,793457;2,182007;2,031326;1,327515;2,182007;2,182007;1,077652;2,830505;0,6904602;2,35939;1,239777;1,239777;1,270294;1,239777
"851";"2020-11-01";0,497818;0,4901886;3,40271;0,8773804;0,8773804;0,497818;0,4901886;1,964569;2,056122;3,40271;1,041412;1,773834;3,40271;0,497818;3,40271;0,8773804;2,897263;1,10054;0,8773804;0,2536774;0,8773804;0,1163483;0,1068115;1,10054;0,2536774;1,10054;3,40271;0,4615784;3,40271;0,8773804;0,497818;2,897263;0,497818;2,897263;0,497818;0,8773804;0,8773804;0,1163483;0,4615784;0,4615784;0,8773804;1,041412;1,041412;0,2536774;2,056122;6,20842;3,307343;6,20842;2,958298;5,338669;5,338669;6,917953;2,897263;6,20842;7,606506;5,338669;6,20842;5,338669;2,958298;2,958298;2,958298;2,056122;6,071091;6,917953;6,071091;3,307343;6,071091;5,825043;6,917953;5,338669;2,958298;6,20842;1,964569;2,958298;2,897263;1,964569;6,20842;3,307343;1,041412;6,071091;5,338669;6,20842;5,338669;2,056122;6,071091;2,958298;2,958298;3,307343;6,917953;2,056122;5,825043;2,056122;6,20842;6,917953;5,338669;6,20842;6,20842;1,964569;5,825043;1,773834;3,307343;2,958298;2,958298;2,897263;2,958298
"852";"2020-12-01";0,1068115;0,1106262;1,125336;0,1945496;0,1945496;0,1068115;0,1106262;0,497818;0,7324219;1,125336;0,2193451;0,4081726;1,125336;0,1068115;1,125336;0,1945496;0,957489;0,2613068;0,1945496;0,2288818;0,1945496;0,04577637;0,02288818;0,2613068;0,2288818;0,2613068;1,125336;0,1602173;1,125336;0,1945496;0,1068115;0,957489;0,1068115;0,957489;0,1068115;0,1945496;0,1945496;0,04577637;0,1602173;0,1602173;0,1945496;0,2193451;0,2193451;0,2288818;0,7324219;2,746582;0,5645752;2,746582;0,8811951;2,227783;2,227783;1,106262;0,957489;2,746582;1,722336;2,227783;2,746582;2,227783;0,8811951;0,8811951;0,8811951;0,7324219;2,119064;1,106262;2,119064;0,5645752;2,119064;0,421524;1,106262;2,227783;0,8811951;2,746582;0,497818;0,8811951;0,957489;0,497818;2,746582;0,5645752;0,2193451;2,119064;2,227783;2,746582;2,227783;0,7324219;2,119064;0,8811951;0,8811951;0,5645752;1,106262;0,7324219;0,421524;0,7324219;2,746582;1,106262;2,227783;2,746582;2,746582;0,497818;0,421524;0,4081726;0,5645752;0,8811951;0,8811951;0,957489;0,8811951
"853";"2021-01-01";0,3814697;0,4692078;2,39563;0,8125305;0,8125305;0,3814697;0,4692078;1,422882;1,66893;2,39563;0,711441;1,062393;2,39563;0,3814697;2,39563;0,8125305;2,462387;0,8449554;0,8125305;1,712799;0,8125305;0,8144379;0,3757477;0,8449554;1,712799;0,8449554;2,39563;0,9784698;2,39563;0,8125305;0,3814697;2,462387;0,3814697;2,462387;0,3814697;0,8125305;0,8125305;0,8144379;0,9784698;0,9784698;0,8125305;0,711441;0,711441;1,712799;1,66893;4,934311;2,695084;4,934311;2,635956;5,033493;5,033493;3,175735;2,462387;4,934311;3,93486;5,033493;4,934311;5,033493;2,635956;2,635956;2,635956;1,66893;4,730225;3,175735;4,730225;2,695084;4,730225;2,191544;3,175735;5,033493;2,635956;4,934311;1,422882;2,635956;2,462387;1,422882;4,934311;2,695084;0,711441;4,730225;5,033493;4,934311;5,033493;1,66893;4,730225;2,635956;2,635956;2,695084;3,175735;1,66893;2,191544;1,66893;4,934311;3,175735;5,033493;4,934311;4,934311;1,422882;2,191544;1,062393;2,695084;2,635956;2,635956;2,462387;2,635956
"854";"2021-02-01";0,0705719;0,0705719;1,502991;0,1068115;0,1068115;0,0705719;0,0705719;0,6780624;1,364708;1,502991;0,1869202;0,538826;1,502991;0,0705719;1,502991;0,1068115;1,46389;0,1554489;0,1068115;0,07724762;0,1068115;0,02765656;0,01430511;0,1554489;0,07724762;0,1554489;1,502991;0,1134872;1,502991;0,1068115;0,0705719;1,46389;0,0705719;1,46389;0,0705719;0,1068115;0,1068115;0,02765656;0,1134872;0,1134872;0,1068115;0,1869202;0,1869202;0,07724762;1,364708;5,529404;2,386093;5,529404;2,468109;5,394936;5,394936;3,917694;1,46389;5,529404;4,858017;5,394936;5,529404;5,394936;2,468109;2,468109;2,468109;1,364708;4,306793;3,917694;4,306793;2,386093;4,306793;3,094673;3,917694;5,394936;2,468109;5,529404;0,6780624;2,468109;1,46389;0,6780624;5,529404;2,386093;0,1869202;4,306793;5,394936;5,529404;5,394936;1,364708;4,306793;2,468109;2,468109;2,386093;3,917694;1,364708;3,094673;1,364708;5,529404;3,917694;5,394936;5,529404;5,529404;0,6780624;3,094673;0,538826;2,386093;2,468109;2,468109;1,46389;2,468109
"855";"2021-03-01";0,1993179;0,1506805;1,621246;0,4253387;0,4253387;0,1993179;0,1506805;0,5178452;0,6608963;1,621246;0,4205704;0,4301071;1,621246;0,1993179;1,621246;0,4253387;1,111031;0,5369186;0,4253387;0,3376007;0,4253387;0,1773834;0,08869171;0,5369186;0,3376007;0,5369186;1,621246;0,2756119;1,621246;0,4253387;0,1993179;1,111031;0,1993179;1,111031;0,1993179;0,4253387;0,4253387;0,1773834;0,2756119;0,2756119;0,4253387;0,4205704;0,4205704;0,3376007;0,6608963;2,943039;0,6885529;2,943039;0,629425;1,745224;1,745224;1,806259;1,111031;2,943039;1,954079;1,745224;2,943039;1,745224;0,629425;0,629425;0,629425;0,6608963;2,052307;1,806259;2,052307;0,6885529;2,052307;0,8926392;1,806259;1,745224;0,629425;2,943039;0,5178452;0,629425;1,111031;0,5178452;2,943039;0,6885529;0,4205704;2,052307;1,745224;2,943039;1,745224;0,6608963;2,052307;0,629425;0,629425;0,6885529;1,806259;0,6608963;0,8926392;0,6608963;2,943039;1,806259;1,745224;2,943039;2,943039;0,5178452;0,8926392;0,4301071;0,6885529;0,629425;0,629425;1,111031;0,629425
"856";"2021-04-01";0,711441;0,5302429;3,154755;1,968384;1,968384;0,711441;0,5302429;1,993179;1,535416;3,154755;1,520157;0,9670258;3,154755;0,711441;3,154755;1,968384;4,278183;1,590729;1,968384;1,60408;1,968384;0,8296967;0,4863739;1,590729;1,60408;1,590729;3,154755;1,646042;3,154755;1,968384;0,711441;4,278183;0,711441;4,278183;0,711441;1,968384;1,968384;0,8296967;1,646042;1,646042;1,968384;1,520157;1,520157;1,60408;1,535416;3,293991;0,9841919;3,293991;1,94931;3,383636;3,383636;2,004623;4,278183;3,293991;2,07901;3,383636;3,293991;3,383636;1,94931;1,94931;1,94931;1,535416;3,078461;2,004623;3,078461;0,9841919;3,078461;1,529694;2,004623;3,383636;1,94931;3,293991;1,993179;1,94931;4,278183;1,993179;3,293991;0,9841919;1,520157;3,078461;3,383636;3,293991;3,383636;1,535416;3,078461;1,94931;1,94931;0,9841919;2,004623;1,535416;1,529694;1,535416;3,293991;2,004623;3,383636;3,293991;3,293991;1,993179;1,529694;0,9670258;0,9841919;1,94931;1,94931;4,278183;1,94931
"857";"2021-05-01";3,551483;3,299713;5,657196;4,814148;4,814148;3,551483;3,299713;5,41687;5,649567;5,657196;4,085541;3,606796;5,657196;3,551483;5,657196;4,814148;8,617401;2,939224;4,814148;4,081726;4,814148;4,396439;4,045486;2,939224;4,081726;2,939224;5,657196;3,772736;5,657196;4,814148;3,551483;8,617401;3,551483;8,617401;3,551483;4,814148;4,814148;4,396439;3,772736;3,772736;4,814148;4,085541;4,085541;4,081726;5,649567;7,335663;4,642487;7,335663;6,580353;10,53238;10,53238;4,69017;8,617401;7,335663;3,793716;10,53238;7,335663;10,53238;6,580353;6,580353;6,580353;5,649567;9,187698;4,69017;9,187698;4,642487;9,187698;5,233765;4,69017;10,53238;6,580353;7,335663;5,41687;6,580353;8,617401;5,41687;7,335663;4,642487;4,085541;9,187698;10,53238;7,335663;10,53238;5,649567;9,187698;6,580353;6,580353;4,642487;4,69017;5,649567;5,233765;5,649567;7,335663;4,69017;10,53238;7,335663;7,335663;5,41687;5,233765;3,606796;4,642487;6,580353;6,580353;8,617401;6,580353
"858";"2021-06-01";9,996414;8,924484;10,63728;10,355;10,355;9,996414;8,924484;7,99942;12,20322;10,63728;6,341934;10,65254;10,63728;9,996414;10,63728;10,355;13,36098;7,947922;10,355;8,216858;10,355;8,970261;9,410858;7,947922;8,216858;7,947922;10,63728;6,654739;10,63728;10,355;9,996414;13,36098;9,996414;13,36098;9,996414;10,355;10,355;8,970261;6,654739;6,654739;10,355;6,341934;6,341934;8,216858;12,20322;11,08742;6,235123;11,08742;6,961823;14,43481;14,43481;12,23564;13,36098;11,08742;14,25743;14,43481;11,08742;14,43481;6,961823;6,961823;6,961823;12,20322;13,65662;12,23564;13,65662;6,235123;13,65662;12,18414;12,23564;14,43481;6,961823;11,08742;7,99942;6,961823;13,36098;7,99942;11,08742;6,235123;6,341934;13,65662;14,43481;11,08742;14,43481;12,20322;13,65662;6,961823;6,961823;6,235123;12,23564;12,20322;12,18414;12,20322;11,08742;12,23564;14,43481;11,08742;11,08742;7,99942;12,18414;10,65254;6,235123;6,961823;6,961823;13,36098;6,961823
"859";"2021-07-01";2,763748;2,056122;4,528046;4,020691;4,020691;2,763748;2,056122;3,454208;3,643036;4,528046;2,74086;3,236771;4,528046;2,763748;4,528046;4,020691;4,947662;3,202438;4,020691;3,332138;4,020691;3,358841;2,601624;3,202438;3,332138;3,202438;4,528046;3,02124;4,528046;4,020691;2,763748;4,947662;2,763748;4,947662;2,763748;4,020691;4,020691;3,358841;3,02124;3,02124;4,020691;2,74086;2,74086;3,332138;3,643036;4,693985;6,551743;4,693985;4,026413;4,714966;4,714966;4,810333;4,947662;4,693985;4,079819;4,714966;4,693985;4,714966;4,026413;4,026413;4,026413;3,643036;4,714966;4,810333;4,714966;6,551743;4,714966;7,362366;4,810333;4,714966;4,026413;4,693985;3,454208;4,026413;4,947662;3,454208;4,693985;6,551743;2,74086;4,714966;4,714966;4,693985;4,714966;3,643036;4,714966;4,026413;4,026413;6,551743;4,810333;3,643036;7,362366;3,643036;4,693985;4,810333;4,714966;4,693985;4,693985;3,454208;7,362366;3,236771;6,551743;4,026413;4,026413;4,947662;4,026413
"860";"2021-08-01";5,186081;4,192352;6,650925;6,998062;6,998062;5,186081;4,192352;5,929947;5,25856;6,650925;5,834579;4,835129;6,650925;5,186081;6,650925;6,998062;6,591797;5,157471;6,998062;6,124496;6,998062;6,872177;5,180359;5,157471;6,124496;5,157471;6,650925;6,721497;6,650925;6,998062;5,186081;6,591797;5,186081;6,591797;5,186081;6,998062;6,998062;6,872177;6,721497;6,721497;6,998062;5,834579;5,834579;6,124496;5,25856;6,443024;6,168365;6,443024;6,477356;5,495071;5,495071;5,203247;6,591797;6,443024;4,413605;5,495071;6,443024;5,495071;6,477356;6,477356;6,477356;5,25856;5,475998;5,203247;5,475998;6,168365;5,475998;7,616043;5,203247;5,495071;6,477356;6,443024;5,929947;6,477356;6,591797;5,929947;6,443024;6,168365;5,834579;5,475998;5,495071;6,443024;5,495071;5,25856;5,475998;6,477356;6,477356;6,168365;5,203247;5,25856;7,616043;5,25856;6,443024;5,203247;5,495071;6,443024;6,443024;5,929947;7,616043;4,835129;6,168365;6,477356;6,477356;6,591797;6,477356
"861";"2021-09-01";6,576538;5,26619;7,677078;7,936478;7,936478;6,576538;5,26619;6,284714;6,631851;7,677078;6,296158;5,910873;7,677078;6,576538;7,677078;7,936478;7,539749;6,4888;7,936478;7,923126;7,936478;8,02803;7,261276;6,4888;7,923126;6,4888;7,677078;7,209778;7,677078;7,936478;6,576538;7,539749;6,576538;7,539749;6,576538;7,936478;7,936478;8,02803;7,209778;7,209778;7,936478;6,296158;6,296158;7,923126;6,631851;8,487701;6,578445;8,487701;7,385254;6,826401;6,826401;8,863449;7,539749;8,487701;8,901596;6,826401;8,487701;6,826401;7,385254;7,385254;7,385254;6,631851;7,688522;8,863449;7,688522;6,578445;7,688522;8,958817;8,863449;6,826401;7,385254;8,487701;6,284714;7,385254;7,539749;6,284714;8,487701;6,578445;6,296158;7,688522;6,826401;8,487701;6,826401;6,631851;7,688522;7,385254;7,385254;6,578445;8,863449;6,631851;8,958817;6,631851;8,487701;8,863449;6,826401;8,487701;8,487701;6,284714;8,958817;5,910873;6,578445;7,385254;7,385254;7,539749;7,385254
"862";"2021-10-01";1,548767;1,20163;3,860474;2,07901;2,07901;1,548767;1,20163;2,756119;2,542496;3,860474;1,903534;1,867294;3,860474;1,548767;3,860474;2,07901;3,509521;2,077103;2,07901;1,939774;2,07901;1,779556;1,613617;2,077103;1,939774;2,077103;3,860474;1,749039;3,860474;2,07901;1,548767;3,509521;1,548767;3,509521;1,548767;2,07901;2,07901;1,779556;1,749039;1,749039;2,07901;1,903534;1,903534;1,939774;2,542496;3,938675;2,912521;3,938675;2,971649;3,316879;3,316879;5,109787;3,509521;3,938675;4,274368;3,316879;3,938675;3,316879;2,971649;2,971649;2,971649;2,542496;3,728867;5,109787;3,728867;2,912521;3,728867;4,890442;5,109787;3,316879;2,971649;3,938675;2,756119;2,971649;3,509521;2,756119;3,938675;2,912521;1,903534;3,728867;3,316879;3,938675;3,316879;2,542496;3,728867;2,971649;2,971649;2,912521;5,109787;2,542496;4,890442;2,542496;3,938675;5,109787;3,316879;3,938675;3,938675;2,756119;4,890442;1,867294;2,912521;2,971649;2,971649;3,509521;2,971649
"863";"2021-11-01";0,4444122;0,4405975;2,74086;0,6752014;0,6752014;0,4444122;0,4405975;1,413345;1,728058;2,74086;0,8487701;1,10054;2,74086;0,4444122;2,74086;0,6752014;2,182007;0,7820129;0,6752014;0,2498627;0,6752014;0,1850128;0,1449585;0,7820129;0,2498627;0,7820129;2,74086;0,4844666;2,74086;0,6752014;0,4444122;2,182007;0,4444122;2,182007;0,4444122;0,6752014;0,6752014;0,1850128;0,4844666;0,4844666;0,6752014;0,8487701;0,8487701;0,2498627;1,728058;5,437851;2,670288;5,437851;2,044678;3,976822;3,976822;4,365921;2,182007;5,437851;3,931046;3,976822;5,437851;3,976822;2,044678;2,044678;2,044678;1,728058;4,566193;4,365921;4,566193;2,670288;4,566193;3,883362;4,365921;3,976822;2,044678;5,437851;1,413345;2,044678;2,182007;1,413345;5,437851;2,670288;0,8487701;4,566193;3,976822;5,437851;3,976822;1,728058;4,566193;2,044678;2,044678;2,670288;4,365921;1,728058;3,883362;1,728058;5,437851;4,365921;3,976822;5,437851;5,437851;1,413345;3,883362;1,10054;2,670288;2,044678;2,044678;2,182007;2,044678
"864";"2021-12-01";0,07629395;0,07247925;0,7400513;0,1869202;0,1869202;0,07629395;0,07247925;0,3757477;0,4119873;0,7400513;0,1602173;0,2555847;0,7400513;0,07629395;0,7400513;0,1869202;0,585556;0,1583099;0,1869202;0,120163;0,1869202;0,08392334;0,03433228;0,1583099;0,120163;0,1583099;0,7400513;0,1602173;0,7400513;0,1869202;0,07629395;0,585556;0,07629395;0,585556;0,07629395;0,1869202;0,1869202;0,08392334;0,1602173;0,1602173;0,1869202;0,1602173;0,1602173;0,120163;0,4119873;1,924515;0,9822845;1,924515;1,150131;1,390457;1,390457;1,655579;0,585556;1,924515;1,216888;1,390457;1,924515;1,390457;1,150131;1,150131;1,150131;0,4119873;1,38092;1,655579;1,38092;0,9822845;1,38092;1,544952;1,655579;1,390457;1,150131;1,924515;0,3757477;1,150131;0,585556;0,3757477;1,924515;0,9822845;0,1602173;1,38092;1,390457;1,924515;1,390457;0,4119873;1,38092;1,150131;1,150131;0,9822845;1,655579;0,4119873;1,544952;0,4119873;1,924515;1,655579;1,390457;1,924515;1,924515;0,3757477;1,544952;0,2555847;0,9822845;1,150131;1,150131;0,585556;1,150131
"865";"2022-01-01";0,6904602;0,5950928;2,516747;1,362801;1,362801;0,6904602;0,5950928;1,526833;1,571655;2,516747;1,233101;0,9355545;2,516747;0,6904602;2,516747;1,362801;2,79808;1,050949;1,362801;1,029968;1,362801;0,7886887;0,6055832;1,050949;1,029968;1,050949;2,516747;1,330376;2,516747;1,362801;0,6904602;2,79808;0,6904602;2,79808;0,6904602;1,362801;1,362801;0,7886887;1,330376;1,330376;1,362801;1,233101;1,233101;1,029968;1,571655;4,508972;1,547813;4,508972;2,099991;3,592491;3,592491;2,991676;2,79808;4,508972;4,081726;3,592491;4,508972;3,592491;2,099991;2,099991;2,099991;1,571655;3,581047;2,991676;3,581047;1,547813;3,581047;1,66893;2,991676;3,592491;2,099991;4,508972;1,526833;2,099991;2,79808;1,526833;4,508972;1,547813;1,233101;3,581047;3,592491;4,508972;3,592491;1,571655;3,581047;2,099991;2,099991;1,547813;2,991676;1,571655;1,66893;1,571655;4,508972;2,991676;3,592491;4,508972;4,508972;1,526833;1,66893;0,9355545;1,547813;2,099991;2,099991;2,79808;2,099991
"866";"2022-02-01";0,3948212;0,4749298;2,258301;0,5645752;0,5645752;0,3948212;0,4749298;1,131058;1,525879;2,258301;0,5950928;0,7610321;2,258301;0,3948212;2,258301;0,5645752;1,834869;0,6217957;0,5645752;0,869751;0,5645752;0,3452301;0,2651215;0,6217957;0,869751;0,6217957;2,258301;0,8831024;2,258301;0,5645752;0,3948212;1,834869;0,3948212;1,834869;0,3948212;0,5645752;0,5645752;0,3452301;0,8831024;0,8831024;0,5645752;0,5950928;0,5950928;0,869751;1,525879;5,336761;0,6656647;5,336761;1,955032;4,066467;4,066467;1,729965;1,834869;5,336761;2,679825;4,066467;5,336761;4,066467;1,955032;1,955032;1,955032;1,525879;3,444672;1,729965;3,444672;0,6656647;3,444672;1,001358;1,729965;4,066467;1,955032;5,336761;1,131058;1,955032;1,834869;1,131058;5,336761;0,6656647;0,5950928;3,444672;4,066467;5,336761;4,066467;1,525879;3,444672;1,955032;1,955032;0,6656647;1,729965;1,525879;1,001358;1,525879;5,336761;1,729965;4,066467;5,336761;5,336761;1,131058;1,001358;0,7610321;0,6656647;1,955032;1,955032;1,834869;1,955032
"867";"2022-03-01";0,3261566;0,1373291;1,634598;0,9613037;0,9613037;0,3261566;0,1373291;0,8878708;1,036644;1,634598;0,5998611;0,3185272;1,634598;0,3261566;1,634598;0,9613037;2,105713;0,6074905;0,9613037;0,7286072;0,9613037;0,5550385;0,2651215;0,6074905;0,7286072;0,6074905;1,634598;0,6198883;1,634598;0,9613037;0,3261566;2,105713;0,3261566;2,105713;0,3261566;0,9613037;0,9613037;0,5550385;0,6198883;0,6198883;0,9613037;0,5998611;0,5998611;0,7286072;1,036644;2,775192;0,5960464;2,775192;1,315117;3,362656;3,362656;1,289368;2,105713;2,775192;1,629829;3,362656;2,775192;3,362656;1,315117;1,315117;1,315117;1,036644;2,477646;1,289368;2,477646;0,5960464;2,477646;0,7658005;1,289368;3,362656;1,315117;2,775192;0,8878708;1,315117;2,105713;0,8878708;2,775192;0,5960464;0,5998611;2,477646;3,362656;2,775192;3,362656;1,036644;2,477646;1,315117;1,315117;0,5960464;1,289368;1,036644;0,7658005;1,036644;2,775192;1,289368;3,362656;2,775192;2,775192;0,8878708;0,7658005;0,3185272;0,5960464;1,315117;1,315117;2,105713;1,315117
"868";"2022-04-01";1,4534;1,117706;3,248215;2,422333;2,422333;1,4534;1,117706;2,002716;2,004623;3,248215;1,447678;1,152039;3,248215;1,4534;3,248215;2,422333;4,646301;1,623154;2,422333;2,279282;2,422333;1,909256;1,190186;1,623154;2,279282;1,623154;3,248215;1,945496;3,248215;2,422333;1,4534;4,646301;1,4534;4,646301;1,4534;2,422333;2,422333;1,909256;1,945496;1,945496;2,422333;1,447678;1,447678;2,279282;2,004623;2,788544;1,102448;2,788544;2,593994;3,450394;3,450394;1,04332;4,646301;2,788544;0,9174347;3,450394;2,788544;3,450394;2,593994;2,593994;2,593994;2,004623;3,973007;1,04332;3,973007;1,102448;3,973007;0,9651184;1,04332;3,450394;2,593994;2,788544;2,002716;2,593994;4,646301;2,002716;2,788544;1,102448;1,447678;3,973007;3,450394;2,788544;3,450394;2,004623;3,973007;2,593994;2,593994;1,102448;1,04332;2,004623;0,9651184;2,004623;2,788544;1,04332;3,450394;2,788544;2,788544;2,002716;0,9651184;1,152039;1,102448;2,593994;2,593994;4,646301;2,593994
"869";"2022-05-01";1,214981;0,9841919;2,02179;1,722336;1,722336;1,214981;0,9841919;1,937866;1,329422;2,02179;1,777649;1,13678;2,02179;1,214981;2,02179;1,722336;3,248215;1,079559;1,722336;2,071381;1,722336;1,523972;0,9403229;1,079559;2,071381;1,079559;2,02179;2,166748;2,02179;1,722336;1,214981;3,248215;1,214981;3,248215;1,214981;1,722336;1,722336;1,523972;2,166748;2,166748;1,722336;1,777649;1,777649;2,071381;1,329422;1,203537;1,634598;1,203537;2,363205;1,386642;1,386642;1,298904;3,248215;1,203537;0,7457733;1,386642;1,203537;1,386642;2,363205;2,363205;2,363205;1,329422;1,617432;1,298904;1,617432;1,634598;1,617432;1,520157;1,298904;1,386642;2,363205;1,203537;1,937866;2,363205;3,248215;1,937866;1,203537;1,634598;1,777649;1,617432;1,386642;1,203537;1,386642;1,329422;1,617432;2,363205;2,363205;1,634598;1,298904;1,329422;1,520157;1,329422;1,203537;1,298904;1,386642;1,203537;1,203537;1,937866;1,520157;1,13678;1,634598;2,363205;2,363205;3,248215;2,363205
"870";"2022-06-01";2,840042;2,090454;4,962921;2,941132;2,941132;2,840042;2,090454;4,4384;3,587723;4,962921;3,379822;3,885269;4,962921;2,840042;4,962921;2,941132;5,191803;2,481461;2,941132;1,850128;2,941132;2,296448;2,368927;2,481461;1,850128;2,481461;4,962921;3,030777;4,962921;2,941132;2,840042;5,191803;2,840042;5,191803;2,840042;2,941132;2,941132;2,296448;3,030777;3,030777;2,941132;3,379822;3,379822;1,850128;3,587723;5,210876;6,437302;5,210876;5,954742;4,547119;4,547119;9,66835;5,191803;5,210876;7,888794;4,547119;5,210876;4,547119;5,954742;5,954742;5,954742;3,587723;6,887436;9,66835;6,887436;6,437302;6,887436;8,777618;9,66835;4,547119;5,954742;5,210876;4,4384;5,954742;5,191803;4,4384;5,210876;6,437302;3,379822;6,887436;4,547119;5,210876;4,547119;3,587723;6,887436;5,954742;5,954742;6,437302;9,66835;3,587723;8,777618;3,587723;5,210876;9,66835;4,547119;5,210876;5,210876;4,4384;8,777618;3,885269;6,437302;5,954742;5,954742;5,191803;5,954742
"871";"2022-07-01";1,909256;1,020432;3,074646;3,553391;3,553391;1,909256;1,020432;2,138138;1,754761;3,074646;2,067566;1,806259;3,074646;1,909256;3,074646;3,553391;3,40271;1,916885;3,553391;2,176285;3,553391;2,813339;2,084732;1,916885;2,176285;1,916885;3,074646;2,727509;3,074646;3,553391;1,909256;3,40271;1,909256;3,40271;1,909256;3,553391;3,553391;2,813339;2,727509;2,727509;3,553391;2,067566;2,067566;2,176285;1,754761;2,309799;4,53949;2,309799;2,538681;2,157211;2,157211;4,180908;3,40271;2,309799;2,372742;2,157211;2,309799;2,157211;2,538681;2,538681;2,538681;1,754761;2,534866;4,180908;2,534866;4,53949;2,534866;6,456375;4,180908;2,157211;2,538681;2,309799;2,138138;2,538681;3,40271;2,138138;2,309799;4,53949;2,067566;2,534866;2,157211;2,309799;2,157211;1,754761;2,534866;2,538681;2,538681;4,53949;4,180908;1,754761;6,456375;1,754761;2,309799;4,180908;2,157211;2,309799;2,309799;2,138138;6,456375;1,806259;4,53949;2,538681;2,538681;3,40271;2,538681
"872";"2022-08-01";4,487991;3,282547;4,312515;6,004333;6,004333;4,487991;3,282547;3,610611;4,53186;4,312515;3,232956;4,112244;4,312515;4,487991;4,312515;6,004333;5,039215;3,210068;6,004333;4,039764;6,004333;5,064011;4,253387;3,210068;4,039764;3,210068;4,312515;3,940582;4,312515;6,004333;4,487991;5,039215;4,487991;5,039215;4,487991;6,004333;6,004333;5,064011;3,940582;3,940582;6,004333;3,232956;3,232956;4,039764;4,53186;3,604889;5,411148;3,604889;3,606796;3,875732;3,875732;4,968643;5,039215;3,604889;3,648758;3,875732;3,604889;3,875732;3,606796;3,606796;3,606796;4,53186;4,926682;4,968643;4,926682;5,411148;4,926682;6,504059;4,968643;3,875732;3,606796;3,604889;3,610611;3,606796;5,039215;3,610611;3,604889;5,411148;3,232956;4,926682;3,875732;3,604889;3,875732;4,53186;4,926682;3,606796;3,606796;5,411148;4,968643;4,53186;6,504059;4,53186;3,604889;4,968643;3,875732;3,604889;3,604889;3,610611;6,504059;4,112244;5,411148;3,606796;3,606796;5,039215;3,606796
"873";"2022-09-01";7,488251;6,849289;9,160995;6,921768;6,921768;7,488251;6,849289;8,255005;10,14137;9,160995;5,506516;9,113312;9,160995;7,488251;9,160995;6,921768;10,34546;4,600525;6,921768;3,290176;6,921768;6,034851;6,801605;4,600525;3,290176;4,600525;9,160995;3,816605;9,160995;6,921768;7,488251;10,34546;7,488251;10,34546;7,488251;6,921768;6,921768;6,034851;3,816605;3,816605;6,921768;5,506516;5,506516;3,290176;10,14137;12,20131;12,93755;12,20131;9,252548;12,0163;12,0163;17,35878;10,34546;12,20131;18,2476;12,0163;12,20131;12,0163;9,252548;9,252548;9,252548;10,14137;14,18304;17,35878;14,18304;12,93755;14,18304;15,88821;17,35878;12,0163;9,252548;12,20131;8,255005;9,252548;10,34546;8,255005;12,20131;12,93755;5,506516;14,18304;12,0163;12,20131;12,0163;10,14137;14,18304;9,252548;9,252548;12,93755;17,35878;10,14137;15,88821;10,14137;12,20131;17,35878;12,0163;12,20131;12,20131;8,255005;15,88821;9,113312;12,93755;9,252548;9,252548;10,34546;9,252548
"874";"2022-10-01";2,496719;1,625061;4,299164;3,068924;3,068924;2,496719;1,625061;3,1147;4,171371;4,299164;2,290726;2,696991;4,299164;2,496719;4,299164;3,068924;4,228592;2,220154;3,068924;1,991272;3,068924;2,271652;1,407623;2,220154;1,991272;2,220154;4,299164;1,953125;4,299164;3,068924;2,496719;4,228592;2,496719;4,228592;2,496719;3,068924;3,068924;2,271652;1,953125;1,953125;3,068924;2,290726;2,290726;1,991272;4,171371;5,485535;4,346848;5,485535;3,406525;5,146027;5,146027;5,407333;4,228592;5,485535;4,957199;5,146027;5,485535;5,146027;3,406525;3,406525;3,406525;4,171371;6,063461;5,407333;6,063461;4,346848;6,063461;4,743576;5,407333;5,146027;3,406525;5,485535;3,1147;3,406525;4,228592;3,1147;5,485535;4,346848;2,290726;6,063461;5,146027;5,485535;5,146027;4,171371;6,063461;3,406525;3,406525;4,346848;5,407333;4,171371;4,743576;4,171371;5,485535;5,407333;5,146027;5,485535;5,485535;3,1147;4,743576;2,696991;4,346848;3,406525;3,406525;4,228592;3,406525
"875";"2022-11-01";0,6427765;0,617981;2,288818;0,9231567;0,9231567;0,6427765;0,617981;0,8583069;1,930237;2,288818;0,453949;1,003265;2,288818;0,6427765;2,288818;0,9231567;2,538681;0,6217957;0,9231567;0,3738403;0,9231567;0,5645752;0,3395081;0,6217957;0,3738403;0,6217957;2,288818;0,3089905;2,288818;0,9231567;0,6427765;2,538681;0,6427765;2,538681;0,6427765;0,9231567;0,9231567;0,5645752;0,3089905;0,3089905;0,9231567;0,453949;0,453949;0,3738403;1,930237;5,054474;1,848221;5,054474;1,415253;4,924774;4,924774;4,016876;2,538681;5,054474;3,43895;4,924774;5,054474;4,924774;1,415253;1,415253;1,415253;1,930237;4,253387;4,016876;4,253387;1,848221;4,253387;3,650665;4,016876;4,924774;1,415253;5,054474;0,8583069;1,415253;2,538681;0,8583069;5,054474;1,848221;0,453949;4,253387;4,924774;5,054474;4,924774;1,930237;4,253387;1,415253;1,415253;1,848221;4,016876;1,930237;3,650665;1,930237;5,054474;4,016876;4,924774;5,054474;5,054474;0,8583069;3,650665;1,003265;1,848221;1,415253;1,415253;2,538681;1,415253
"876";"2022-12-01";0,5512238;0,5187988;2,008438;0,9841919;0,9841919;0,5512238;0,5187988;1,556396;1,506805;2,008438;0,7820129;0,7572174;2,008438;0,5512238;2,008438;0,9841919;2,082825;0,8869171;0,9841919;0,7686615;0,9841919;0,5760193;0,459671;0,8869171;0,7686615;0,8869171;2,008438;0,6065369;2,008438;0,9841919;0,5512238;2,082825;0,5512238;2,082825;0,5512238;0,9841919;0,9841919;0,5760193;0,6065369;0,6065369;0,9841919;0,7820129;0,7820129;0,7686615;1,506805;3,911972;1,38855;3,911972;2,48909;3,858566;3,858566;2,229691;2,082825;3,911972;4,102707;3,858566;3,911972;3,858566;2,48909;2,48909;2,48909;1,506805;3,055573;2,229691;3,055573;1,38855;3,055573;1,306534;2,229691;3,858566;2,48909;3,911972;1,556396;2,48909;2,082825;1,556396;3,911972;1,38855;0,7820129;3,055573;3,858566;3,911972;3,858566;1,506805;3,055573;2,48909;2,48909;1,38855;2,229691;1,506805;1,306534;1,506805;3,911972;2,229691;3,858566;3,911972;3,911972;1,556396;1,306534;0,7572174;1,38855;2,48909;2,48909;2,082825;2,48909
"877";"2023-01-01";0,1354218;0,0743866;0,9288788;0,2250671;0,2250671;0,1354218;0,0743866;0,4425049;0,4940033;0,9288788;0,1964569;0,289917;0,9288788;0,1354218;0,9288788;0,2250671;0,7705688;0,1964569;0,2250671;0,1754761;0,2250671;0,125885;0,05531311;0,1964569;0,1754761;0,1964569;0,9288788;0,1468658;0,9288788;0,2250671;0,1354218;0,7705688;0,1354218;0,7705688;0,1354218;0,2250671;0,2250671;0,125885;0,1468658;0,1468658;0,2250671;0,1964569;0,1964569;0,1754761;0,4940033;2,519608;1,281738;2,519608;1,066208;1,585007;1,585007;1,61171;0,7705688;2,519608;2,029419;1,585007;2,519608;1,585007;1,066208;1,066208;1,066208;0,4940033;1,472473;1,61171;1,472473;1,281738;1,472473;1,003265;1,61171;1,585007;1,066208;2,519608;0,4425049;1,066208;0,7705688;0,4425049;2,519608;1,281738;0,1964569;1,472473;1,585007;2,519608;1,585007;0,4940033;1,472473;1,066208;1,066208;1,281738;1,61171;0,4940033;1,003265;0,4940033;2,519608;1,61171;1,585007;2,519608;2,519608;0,4425049;1,003265;0,289917;1,281738;1,066208;1,066208;0,7705688;1,066208
"878";"2023-02-01";0,1363754;0,166893;1,317978;0,287056;0,287056;0,1363754;0,166893;0,3108978;0,7562637;1,317978;0,2260208;0,4873276;1,317978;0,1363754;1,317978;0,287056;1,073837;0,4043579;0,287056;0,2603531;0,287056;0,08296967;0,06389618;0,4043579;0,2603531;0,4043579;1,317978;0,1850128;1,317978;0,287056;0,1363754;1,073837;0,1363754;1,073837;0,1363754;0,287056;0,287056;0,08296967;0,1850128;0,1850128;0,287056;0,2260208;0,2260208;0,2603531;0,7562637;2,595901;0,4072189;2,595901;0,500679;2,018929;2,018929;1,049995;1,073837;2,595901;1,429558;2,018929;2,595901;2,018929;0,500679;0,500679;0,500679;0,7562637;2,210617;1,049995;2,210617;0,4072189;2,210617;0,7629395;1,049995;2,018929;0,500679;2,595901;0,3108978;0,500679;1,073837;0,3108978;2,595901;0,4072189;0,2260208;2,210617;2,018929;2,595901;2,018929;0,7562637;2,210617;0,500679;0,500679;0,4072189;1,049995;0,7562637;0,7629395;0,7562637;2,595901;1,049995;2,018929;2,595901;2,595901;0,3108978;0,7629395;0,4873276;0,4072189;0,500679;0,500679;1,073837;0,500679
"879";"2023-03-01";0,6856918;0,3976822;2,963066;1,242638;1,242638;0,6856918;0,3976822;1,98555;1,389503;2,963066;1,267433;0,8144379;2,963066;0,6856918;2,963066;1,242638;2,744675;0,9393692;1,242638;1,176834;1,242638;0,8354187;0,4253387;0,9393692;1,176834;0,9393692;2,963066;1,358032;2,963066;1,242638;0,6856918;2,744675;0,6856918;2,744675;0,6856918;1,242638;1,242638;0,8354187;1,358032;1,358032;1,242638;1,267433;1,267433;1,176834;1,389503;5,630493;2,390862;5,630493;3,10421;3,616333;3,616333;1,808167;2,744675;5,630493;2,925873;3,616333;5,630493;3,616333;3,10421;3,10421;3,10421;1,389503;3,339767;1,808167;3,339767;2,390862;3,339767;1,361847;1,808167;3,616333;3,10421;5,630493;1,98555;3,10421;2,744675;1,98555;5,630493;2,390862;1,267433;3,339767;3,616333;5,630493;3,616333;1,389503;3,339767;3,10421;3,10421;2,390862;1,808167;1,389503;1,361847;1,389503;5,630493;1,808167;3,616333;5,630493;5,630493;1,98555;1,361847;0,8144379;2,390862;3,10421;3,10421;2,744675;3,10421
"880";"2023-04-01";1,200676;1,43528;5,493164;2,027512;2,027512;1,200676;1,43528;3,740311;5,041122;5,493164;2,193451;1,771927;5,493164;1,200676;5,493164;2,027512;6,799698;1,69754;2,027512;2,557755;2,027512;1,786232;0,9346008;1,69754;2,557755;1,69754;5,493164;2,429962;5,493164;2,027512;1,200676;6,799698;1,200676;6,799698;1,200676;2,027512;2,027512;1,786232;2,429962;2,429962;2,027512;2,193451;2,193451;2,557755;5,041122;12,38823;3,670692;12,38823;7,293701;14,72092;14,72092;3,750801;6,799698;12,38823;5,660057;14,72092;12,38823;14,72092;7,293701;7,293701;7,293701;5,041122;8,669853;3,750801;8,669853;3,670692;8,669853;3,549576;3,750801;14,72092;7,293701;12,38823;3,740311;7,293701;6,799698;3,740311;12,38823;3,670692;2,193451;8,669853;14,72092;12,38823;14,72092;5,041122;8,669853;7,293701;7,293701;3,670692;3,750801;5,041122;3,549576;5,041122;12,38823;3,750801;14,72092;12,38823;12,38823;3,740311;3,549576;1,771927;3,670692;7,293701;7,293701;6,799698;7,293701
"881";"2023-05-01";3,993988;4,35257;5,1651;6,607056;6,607056;3,993988;4,35257;4,415512;6,782532;5,1651;3,17955;3,822327;5,1651;3,993988;5,1651;6,607056;13,42201;2,830505;6,607056;4,419327;6,607056;4,417419;3,482819;2,830505;4,419327;2,830505;5,1651;4,188538;5,1651;6,607056;3,993988;13,42201;3,993988;13,42201;3,993988;6,607056;6,607056;4,417419;4,188538;4,188538;6,607056;3,17955;3,17955;4,419327;6,782532;6,774902;8,491516;6,774902;6,332397;11,15608;11,15608;2,170563;13,42201;6,774902;2,748489;11,15608;6,774902;11,15608;6,332397;6,332397;6,332397;6,782532;9,325027;2,170563;9,325027;8,491516;9,325027;2,54631;2,170563;11,15608;6,332397;6,774902;4,415512;6,332397;13,42201;4,415512;6,774902;8,491516;3,17955;9,325027;11,15608;6,774902;11,15608;6,782532;9,325027;6,332397;6,332397;8,491516;2,170563;6,782532;2,54631;6,782532;6,774902;2,170563;11,15608;6,774902;6,774902;4,415512;2,54631;3,822327;8,491516;6,332397;6,332397;13,42201;6,332397
"882";"2023-06-01";2,883911;3,396988;2,758026;4,91333;4,91333;2,883911;3,396988;2,445221;6,952286;2,758026;1,899719;3,837585;2,758026;2,883911;2,758026;4,91333;11,72066;1,033783;4,91333;1,468658;4,91333;1,918793;1,598358;1,033783;1,468658;1,033783;2,758026;1,996994;2,758026;4,91333;2,883911;11,72066;2,883911;11,72066;2,883911;4,91333;4,91333;1,918793;1,996994;1,996994;4,91333;1,899719;1,899719;1,468658;6,952286;5,056381;7,003784;5,056381;3,868103;9,523392;9,523392;7,423401;11,72066;5,056381;5,641937;9,523392;5,056381;9,523392;3,868103;3,868103;3,868103;6,952286;9,414673;7,423401;9,414673;7,003784;9,414673;7,419586;7,423401;9,523392;3,868103;5,056381;2,445221;3,868103;11,72066;2,445221;5,056381;7,003784;1,899719;9,414673;9,523392;5,056381;9,523392;6,952286;9,414673;3,868103;3,868103;7,003784;7,423401;6,952286;7,419586;6,952286;5,056381;7,423401;9,523392;5,056381;5,056381;2,445221;7,419586;3,837585;7,003784;3,868103;3,868103;11,72066;3,868103
"883";"2023-07-01";2,773285;1,934052;3,65448;3,707886;3,707886;2,773285;1,934052;2,986908;3,286362;3,65448;2,920151;3,400803;3,65448;2,773285;3,65448;3,707886;4,53186;2,695084;3,707886;2,475739;3,707886;3,360748;2,346039;2,695084;2,475739;2,695084;3,65448;3,335953;3,65448;3,707886;2,773285;4,53186;2,773285;4,53186;2,773285;3,707886;3,707886;3,360748;3,335953;3,335953;3,707886;2,920151;2,920151;2,475739;3,286362;3,078461;4,903793;3,078461;3,406525;3,105164;3,105164;5,489349;4,53186;3,078461;4,131317;3,105164;3,078461;3,105164;3,406525;3,406525;3,406525;3,286362;4,293442;5,489349;4,293442;4,903793;4,293442;6,855011;5,489349;3,105164;3,406525;3,078461;2,986908;3,406525;4,53186;2,986908;3,078461;4,903793;2,920151;4,293442;3,105164;3,078461;3,105164;3,286362;4,293442;3,406525;3,406525;4,903793;5,489349;3,286362;6,855011;3,286362;3,078461;5,489349;3,105164;3,078461;3,078461;2,986908;6,855011;3,400803;4,903793;3,406525;3,406525;4,53186;3,406525
"884";"2023-08-01";3,786087;3,557205;5,626678;4,102707;4,102707;3,786087;3,557205;4,600525;4,098892;5,626678;4,014969;3,900528;5,626678;3,786087;5,626678;4,102707;5,062103;3,383636;4,102707;3,219604;4,102707;4,487991;4,411697;3,383636;3,219604;3,383636;5,626678;4,262924;5,626678;4,102707;3,786087;5,062103;3,786087;5,062103;3,786087;4,102707;4,102707;4,487991;4,262924;4,262924;4,102707;4,014969;4,014969;3,219604;4,098892;5,260468;4,394531;5,260468;3,604889;3,822327;3,822327;6,126404;5,062103;5,260468;4,175186;3,822327;5,260468;3,822327;3,604889;3,604889;3,604889;4,098892;4,940033;6,126404;4,940033;4,394531;4,940033;7,692337;6,126404;3,822327;3,604889;5,260468;4,600525;3,604889;5,062103;4,600525;5,260468;4,394531;4,014969;4,940033;3,822327;5,260468;3,822327;4,098892;4,940033;3,604889;3,604889;4,394531;6,126404;4,098892;7,692337;4,098892;5,260468;6,126404;3,822327;5,260468;5,260468;4,600525;7,692337;3,900528;4,394531;3,604889;3,604889;5,062103;3,604889
"885";"2023-09-01";1,098633;0,7171631;2,632141;1,922607;1,922607;1,098633;0,7171631;1,821518;1,634598;2,632141;1,674652;1,260757;2,632141;1,098633;2,632141;1,922607;2,721786;1,796722;1,922607;1,140594;1,922607;2,408981;1,197815;1,796722;1,140594;1,796722;2,632141;1,684189;2,632141;1,922607;1,098633;2,721786;1,098633;2,721786;1,098633;1,922607;1,922607;2,408981;1,684189;1,684189;1,922607;1,674652;1,674652;1,140594;1,634598;2,204895;3,850937;2,204895;2,17247;1,239777;1,239777;2,660751;2,721786;2,204895;1,176834;1,239777;2,204895;1,239777;2,17247;2,17247;2,17247;1,634598;1,516342;2,660751;1,516342;3,850937;1,516342;4,426956;2,660751;1,239777;2,17247;2,204895;1,821518;2,17247;2,721786;1,821518;2,204895;3,850937;1,674652;1,516342;1,239777;2,204895;1,239777;1,634598;1,516342;2,17247;2,17247;3,850937;2,660751;1,634598;4,426956;1,634598;2,204895;2,660751;1,239777;2,204895;2,204895;1,821518;4,426956;1,260757;3,850937;2,17247;2,17247;2,721786;2,17247
"886";"2023-10-01";1,768112;1,693726;5,174637;2,668381;2,668381;1,768112;1,693726;3,128052;2,878189;5,174637;2,504349;2,336502;5,174637;1,768112;5,174637;2,668381;4,470825;2,828598;2,668381;1,808167;2,668381;1,760483;1,554489;2,828598;1,808167;2,828598;5,174637;1,972198;5,174637;2,668381;1,768112;4,470825;1,768112;4,470825;1,768112;2,668381;2,668381;1,760483;1,972198;1,972198;2,668381;2,504349;2,504349;1,808167;2,878189;5,76973;4,833221;5,76973;3,902435;3,730774;3,730774;6,217957;4,470825;5,76973;5,365372;3,730774;5,76973;3,730774;3,902435;3,902435;3,902435;2,878189;4,21524;6,217957;4,21524;4,833221;4,21524;6,111145;6,217957;3,730774;3,902435;5,76973;3,128052;3,902435;4,470825;3,128052;5,76973;4,833221;2,504349;4,21524;3,730774;5,76973;3,730774;2,878189;4,21524;3,902435;3,902435;4,833221;6,217957;2,878189;6,111145;2,878189;5,76973;6,217957;3,730774;5,76973;5,76973;3,128052;6,111145;2,336502;4,833221;3,902435;3,902435;4,470825;3,902435
"887";"2023-11-01";1,255035;1,037598;4,283905;1,993179;1,993179;1,255035;1,037598;1,789093;2,283096;4,283905;1,085281;1,70517;4,283905;1,255035;4,283905;1,993179;3,240585;1,989365;1,993179;1,647949;1,993179;1,405716;1,178741;1,989365;1,647949;1,989365;4,283905;1,031876;4,283905;1,993179;1,255035;3,240585;1,255035;3,240585;1,255035;1,993179;1,993179;1,405716;1,031876;1,031876;1,993179;1,085281;1,085281;1,647949;2,283096;6,772995;2,68364;6,772995;3,465652;4,613876;4,613876;4,266739;3,240585;6,772995;5,437851;4,613876;6,772995;4,613876;3,465652;3,465652;3,465652;2,283096;5,281448;4,266739;5,281448;2,68364;5,281448;3,070831;4,266739;4,613876;3,465652;6,772995;1,789093;3,465652;3,240585;1,789093;6,772995;2,68364;1,085281;5,281448;4,613876;6,772995;4,613876;2,283096;5,281448;3,465652;3,465652;2,68364;4,266739;2,283096;3,070831;2,283096;6,772995;4,266739;4,613876;6,772995;6,772995;1,789093;3,070831;1,70517;2,68364;3,465652;3,465652;3,240585;3,465652
"888";"2023-12-01";0,6427765;0,629425;5,199432;0,9307861;0,9307861;0,6427765;0,629425;2,061844;3,692627;5,199432;1,00708;1,626968;5,199432;0,6427765;5,199432;0,9307861;4,169464;1,190186;0,9307861;1,375198;0,9307861;0,6999969;0,4405975;1,190186;1,375198;1,190186;5,199432;1,12915;5,199432;0,9307861;0,6427765;4,169464;0,6427765;4,169464;0,6427765;0,9307861;0,9307861;0,6999969;1,12915;1,12915;0,9307861;1,00708;1,00708;1,375198;3,692627;14,47105;2,45285;14,47105;5,2948;11,75308;11,75308;6,347656;4,169464;14,47105;10,03265;11,75308;14,47105;11,75308;5,2948;5,2948;5,2948;3,692627;9,132385;6,347656;9,132385;2,45285;9,132385;4,098892;6,347656;11,75308;5,2948;14,47105;2,061844;5,2948;4,169464;2,061844;14,47105;2,45285;1,00708;9,132385;11,75308;14,47105;11,75308;3,692627;9,132385;5,2948;5,2948;2,45285;6,347656;3,692627;4,098892;3,692627;14,47105;6,347656;11,75308;14,47105;14,47105;2,061844;4,098892;1,626968;2,45285;5,2948;5,2948;4,169464;5,2948
"889";"2024-01-01";0,1831055;0,1792908;3,238678;0,415802;0,415802;0,1831055;0,1792908;1,316071;1,718521;3,238678;0,3643036;0,4615784;3,238678;0,1831055;3,238678;0,415802;2,275467;0,6160736;0,415802;0,4711151;0,415802;0,295639;0,1525879;0,6160736;0,4711151;0,6160736;3,238678;0,3013611;3,238678;0,415802;0,1831055;2,275467;0,1831055;2,275467;0,1831055;0,415802;0,415802;0,295639;0,3013611;0,3013611;0,415802;0,3643036;0,3643036;0,4711151;1,718521;9,342194;3,170013;9,342194;3,852844;6,637573;6,637573;4,079819;2,275467;9,342194;4,560471;6,637573;9,342194;6,637573;3,852844;3,852844;3,852844;1,718521;4,440308;4,079819;4,440308;3,170013;4,440308;3,889084;4,079819;6,637573;3,852844;9,342194;1,316071;3,852844;2,275467;1,316071;9,342194;3,170013;0,3643036;4,440308;6,637573;9,342194;6,637573;1,718521;4,440308;3,852844;3,852844;3,170013;4,079819;1,718521;3,889084;1,718521;9,342194;4,079819;6,637573;9,342194;9,342194;1,316071;3,889084;0,4615784;3,170013;3,852844;3,852844;2,275467;3,852844
"890";"2024-02-01";0,2593994;0,3147125;1,235962;0,2727509;0,2727509;0,2593994;0,3147125;0,4901886;0,8831024;1,235962;0,2536774;0,4272461;1,235962;0,2593994;1,235962;0,2727509;0,9212494;0,2613068;0,2727509;0,2498627;0,2727509;0,2212524;0,2174377;0,2613068;0,2498627;0,2613068;1,235962;0,25177;1,235962;0,2727509;0,2593994;0,9212494;0,2593994;0,9212494;0,2593994;0,2727509;0,2727509;0,2212524;0,25177;0,25177;0,2727509;0,2536774;0,2536774;0,2498627;0,8831024;4,053116;1,062393;4,053116;1,211166;2,685547;2,685547;2,428055;0,9212494;4,053116;2,83432;2,685547;4,053116;2,685547;1,211166;1,211166;1,211166;0,8831024;2,206802;2,428055;2,206802;1,062393;2,206802;1,38092;2,428055;2,685547;1,211166;4,053116;0,4901886;1,211166;0,9212494;0,4901886;4,053116;1,062393;0,2536774;2,206802;2,685547;4,053116;2,685547;0,8831024;2,206802;1,211166;1,211166;1,062393;2,428055;0,8831024;1,38092;0,8831024;4,053116;2,428055;2,685547;4,053116;4,053116;0,4901886;1,38092;0,4272461;1,062393;1,211166;1,211166;0,9212494;1,211166
"891";"2024-03-01";0,120163;0,1239777;2,771378;0,1716614;0,1716614;0,120163;0,1239777;1,262665;2,666473;2,771378;0,3967285;0,6217957;2,771378;0,120163;2,771378;0,1716614;2,786636;0,333786;0,1716614;0,2479553;0,1716614;0,0667572;0,03051758;0,333786;0,2479553;0,333786;2,771378;0,2288818;2,771378;0,1716614;0,120163;2,786636;0,120163;2,786636;0,120163;0,1716614;0,1716614;0,0667572;0,2288818;0,2288818;0,1716614;0,3967285;0,3967285;0,2479553;2,666473;8,886337;1,470566;8,886337;2,649307;10,20241;10,20241;4,772186;2,786636;8,886337;5,161285;10,20241;8,886337;10,20241;2,649307;2,649307;2,649307;2,666473;8,029938;4,772186;8,029938;1,470566;8,029938;3,030777;4,772186;10,20241;2,649307;8,886337;1,262665;2,649307;2,786636;1,262665;8,886337;1,470566;0,3967285;8,029938;10,20241;8,886337;10,20241;2,666473;8,029938;2,649307;2,649307;1,470566;4,772186;2,666473;3,030777;2,666473;8,886337;4,772186;10,20241;8,886337;8,886337;1,262665;3,030777;0,6217957;1,470566;2,649307;2,649307;2,786636;2,649307
"892";"2024-04-01";0,3166199;0,2593994;3,046036;0,869751;0,869751;0,3166199;0,2593994;1,430511;1,451492;3,046036;0,8716583;0,5588531;3,046036;0,3166199;3,046036;0,869751;2,803802;0,9727478;0,869751;0,9117126;0,869751;0,5722046;0,1468658;0,9727478;0,9117126;0,9727478;3,046036;0,9727478;3,046036;0,869751;0,3166199;2,803802;0,3166199;2,803802;0,3166199;0,869751;0,869751;0,5722046;0,9727478;0,9727478;0,869751;0,8716583;0,8716583;0,9117126;1,451492;5,628586;0,4634857;5,628586;2,450943;4,199982;4,199982;1,180649;2,803802;5,628586;1,678467;4,199982;5,628586;4,199982;2,450943;2,450943;2,450943;1,451492;2,588272;1,180649;2,588272;0,4634857;2,588272;0,8068085;1,180649;4,199982;2,450943;5,628586;1,430511;2,450943;2,803802;1,430511;5,628586;0,4634857;0,8716583;2,588272;4,199982;5,628586;4,199982;1,451492;2,588272;2,450943;2,450943;0,4634857;1,180649;1,451492;0,8068085;1,451492;5,628586;1,180649;4,199982;5,628586;5,628586;1,430511;0,8068085;0,5588531;0,4634857;2,450943;2,450943;2,803802;2,450943
"893";"2024-05-01";1,174927;0,7362366;2,277374;2,397537;2,397537;1,174927;0,7362366;1,617432;1,462936;2,277374;1,001358;0,8487701;2,277374;1,174927;2,277374;2,397537;3,988266;1,052856;2,397537;1,232147;2,397537;1,480103;0,8888245;1,052856;1,232147;1,052856;2,277374;1,386642;2,277374;2,397537;1,174927;3,988266;1,174927;3,988266;1,174927;2,397537;2,397537;1,480103;1,386642;1,386642;2,397537;1,001358;1,001358;1,232147;1,462936;1,041412;0,4482269;1,041412;1,54686;1,878738;1,878738;0,2727509;3,988266;1,041412;0,120163;1,878738;1,041412;1,878738;1,54686;1,54686;1,54686;1,462936;1,785278;0,2727509;1,785278;0,4482269;1,785278;0,5950928;0,2727509;1,878738;1,54686;1,041412;1,617432;1,54686;3,988266;1,617432;1,041412;0,4482269;1,001358;1,785278;1,878738;1,041412;1,878738;1,462936;1,785278;1,54686;1,54686;0,4482269;0,2727509;1,462936;0,5950928;1,462936;1,041412;0,2727509;1,878738;1,041412;1,041412;1,617432;0,5950928;0,8487701;0,4482269;1,54686;1,54686;3,988266;1,54686
"894";"2024-06-01";7,675171;7,188797;8,890152;7,469177;7,469177;7,675171;7,188797;8,178711;11,54709;8,890152;6,132126;9,365082;8,890152;7,675171;8,890152;7,469177;11,02066;5,414963;7,469177;4,209518;7,469177;5,281448;5,199432;5,414963;4,209518;5,414963;8,890152;5,594254;8,890152;7,469177;7,675171;11,02066;7,675171;11,02066;7,675171;7,469177;7,469177;5,281448;5,594254;5,594254;7,469177;6,132126;6,132126;4,209518;11,54709;10,6926;12,17461;10,6926;9,313583;12,2757;12,2757;13,00049;11,02066;10,6926;16,44325;12,2757;10,6926;12,2757;9,313583;9,313583;9,313583;11,54709;12,67624;13,00049;12,67624;12,17461;12,67624;11,8866;13,00049;12,2757;9,313583;10,6926;8,178711;9,313583;11,02066;8,178711;10,6926;12,17461;6,132126;12,67624;12,2757;10,6926;12,2757;11,54709;12,67624;9,313583;9,313583;12,17461;13,00049;11,54709;11,8866;11,54709;10,6926;13,00049;12,2757;10,6926;10,6926;8,178711;11,8866;9,365082;12,17461;9,313583;9,313583;11,02066;9,313583
"895";"2024-07-01";6,843567;5,224228;11,71684;9,771347;9,771347;6,843567;5,224228;8,996964;8,525848;11,71684;7,230759;6,71196;11,71684;6,843567;11,71684;9,771347;13,03673;8,096695;9,771347;7,261276;9,771347;6,973267;5,683899;8,096695;7,261276;8,096695;11,71684;7,013321;11,71684;9,771347;6,843567;13,03673;6,843567;13,03673;6,843567;9,771347;9,771347;6,973267;7,013321;7,013321;9,771347;7,230759;7,230759;7,261276;8,525848;12,98904;10,64682;12,98904;10,95772;11,23619;11,23619;9,368896;13,03673;12,98904;8,045197;11,23619;12,98904;11,23619;10,95772;10,95772;10,95772;8,525848;9,17244;9,368896;9,17244;10,64682;9,17244;11,36589;9,368896;11,23619;10,95772;12,98904;8,996964;10,95772;13,03673;8,996964;12,98904;10,64682;7,230759;9,17244;11,23619;12,98904;11,23619;8,525848;9,17244;10,95772;10,95772;10,64682;9,368896;8,525848;11,36589;8,525848;12,98904;9,368896;11,23619;12,98904;12,98904;8,996964;11,36589;6,71196;10,64682;10,95772;10,95772;13,03673;10,95772
"896";"2024-08-01";3,128052;1,726151;4,518509;4,899979;4,899979;3,128052;1,726151;3,90625;3,330231;4,518509;3,721237;2,496719;4,518509;3,128052;4,518509;4,899979;4,367828;3,412247;4,899979;3,988266;4,899979;4,684448;3,042221;3,412247;3,988266;3,412247;4,518509;4,310608;4,518509;4,899979;3,128052;4,367828;3,128052;4,367828;3,128052;4,899979;4,899979;4,684448;4,310608;4,310608;4,899979;3,721237;3,721237;3,988266;3,330231;5,214691;6,490707;5,214691;4,426956;4,302979;4,302979;4,51088;4,367828;5,214691;3,082275;4,302979;5,214691;4,302979;4,426956;4,426956;4,426956;3,330231;3,585815;4,51088;3,585815;6,490707;3,585815;6,292343;4,51088;4,302979;4,426956;5,214691;3,90625;4,426956;4,367828;3,90625;5,214691;6,490707;3,721237;3,585815;4,302979;5,214691;4,302979;3,330231;3,585815;4,426956;4,426956;6,490707;4,51088;3,330231;6,292343;3,330231;5,214691;4,51088;4,302979;5,214691;5,214691;3,90625;6,292343;2,496719;6,490707;4,426956;4,426956;4,367828;4,426956
"897";"2024-09-01";6,282806;7,213593;6,723404;6,376266;6,376266;6,282806;7,213593;5,376816;6,6185;6,723404;5,191803;7,696152;6,723404;6,282806;6,723404;6,376266;6,572723;5,653381;6,376266;5,983353;6,376266;6,99234;8,88443;5,653381;5,983353;5,653381;6,723404;5,401611;6,723404;6,376266;6,282806;6,572723;6,282806;6,572723;6,282806;6,376266;6,376266;6,99234;5,401611;5,401611;6,376266;5,191803;5,191803;5,983353;6,6185;7,236481;5,76973;7,236481;5,374908;5,954742;5,954742;6,801605;6,572723;7,236481;8,617401;5,954742;7,236481;5,954742;5,374908;5,374908;5,374908;6,6185;7,595062;6,801605;7,595062;5,76973;7,595062;7,602692;6,801605;5,954742;5,374908;7,236481;5,376816;5,374908;6,572723;5,376816;7,236481;5,76973;5,191803;7,595062;5,954742;7,236481;5,954742;6,6185;7,595062;5,374908;5,374908;5,76973;6,801605;6,6185;7,602692;6,6185;7,236481;6,801605;5,954742;7,236481;7,236481;5,376816;7,602692;7,696152;5,76973;5,374908;5,374908;6,572723;5,374908
"898";"2024-10-01";4,024506;3,480911;6,702423;3,702164;3,702164;4,024506;3,480911;5,947113;6,446838;6,702423;4,623413;4,999161;6,702423;4,024506;6,702423;3,702164;6,692886;3,879547;3,702164;2,891541;3,702164;2,601624;3,536224;3,879547;2,891541;3,879547;6,702423;3,61824;6,702423;3,702164;4,024506;6,692886;4,024506;6,692886;4,024506;3,702164;3,702164;2,601624;3,61824;3,61824;3,702164;4,623413;4,623413;2,891541;6,446838;8,375168;5,023956;8,375168;5,653381;8,842468;8,842468;10,19859;6,692886;8,375168;10,00023;8,842468;8,375168;8,842468;5,653381;5,653381;5,653381;6,446838;9,693146;10,19859;9,693146;5,023956;9,693146;10,08224;10,19859;8,842468;5,653381;8,375168;5,947113;5,653381;6,692886;5,947113;8,375168;5,023956;4,623413;9,693146;8,842468;8,375168;8,842468;6,446838;9,693146;5,653381;5,653381;5,023956;10,19859;6,446838;10,08224;6,446838;8,375168;10,19859;8,842468;8,375168;8,375168;5,947113;10,08224;4,999161;5,023956;5,653381;5,653381;6,692886;5,653381
"899";"2024-11-01";0,576973;0,412941;2,735138;1,227379;1,227379;0,576973;0,412941;2,456665;2,010345;2,735138;2,186775;0,8707047;2,735138;0,576973;2,735138;1,227379;3,210068;1,128197;1,227379;0,837326;1,227379;0,6036758;0,453949;1,128197;0,837326;1,128197;2,735138;1,491547;2,735138;1,227379;0,576973;3,210068;0,576973;3,210068;0,576973;1,227379;1,227379;0,6036758;1,491547;1,491547;1,227379;2,186775;2,186775;0,837326;2,010345;4,961014;2,313614;4,961014;2,549171;5,754471;5,754471;4,148483;3,210068;4,961014;2,851486;5,754471;4,961014;5,754471;2,549171;2,549171;2,549171;2,010345;3,917694;4,148483;3,917694;2,313614;3,917694;4,250526;4,148483;5,754471;2,549171;4,961014;2,456665;2,549171;3,210068;2,456665;4,961014;2,313614;2,186775;3,917694;5,754471;4,961014;5,754471;2,010345;3,917694;2,549171;2,549171;2,313614;4,148483;2,010345;4,250526;2,010345;4,961014;4,148483;5,754471;4,961014;4,961014;2,456665;4,250526;0,8707047;2,313614;2,549171;2,549171;3,210068;2,549171
"900";"2024-12-01";0,08964539;0,09155273;0,7610321;0,1678467;0,1678467;0,08964539;0,09155273;0,6732941;0,6752014;0,7610321;0,3051758;0,3814697;0,7610321;0,08964539;0,7610321;0,1678467;0,8869171;0,2002716;0,1678467;0,2555847;0,1678467;0,1487732;0,02861023;0,2002716;0,2555847;0,2002716;0,7610321;0,3318787;0,7610321;0,1678467;0,08964539;0,8869171;0,08964539;0,8869171;0,08964539;0,1678467;0,1678467;0,1487732;0,3318787;0,3318787;0,1678467;0,3051758;0,3051758;0,2555847;0,6752014;2,267838;1,644135;2,267838;1,459122;2,222061;2,222061;2,401352;0,8869171;2,267838;1,972198;2,222061;2,267838;2,222061;1,459122;1,459122;1,459122;0,6752014;2,307892;2,401352;2,307892;1,644135;2,307892;2,557755;2,401352;2,222061;1,459122;2,267838;0,6732941;1,459122;0,8869171;0,6732941;2,267838;1,644135;0,3051758;2,307892;2,222061;2,267838;2,222061;0,6752014;2,307892;1,459122;1,459122;1,644135;2,401352;0,6752014;2,557755;0,6752014;2,267838;2,401352;2,222061;2,267838;2,267838;0,6732941;2,557755;0,3814697;1,644135;1,459122;1,459122;0,8869171;1,459122
"901";"2025-01-01";0,3147125;0,2403259;2,071381;0,6504059;0,6504059;0,3147125;0,2403259;0,8888245;1,16539;2,071381;0,3795624;0,6847382;2,071381;0,3147125;2,071381;0,6504059;1,710892;0,50354;0,6504059;0,2765656;0,6504059;0,4024506;0,3185272;0,50354;0,2765656;0,50354;2,071381;0,3185272;2,071381;0,6504059;0,3147125;1,710892;0,3147125;1,710892;0,3147125;0,6504059;0,6504059;0,4024506;0,3185272;0,3185272;0,6504059;0,3795624;0,3795624;0,2765656;1,16539;5,168915;1,794815;5,168915;2,220154;3,541946;3,541946;2,775192;1,710892;5,168915;3,408432;3,541946;5,168915;3,541946;2,220154;2,220154;2,220154;1,16539;3,484726;2,775192;3,484726;1,794815;3,484726;1,552582;2,775192;3,541946;2,220154;5,168915;0,8888245;2,220154;1,710892;0,8888245;5,168915;1,794815;0,3795624;3,484726;3,541946;5,168915;3,541946;1,16539;3,484726;2,220154;2,220154;1,794815;2,775192;1,16539;1,552582;1,16539;5,168915;2,775192;3,541946;5,168915;5,168915;0,8888245;1,552582;0,6847382;1,794815;2,220154;2,220154;1,710892;2,220154
"902";"2025-02-01";0,9593964;0,6122589;3,265381;1,909256;1,909256;0,9593964;0,6122589;1,722336;1,934052;3,265381;1,317978;0,9269714;3,265381;0,9593964;3,265381;1,909256;3,908157;1,779556;1,909256;2,157211;1,909256;1,131058;0,7610321;1,779556;2,157211;1,779556;3,265381;1,876831;3,265381;1,909256;0,9593964;3,908157;0,9593964;3,908157;0,9593964;1,909256;1,909256;1,131058;1,876831;1,876831;1,909256;1,317978;1,317978;2,157211;1,934052;4,165649;0,875473;4,165649;2,206802;4,379272;4,379272;3,12233;3,908157;4,165649;3,437042;4,379272;4,165649;4,379272;2,206802;2,206802;2,206802;1,934052;3,400803;3,12233;3,400803;0,875473;3,400803;2,321243;3,12233;4,379272;2,206802;4,165649;1,722336;2,206802;3,908157;1,722336;4,165649;0,875473;1,317978;3,400803;4,379272;4,165649;4,379272;1,934052;3,400803;2,206802;2,206802;0,875473;3,12233;1,934052;2,321243;1,934052;4,165649;3,12233;4,379272;4,165649;4,165649;1,722336;2,321243;0,9269714;0,875473;2,206802;2,206802;3,908157;2,206802
"903";"2025-03-01";0,5607605;0,5149841;2,527237;0,9460449;0,9460449;0,5607605;0,5149841;1,171112;1,829147;2,527237;0,7076263;0,6580353;2,527237;0,5607605;2,527237;0,9460449;2,742767;0,9002686;0,9460449;1,216888;0,9460449;0,5016327;0,2002716;0,9002686;1,216888;0,9002686;2,527237;0,919342;2,527237;0,9460449;0,5607605;2,742767;0,5607605;2,742767;0,5607605;0,9460449;0,9460449;0,5016327;0,919342;0,919342;0,9460449;0,7076263;0,7076263;1,216888;1,829147;3,896713;0,4787445;3,896713;2,164841;3,978729;3,978729;0,8621216;2,742767;3,896713;1,010895;3,978729;3,896713;3,978729;2,164841;2,164841;2,164841;1,829147;2,840042;0,8621216;2,840042;0,4787445;2,840042;0,5702972;0,8621216;3,978729;2,164841;3,896713;1,171112;2,164841;2,742767;1,171112;3,896713;0,4787445;0,7076263;2,840042;3,978729;3,896713;3,978729;1,829147;2,840042;2,164841;2,164841;0,4787445;0,8621216;1,829147;0,5702972;1,829147;3,896713;0,8621216;3,978729;3,896713;3,896713;1,171112;0,5702972;0,6580353;0,4787445;2,164841;2,164841;2,742767;2,164841
"904";"2025-04-01";0,9441376;0,8716583;1,541138;1,16539;1,16539;0,9441376;0,8716583;0,9841919;1,70517;1,541138;0,787735;0,8907318;1,541138;0,9441376;1,541138;1,16539;2,742767;0,4901886;1,16539;1,056671;1,16539;1,203537;0,8487701;0,4901886;1,056671;0,4901886;1,541138;0,919342;1,541138;1,16539;0,9441376;2,742767;0,9441376;2,742767;0,9441376;1,16539;1,16539;1,203537;0,919342;0,919342;1,16539;0,787735;0,787735;1,056671;1,70517;3,45993;1,216888;3,45993;2,094269;2,54631;2,54631;1,23024;2,742767;3,45993;1,424789;2,54631;3,45993;2,54631;2,094269;2,094269;2,094269;1,70517;2,399445;1,23024;2,399445;1,216888;2,399445;0,7915497;1,23024;2,54631;2,094269;3,45993;0,9841919;2,094269;2,742767;0,9841919;3,45993;1,216888;0,787735;2,399445;2,54631;3,45993;2,54631;1,70517;2,399445;2,094269;2,094269;1,216888;1,23024;1,70517;0,7915497;1,70517;3,45993;1,23024;2,54631;3,45993;3,45993;0,9841919;0,7915497;0,8907318;1,216888;2,094269;2,094269;2,742767;2,094269
"905";"2025-05-01";4,297256;3,887177;6,147385;5,311966;5,311966;4,297256;3,887177;3,576279;7,217407;6,147385;2,754211;4,03595;6,147385;4,297256;6,147385;5,311966;9,374619;3,889084;5,311966;5,535126;5,311966;5,079269;4,302979;3,889084;5,535126;3,889084;6,147385;3,950119;6,147385;5,311966;4,297256;9,374619;4,297256;9,374619;4,297256;5,311966;5,311966;5,079269;3,950119;3,950119;5,311966;2,754211;2,754211;5,535126;7,217407;9,553909;3,124237;9,553909;5,489349;12,19177;12,19177;4,272461;9,374619;9,553909;6,570816;12,19177;9,553909;12,19177;5,489349;5,489349;5,489349;7,217407;8,411407;4,272461;8,411407;3,124237;8,411407;4,598618;4,272461;12,19177;5,489349;9,553909;3,576279;5,489349;9,374619;3,576279;9,553909;3,124237;2,754211;8,411407;12,19177;9,553909;12,19177;7,217407;8,411407;5,489349;5,489349;3,124237;4,272461;7,217407;4,598618;7,217407;9,553909;4,272461;12,19177;9,553909;9,553909;3,576279;4,598618;4,03595;3,124237;5,489349;5,489349;9,374619;5,489349
"906";"2025-06-01";8,710861;7,59697;9,429932;9,750366;9,750366;8,710861;7,59697;8,195877;9,578705;9,429932;8,197784;9,212494;9,429932;8,710861;9,429932;9,750366;11,87897;7,959366;9,750366;9,021759;9,750366;8,964539;8,781433;7,959366;9,021759;7,959366;9,429932;9,113312;9,429932;9,750366;8,710861;11,87897;8,710861;11,87897;8,710861;9,750366;9,750366;8,964539;9,113312;9,113312;9,750366;8,197784;8,197784;9,021759;9,578705;11,30104;17,10892;11,30104;10,56671;12,42256;12,42256;13,73672;11,87897;11,30104;12,94708;12,42256;11,30104;12,42256;10,56671;10,56671;10,56671;9,578705;11,87325;13,73672;11,87325;17,10892;11,87325;17,69257;13,73672;12,42256;10,56671;11,30104;8,195877;10,56671;11,87897;8,195877;11,30104;17,10892;8,197784;11,87325;12,42256;11,30104;12,42256;9,578705;11,87325;10,56671;10,56671;17,10892;13,73672;9,578705;17,69257;9,578705;11,30104;13,73672;12,42256;11,30104;11,30104;8,195877;17,69257;9,212494;17,10892;10,56671;10,56671;11,87897;10,56671
"907";"2025-07-01";1,562119;1,049042;2,689362;2,851486;2,851486;1,562119;1,049042;1,918793;2,223969;2,689362;2,206802;2,252579;2,689362;1,562119;2,689362;2,851486;3,484726;2,113342;2,851486;2,542496;2,851486;2,830505;1,379013;2,113342;2,542496;2,113342;2,689362;3,269196;2,689362;2,851486;1,562119;3,484726;1,562119;3,484726;1,562119;2,851486;2,851486;2,830505;3,269196;3,269196;2,851486;2,206802;2,206802;2,542496;2,223969;2,485275;4,386902;2,485275;2,639771;2,490997;2,490997;5,516052;3,484726;2,485275;3,988266;2,490997;2,485275;2,490997;2,639771;2,639771;2,639771;2,223969;3,259659;5,516052;3,259659;4,386902;3,259659;6,52504;5,516052;2,490997;2,639771;2,485275;1,918793;2,639771;3,484726;1,918793;2,485275;4,386902;2,206802;3,259659;2,490997;2,485275;2,490997;2,223969;3,259659;2,639771;2,639771;4,386902;5,516052;2,223969;6,52504;2,223969;2,485275;5,516052;2,490997;2,485275;2,485275;1,918793;6,52504;2,252579;4,386902;2,639771;2,639771;3,484726;2,639771
"908";"2025-08-01";2,788544;2,010345;3,753662;4,453659;4,453659;2,788544;2,010345;2,281189;2,838135;3,753662;2,380371;3,387451;3,753662;2,788544;3,753662;4,453659;3,458023;2,120972;4,453659;2,304077;4,453659;4,716873;3,183365;2,120972;2,304077;2,120972;3,753662;3,076553;3,753662;4,453659;2,788544;3,458023;2,788544;3,458023;2,788544;4,453659;4,453659;4,716873;3,076553;3,076553;4,453659;2,380371;2,380371;2,304077;2,838135;2,162933;3,940582;2,162933;2,325058;2,258301;2,258301;4,840851;3,458023;2,162933;4,119873;2,258301;2,162933;2,258301;2,325058;2,325058;2,325058;2,838135;3,389359;4,840851;3,389359;3,940582;3,389359;5,960464;4,840851;2,258301;2,325058;2,162933;2,281189;2,325058;3,458023;2,281189;2,162933;3,940582;2,380371;3,389359;2,258301;2,162933;2,258301;2,838135;3,389359;2,325058;2,325058;3,940582;4,840851;2,838135;5,960464;2,838135;2,162933;4,840851;2,258301;2,162933;2,162933;2,281189;5,960464;3,387451;3,940582;2,325058;2,325058;3,458023;2,325058
"909";"2025-09-01";3,427505;3,377914;6,595612;4,957199;4,957199;3,427505;3,377914;5,264282;5,353928;6,595612;5,571365;4,449844;6,595612;3,427505;6,595612;4,957199;5,874634;3,723145;4,957199;3,383636;4,957199;4,865646;4,692078;3,723145;3,383636;3,723145;6,595612;5,613327;6,595612;4,957199;3,427505;5,874634;3,427505;5,874634;3,427505;4,957199;4,957199;4,865646;5,613327;5,613327;4,957199;5,571365;5,571365;3,383636;5,353928;6,855011;7,608414;6,855011;5,861282;6,069183;6,069183;9,038925;5,874634;6,855011;8,152008;6,069183;6,855011;6,069183;5,861282;5,861282;5,861282;5,353928;6,183624;9,038925;6,183624;7,608414;6,183624;11,25908;9,038925;6,069183;5,861282;6,855011;5,264282;5,861282;5,874634;5,264282;6,855011;7,608414;5,571365;6,183624;6,069183;6,855011;6,069183;5,353928;6,183624;5,861282;5,861282;7,608414;9,038925;5,353928;11,25908;5,353928;6,855011;9,038925;6,069183;6,855011;6,855011;5,264282;11,25908;4,449844;7,608414;5,861282;5,861282;5,874634;5,861282
"910";"2025-10-01";3,454208;2,716064;6,393433;4,19426;4,19426;3,454208;2,716064;5,208969;5,126953;6,393433;3,770828;4,06456;6,393433;3,454208;6,393433;4,19426;5,861282;3,252029;4,19426;2,151489;4,19426;3,404617;3,288269;3,252029;2,151489;3,252029;6,393433;3,091812;6,393433;4,19426;3,454208;5,861282;3,454208;5,861282;3,454208;4,19426;4,19426;3,404617;3,091812;3,091812;4,19426;3,770828;3,770828;2,151489;5,126953;8,79097;7,926941;8,79097;6,549835;6,345749;6,345749;8,113861;5,861282;8,79097;6,664276;6,345749;8,79097;6,345749;6,549835;6,549835;6,549835;5,126953;6,729126;8,113861;6,729126;7,926941;6,729126;8,045197;8,113861;6,345749;6,549835;8,79097;5,208969;6,549835;5,861282;5,208969;8,79097;7,926941;3,770828;6,729126;6,345749;8,79097;6,345749;5,126953;6,729126;6,549835;6,549835;7,926941;8,113861;5,126953;8,045197;5,126953;8,79097;8,113861;6,345749;8,79097;8,79097;5,208969;8,045197;4,06456;7,926941;6,549835;6,549835;5,861282;6,549835
"911";"2025-11-01";0,2803802;0,2498627;2,317429;0,6008148;0,6008148;0,2803802;0,2498627;2,204895;1,180649;2,317429;1,338959;0,9403229;2,317429;0,2803802;2,317429;0,6008148;1,873016;0,6885529;0,6008148;0,1430511;0,6008148;0,0629425;0,03814697;0,6885529;0,1430511;0,6885529;2,317429;0,7343292;2,317429;0,6008148;0,2803802;1,873016;0,2803802;1,873016;0,2803802;0,6008148;0,6008148;0,0629425;0,7343292;0,7343292;0,6008148;1,338959;1,338959;0,1430511;1,180649;4,606247;4,150391;4,606247;3,17955;2,897263;2,897263;4,203796;1,873016;4,606247;4,205704;2,897263;4,606247;2,897263;3,17955;3,17955;3,17955;1,180649;3,255844;4,203796;3,255844;4,150391;3,255844;3,940582;4,203796;2,897263;3,17955;4,606247;2,204895;3,17955;1,873016;2,204895;4,606247;4,150391;1,338959;3,255844;2,897263;4,606247;2,897263;1,180649;3,255844;3,17955;3,17955;4,150391;4,203796;1,180649;3,940582;1,180649;4,606247;4,203796;2,897263;4,606247;4,606247;2,204895;3,940582;0,9403229;4,150391;3,17955;3,17955;1,873016;3,17955
"912";"2025-12-01";0,9536743;0,7038116;2,971649;1,536369;1,536369;0,9536743;0,7038116;1,969337;2,807617;2,971649;1,33419;1,38092;2,971649;0,9536743;2,971649;1,536369;3,815651;1,076698;1,536369;1,11866;1,536369;1,256943;0,579834;1,076698;1,11866;1,076698;2,971649;1,373291;2,971649;1,536369;0,9536743;3,815651;0,9536743;3,815651;0,9536743;1,536369;1,536369;1,256943;1,373291;1,373291;1,536369;1,33419;1,33419;1,11866;2,807617;5,457878;1,964569;5,457878;2,666473;6,490707;6,490707;4,44603;3,815651;5,457878;4,666328;6,490707;5,457878;6,490707;2,666473;2,666473;2,666473;2,807617;4,976273;4,44603;4,976273;1,964569;4,976273;3,848076;4,44603;6,490707;2,666473;5,457878;1,969337;2,666473;3,815651;1,969337;5,457878;1,964569;1,33419;4,976273;6,490707;5,457878;6,490707;2,807617;4,976273;2,666473;2,666473;1,964569;4,44603;2,807617;3,848076;2,807617;5,457878;4,44603;6,490707;5,457878;5,457878;1,969337;3,848076;1,38092;1,964569;2,666473;2,666473;3,815651;2,666473
